timestamp	original	statuscode	mimetype
20200812153518	https://promouvoircompetences.com/	200	text/html
20250804233706	https://promouvoircompetences.com/.well-known/security.txt	200	text/plain
20200929130411	https://promouvoircompetences.com/?l=en	200	text/html
20200929125555	https://promouvoircompetences.com/?l=es	200	text/html
20200929143414	https://promouvoircompetences.com/?l=fr	200	text/html
20251118042423	https://promouvoircompetences.com/abonnement-premium-infos.php	200	text/html
20250528072802	https://promouvoircompetences.com/activite-ville.php	200	text/html
20251208162009	https://promouvoircompetences.com/activite-ville.php?ida=12&l=fr&&page=2	200	text/html
20251216221908	https://promouvoircompetences.com/activite-ville.php?ida=12&l=fr&&page=3	200	text/html
20250909165807	https://promouvoircompetences.com/activite-ville.php?ida=15-ou-trouver-un-notaire-a&&page=2	200	text/html
20250906221816	https://promouvoircompetences.com/activite-ville.php?ida=15-ou-trouver-un-notaire-a&&page=23	200	text/html
20250912183208	https://promouvoircompetences.com/activite-ville.php?ida=15-ou-trouver-un-notaire-a&&page=24	200	text/html
20250912183018	https://promouvoircompetences.com/activite-ville.php?ida=15-ou-trouver-un-notaire-a&&page=25	200	text/html
20250912182824	https://promouvoircompetences.com/activite-ville.php?ida=15-ou-trouver-un-notaire-a&&page=26	200	text/html
20250912182653	https://promouvoircompetences.com/activite-ville.php?ida=15-ou-trouver-un-notaire-a&&page=27	200	text/html
20250909155356	https://promouvoircompetences.com/activite-ville.php?ida=15-ou-trouver-un-notaire-a&&page=28	200	text/html
20250912183935	https://promouvoircompetences.com/activite-ville.php?ida=15-ou-trouver-un-notaire-a&&page=3	200	text/html
20250909163955	https://promouvoircompetences.com/activite-ville.php?ida=15-ou-trouver-un-notaire-a&&page=7	200	text/html
20251118050540	https://promouvoircompetences.com/activite-ville.php?ida=15-ou-trouver-un-notaire-a&&page=8	200	text/html
20251118043952	https://promouvoircompetences.com/activite-ville.php?ida=15-ou-trouver-un-notaire-a&&page=9	200	text/html
20251007215754	https://promouvoircompetences.com/activite-ville.php?ida=2-ou-manger-a&&page=2	200	text/html
20251007222155	https://promouvoircompetences.com/activite-ville.php?ida=2-ou-manger-a&&page=23	200	text/html
20250909163445	https://promouvoircompetences.com/activite-ville.php?ida=7&l=fr&&page=1	200	text/html
20251118042532	https://promouvoircompetences.com/activite-ville.php?ida=7&l=fr&&page=6	200	text/html
20250912191518	https://promouvoircompetences.com/activite-ville.php?ida=7&l=fr&&page=8	200	text/html
20250912185722	https://promouvoircompetences.com/activite-ville.php?ida=7&l=fr&&page=9	200	text/html
20251216153836	https://promouvoircompetences.com/activite-ville.php?ida=1&idv=102-ou-dormir-a-batouri	200	text/html
20241203203745	https://promouvoircompetences.com/activite-ville.php?ida=1&idv=117-ou-dormir-a-maroua	200	text/html
20250213230849	https://promouvoircompetences.com/activite-ville.php?ida=1&idv=14144-ou-dormir-a-ndameko	200	text/html
20250118131644	https://promouvoircompetences.com/activite-ville.php?ida=1&idv=14364-ou-dormir-a-patare	200	text/html
20250118142138	https://promouvoircompetences.com/activite-ville.php?ida=1&idv=14472-ou-dormir-a-niamabo	200	text/html
20250213223644	https://promouvoircompetences.com/activite-ville.php?ida=1&idv=14594-ou-dormir-a-nango	200	text/html
20211104060536	https://promouvoircompetences.com/activite-ville.php?ida=1&idv=234757-ou-dormir-a-djoulgouf	200	text/html
20230710103101	https://promouvoircompetences.com/activite-ville.php?ida=1&idv=250456-ou-dormir-a-gane	200	text/html
20250120031126	https://promouvoircompetences.com/activite-ville.php?ida=1&idv=251670-ou-dormir-a-wouro-dandi-ii	200	text/html
20250213232618	https://promouvoircompetences.com/activite-ville.php?ida=1&idv=251717-ou-dormir-a-midilma	200	text/html
20250213230928	https://promouvoircompetences.com/activite-ville.php?ida=1&idv=27579-ou-dormir-a-gwakele	200	text/html
20220226192856	https://promouvoircompetences.com/activite-ville.php?ida=1&idv=305-ou-dormir-a-buea	200	text/html
20250120012552	https://promouvoircompetences.com/activite-ville.php?ida=1&idv=30529-ou-dormir-a-mont-kilikousou	200	text/html
20250125091723	https://promouvoircompetences.com/activite-ville.php?ida=1-ou-dormir-a	200	text/html
20241203205556	https://promouvoircompetences.com/activite-ville.php?ida=10&idv=102-banques-et-assurances-a-batouri	200	text/html
20241203203258	https://promouvoircompetences.com/activite-ville.php?ida=10&idv=117-banques-et-assurances-a-maroua	200	text/html
20250212083440	https://promouvoircompetences.com/activite-ville.php?ida=10&idv=12952-banques-et-assurances-a-akra-kombo	200	text/html
20250213232652	https://promouvoircompetences.com/activite-ville.php?ida=10&idv=13793-banques-et-assurances-a-njimpando	200	text/html
20250213033625	https://promouvoircompetences.com/activite-ville.php?ida=10&idv=14144-banques-et-assurances-a-ndameko	200	text/html
20250120030521	https://promouvoircompetences.com/activite-ville.php?ida=10&idv=14364-banques-et-assurances-a-patare	200	text/html
20250120025147	https://promouvoircompetences.com/activite-ville.php?ida=10&idv=14472-banques-et-assurances-a-niamabo	200	text/html
20250213034736	https://promouvoircompetences.com/activite-ville.php?ida=10&idv=14595-banques-et-assurances-a-monts-melange	200	text/html
20211104053606	https://promouvoircompetences.com/activite-ville.php?ida=10&idv=234757-banques-et-assurances-a-djoulgouf	200	text/html
20230710104553	https://promouvoircompetences.com/activite-ville.php?ida=10&idv=250456-banques-et-assurances-a-gane	200	text/html
20250120013001	https://promouvoircompetences.com/activite-ville.php?ida=10&idv=251670-banques-et-assurances-a-wouro-dandi-ii	200	text/html
20250213214100	https://promouvoircompetences.com/activite-ville.php?ida=10&idv=251717-banques-et-assurances-a-midilma	200	text/html
20250213021443	https://promouvoircompetences.com/activite-ville.php?ida=10&idv=251766-banques-et-assurances-a-dakatak	200	text/html
20250213221133	https://promouvoircompetences.com/activite-ville.php?ida=10&idv=251883-banques-et-assurances-a-makoumba-iii	200	text/html
20250212073700	https://promouvoircompetences.com/activite-ville.php?ida=10&idv=27579-banques-et-assurances-a-gwakele	200	text/html
20220226175559	https://promouvoircompetences.com/activite-ville.php?ida=10&idv=305-banques-et-assurances-a-buea	200	text/html
20250118144449	https://promouvoircompetences.com/activite-ville.php?ida=10&idv=30529-banques-et-assurances-a-mont-kilikousou	200	text/html
20260119074528	https://promouvoircompetences.com/activite-ville.php?ida=10&idv=4618-banques-et-assurances-a-conakry	200	text/html
20250125100857	https://promouvoircompetences.com/activite-ville.php?ida=10-banques-et-assurances-a	200	text/html
20251216212604	https://promouvoircompetences.com/activite-ville.php?ida=10-banques-et-assurances-a&lettre=A&l=fr	200	text/html
20251216212540	https://promouvoircompetences.com/activite-ville.php?ida=10-banques-et-assurances-a&lettre=B&l=fr	200	text/html
20251216151511	https://promouvoircompetences.com/activite-ville.php?ida=10-banques-et-assurances-a&lettre=C&l=fr	200	text/html
20251216212425	https://promouvoircompetences.com/activite-ville.php?ida=10-banques-et-assurances-a&lettre=D&l=fr	200	text/html
20251216212205	https://promouvoircompetences.com/activite-ville.php?ida=10-banques-et-assurances-a&lettre=K&l=fr	200	text/html
20251216211658	https://promouvoircompetences.com/activite-ville.php?ida=10-banques-et-assurances-a&lettre=U&l=fr	200	text/html
20251216150144	https://promouvoircompetences.com/activite-ville.php?ida=10-banques-et-assurances-a&lettre=Z&l=fr	200	text/html
20251118050533	https://promouvoircompetences.com/activite-ville.php?ida=10-banques-et-assurances-a&page=4	200	text/html
20241203215200	https://promouvoircompetences.com/activite-ville.php?ida=11&idv=102-entreprises-automobiles-a-batouri	200	text/html
20241203213513	https://promouvoircompetences.com/activite-ville.php?ida=11&idv=117-entreprises-automobiles-a-maroua	200	text/html
20250215230339	https://promouvoircompetences.com/activite-ville.php?ida=11&idv=12939-entreprises-automobiles-a-badjel	200	text/html
20250215221255	https://promouvoircompetences.com/activite-ville.php?ida=11&idv=13793-entreprises-automobiles-a-njimpando	200	text/html
20250710162336	https://promouvoircompetences.com/activite-ville.php?ida=11&idv=14364-entreprises-automobiles-a-patare	200	text/html
20250120031956	https://promouvoircompetences.com/activite-ville.php?ida=11&idv=14472-entreprises-automobiles-a-niamabo	200	text/html
20250215223738	https://promouvoircompetences.com/activite-ville.php?ida=11&idv=14595-entreprises-automobiles-a-monts-melange	200	text/html
20250722142516	https://promouvoircompetences.com/activite-ville.php?ida=11&idv=160214-automotive-companies-in-cite-sonatel	200	text/html
20211104050950	https://promouvoircompetences.com/activite-ville.php?ida=11&idv=234757-entreprises-automobiles-a-djoulgouf	200	text/html
20230710103038	https://promouvoircompetences.com/activite-ville.php?ida=11&idv=250456-entreprises-automobiles-a-gane	200	text/html
20250120021933	https://promouvoircompetences.com/activite-ville.php?ida=11&idv=251670-entreprises-automobiles-a-wouro-dandi-ii	200	text/html
20250213231712	https://promouvoircompetences.com/activite-ville.php?ida=11&idv=251930-entreprises-automobiles-a-gaigai-koumaire	200	text/html
20250213224550	https://promouvoircompetences.com/activite-ville.php?ida=11&idv=27579-entreprises-automobiles-a-gwakele	200	text/html
20220226175711	https://promouvoircompetences.com/activite-ville.php?ida=11&idv=305-entreprises-automobiles-a-buea	200	text/html
20250118143621	https://promouvoircompetences.com/activite-ville.php?ida=11&idv=30529-entreprises-automobiles-a-mont-kilikousou	200	text/html
20250212063253	https://promouvoircompetences.com/activite-ville.php?ida=11&idv=32846-entreprises-automobiles-a-likoukou	200	text/html
20250714222724	https://promouvoircompetences.com/activite-ville.php?ida=11&l=fr	200	text/html
20251216211052	https://promouvoircompetences.com/activite-ville.php?ida=11&lettre=C&l=fr	200	text/html
20251216202203	https://promouvoircompetences.com/activite-ville.php?ida=11&lettre=D&l=fr	200	text/html
20251216221822	https://promouvoircompetences.com/activite-ville.php?ida=11&lettre=E&l=fr	200	text/html
20251216143706	https://promouvoircompetences.com/activite-ville.php?ida=11&lettre=F&l=fr	200	text/html
20251118035043	https://promouvoircompetences.com/activite-ville.php?ida=11&lettre=K&l=fr	200	text/html
20251216145254	https://promouvoircompetences.com/activite-ville.php?ida=11&l=fr&page=2	200	text/html
20250125100937	https://promouvoircompetences.com/activite-ville.php?ida=11-entreprises-automobiles-a	200	text/html
20250912192842	https://promouvoircompetences.com/activite-ville.php?ida=12	200	text/html
20241203210819	https://promouvoircompetences.com/activite-ville.php?ida=12&idv=102-ou-trouver-les-specialistes-de-l-art-et-de-l-artisanat-a-batouri	200	text/html
20241203204905	https://promouvoircompetences.com/activite-ville.php?ida=12&idv=117-ou-trouver-les-specialistes-de-l-art-et-de-l-artisanat-a-maroua	200	text/html
20250213022054	https://promouvoircompetences.com/activite-ville.php?ida=12&idv=12939-ou-trouver-les-specialistes-de-l-art-et-de-l-artisanat-a-badjel	200	text/html
20250212083206	https://promouvoircompetences.com/activite-ville.php?ida=12&idv=12952-ou-trouver-les-specialistes-de-l-art-et-de-l-artisanat-a-akra-kombo	200	text/html
20250213222302	https://promouvoircompetences.com/activite-ville.php?ida=12&idv=14363-ou-trouver-les-specialistes-de-l-art-et-de-l-artisanat-a-palare	200	text/html
20250120033630	https://promouvoircompetences.com/activite-ville.php?ida=12&idv=14364-ou-trouver-les-specialistes-de-l-art-et-de-l-artisanat-a-patare	200	text/html
20250118132850	https://promouvoircompetences.com/activite-ville.php?ida=12&idv=14472-ou-trouver-les-specialistes-de-l-art-et-de-l-artisanat-a-niamabo	200	text/html
20250213220233	https://promouvoircompetences.com/activite-ville.php?ida=12&idv=14595-ou-trouver-les-specialistes-de-l-art-et-de-l-artisanat-a-monts-melange	200	text/html
20250723003118	https://promouvoircompetences.com/activite-ville.php?ida=12&idv=187172-ou-trouver-les-specialistes-de-l-art-et-de-l-artisanat-a-adept	200	text/html
20211104053624	https://promouvoircompetences.com/activite-ville.php?ida=12&idv=234757-ou-trouver-les-specialistes-de-l-art-et-de-l-artisanat-a-djoulgouf	200	text/html
20230710104548	https://promouvoircompetences.com/activite-ville.php?ida=12&idv=250456-ou-trouver-les-specialistes-de-l-art-et-de-l-artisanat-a-gane	200	text/html
20250120020427	https://promouvoircompetences.com/activite-ville.php?ida=12&idv=251670-ou-trouver-les-specialistes-de-l-art-et-de-l-artisanat-a-wouro-dandi-ii	200	text/html
20250213224514	https://promouvoircompetences.com/activite-ville.php?ida=12&idv=251858-ou-trouver-les-specialistes-de-l-art-et-de-l-artisanat-a-winde-ganki	200	text/html
20250213224401	https://promouvoircompetences.com/activite-ville.php?ida=12&idv=251883-ou-trouver-les-specialistes-de-l-art-et-de-l-artisanat-a-makoumba-iii	200	text/html
20250213222511	https://promouvoircompetences.com/activite-ville.php?ida=12&idv=251930-ou-trouver-les-specialistes-de-l-art-et-de-l-artisanat-a-gaigai-koumaire	200	text/html
20250213024832	https://promouvoircompetences.com/activite-ville.php?ida=12&idv=29366-ou-trouver-les-specialistes-de-l-art-et-de-l-artisanat-a-abidje	200	text/html
20220226175629	https://promouvoircompetences.com/activite-ville.php?ida=12&idv=305-ou-trouver-les-specialistes-de-l-art-et-de-l-artisanat-a-buea	200	text/html
20250120023244	https://promouvoircompetences.com/activite-ville.php?ida=12&idv=30529-ou-trouver-les-specialistes-de-l-art-et-de-l-artisanat-a-mont-kilikousou	200	text/html
20251109093447	https://promouvoircompetences.com/activite-ville.php?ida=12&idv=4618-ou-trouver-les-specialistes-de-l-art-et-de-l-artisanat-a-conakry	200	text/html
20250717212120	https://promouvoircompetences.com/activite-ville.php?ida=12&l=fr	200	text/html
20250811074005	https://promouvoircompetences.com/activite-ville.php?ida=12&lettre=A&l=fr	200	text/html
20250811081612	https://promouvoircompetences.com/activite-ville.php?ida=12&lettre=C&l=fr	200	text/html
20250811084548	https://promouvoircompetences.com/activite-ville.php?ida=12&lettre=E&l=fr	200	text/html
20250811072502	https://promouvoircompetences.com/activite-ville.php?ida=12&lettre=I&l=fr	200	text/html
20250811074848	https://promouvoircompetences.com/activite-ville.php?ida=12&lettre=K&l=fr	200	text/html
20251015192559	https://promouvoircompetences.com/activite-ville.php?ida=12&lettre=L&l=fr	200	text/html
20250811084417	https://promouvoircompetences.com/activite-ville.php?ida=12&lettre=M&l=fr	200	text/html
20250811075357	https://promouvoircompetences.com/activite-ville.php?ida=12&lettre=P&l=fr	200	text/html
20250811084446	https://promouvoircompetences.com/activite-ville.php?ida=12&lettre=R&l=fr	200	text/html
20250811073940	https://promouvoircompetences.com/activite-ville.php?ida=12&lettre=S&l=fr	200	text/html
20250811081547	https://promouvoircompetences.com/activite-ville.php?ida=12&lettre=U&l=fr	200	text/html
20250811075418	https://promouvoircompetences.com/activite-ville.php?ida=12&l=fr&page=2	200	text/html
20250811074513	https://promouvoircompetences.com/activite-ville.php?ida=12&l=fr&page=3	200	text/html
20250125100400	https://promouvoircompetences.com/activite-ville.php?ida=12-ou-trouver-les-specialistes-de-l-art-et-de-l-artisanat-a	200	text/html
20241214060800	https://promouvoircompetences.com/activite-ville.php?ida=13&idv=117-ou-trouver-les-professionnels-de-l-habillement-a-maroua	200	text/html
20250120024138	https://promouvoircompetences.com/activite-ville.php?ida=13&idv=14364-ou-trouver-les-professionnels-de-l-habillement-a-patare	200	text/html
20250120033105	https://promouvoircompetences.com/activite-ville.php?ida=13&idv=14472-ou-trouver-les-professionnels-de-l-habillement-a-niamabo	200	text/html
20250213024440	https://promouvoircompetences.com/activite-ville.php?ida=13&idv=14705-ou-trouver-les-professionnels-de-l-habillement-a-bien	200	text/html
20250216023706	https://promouvoircompetences.com/activite-ville.php?ida=13&idv=185-ou-trouver-les-professionnels-de-l-habillement-a-douala	200	text/html
20211104050916	https://promouvoircompetences.com/activite-ville.php?ida=13&idv=234757-ou-trouver-les-professionnels-de-l-habillement-a-djoulgouf	200	text/html
20230710103107	https://promouvoircompetences.com/activite-ville.php?ida=13&idv=250456-ou-trouver-les-professionnels-de-l-habillement-a-gane	200	text/html
20250118130442	https://promouvoircompetences.com/activite-ville.php?ida=13&idv=251670-ou-trouver-les-professionnels-de-l-habillement-a-wouro-dandi-ii	200	text/html
20250213221224	https://promouvoircompetences.com/activite-ville.php?ida=13&idv=251858-ou-trouver-les-professionnels-de-l-habillement-a-winde-ganki	200	text/html
20250213212111	https://promouvoircompetences.com/activite-ville.php?ida=13&idv=27579-ou-trouver-les-professionnels-de-l-habillement-a-gwakele	200	text/html
20220226175549	https://promouvoircompetences.com/activite-ville.php?ida=13&idv=305-ou-trouver-les-professionnels-de-l-habillement-a-buea	200	text/html
20251016092902	https://promouvoircompetences.com/activite-ville.php?ida=13&idv=30529-ou-trouver-les-professionnels-de-l-habillement-a-mont-kilikousou	200	text/html
20250213225554	https://promouvoircompetences.com/activite-ville.php?ida=13&idv=31238-ou-trouver-les-professionnels-de-l-habillement-a-badola	200	text/html
20250213022641	https://promouvoircompetences.com/activite-ville.php?ida=13&idv=32846-ou-trouver-les-professionnels-de-l-habillement-a-likoukou	200	text/html
20250125103011	https://promouvoircompetences.com/activite-ville.php?ida=13-ou-trouver-les-professionnels-de-l-habillement-a	200	text/html
20241203214536	https://promouvoircompetences.com/activite-ville.php?ida=14&idv=102-entreprises-sociales-a-batouri	200	text/html
20250213031648	https://promouvoircompetences.com/activite-ville.php?ida=14&idv=13793-entreprises-sociales-a-njimpando	200	text/html
20250213034420	https://promouvoircompetences.com/activite-ville.php?ida=14&idv=14363-entreprises-sociales-a-palare	200	text/html
20250120030653	https://promouvoircompetences.com/activite-ville.php?ida=14&idv=14364-entreprises-sociales-a-patare	200	text/html
20250120024434	https://promouvoircompetences.com/activite-ville.php?ida=14&idv=14472-entreprises-sociales-a-niamabo	200	text/html
20250213223113	https://promouvoircompetences.com/activite-ville.php?ida=14&idv=14594-entreprises-sociales-a-nango	200	text/html
20230710103043	https://promouvoircompetences.com/activite-ville.php?ida=14&idv=250456-entreprises-sociales-a-gane	200	text/html
20250528072830	https://promouvoircompetences.com/activite-ville.php?ida=14&idv=251069-entreprises-sociales-a-oh-issenie	200	text/html
20250118133218	https://promouvoircompetences.com/activite-ville.php?ida=14&idv=251670-entreprises-sociales-a-wouro-dandi-ii	200	text/html
20250213031246	https://promouvoircompetences.com/activite-ville.php?ida=14&idv=251766-entreprises-sociales-a-dakatak	200	text/html
20250213020943	https://promouvoircompetences.com/activite-ville.php?ida=14&idv=251858-entreprises-sociales-a-winde-ganki	200	text/html
20250213035246	https://promouvoircompetences.com/activite-ville.php?ida=14&idv=27579-entreprises-sociales-a-gwakele	200	text/html
20250213225446	https://promouvoircompetences.com/activite-ville.php?ida=14&idv=29366-entreprises-sociales-a-abidje	200	text/html
20250804122357	https://promouvoircompetences.com/activite-ville.php?ida=14&idv=30529-entreprises-sociales-a-mont-kilikousou	200	text/html
20250213215915	https://promouvoircompetences.com/activite-ville.php?ida=14&idv=31238-entreprises-sociales-a-badola	200	text/html
20250213223933	https://promouvoircompetences.com/activite-ville.php?ida=14&idv=32351-entreprises-sociales-a-abang	200	text/html
20250219140044	https://promouvoircompetences.com/activite-ville.php?ida=14&l=fr	200	text/html
20251216150358	https://promouvoircompetences.com/activite-ville.php?ida=14&lettre=F&l=fr	200	text/html
20251216204409	https://promouvoircompetences.com/activite-ville.php?ida=14&l=fr&page=5	200	text/html
20250125094559	https://promouvoircompetences.com/activite-ville.php?ida=14-entreprises-sociales-a	200	text/html
20241203214422	https://promouvoircompetences.com/activite-ville.php?ida=15&idv=102-ou-trouver-un-notaire-a-batouri	200	text/html
20241203212129	https://promouvoircompetences.com/activite-ville.php?ida=15&idv=117-ou-trouver-un-notaire-a-maroua	200	text/html
20250120022545	https://promouvoircompetences.com/activite-ville.php?ida=15&idv=14364-ou-trouver-un-notaire-a-patare	200	text/html
20250120021811	https://promouvoircompetences.com/activite-ville.php?ida=15&idv=14472-ou-trouver-un-notaire-a-niamabo	200	text/html
20250213223726	https://promouvoircompetences.com/activite-ville.php?ida=15&idv=14595-ou-trouver-un-notaire-a-monts-melange	200	text/html
20250213224132	https://promouvoircompetences.com/activite-ville.php?ida=15&idv=14705-ou-trouver-un-notaire-a-bien	200	text/html
20230710103040	https://promouvoircompetences.com/activite-ville.php?ida=15&idv=250456-ou-trouver-un-notaire-a-gane	200	text/html
20250611003523	https://promouvoircompetences.com/activite-ville.php?ida=15&idv=250686-ou-trouver-un-notaire-a-blangou-ii	200	text/html
20250118132526	https://promouvoircompetences.com/activite-ville.php?ida=15&idv=251670-ou-trouver-un-notaire-a-wouro-dandi-ii	200	text/html
20250213040146	https://promouvoircompetences.com/activite-ville.php?ida=15&idv=251841-ou-trouver-un-notaire-a-ndougour	200	text/html
20250213031842	https://promouvoircompetences.com/activite-ville.php?ida=15&idv=251883-ou-trouver-un-notaire-a-makoumba-iii	200	text/html
20250213022930	https://promouvoircompetences.com/activite-ville.php?ida=15&idv=27579-ou-trouver-un-notaire-a-gwakele	200	text/html
20251119020107	https://promouvoircompetences.com/activite-ville.php?ida=15&idv=30529-ou-trouver-un-notaire-a-mont-kilikousou	200	text/html
20250213021357	https://promouvoircompetences.com/activite-ville.php?ida=15&idv=32351-ou-trouver-un-notaire-a-abang	200	text/html
20260119074338	https://promouvoircompetences.com/activite-ville.php?ida=15&idv=4618-ou-trouver-un-notaire-a-conakry	200	text/html
20250209202055	https://promouvoircompetences.com/activite-ville.php?ida=15&l=fr	200	text/html
20251216222239	https://promouvoircompetences.com/activite-ville.php?ida=15&lettre=J&l=fr	200	text/html
20251216145616	https://promouvoircompetences.com/activite-ville.php?ida=15&l=fr&page=28	200	text/html
20251216222208	https://promouvoircompetences.com/activite-ville.php?ida=15&l=fr&page=29	200	text/html
20250125100109	https://promouvoircompetences.com/activite-ville.php?ida=15-ou-trouver-un-notaire-a	200	text/html
20250909155549	https://promouvoircompetences.com/activite-ville.php?ida=15-ou-trouver-un-notaire-a&l=fr	200	text/html
20250811081639	https://promouvoircompetences.com/activite-ville.php?ida=15-ou-trouver-un-notaire-a&lettre=A&l=fr	200	text/html
20250811081532	https://promouvoircompetences.com/activite-ville.php?ida=15-ou-trouver-un-notaire-a&lettre=C&l=fr	200	text/html
20250811081454	https://promouvoircompetences.com/activite-ville.php?ida=15-ou-trouver-un-notaire-a&lettre=D&l=fr	200	text/html
20251216211909	https://promouvoircompetences.com/activite-ville.php?ida=15-ou-trouver-un-notaire-a&lettre=E&l=fr	200	text/html
20250811080056	https://promouvoircompetences.com/activite-ville.php?ida=15-ou-trouver-un-notaire-a&lettre=G&l=fr	200	text/html
20250811075912	https://promouvoircompetences.com/activite-ville.php?ida=15-ou-trouver-un-notaire-a&lettre=I&l=fr	200	text/html
20250811075837	https://promouvoircompetences.com/activite-ville.php?ida=15-ou-trouver-un-notaire-a&lettre=J&l=fr	200	text/html
20250811075729	https://promouvoircompetences.com/activite-ville.php?ida=15-ou-trouver-un-notaire-a&lettre=L&l=fr	200	text/html
20250811075652	https://promouvoircompetences.com/activite-ville.php?ida=15-ou-trouver-un-notaire-a&lettre=M&l=fr	200	text/html
20251118050150	https://promouvoircompetences.com/activite-ville.php?ida=15-ou-trouver-un-notaire-a&lettre=M&l=fr&page=28	200	text/html
20251216155952	https://promouvoircompetences.com/activite-ville.php?ida=15-ou-trouver-un-notaire-a&lettre=M&l=fr&page=4	200	text/html
20250811075458	https://promouvoircompetences.com/activite-ville.php?ida=15-ou-trouver-un-notaire-a&lettre=O&l=fr	200	text/html
20250811075237	https://promouvoircompetences.com/activite-ville.php?ida=15-ou-trouver-un-notaire-a&lettre=T&l=fr	200	text/html
20250811075205	https://promouvoircompetences.com/activite-ville.php?ida=15-ou-trouver-un-notaire-a&lettre=V&l=fr	200	text/html
20250811080029	https://promouvoircompetences.com/activite-ville.php?ida=15-ou-trouver-un-notaire-a&page=2	200	text/html
20250811071240	https://promouvoircompetences.com/activite-ville.php?ida=15-ou-trouver-un-notaire-a&page=28	200	text/html
20250811084702	https://promouvoircompetences.com/activite-ville.php?ida=15-ou-trouver-un-notaire-a&page=29	200	text/html
20250811084523	https://promouvoircompetences.com/activite-ville.php?ida=15-ou-trouver-un-notaire-a&page=3	200	text/html
20251216222205	https://promouvoircompetences.com/activite-ville.php?ida=15-ou-trouver-un-notaire-a&page=4	200	text/html
20250811072217	https://promouvoircompetences.com/activite-ville.php?ida=15-ou-trouver-un-notaire-a&page=5	200	text/html
20250811074536	https://promouvoircompetences.com/activite-ville.php?ida=15-ou-trouver-un-notaire-a&page=6	200	text/html
20250811084342	https://promouvoircompetences.com/activite-ville.php?ida=15-ou-trouver-un-notaire-a&page=7	200	text/html
20241203203413	https://promouvoircompetences.com/activite-ville.php?ida=16&idv=102-ou-aller-a-l-ecole-a-batouri	200	text/html
20241214065521	https://promouvoircompetences.com/activite-ville.php?ida=16&idv=117-ou-aller-a-l-ecole-a-maroua	200	text/html
20250213021217	https://promouvoircompetences.com/activite-ville.php?ida=16&idv=12939-ou-aller-a-l-ecole-a-badjel	200	text/html
20250213021746	https://promouvoircompetences.com/activite-ville.php?ida=16&idv=13793-ou-aller-a-l-ecole-a-njimpando	200	text/html
20250215221957	https://promouvoircompetences.com/activite-ville.php?ida=16&idv=14363-ou-aller-a-l-ecole-a-palare	200	text/html
20251119015934	https://promouvoircompetences.com/activite-ville.php?ida=16&idv=14364-ou-aller-a-l-ecole-a-patare	200	text/html
20250118145833	https://promouvoircompetences.com/activite-ville.php?ida=16&idv=14472-ou-aller-a-l-ecole-a-niamabo	200	text/html
20250213213923	https://promouvoircompetences.com/activite-ville.php?ida=16&idv=14594-ou-aller-a-l-ecole-a-nango	200	text/html
20250215232036	https://promouvoircompetences.com/activite-ville.php?ida=16&idv=14595-ou-aller-a-l-ecole-a-monts-melange	200	text/html
20250213032613	https://promouvoircompetences.com/activite-ville.php?ida=16&idv=14705-ou-aller-a-l-ecole-a-bien	200	text/html
20230710110104	https://promouvoircompetences.com/activite-ville.php?ida=16&idv=250456-ou-aller-a-l-ecole-a-gane	200	text/html
20250118125435	https://promouvoircompetences.com/activite-ville.php?ida=16&idv=251670-ou-aller-a-l-ecole-a-wouro-dandi-ii	200	text/html
20250213035138	https://promouvoircompetences.com/activite-ville.php?ida=16&idv=251841-ou-aller-a-l-ecole-a-ndougour	200	text/html
20250213031328	https://promouvoircompetences.com/activite-ville.php?ida=16&idv=251883-ou-aller-a-l-ecole-a-makoumba-iii	200	text/html
20250213221836	https://promouvoircompetences.com/activite-ville.php?ida=16&idv=251930-ou-aller-a-l-ecole-a-gaigai-koumaire	200	text/html
20250213231635	https://promouvoircompetences.com/activite-ville.php?ida=16&idv=27579-ou-aller-a-l-ecole-a-gwakele	200	text/html
20250118141038	https://promouvoircompetences.com/activite-ville.php?ida=16&idv=30529-ou-aller-a-l-ecole-a-mont-kilikousou	200	text/html
20250213222636	https://promouvoircompetences.com/activite-ville.php?ida=16&idv=32846-ou-aller-a-l-ecole-a-likoukou	200	text/html
20250125091107	https://promouvoircompetences.com/activite-ville.php?ida=16-ou-aller-a-l-ecole-a	200	text/html
20241203200311	https://promouvoircompetences.com/activite-ville.php?ida=17&idv=117-entreprises-de-l-industrie-agroalimentaire-a-maroua	200	text/html
20250213015940	https://promouvoircompetences.com/activite-ville.php?ida=17&idv=13793-entreprises-de-l-industrie-agroalimentaire-a-njimpando	200	text/html
20250213023740	https://promouvoircompetences.com/activite-ville.php?ida=17&idv=14144-entreprises-de-l-industrie-agroalimentaire-a-ndameko	200	text/html
20250213035435	https://promouvoircompetences.com/activite-ville.php?ida=17&idv=14363-entreprises-de-l-industrie-agroalimentaire-a-palare	200	text/html
20250120013234	https://promouvoircompetences.com/activite-ville.php?ida=17&idv=14364-entreprises-de-l-industrie-agroalimentaire-a-patare	200	text/html
20250118143404	https://promouvoircompetences.com/activite-ville.php?ida=17&idv=14472-entreprises-de-l-industrie-agroalimentaire-a-niamabo	200	text/html
20250213212609	https://promouvoircompetences.com/activite-ville.php?ida=17&idv=14594-entreprises-de-l-industrie-agroalimentaire-a-nango	200	text/html
20250213032800	https://promouvoircompetences.com/activite-ville.php?ida=17&idv=14595-entreprises-de-l-industrie-agroalimentaire-a-monts-melange	200	text/html
20250213035652	https://promouvoircompetences.com/activite-ville.php?ida=17&idv=14705-entreprises-de-l-industrie-agroalimentaire-a-bien	200	text/html
20230710103040	https://promouvoircompetences.com/activite-ville.php?ida=17&idv=250456-entreprises-de-l-industrie-agroalimentaire-a-gane	200	text/html
20250118140250	https://promouvoircompetences.com/activite-ville.php?ida=17&idv=251670-entreprises-de-l-industrie-agroalimentaire-a-wouro-dandi-ii	200	text/html
20250213223807	https://promouvoircompetences.com/activite-ville.php?ida=17&idv=251717-entreprises-de-l-industrie-agroalimentaire-a-midilma	200	text/html
20250213220918	https://promouvoircompetences.com/activite-ville.php?ida=17&idv=251766-entreprises-de-l-industrie-agroalimentaire-a-dakatak	200	text/html
20250213020452	https://promouvoircompetences.com/activite-ville.php?ida=17&idv=251858-entreprises-de-l-industrie-agroalimentaire-a-winde-ganki	200	text/html
20250213033551	https://promouvoircompetences.com/activite-ville.php?ida=17&idv=251930-entreprises-de-l-industrie-agroalimentaire-a-gaigai-koumaire	200	text/html
20250723073018	https://promouvoircompetences.com/activite-ville.php?ida=17&idv=258205-entreprises-de-l-industrie-agroalimentaire-a-errouha	200	text/html
20250118143450	https://promouvoircompetences.com/activite-ville.php?ida=17&idv=30529-entreprises-de-l-industrie-agroalimentaire-a-mont-kilikousou	200	text/html
20250209204053	https://promouvoircompetences.com/activite-ville.php?ida=17&l=fr	200	text/html
20250907190520	https://promouvoircompetences.com/activite-ville.php?ida=17&lettre=P&l=fr	200	text/html
20250125094051	https://promouvoircompetences.com/activite-ville.php?ida=17-entreprises-de-l-industrie-agroalimentaire-a	200	text/html
20241203204723	https://promouvoircompetences.com/activite-ville.php?ida=18&idv=117-entreprises-du-batiment-a-maroua	200	text/html
20250213032539	https://promouvoircompetences.com/activite-ville.php?ida=18&idv=12939-entreprises-du-batiment-a-badjel	200	text/html
20250213030744	https://promouvoircompetences.com/activite-ville.php?ida=18&idv=12952-entreprises-du-batiment-a-akra-kombo	200	text/html
20250120023030	https://promouvoircompetences.com/activite-ville.php?ida=18&idv=14364-entreprises-du-batiment-a-patare	200	text/html
20250120014539	https://promouvoircompetences.com/activite-ville.php?ida=18&idv=14472-entreprises-du-batiment-a-niamabo	200	text/html
20250213225744	https://promouvoircompetences.com/activite-ville.php?ida=18&idv=14594-entreprises-du-batiment-a-nango	200	text/html
20250213223354	https://promouvoircompetences.com/activite-ville.php?ida=18&idv=14595-entreprises-du-batiment-a-monts-melange	200	text/html
20230710103050	https://promouvoircompetences.com/activite-ville.php?ida=18&idv=250456-entreprises-du-batiment-a-gane	200	text/html
20250120015716	https://promouvoircompetences.com/activite-ville.php?ida=18&idv=251670-entreprises-du-batiment-a-wouro-dandi-ii	200	text/html
20250213020804	https://promouvoircompetences.com/activite-ville.php?ida=18&idv=251858-entreprises-du-batiment-a-winde-ganki	200	text/html
20250118125704	https://promouvoircompetences.com/activite-ville.php?ida=18&idv=30529-entreprises-du-batiment-a-mont-kilikousou	200	text/html
20250213024312	https://promouvoircompetences.com/activite-ville.php?ida=18&idv=31238-entreprises-du-batiment-a-badola	200	text/html
20250215231500	https://promouvoircompetences.com/activite-ville.php?ida=18&idv=32846-entreprises-du-batiment-a-likoukou	200	text/html
20250125084005	https://promouvoircompetences.com/activite-ville.php?ida=18-entreprises-du-batiment-a	200	text/html
20241203213851	https://promouvoircompetences.com/activite-ville.php?ida=19&idv=102-entreprises-d-ingenierie-a-batouri	200	text/html
20241203195653	https://promouvoircompetences.com/activite-ville.php?ida=19&idv=117-entreprises-d-ingenierie-a-maroua	200	text/html
20250212063643	https://promouvoircompetences.com/activite-ville.php?ida=19&idv=14144-entreprises-d-ingenierie-a-ndameko	200	text/html
20250213034702	https://promouvoircompetences.com/activite-ville.php?ida=19&idv=14363-entreprises-d-ingenierie-a-palare	200	text/html
20250118135808	https://promouvoircompetences.com/activite-ville.php?ida=19&idv=14364-entreprises-d-ingenierie-a-patare	200	text/html
20250118142403	https://promouvoircompetences.com/activite-ville.php?ida=19&idv=14472-entreprises-d-ingenierie-a-niamabo	200	text/html
20250215231952	https://promouvoircompetences.com/activite-ville.php?ida=19&idv=14594-entreprises-d-ingenierie-a-nango	200	text/html
20250212074024	https://promouvoircompetences.com/activite-ville.php?ida=19&idv=14595-entreprises-d-ingenierie-a-monts-melange	200	text/html
20250213231126	https://promouvoircompetences.com/activite-ville.php?ida=19&idv=14705-entreprises-d-ingenierie-a-bien	200	text/html
20230710103103	https://promouvoircompetences.com/activite-ville.php?ida=19&idv=250456-entreprises-d-ingenierie-a-gane	200	text/html
20250213213834	https://promouvoircompetences.com/activite-ville.php?ida=19&idv=29366-entreprises-d-ingenierie-a-abidje	200	text/html
20250120031624	https://promouvoircompetences.com/activite-ville.php?ida=19&idv=30529-entreprises-d-ingenierie-a-mont-kilikousou	200	text/html
20250213015652	https://promouvoircompetences.com/activite-ville.php?ida=19&idv=32351-entreprises-d-ingenierie-a-abang	200	text/html
20250714211332	https://promouvoircompetences.com/activite-ville.php?ida=19&l=fr	200	text/html
20250125095414	https://promouvoircompetences.com/activite-ville.php?ida=19-entreprises-d-ingenierie-a	200	text/html
20241214063147	https://promouvoircompetences.com/activite-ville.php?ida=2&idv=117-ou-manger-a-maroua	200	text/html
20250213215421	https://promouvoircompetences.com/activite-ville.php?ida=2&idv=12939-ou-manger-a-badjel	200	text/html
20250213031726	https://promouvoircompetences.com/activite-ville.php?ida=2&idv=14144-ou-manger-a-ndameko	200	text/html
20250212064245	https://promouvoircompetences.com/activite-ville.php?ida=2&idv=14363-ou-manger-a-palare	200	text/html
20250118145631	https://promouvoircompetences.com/activite-ville.php?ida=2&idv=14364-ou-manger-a-patare	200	text/html
20250213232430	https://promouvoircompetences.com/activite-ville.php?ida=2&idv=14595-ou-manger-a-monts-melange	200	text/html
20250213214448	https://promouvoircompetences.com/activite-ville.php?ida=2&idv=14705-ou-manger-a-bien	200	text/html
20211104055826	https://promouvoircompetences.com/activite-ville.php?ida=2&idv=234757-ou-manger-a-djoulgouf	200	text/html
20230710110106	https://promouvoircompetences.com/activite-ville.php?ida=2&idv=250456-ou-manger-a-gane	200	text/html
20250118150320	https://promouvoircompetences.com/activite-ville.php?ida=2&idv=251670-ou-manger-a-wouro-dandi-ii	200	text/html
20250213214406	https://promouvoircompetences.com/activite-ville.php?ida=2&idv=251717-ou-manger-a-midilma	200	text/html
20250212082808	https://promouvoircompetences.com/activite-ville.php?ida=2&idv=251841-ou-manger-a-ndougour	200	text/html
20250213222426	https://promouvoircompetences.com/activite-ville.php?ida=2&idv=251858-ou-manger-a-winde-ganki	200	text/html
20250212081240	https://promouvoircompetences.com/activite-ville.php?ida=2&idv=251883-ou-manger-a-makoumba-iii	200	text/html
20220226175537	https://promouvoircompetences.com/activite-ville.php?ida=2&idv=305-ou-manger-a-buea	200	text/html
20250118144405	https://promouvoircompetences.com/activite-ville.php?ida=2&idv=30529-ou-manger-a-mont-kilikousou	200	text/html
20250215215141	https://promouvoircompetences.com/activite-ville.php?ida=2&idv=32351-ou-manger-a-abang	200	text/html
20250213221421	https://promouvoircompetences.com/activite-ville.php?ida=2&idv=32846-ou-manger-a-likoukou	200	text/html
20250212065535	https://promouvoircompetences.com/activite-ville.php?ida=2&l=fr	200	text/html
20250125092645	https://promouvoircompetences.com/activite-ville.php?ida=2-ou-manger-a	200	text/html
20250912182241	https://promouvoircompetences.com/activite-ville.php?ida=2-ou-manger-a&lettre=B&l=fr	200	text/html
20250912183358	https://promouvoircompetences.com/activite-ville.php?ida=2-ou-manger-a&lettre=C&l=fr	200	text/html
20250906222512	https://promouvoircompetences.com/activite-ville.php?ida=2-ou-manger-a&lettre=E&l=fr	200	text/html
20250912184347	https://promouvoircompetences.com/activite-ville.php?ida=2-ou-manger-a&lettre=F&l=fr	200	text/html
20250912184953	https://promouvoircompetences.com/activite-ville.php?ida=2-ou-manger-a&lettre=G&l=fr	200	text/html
20250912185236	https://promouvoircompetences.com/activite-ville.php?ida=2-ou-manger-a&lettre=H&l=fr	200	text/html
20250912185650	https://promouvoircompetences.com/activite-ville.php?ida=2-ou-manger-a&lettre=I&l=fr	200	text/html
20250912185856	https://promouvoircompetences.com/activite-ville.php?ida=2-ou-manger-a&lettre=J&l=fr	200	text/html
20250912190223	https://promouvoircompetences.com/activite-ville.php?ida=2-ou-manger-a&lettre=K&l=fr	200	text/html
20250912190557	https://promouvoircompetences.com/activite-ville.php?ida=2-ou-manger-a&lettre=L&l=fr	200	text/html
20250912191018	https://promouvoircompetences.com/activite-ville.php?ida=2-ou-manger-a&lettre=M&l=fr	200	text/html
20250912192738	https://promouvoircompetences.com/activite-ville.php?ida=2-ou-manger-a&lettre=P&l=fr	200	text/html
20250912193200	https://promouvoircompetences.com/activite-ville.php?ida=2-ou-manger-a&lettre=R&l=fr	200	text/html
20250912193442	https://promouvoircompetences.com/activite-ville.php?ida=2-ou-manger-a&lettre=S&l=fr	200	text/html
20250912194007	https://promouvoircompetences.com/activite-ville.php?ida=2-ou-manger-a&lettre=V&l=fr	200	text/html
20250912200315	https://promouvoircompetences.com/activite-ville.php?ida=2-ou-manger-a&page=2	200	text/html
20250912193742	https://promouvoircompetences.com/activite-ville.php?ida=2-ou-manger-a&page=22	200	text/html
20250912195609	https://promouvoircompetences.com/activite-ville.php?ida=2-ou-manger-a&page=23	200	text/html
20250912200346	https://promouvoircompetences.com/activite-ville.php?ida=2-ou-manger-a&page=3	200	text/html
20250912202823	https://promouvoircompetences.com/activite-ville.php?ida=2-ou-manger-a&page=4	200	text/html
20250907001708	https://promouvoircompetences.com/activite-ville.php?ida=2-ou-manger-a&page=5	200	text/html
20250912202835	https://promouvoircompetences.com/activite-ville.php?ida=2-ou-manger-a&page=6	200	text/html
20250912202839	https://promouvoircompetences.com/activite-ville.php?ida=2-ou-manger-a&page=7	200	text/html
20241203215535	https://promouvoircompetences.com/activite-ville.php?ida=20&idv=102-entreprises-de-ressources-humaines-batouri	200	text/html
20241203211102	https://promouvoircompetences.com/activite-ville.php?ida=20&idv=117-entreprises-de-ressources-humaines-maroua	200	text/html
20250215233326	https://promouvoircompetences.com/activite-ville.php?ida=20&idv=12952-entreprises-de-ressources-humaines-akra-kombo	200	text/html
20250213030547	https://promouvoircompetences.com/activite-ville.php?ida=20&idv=13793-entreprises-de-ressources-humaines-njimpando	200	text/html
20250118140411	https://promouvoircompetences.com/activite-ville.php?ida=20&idv=14364-entreprises-de-ressources-humaines-patare	200	text/html
20251213193254	https://promouvoircompetences.com/activite-ville.php?ida=20&idv=14472-entreprises-de-ressources-humaines-niamabo	200	text/html
20250215235809	https://promouvoircompetences.com/activite-ville.php?ida=20&idv=14595-entreprises-de-ressources-humaines-monts-melange	200	text/html
20230710104546	https://promouvoircompetences.com/activite-ville.php?ida=20&idv=250456-entreprises-de-ressources-humaines-gane	200	text/html
20250118133350	https://promouvoircompetences.com/activite-ville.php?ida=20&idv=251670-entreprises-de-ressources-humaines-wouro-dandi-ii	200	text/html
20250216001931	https://promouvoircompetences.com/activite-ville.php?ida=20&idv=251766-entreprises-de-ressources-humaines-dakatak	200	text/html
20250213231400	https://promouvoircompetences.com/activite-ville.php?ida=20&idv=251841-entreprises-de-ressources-humaines-ndougour	200	text/html
20250215232326	https://promouvoircompetences.com/activite-ville.php?ida=20&idv=251883-entreprises-de-ressources-humaines-makoumba-iii	200	text/html
20250213031958	https://promouvoircompetences.com/activite-ville.php?ida=20&idv=27579-entreprises-de-ressources-humaines-gwakele	200	text/html
20250213034628	https://promouvoircompetences.com/activite-ville.php?ida=20&idv=29366-entreprises-de-ressources-humaines-abidje	200	text/html
20250118145007	https://promouvoircompetences.com/activite-ville.php?ida=20&idv=30529-entreprises-de-ressources-humaines-mont-kilikousou	200	text/html
20250213221752	https://promouvoircompetences.com/activite-ville.php?ida=20&idv=32846-entreprises-de-ressources-humaines-likoukou	200	text/html
20251216150604	https://promouvoircompetences.com/activite-ville.php?ida=20&idv=4618-entreprises-de-ressources-humaines-conakry	200	text/html
20250804121209	https://promouvoircompetences.com/activite-ville.php?ida=20&l=fr	200	text/html
20250125083909	https://promouvoircompetences.com/activite-ville.php?ida=20-entreprises-de-ressources-humaines	200	text/html
20241203202222	https://promouvoircompetences.com/activite-ville.php?ida=21&idv=102-entreprises-de-transport-et-logistique-a-batouri	200	text/html
20250213033737	https://promouvoircompetences.com/activite-ville.php?ida=21&idv=12952-entreprises-de-transport-et-logistique-a-akra-kombo	200	text/html
20250215234207	https://promouvoircompetences.com/activite-ville.php?ida=21&idv=14363-entreprises-de-transport-et-logistique-a-palare	200	text/html
20250118135224	https://promouvoircompetences.com/activite-ville.php?ida=21&idv=14364-entreprises-de-transport-et-logistique-a-patare	200	text/html
20250120031830	https://promouvoircompetences.com/activite-ville.php?ida=21&idv=14472-entreprises-de-transport-et-logistique-a-niamabo	200	text/html
20250213025343	https://promouvoircompetences.com/activite-ville.php?ida=21&idv=14595-entreprises-de-transport-et-logistique-a-monts-melange	200	text/html
20250213230738	https://promouvoircompetences.com/activite-ville.php?ida=21&idv=14705-entreprises-de-transport-et-logistique-a-bien	200	text/html
20230710103039	https://promouvoircompetences.com/activite-ville.php?ida=21&idv=250456-entreprises-de-transport-et-logistique-a-gane	200	text/html
20250120013331	https://promouvoircompetences.com/activite-ville.php?ida=21&idv=251670-entreprises-de-transport-et-logistique-a-wouro-dandi-ii	200	text/html
20250213034919	https://promouvoircompetences.com/activite-ville.php?ida=21&idv=251717-entreprises-de-transport-et-logistique-a-midilma	200	text/html
20250213023550	https://promouvoircompetences.com/activite-ville.php?ida=21&idv=251841-entreprises-de-transport-et-logistique-a-ndougour	200	text/html
20250213034033	https://promouvoircompetences.com/activite-ville.php?ida=21&idv=251858-entreprises-de-transport-et-logistique-a-winde-ganki	200	text/html
20250213223237	https://promouvoircompetences.com/activite-ville.php?ida=21&idv=251883-entreprises-de-transport-et-logistique-a-makoumba-iii	200	text/html
20250213025507	https://promouvoircompetences.com/activite-ville.php?ida=21&idv=251930-entreprises-de-transport-et-logistique-a-gaigai-koumaire	200	text/html
20250212074858	https://promouvoircompetences.com/activite-ville.php?ida=21&idv=31238-entreprises-de-transport-et-logistique-a-badola	200	text/html
20250213035509	https://promouvoircompetences.com/activite-ville.php?ida=21&idv=32351-entreprises-de-transport-et-logistique-a-abang	200	text/html
20251119023957	https://promouvoircompetences.com/activite-ville.php?ida=21&idv=4618-entreprises-de-transport-et-logistique-a-conakry	200	text/html
20250125092105	https://promouvoircompetences.com/activite-ville.php?ida=21-entreprises-de-transport-et-logistique-a	200	text/html
20241203202420	https://promouvoircompetences.com/activite-ville.php?ida=22&idv=102-entreprises-specialisees-dans-le-demenagement-a-batouri	200	text/html
20250804131138	https://promouvoircompetences.com/activite-ville.php?ida=22&idv=117-entreprises-specialisees-dans-le-demenagement-a-maroua	200	text/html
20250216001145	https://promouvoircompetences.com/activite-ville.php?ida=22&idv=12952-entreprises-specialisees-dans-le-demenagement-a-akra-kombo	200	text/html
20250213035728	https://promouvoircompetences.com/activite-ville.php?ida=22&idv=13793-entreprises-specialisees-dans-le-demenagement-a-njimpando	200	text/html
20250213035837	https://promouvoircompetences.com/activite-ville.php?ida=22&idv=14144-entreprises-specialisees-dans-le-demenagement-a-ndameko	200	text/html
20250120024557	https://promouvoircompetences.com/activite-ville.php?ida=22&idv=14364-entreprises-specialisees-dans-le-demenagement-a-patare	200	text/html
20250118145322	https://promouvoircompetences.com/activite-ville.php?ida=22&idv=14472-entreprises-specialisees-dans-le-demenagement-a-niamabo	200	text/html
20250206161040	https://promouvoircompetences.com/activite-ville.php?ida=22&idv=185-entreprises-specialisees-dans-le-demenagement-a-douala	200	text/html
20230710104554	https://promouvoircompetences.com/activite-ville.php?ida=22&idv=250456-entreprises-specialisees-dans-le-demenagement-a-gane	200	text/html
20250118130614	https://promouvoircompetences.com/activite-ville.php?ida=22&idv=251670-entreprises-specialisees-dans-le-demenagement-a-wouro-dandi-ii	200	text/html
20250213034259	https://promouvoircompetences.com/activite-ville.php?ida=22&idv=251841-entreprises-specialisees-dans-le-demenagement-a-ndougour	200	text/html
20250213231751	https://promouvoircompetences.com/activite-ville.php?ida=22&idv=251883-entreprises-specialisees-dans-le-demenagement-a-makoumba-iii	200	text/html
20250215231210	https://promouvoircompetences.com/activite-ville.php?ida=22&idv=29366-entreprises-specialisees-dans-le-demenagement-a-abidje	200	text/html
20250118141838	https://promouvoircompetences.com/activite-ville.php?ida=22&idv=30529-entreprises-specialisees-dans-le-demenagement-a-mont-kilikousou	200	text/html
20250213035103	https://promouvoircompetences.com/activite-ville.php?ida=22&idv=31238-entreprises-specialisees-dans-le-demenagement-a-badola	200	text/html
20250213034953	https://promouvoircompetences.com/activite-ville.php?ida=22&idv=32351-entreprises-specialisees-dans-le-demenagement-a-abang	200	text/html
20250125101845	https://promouvoircompetences.com/activite-ville.php?ida=22-entreprises-specialisees-dans-le-demenagement-a	200	text/html
20241203215310	https://promouvoircompetences.com/activite-ville.php?ida=23&idv=102-ou-trouver-les-entreprises-d-import-export-a-batouri	200	text/html
20241214055054	https://promouvoircompetences.com/activite-ville.php?ida=23&idv=117-ou-trouver-les-entreprises-d-import-export-a-maroua	200	text/html
20250215232410	https://promouvoircompetences.com/activite-ville.php?ida=23&idv=14363-ou-trouver-les-entreprises-d-import-export-a-palare	200	text/html
20250120025602	https://promouvoircompetences.com/activite-ville.php?ida=23&idv=14364-ou-trouver-les-entreprises-d-import-export-a-patare	200	text/html
20250118133648	https://promouvoircompetences.com/activite-ville.php?ida=23&idv=14472-ou-trouver-les-entreprises-d-import-export-a-niamabo	200	text/html
20230710103041	https://promouvoircompetences.com/activite-ville.php?ida=23&idv=250456-ou-trouver-les-entreprises-d-import-export-a-gane	200	text/html
20250118141811	https://promouvoircompetences.com/activite-ville.php?ida=23&idv=251670-ou-trouver-les-entreprises-d-import-export-a-wouro-dandi-ii	200	text/html
20250213213201	https://promouvoircompetences.com/activite-ville.php?ida=23&idv=251841-ou-trouver-les-entreprises-d-import-export-a-ndougour	200	text/html
20250213022208	https://promouvoircompetences.com/activite-ville.php?ida=23&idv=251858-ou-trouver-les-entreprises-d-import-export-a-winde-ganki	200	text/html
20250213231204	https://promouvoircompetences.com/activite-ville.php?ida=23&idv=251930-ou-trouver-les-entreprises-d-import-export-a-gaigai-koumaire	200	text/html
20250213021128	https://promouvoircompetences.com/activite-ville.php?ida=23&idv=27579-ou-trouver-les-entreprises-d-import-export-a-gwakele	200	text/html
20250213034147	https://promouvoircompetences.com/activite-ville.php?ida=23&idv=29366-ou-trouver-les-entreprises-d-import-export-a-abidje	200	text/html
20250120022130	https://promouvoircompetences.com/activite-ville.php?ida=23&idv=30529-ou-trouver-les-entreprises-d-import-export-a-mont-kilikousou	200	text/html
20250213032156	https://promouvoircompetences.com/activite-ville.php?ida=23&idv=31238-ou-trouver-les-entreprises-d-import-export-a-badola	200	text/html
20250213030232	https://promouvoircompetences.com/activite-ville.php?ida=23&idv=32846-ou-trouver-les-entreprises-d-import-export-a-likoukou	200	text/html
20251119013124	https://promouvoircompetences.com/activite-ville.php?ida=23&idv=4618-ou-trouver-les-entreprises-d-import-export-a-conakry	200	text/html
20250710170521	https://promouvoircompetences.com/activite-ville.php?ida=23&l=fr	200	text/html
20250125093542	https://promouvoircompetences.com/activite-ville.php?ida=23-ou-trouver-les-entreprises-d-import-export-a	200	text/html
20241203212813	https://promouvoircompetences.com/activite-ville.php?ida=24&idv=102-ou-trouver-des-entreprises-de-services-aux-entreprises-a-batouri	200	text/html
20241203210703	https://promouvoircompetences.com/activite-ville.php?ida=24&idv=117-ou-trouver-des-entreprises-de-services-aux-entreprises-a-maroua	200	text/html
20250213225251	https://promouvoircompetences.com/activite-ville.php?ida=24&idv=12939-ou-trouver-des-entreprises-de-services-aux-entreprises-a-badjel	200	text/html
20250213030029	https://promouvoircompetences.com/activite-ville.php?ida=24&idv=14144-ou-trouver-des-entreprises-de-services-aux-entreprises-a-ndameko	200	text/html
20250213232243	https://promouvoircompetences.com/activite-ville.php?ida=24&idv=14363-ou-trouver-des-entreprises-de-services-aux-entreprises-a-palare	200	text/html
20250120022839	https://promouvoircompetences.com/activite-ville.php?ida=24&idv=14364-ou-trouver-des-entreprises-de-services-aux-entreprises-a-patare	200	text/html
20250120031335	https://promouvoircompetences.com/activite-ville.php?ida=24&idv=14472-ou-trouver-des-entreprises-de-services-aux-entreprises-a-niamabo	200	text/html
20250210102523	https://promouvoircompetences.com/activite-ville.php?ida=24&idv=185-ou-trouver-des-entreprises-de-services-aux-entreprises-a-douala	200	text/html
20230710103100	https://promouvoircompetences.com/activite-ville.php?ida=24&idv=250456-ou-trouver-des-entreprises-de-services-aux-entreprises-a-gane	200	text/html
20250120023842	https://promouvoircompetences.com/activite-ville.php?ida=24&idv=251670-ou-trouver-des-entreprises-de-services-aux-entreprises-a-wouro-dandi-ii	200	text/html
20250216000552	https://promouvoircompetences.com/activite-ville.php?ida=24&idv=251858-ou-trouver-des-entreprises-de-services-aux-entreprises-a-winde-ganki	200	text/html
20250213035029	https://promouvoircompetences.com/activite-ville.php?ida=24&idv=251883-ou-trouver-des-entreprises-de-services-aux-entreprises-a-makoumba-iii	200	text/html
20250213225522	https://promouvoircompetences.com/activite-ville.php?ida=24&idv=251930-ou-trouver-des-entreprises-de-services-aux-entreprises-a-gaigai-koumaire	200	text/html
20250120011017	https://promouvoircompetences.com/activite-ville.php?ida=24&idv=30529-ou-trouver-des-entreprises-de-services-aux-entreprises-a-mont-kilikousou	200	text/html
20250215224944	https://promouvoircompetences.com/activite-ville.php?ida=24&idv=32846-ou-trouver-des-entreprises-de-services-aux-entreprises-a-likoukou	200	text/html
20250710161845	https://promouvoircompetences.com/activite-ville.php?ida=24&l=fr	200	text/html
20250125103055	https://promouvoircompetences.com/activite-ville.php?ida=24-ou-trouver-des-entreprises-de-services-aux-entreprises-a	200	text/html
20241203210612	https://promouvoircompetences.com/activite-ville.php?ida=25&idv=102-ou-trouver-des-entreprises-de-transit-maritime-a-batouri	200	text/html
20241203200800	https://promouvoircompetences.com/activite-ville.php?ida=25&idv=117-ou-trouver-des-entreprises-de-transit-maritime-a-maroua	200	text/html
20250213034224	https://promouvoircompetences.com/activite-ville.php?ida=25&idv=12939-ou-trouver-des-entreprises-de-transit-maritime-a-badjel	200	text/html
20250212083720	https://promouvoircompetences.com/activite-ville.php?ida=25&idv=13793-ou-trouver-des-entreprises-de-transit-maritime-a-njimpando	200	text/html
20250118140614	https://promouvoircompetences.com/activite-ville.php?ida=25&idv=14364-ou-trouver-des-entreprises-de-transit-maritime-a-patare	200	text/html
20250120033026	https://promouvoircompetences.com/activite-ville.php?ida=25&idv=14472-ou-trouver-des-entreprises-de-transit-maritime-a-niamabo	200	text/html
20230710110057	https://promouvoircompetences.com/activite-ville.php?ida=25&idv=250456-ou-trouver-des-entreprises-de-transit-maritime-a-gane	200	text/html
20250118140318	https://promouvoircompetences.com/activite-ville.php?ida=25&idv=251670-ou-trouver-des-entreprises-de-transit-maritime-a-wouro-dandi-ii	200	text/html
20250213025256	https://promouvoircompetences.com/activite-ville.php?ida=25&idv=251841-ou-trouver-des-entreprises-de-transit-maritime-a-ndougour	200	text/html
20250120020552	https://promouvoircompetences.com/activite-ville.php?ida=25&idv=30529-ou-trouver-des-entreprises-de-transit-maritime-a-mont-kilikousou	200	text/html
20250213033357	https://promouvoircompetences.com/activite-ville.php?ida=25&idv=31238-ou-trouver-des-entreprises-de-transit-maritime-a-badola	200	text/html
20250213024351	https://promouvoircompetences.com/activite-ville.php?ida=25&idv=32351-ou-trouver-des-entreprises-de-transit-maritime-a-abang	200	text/html
20250213022348	https://promouvoircompetences.com/activite-ville.php?ida=25&idv=32846-ou-trouver-des-entreprises-de-transit-maritime-a-likoukou	200	text/html
20250804131421	https://promouvoircompetences.com/activite-ville.php?ida=25&l=fr	200	text/html
20250125091808	https://promouvoircompetences.com/activite-ville.php?ida=25-ou-trouver-des-entreprises-de-transit-maritime-a	200	text/html
20241203211550	https://promouvoircompetences.com/activite-ville.php?ida=26&idv=102-ou-trouver-un-huissier-de-justice-un-cabinet-d-avocats-ou-un-avocat-a-batouri	200	text/html
20241203211131	https://promouvoircompetences.com/activite-ville.php?ida=26&idv=117-ou-trouver-un-huissier-de-justice-un-cabinet-d-avocats-ou-un-avocat-a-maroua	200	text/html
20250213021828	https://promouvoircompetences.com/activite-ville.php?ida=26&idv=12952-ou-trouver-un-huissier-de-justice-un-cabinet-d-avocats-ou-un-avocat-a-akra-kombo	200	text/html
20250710165310	https://promouvoircompetences.com/activite-ville.php?ida=26&idv=14364-ou-trouver-un-huissier-de-justice-un-cabinet-d-avocats-ou-un-avocat-a-patare	200	text/html
20250120033831	https://promouvoircompetences.com/activite-ville.php?ida=26&idv=14472-ou-trouver-un-huissier-de-justice-un-cabinet-d-avocats-ou-un-avocat-a-niamabo	200	text/html
20250213021703	https://promouvoircompetences.com/activite-ville.php?ida=26&idv=14595-ou-trouver-un-huissier-de-justice-un-cabinet-d-avocats-ou-un-avocat-a-monts-melange	200	text/html
20250210093422	https://promouvoircompetences.com/activite-ville.php?ida=26&idv=185-ou-trouver-un-huissier-de-justice-un-cabinet-d-avocats-ou-un-avocat-a-douala	200	text/html
20230710103057	https://promouvoircompetences.com/activite-ville.php?ida=26&idv=250456-ou-trouver-un-huissier-de-justice-un-cabinet-d-avocats-ou-un-avocat-a-gane	200	text/html
20250215233807	https://promouvoircompetences.com/activite-ville.php?ida=26&idv=251766-ou-trouver-un-huissier-de-justice-un-cabinet-d-avocats-ou-un-avocat-a-dakatak	200	text/html
20250213223439	https://promouvoircompetences.com/activite-ville.php?ida=26&idv=251858-ou-trouver-un-huissier-de-justice-un-cabinet-d-avocats-ou-un-avocat-a-winde-ganki	200	text/html
20250213023247	https://promouvoircompetences.com/activite-ville.php?ida=26&idv=251930-ou-trouver-un-huissier-de-justice-un-cabinet-d-avocats-ou-un-avocat-a-gaigai-koumaire	200	text/html
20250118145246	https://promouvoircompetences.com/activite-ville.php?ida=26&idv=30529-ou-trouver-un-huissier-de-justice-un-cabinet-d-avocats-ou-un-avocat-a-mont-kilikousou	200	text/html
20250811174600	https://promouvoircompetences.com/activite-ville.php?ida=26&idv=4618-ou-trouver-un-huissier-de-justice-un-cabinet-d-avocats-ou-un-avocat-a-conakry	200	text/html
20250811165549	https://promouvoircompetences.com/activite-ville.php?ida=26&l=fr	200	text/html
20250125095212	https://promouvoircompetences.com/activite-ville.php?ida=26-ou-trouver-un-huissier-de-justice-un-cabinet-d-avocats-ou-un-avocat-a	200	text/html
20241203195012	https://promouvoircompetences.com/activite-ville.php?ida=3&idv=117-ou-boire-prendre-un-verre-a-maroua	200	text/html
20250215224525	https://promouvoircompetences.com/activite-ville.php?ida=3&idv=14363-ou-boire-prendre-un-verre-a-palare	200	text/html
20250120024441	https://promouvoircompetences.com/activite-ville.php?ida=3&idv=14364-ou-boire-prendre-un-verre-a-patare	200	text/html
20250120015921	https://promouvoircompetences.com/activite-ville.php?ida=3&idv=14472-ou-boire-prendre-un-verre-a-niamabo	200	text/html
20250213030311	https://promouvoircompetences.com/activite-ville.php?ida=3&idv=14594-ou-boire-prendre-un-verre-a-nango	200	text/html
20211104055753	https://promouvoircompetences.com/activite-ville.php?ida=3&idv=234757-ou-boire-prendre-un-verre-a-djoulgouf	200	text/html
20230710103051	https://promouvoircompetences.com/activite-ville.php?ida=3&idv=250456-ou-boire-prendre-un-verre-a-gane	200	text/html
20250118140219	https://promouvoircompetences.com/activite-ville.php?ida=3&idv=251670-ou-boire-prendre-un-verre-a-wouro-dandi-ii	200	text/html
20250212072612	https://promouvoircompetences.com/activite-ville.php?ida=3&idv=251841-ou-boire-prendre-un-verre-a-ndougour	200	text/html
20220226175538	https://promouvoircompetences.com/activite-ville.php?ida=3&idv=305-ou-boire-prendre-un-verre-a-buea	200	text/html
20250120015004	https://promouvoircompetences.com/activite-ville.php?ida=3&idv=30529-ou-boire-prendre-un-verre-a-mont-kilikousou	200	text/html
20250213034844	https://promouvoircompetences.com/activite-ville.php?ida=3&idv=31238-ou-boire-prendre-un-verre-a-badola	200	text/html
20251015175402	https://promouvoircompetences.com/activite-ville.php?ida=3&idv=4618-ou-boire-prendre-un-verre-a-conakry	200	text/html
20250125095900	https://promouvoircompetences.com/activite-ville.php?ida=3-ou-boire-prendre-un-verre-a	200	text/html
20241203210511	https://promouvoircompetences.com/activite-ville.php?ida=4&idv=102-ou-danser-se-defouler-a-batouri	200	text/html
20251016120544	https://promouvoircompetences.com/activite-ville.php?ida=4&idv=117-ou-danser-se-defouler-a-maroua	200	text/html
20250215235614	https://promouvoircompetences.com/activite-ville.php?ida=4&idv=12939-ou-danser-se-defouler-a-badjel	200	text/html
20250120022508	https://promouvoircompetences.com/activite-ville.php?ida=4&idv=14364-ou-danser-se-defouler-a-patare	200	text/html
20250120030738	https://promouvoircompetences.com/activite-ville.php?ida=4&idv=14472-ou-danser-se-defouler-a-niamabo	200	text/html
20211104055737	https://promouvoircompetences.com/activite-ville.php?ida=4&idv=234757-ou-danser-se-defouler-a-djoulgouf	200	text/html
20230710103043	https://promouvoircompetences.com/activite-ville.php?ida=4&idv=250456-ou-danser-se-defouler-a-gane	200	text/html
20250120034014	https://promouvoircompetences.com/activite-ville.php?ida=4&idv=251670-ou-danser-se-defouler-a-wouro-dandi-ii	200	text/html
20250213020254	https://promouvoircompetences.com/activite-ville.php?ida=4&idv=251766-ou-danser-se-defouler-a-dakatak	200	text/html
20250213034447	https://promouvoircompetences.com/activite-ville.php?ida=4&idv=251883-ou-danser-se-defouler-a-makoumba-iii	200	text/html
20250213021308	https://promouvoircompetences.com/activite-ville.php?ida=4&idv=27579-ou-danser-se-defouler-a-gwakele	200	text/html
20250120014741	https://promouvoircompetences.com/activite-ville.php?ida=4&idv=30529-ou-danser-se-defouler-a-mont-kilikousou	200	text/html
20250710165425	https://promouvoircompetences.com/activite-ville.php?ida=4&l=fr	200	text/html
20251118043818	https://promouvoircompetences.com/activite-ville.php?ida=4&lettre=B&l=fr	200	text/html
20251118030534	https://promouvoircompetences.com/activite-ville.php?ida=4&lettre=G&l=fr	200	text/html
20251208161611	https://promouvoircompetences.com/activite-ville.php?ida=4&lettre=M&l=fr	200	text/html
20250125092311	https://promouvoircompetences.com/activite-ville.php?ida=4-ou-danser-se-defouler-a	200	text/html
20241203205917	https://promouvoircompetences.com/activite-ville.php?ida=5&idv=102-ou-faire-le-marche-a-batouri	200	text/html
20250213224209	https://promouvoircompetences.com/activite-ville.php?ida=5&idv=12939-ou-faire-le-marche-a-badjel	200	text/html
20250215224315	https://promouvoircompetences.com/activite-ville.php?ida=5&idv=12952-ou-faire-le-marche-a-akra-kombo	200	text/html
20250213213653	https://promouvoircompetences.com/activite-ville.php?ida=5&idv=14144-ou-faire-le-marche-a-ndameko	200	text/html
20250215224355	https://promouvoircompetences.com/activite-ville.php?ida=5&idv=14363-ou-faire-le-marche-a-palare	200	text/html
20250118150241	https://promouvoircompetences.com/activite-ville.php?ida=5&idv=14364-ou-faire-le-marche-a-patare	200	text/html
20250118130527	https://promouvoircompetences.com/activite-ville.php?ida=5&idv=14472-ou-faire-le-marche-a-niamabo	200	text/html
20211104055806	https://promouvoircompetences.com/activite-ville.php?ida=5&idv=234757-ou-faire-le-marche-a-djoulgouf	200	text/html
20230710103055	https://promouvoircompetences.com/activite-ville.php?ida=5&idv=250456-ou-faire-le-marche-a-gane	200	text/html
20250120021137	https://promouvoircompetences.com/activite-ville.php?ida=5&idv=251670-ou-faire-le-marche-a-wouro-dandi-ii	200	text/html
20250213225019	https://promouvoircompetences.com/activite-ville.php?ida=5&idv=251858-ou-faire-le-marche-a-winde-ganki	200	text/html
20250213221704	https://promouvoircompetences.com/activite-ville.php?ida=5&idv=251930-ou-faire-le-marche-a-gaigai-koumaire	200	text/html
20250213232834	https://promouvoircompetences.com/activite-ville.php?ida=5&idv=32351-ou-faire-le-marche-a-abang	200	text/html
20251016094711	https://promouvoircompetences.com/activite-ville.php?ida=5&idv=4618-ou-faire-le-marche-a-conakry	200	text/html
20250125092601	https://promouvoircompetences.com/activite-ville.php?ida=5-ou-faire-le-marche-a	200	text/html
20250615215505	https://promouvoircompetences.com/activite-ville.php?ida=6&idv=102-ou-se-former-a-batouri	200	text/html
20250723191231	https://promouvoircompetences.com/activite-ville.php?ida=6&idv=11513-ou-se-former-a-melen-ii	200	text/html
20250804130700	https://promouvoircompetences.com/activite-ville.php?ida=6&idv=117-ou-se-former-a-maroua	200	text/html
20250213031131	https://promouvoircompetences.com/activite-ville.php?ida=6&idv=14144-ou-se-former-a-ndameko	200	text/html
20250118140954	https://promouvoircompetences.com/activite-ville.php?ida=6&idv=14364-ou-se-former-a-patare	200	text/html
20250118144612	https://promouvoircompetences.com/activite-ville.php?ida=6&idv=14472-ou-se-former-a-niamabo	200	text/html
20250724225736	https://promouvoircompetences.com/activite-ville.php?ida=6&idv=171982-ou-se-former-a-assebrokro	200	text/html
20211104051039	https://promouvoircompetences.com/activite-ville.php?ida=6&idv=234757-ou-se-former-a-djoulgouf	200	text/html
20250722194037	https://promouvoircompetences.com/activite-ville.php?ida=6&idv=2367-ou-se-former-a-ankavandra	200	text/html
20230710110053	https://promouvoircompetences.com/activite-ville.php?ida=6&idv=250456-ou-se-former-a-gane	200	text/html
20250120031748	https://promouvoircompetences.com/activite-ville.php?ida=6&idv=251670-ou-se-former-a-wouro-dandi-ii	200	text/html
20250213232054	https://promouvoircompetences.com/activite-ville.php?ida=6&idv=251717-ou-se-former-a-midilma	200	text/html
20250213031802	https://promouvoircompetences.com/activite-ville.php?ida=6&idv=251858-ou-se-former-a-winde-ganki	200	text/html
20250213031408	https://promouvoircompetences.com/activite-ville.php?ida=6&idv=251883-ou-se-former-a-makoumba-iii	200	text/html
20250213033437	https://promouvoircompetences.com/activite-ville.php?ida=6&idv=251930-ou-se-former-a-gaigai-koumaire	200	text/html
20250213222952	https://promouvoircompetences.com/activite-ville.php?ida=6&idv=29366-ou-se-former-a-abidje	200	text/html
20220226175701	https://promouvoircompetences.com/activite-ville.php?ida=6&idv=305-ou-se-former-a-buea	200	text/html
20250118135518	https://promouvoircompetences.com/activite-ville.php?ida=6&idv=30529-ou-se-former-a-mont-kilikousou	200	text/html
20250213023012	https://promouvoircompetences.com/activite-ville.php?ida=6&idv=31238-ou-se-former-a-badola	200	text/html
20251007220128	https://promouvoircompetences.com/activite-ville.php?ida=6&idv=4618-ou-se-former-a-conakry	200	text/html
20250209205237	https://promouvoircompetences.com/activite-ville.php?ida=6&l=fr	200	text/html
20251216152735	https://promouvoircompetences.com/activite-ville.php?ida=6&lettre=C&l=fr	200	text/html
20251216155828	https://promouvoircompetences.com/activite-ville.php?ida=6&lettre=H&l=fr	200	text/html
20251118040407	https://promouvoircompetences.com/activite-ville.php?ida=6&lettre=Z&l=fr	200	text/html
20250125095818	https://promouvoircompetences.com/activite-ville.php?ida=6-ou-se-former-a	200	text/html
20241203201414	https://promouvoircompetences.com/activite-ville.php?ida=7&idv=102-ou-se-soigner-a-batouri	200	text/html
20250615203853	https://promouvoircompetences.com/activite-ville.php?ida=7&idv=117-ou-se-soigner-a-maroua	200	text/html
20250213233116	https://promouvoircompetences.com/activite-ville.php?ida=7&idv=12952-ou-se-soigner-a-akra-kombo	200	text/html
20250213024234	https://promouvoircompetences.com/activite-ville.php?ida=7&idv=13793-ou-se-soigner-a-njimpando	200	text/html
20250213022721	https://promouvoircompetences.com/activite-ville.php?ida=7&idv=14363-ou-se-soigner-a-palare	200	text/html
20250118144928	https://promouvoircompetences.com/activite-ville.php?ida=7&idv=14364-ou-se-soigner-a-patare	200	text/html
20250120033228	https://promouvoircompetences.com/activite-ville.php?ida=7&idv=14472-ou-se-soigner-a-niamabo	200	text/html
20250213031528	https://promouvoircompetences.com/activite-ville.php?ida=7&idv=14595-ou-se-soigner-a-monts-melange	200	text/html
20250216015301	https://promouvoircompetences.com/activite-ville.php?ida=7&idv=185-ou-se-soigner-a-douala	200	text/html
20211031063801	https://promouvoircompetences.com/activite-ville.php?ida=7&idv=234757-ou-se-soigner-a-djoulgouf	200	text/html
20230710104547	https://promouvoircompetences.com/activite-ville.php?ida=7&idv=250456-ou-se-soigner-a-gane	200	text/html
20250120015050	https://promouvoircompetences.com/activite-ville.php?ida=7&idv=251670-ou-se-soigner-a-wouro-dandi-ii	200	text/html
20250213224325	https://promouvoircompetences.com/activite-ville.php?ida=7&idv=251717-ou-se-soigner-a-midilma	200	text/html
20250213225934	https://promouvoircompetences.com/activite-ville.php?ida=7&idv=251858-ou-se-soigner-a-winde-ganki	200	text/html
20250213035358	https://promouvoircompetences.com/activite-ville.php?ida=7&idv=251883-ou-se-soigner-a-makoumba-iii	200	text/html
20220226175527	https://promouvoircompetences.com/activite-ville.php?ida=7&idv=305-ou-se-soigner-a-buea	200	text/html
20250120013519	https://promouvoircompetences.com/activite-ville.php?ida=7&idv=30529-ou-se-soigner-a-mont-kilikousou	200	text/html
20250213032836	https://promouvoircompetences.com/activite-ville.php?ida=7&idv=32351-ou-se-soigner-a-abang	200	text/html
20250213214814	https://promouvoircompetences.com/activite-ville.php?ida=7&idv=32846-ou-se-soigner-a-likoukou	200	text/html
20250804141837	https://promouvoircompetences.com/activite-ville.php?ida=7&l=fr	200	text/html
20250811084309	https://promouvoircompetences.com/activite-ville.php?ida=7&lettre=A&l=fr	200	text/html
20250811073733	https://promouvoircompetences.com/activite-ville.php?ida=7&lettre=C&l=fr	200	text/html
20251208163003	https://promouvoircompetences.com/activite-ville.php?ida=7&lettre=C&l=fr&page=4	200	text/html
20250811084642	https://promouvoircompetences.com/activite-ville.php?ida=7&lettre=F&l=fr	200	text/html
20250811084442	https://promouvoircompetences.com/activite-ville.php?ida=7&lettre=G&l=fr	200	text/html
20250811084313	https://promouvoircompetences.com/activite-ville.php?ida=7&lettre=H&l=fr	200	text/html
20250811074657	https://promouvoircompetences.com/activite-ville.php?ida=7&lettre=I&l=fr	200	text/html
20250811073758	https://promouvoircompetences.com/activite-ville.php?ida=7&lettre=J&l=fr	200	text/html
20250811071943	https://promouvoircompetences.com/activite-ville.php?ida=7&lettre=K&l=fr	200	text/html
20250811084646	https://promouvoircompetences.com/activite-ville.php?ida=7&lettre=M&l=fr	200	text/html
20250811084454	https://promouvoircompetences.com/activite-ville.php?ida=7&lettre=N&l=fr	200	text/html
20250811084330	https://promouvoircompetences.com/activite-ville.php?ida=7&lettre=O&l=fr	200	text/html
20250811074813	https://promouvoircompetences.com/activite-ville.php?ida=7&lettre=P&l=fr	200	text/html
20251012114650	https://promouvoircompetences.com/activite-ville.php?ida=7&lettre=S&l=fr	200	text/html
20250811084506	https://promouvoircompetences.com/activite-ville.php?ida=7&lettre=U&l=fr	200	text/html
20250811084334	https://promouvoircompetences.com/activite-ville.php?ida=7&lettre=V&l=fr	200	text/html
20250811071405	https://promouvoircompetences.com/activite-ville.php?ida=7&l=fr&page=10	200	text/html
20250811071527	https://promouvoircompetences.com/activite-ville.php?ida=7&l=fr&page=2	200	text/html
20250811074029	https://promouvoircompetences.com/activite-ville.php?ida=7&l=fr&page=3	200	text/html
20250811084552	https://promouvoircompetences.com/activite-ville.php?ida=7&l=fr&page=5	200	text/html
20250811072559	https://promouvoircompetences.com/activite-ville.php?ida=7&l=fr&page=7	200	text/html
20250125100441	https://promouvoircompetences.com/activite-ville.php?ida=7-ou-se-soigner-a	200	text/html
20241203204429	https://promouvoircompetences.com/activite-ville.php?ida=8&idv=102-ou-imprimer-des-documents-a-batouri	200	text/html
20241203202955	https://promouvoircompetences.com/activite-ville.php?ida=8&idv=117-ou-imprimer-des-documents-a-maroua	200	text/html
20250213221603	https://promouvoircompetences.com/activite-ville.php?ida=8&idv=12939-ou-imprimer-des-documents-a-badjel	200	text/html
20250213231829	https://promouvoircompetences.com/activite-ville.php?ida=8&idv=12952-ou-imprimer-des-documents-a-akra-kombo	200	text/html
20250213034553	https://promouvoircompetences.com/activite-ville.php?ida=8&idv=13793-ou-imprimer-des-documents-a-njimpando	200	text/html
20250213023513	https://promouvoircompetences.com/activite-ville.php?ida=8&idv=14363-ou-imprimer-des-documents-a-palare	200	text/html
20250120024652	https://promouvoircompetences.com/activite-ville.php?ida=8&idv=14364-ou-imprimer-des-documents-a-patare	200	text/html
20250120020002	https://promouvoircompetences.com/activite-ville.php?ida=8&idv=14472-ou-imprimer-des-documents-a-niamabo	200	text/html
20250213030625	https://promouvoircompetences.com/activite-ville.php?ida=8&idv=14594-ou-imprimer-des-documents-a-nango	200	text/html
20250213220701	https://promouvoircompetences.com/activite-ville.php?ida=8&idv=14705-ou-imprimer-des-documents-a-bien	200	text/html
20211104053619	https://promouvoircompetences.com/activite-ville.php?ida=8&idv=234757-ou-imprimer-des-documents-a-djoulgouf	200	text/html
20230710104559	https://promouvoircompetences.com/activite-ville.php?ida=8&idv=250456-ou-imprimer-des-documents-a-gane	200	text/html
20250120023137	https://promouvoircompetences.com/activite-ville.php?ida=8&idv=251670-ou-imprimer-des-documents-a-wouro-dandi-ii	200	text/html
20250213033923	https://promouvoircompetences.com/activite-ville.php?ida=8&idv=251717-ou-imprimer-des-documents-a-midilma	200	text/html
20250213223314	https://promouvoircompetences.com/activite-ville.php?ida=8&idv=251766-ou-imprimer-des-documents-a-dakatak	200	text/html
20250213224744	https://promouvoircompetences.com/activite-ville.php?ida=8&idv=251883-ou-imprimer-des-documents-a-makoumba-iii	200	text/html
20250213020139	https://promouvoircompetences.com/activite-ville.php?ida=8&idv=27579-ou-imprimer-des-documents-a-gwakele	200	text/html
20250120015434	https://promouvoircompetences.com/activite-ville.php?ida=8&idv=30529-ou-imprimer-des-documents-a-mont-kilikousou	200	text/html
20250213231558	https://promouvoircompetences.com/activite-ville.php?ida=8&idv=31238-ou-imprimer-des-documents-a-badola	200	text/html
20250125082004	https://promouvoircompetences.com/activite-ville.php?ida=8-ou-imprimer-des-documents-a	200	text/html
20241214065718	https://promouvoircompetences.com/activite-ville.php?ida=9&idv=102-specialistes-agriculture-a-batouri	200	text/html
20250714064305	https://promouvoircompetences.com/activite-ville.php?ida=9&idv=117-specialistes-agriculture-a-maroua	200	text/html
20250213022441	https://promouvoircompetences.com/activite-ville.php?ida=9&idv=12939-specialistes-agriculture-a-badjel	200	text/html
20250213230701	https://promouvoircompetences.com/activite-ville.php?ida=9&idv=12952-specialistes-agriculture-a-akra-kombo	200	text/html
20250213220830	https://promouvoircompetences.com/activite-ville.php?ida=9&idv=14363-specialistes-agriculture-a-palare	200	text/html
20250120032527	https://promouvoircompetences.com/activite-ville.php?ida=9&idv=14364-specialistes-agriculture-a-patare	200	text/html
20250120011805	https://promouvoircompetences.com/activite-ville.php?ida=9&idv=14472-specialistes-agriculture-a-niamabo	200	text/html
20250212083359	https://promouvoircompetences.com/activite-ville.php?ida=9&idv=14594-specialistes-agriculture-a-nango	200	text/html
20250213031056	https://promouvoircompetences.com/activite-ville.php?ida=9&idv=14595-specialistes-agriculture-a-monts-melange	200	text/html
20211031063850	https://promouvoircompetences.com/activite-ville.php?ida=9&idv=234757-specialistes-agriculture-a-djoulgouf	200	text/html
20210815031550	https://promouvoircompetences.com/activite-ville.php?ida=9&idv=249865-specialistes-agriculture-a-wouro-bah-barka	200	text/html
20230710103058	https://promouvoircompetences.com/activite-ville.php?ida=9&idv=250456-specialistes-agriculture-a-gane	200	text/html
20250118134227	https://promouvoircompetences.com/activite-ville.php?ida=9&idv=251670-specialistes-agriculture-a-wouro-dandi-ii	200	text/html
20250213215707	https://promouvoircompetences.com/activite-ville.php?ida=9&idv=251766-specialistes-agriculture-a-dakatak	200	text/html
20250212070358	https://promouvoircompetences.com/activite-ville.php?ida=9&idv=251841-specialistes-agriculture-a-ndougour	200	text/html
20250213022520	https://promouvoircompetences.com/activite-ville.php?ida=9&idv=251858-specialistes-agriculture-a-winde-ganki	200	text/html
20250118143750	https://promouvoircompetences.com/activite-ville.php?ida=9&idv=30529-specialistes-agriculture-a-mont-kilikousou	200	text/html
20250213230548	https://promouvoircompetences.com/activite-ville.php?ida=9&idv=31238-specialistes-agriculture-a-badola	200	text/html
20250213232946	https://promouvoircompetences.com/activite-ville.php?ida=9&idv=32846-specialistes-agriculture-a-likoukou	200	text/html
20250125085524	https://promouvoircompetences.com/activite-ville.php?ida=9-specialistes-agriculture-a	200	text/html
20250125085430	https://promouvoircompetences.com/activite-ville.php?idm=1	200	text/html
20250125091156	https://promouvoircompetences.com/activite-ville.php?idm=10	200	text/html
20250125092230	https://promouvoircompetences.com/activite-ville.php?idm=11	200	text/html
20250125093413	https://promouvoircompetences.com/activite-ville.php?idm=12	200	text/html
20250125094133	https://promouvoircompetences.com/activite-ville.php?idm=13	200	text/html
20250125094642	https://promouvoircompetences.com/activite-ville.php?idm=14	200	text/html
20250125095655	https://promouvoircompetences.com/activite-ville.php?idm=15	200	text/html
20250906234158	https://promouvoircompetences.com/activite-ville.php?idm=15&lettre=A&l=fr	200	text/html
20250912184556	https://promouvoircompetences.com/activite-ville.php?idm=15&lettre=B&l=fr	200	text/html
20250912202831	https://promouvoircompetences.com/activite-ville.php?idm=15&lettre=C&l=fr	200	text/html
20250912191717	https://promouvoircompetences.com/activite-ville.php?idm=15&lettre=D&l=fr	200	text/html
20251012114814	https://promouvoircompetences.com/activite-ville.php?idm=15&lettre=E&l=fr	200	text/html
20250912194039	https://promouvoircompetences.com/activite-ville.php?idm=15&lettre=F&l=fr	200	text/html
20250912192810	https://promouvoircompetences.com/activite-ville.php?idm=15&lettre=I&l=fr	200	text/html
20250912190032	https://promouvoircompetences.com/activite-ville.php?idm=15&lettre=L&l=fr	200	text/html
20250912183826	https://promouvoircompetences.com/activite-ville.php?idm=15&lettre=O&l=fr	200	text/html
20250906234119	https://promouvoircompetences.com/activite-ville.php?idm=15&lettre=S&l=fr	200	text/html
20250912184518	https://promouvoircompetences.com/activite-ville.php?idm=15&lettre=T&l=fr	200	text/html
20250912202827	https://promouvoircompetences.com/activite-ville.php?idm=15&lettre=U&l=fr	200	text/html
20250912190332	https://promouvoircompetences.com/activite-ville.php?idm=15&page=2	200	text/html
20250912200043	https://promouvoircompetences.com/activite-ville.php?idm=15&page=3	200	text/html
20250906222844	https://promouvoircompetences.com/activite-ville.php?idm=15&page=4	200	text/html
20250912193613	https://promouvoircompetences.com/activite-ville.php?idm=15&page=5	200	text/html
20250125100522	https://promouvoircompetences.com/activite-ville.php?idm=16	200	text/html
20250125101553	https://promouvoircompetences.com/activite-ville.php?idm=17	200	text/html
20250125102049	https://promouvoircompetences.com/activite-ville.php?idm=18	200	text/html
20250125102735	https://promouvoircompetences.com/activite-ville.php?idm=19	200	text/html
20250125101720	https://promouvoircompetences.com/activite-ville.php?idm=2	200	text/html
20251216152706	https://promouvoircompetences.com/activite-ville.php?idm=2&lettre=B&l=fr	200	text/html
20251118050602	https://promouvoircompetences.com/activite-ville.php?idm=2&lettre=G&l=fr	200	text/html
20251216155819	https://promouvoircompetences.com/activite-ville.php?idm=2&page=2	200	text/html
20250125102332	https://promouvoircompetences.com/activite-ville.php?idm=20	200	text/html
20250125103423	https://promouvoircompetences.com/activite-ville.php?idm=21	200	text/html
20250907170844	https://promouvoircompetences.com/activite-ville.php?idm=21&lettre=C&l=fr	200	text/html
20250125082113	https://promouvoircompetences.com/activite-ville.php?idm=22	200	text/html
20250125083159	https://promouvoircompetences.com/activite-ville.php?idm=23	200	text/html
20251216144641	https://promouvoircompetences.com/activite-ville.php?idm=23&lettre=R&l=fr	200	text/html
20251216153036	https://promouvoircompetences.com/activite-ville.php?idm=23&page=2	200	text/html
20250125084054	https://promouvoircompetences.com/activite-ville.php?idm=24	200	text/html
20250125084757	https://promouvoircompetences.com/activite-ville.php?idm=25	200	text/html
20250125090319	https://promouvoircompetences.com/activite-ville.php?idm=26	200	text/html
20250125091334	https://promouvoircompetences.com/activite-ville.php?idm=27	200	text/html
20250125092354	https://promouvoircompetences.com/activite-ville.php?idm=28	200	text/html
20250125093455	https://promouvoircompetences.com/activite-ville.php?idm=29	200	text/html
20250125091422	https://promouvoircompetences.com/activite-ville.php?idm=3	200	text/html
20250125092809	https://promouvoircompetences.com/activite-ville.php?idm=30	200	text/html
20250125093839	https://promouvoircompetences.com/activite-ville.php?idm=31	200	text/html
20250125094345	https://promouvoircompetences.com/activite-ville.php?idm=32	200	text/html
20250125095251	https://promouvoircompetences.com/activite-ville.php?idm=33	200	text/html
20250125102534	https://promouvoircompetences.com/activite-ville.php?idm=4	200	text/html
20250125093021	https://promouvoircompetences.com/activite-ville.php?idm=5	200	text/html
20250125080624	https://promouvoircompetences.com/activite-ville.php?idm=6	200	text/html
20250125094301	https://promouvoircompetences.com/activite-ville.php?idm=7	200	text/html
20250125083422	https://promouvoircompetences.com/activite-ville.php?idm=8	200	text/html
20250125095455	https://promouvoircompetences.com/activite-ville.php?idm=9	200	text/html
20250805175723	https://promouvoircompetences.com/activite-ville.php?idp=10-djibouti	200	text/html
20250805164901	https://promouvoircompetences.com/activite-ville.php?idp=11-togo	200	text/html
20250805170033	https://promouvoircompetences.com/activite-ville.php?idp=12-gambie	200	text/html
20250805164608	https://promouvoircompetences.com/activite-ville.php?idp=13-ghana	200	text/html
20250805161626	https://promouvoircompetences.com/activite-ville.php?idp=14-guinee	200	text/html
20250805174328	https://promouvoircompetences.com/activite-ville.php?idp=15-guinee-bissau	200	text/html
20250805175826	https://promouvoircompetences.com/activite-ville.php?idp=16-guinee-equatoriale	200	text/html
20250805164739	https://promouvoircompetences.com/activite-ville.php?idp=17-mali	200	text/html
20250805182259	https://promouvoircompetences.com/activite-ville.php?idp=18-mauritanie	200	text/html
20250805174403	https://promouvoircompetences.com/activite-ville.php?idp=19-niger	200	text/html
20250805174002	https://promouvoircompetences.com/activite-ville.php?idp=2-gabon	200	text/html
20250805174234	https://promouvoircompetences.com/activite-ville.php?idp=20-nigeria	200	text/html
20250805172158	https://promouvoircompetences.com/activite-ville.php?idp=21-rdc	200	text/html
20251208164749	https://promouvoircompetences.com/activite-ville.php?idp=21-rdc&page=5	200	text/html
20250805162037	https://promouvoircompetences.com/activite-ville.php?idp=22-rwanda	200	text/html
20251015192539	https://promouvoircompetences.com/activite-ville.php?idp=23-republique-centrafricaine	200	text/html
20250805164244	https://promouvoircompetences.com/activite-ville.php?idp=24-sierra-leone	200	text/html
20250805182311	https://promouvoircompetences.com/activite-ville.php?idp=25-senegal	200	text/html
20250805164807	https://promouvoircompetences.com/activite-ville.php?idp=26-madagascar	200	text/html
20250805165951	https://promouvoircompetences.com/activite-ville.php?idp=27-angola	200	text/html
20250805174134	https://promouvoircompetences.com/activite-ville.php?idp=28-afrique-du-sud	200	text/html
20250805161953	https://promouvoircompetences.com/activite-ville.php?idp=29-algerie	200	text/html
20250805163801	https://promouvoircompetences.com/activite-ville.php?idp=3-tchad	200	text/html
20250805164710	https://promouvoircompetences.com/activite-ville.php?idp=30-botswana	200	text/html
20250805164533	https://promouvoircompetences.com/activite-ville.php?idp=31-comores	200	text/html
20250805163406	https://promouvoircompetences.com/activite-ville.php?idp=32-egypte	200	text/html
20251015190023	https://promouvoircompetences.com/activite-ville.php?idp=33-erythree	200	text/html
20250805163510	https://promouvoircompetences.com/activite-ville.php?idp=34-ethiopie	200	text/html
20250805170818	https://promouvoircompetences.com/activite-ville.php?idp=35-kenya	200	text/html
20250805170930	https://promouvoircompetences.com/activite-ville.php?idp=36-lesotho	200	text/html
20250805171717	https://promouvoircompetences.com/activite-ville.php?idp=37-liberia	200	text/html
20250805171225	https://promouvoircompetences.com/activite-ville.php?idp=38-libye	200	text/html
20250805175808	https://promouvoircompetences.com/activite-ville.php?idp=39-malawi	200	text/html
20250805171614	https://promouvoircompetences.com/activite-ville.php?idp=4-burkina-faso	200	text/html
20250805165052	https://promouvoircompetences.com/activite-ville.php?idp=40-maroc	200	text/html
20250805171041	https://promouvoircompetences.com/activite-ville.php?idp=41-maurice	200	text/html
20250805165218	https://promouvoircompetences.com/activite-ville.php?idp=42-mozambique	200	text/html
20250805173222	https://promouvoircompetences.com/activite-ville.php?idp=43-namibie	200	text/html
20250805171513	https://promouvoircompetences.com/activite-ville.php?idp=44-ouganda	200	text/html
20250805170855	https://promouvoircompetences.com/activite-ville.php?idp=46-seychelles	200	text/html
20250805174345	https://promouvoircompetences.com/activite-ville.php?idp=47-somalie	200	text/html
20250805163439	https://promouvoircompetences.com/activite-ville.php?idp=48-soudan	200	text/html
20251015190045	https://promouvoircompetences.com/activite-ville.php?idp=49-soudan-du-sud	200	text/html
20250805164137	https://promouvoircompetences.com/activite-ville.php?idp=5-burundi	200	text/html
20250805175817	https://promouvoircompetences.com/activite-ville.php?idp=50-eswatini-swaziland	200	text/html
20251118033056	https://promouvoircompetences.com/activite-ville.php?idp=50-eswatini-swaziland&page=324	200	text/html
20251216153145	https://promouvoircompetences.com/activite-ville.php?idp=50-eswatini-swaziland&page=4	200	text/html
20251216145814	https://promouvoircompetences.com/activite-ville.php?idp=50-eswatini-swaziland&page=5	200	text/html
20250805162158	https://promouvoircompetences.com/activite-ville.php?idp=51-tanzanie	200	text/html
20250805163723	https://promouvoircompetences.com/activite-ville.php?idp=52-tunisie	200	text/html
20250805171405	https://promouvoircompetences.com/activite-ville.php?idp=53-zambie	200	text/html
20250805171004	https://promouvoircompetences.com/activite-ville.php?idp=54-zimbabwe	200	text/html
20251119024207	https://promouvoircompetences.com/activite-ville.php?idp=6-benin	200	text/html
20250805170608	https://promouvoircompetences.com/activite-ville.php?idp=7-cap-vert	200	text/html
20250805174252	https://promouvoircompetences.com/activite-ville.php?idp=9-cote-d-ivoire	200	text/html
20250114040140	https://promouvoircompetences.com/activite-ville.php?idv=102-entreprises-automobiles-a-batouri&lettre=A&l=fr	200	text/html
20250114015208	https://promouvoircompetences.com/activite-ville.php?idv=102-entreprises-automobiles-a-batouri&lettre=M&l=fr	200	text/html
20250114032907	https://promouvoircompetences.com/activite-ville.php?idv=102-entreprises-automobiles-a-batouri&lettre=W&l=fr	200	text/html
20250114193322	https://promouvoircompetences.com/activite-ville.php?idv=102-entreprises-sociales-a-batouri&lettre=A&l=fr	200	text/html
20250114204306	https://promouvoircompetences.com/activite-ville.php?idv=102-entreprises-sociales-a-batouri&lettre=C&l=fr	200	text/html
20250114015004	https://promouvoircompetences.com/activite-ville.php?idv=102-entreprises-sociales-a-batouri&lettre=M&l=fr	200	text/html
20250212072318	https://promouvoircompetences.com/activite-ville.php?idv=102-entreprises-sociales-a-batouri&lettre=M&l=fr&page=2	200	text/html
20250114023001	https://promouvoircompetences.com/activite-ville.php?idv=102-entreprises-sociales-a-batouri&lettre=W&l=fr	200	text/html
20250114205058	https://promouvoircompetences.com/activite-ville.php?idv=102-ou-se-former-a-batouri&lettre=A&l=fr	200	text/html
20250114040510	https://promouvoircompetences.com/activite-ville.php?idv=102-ou-se-former-a-batouri&lettre=C&l=fr	200	text/html
20250114040016	https://promouvoircompetences.com/activite-ville.php?idv=102-ou-se-former-a-batouri&lettre=M&l=fr	200	text/html
20250114204351	https://promouvoircompetences.com/activite-ville.php?idv=102-ou-se-former-a-batouri&lettre=W&l=fr	200	text/html
20250120020306	https://promouvoircompetences.com/activite-ville.php?idv=102-ou-trouver-un-notaire-a-batouri&lettre=A&l=fr	200	text/html
20250114041233	https://promouvoircompetences.com/activite-ville.php?idv=102-ou-trouver-un-notaire-a-batouri&lettre=C&l=fr	200	text/html
20250114025439	https://promouvoircompetences.com/activite-ville.php?idv=102-ou-trouver-un-notaire-a-batouri&lettre=M&l=fr	200	text/html
20250120032943	https://promouvoircompetences.com/activite-ville.php?idv=102-ou-trouver-un-notaire-a-batouri&lettre=W&l=fr	200	text/html
20250114020343	https://promouvoircompetences.com/activite-ville.php?idv=117-entreprises-de-l-industrie-agroalimentaire-a-maroua&lettre=A&l=fr	200	text/html
20250114185725	https://promouvoircompetences.com/activite-ville.php?idv=117-entreprises-de-l-industrie-agroalimentaire-a-maroua&lettre=C&l=fr	200	text/html
20250120020346	https://promouvoircompetences.com/activite-ville.php?idv=117-entreprises-de-l-industrie-agroalimentaire-a-maroua&lettre=E&l=fr	200	text/html
20250114035558	https://promouvoircompetences.com/activite-ville.php?idv=117-entreprises-de-l-industrie-agroalimentaire-a-maroua&lettre=F&l=fr	200	text/html
20250114030525	https://promouvoircompetences.com/activite-ville.php?idv=117-entreprises-de-l-industrie-agroalimentaire-a-maroua&lettre=I&l=fr	200	text/html
20250114202807	https://promouvoircompetences.com/activite-ville.php?idv=117-entreprises-de-l-industrie-agroalimentaire-a-maroua&lettre=M&l=fr	200	text/html
20250114193645	https://promouvoircompetences.com/activite-ville.php?idv=117-entreprises-de-l-industrie-agroalimentaire-a-maroua&lettre=P&l=fr	200	text/html
20251118224103	https://promouvoircompetences.com/activite-ville.php?idv=117-entreprises-de-l-industrie-agroalimentaire-a-maroua&lettre=R&l=fr	200	text/html
20250120012837	https://promouvoircompetences.com/activite-ville.php?idv=117-entreprises-de-l-industrie-agroalimentaire-a-maroua&lettre=S&l=fr	200	text/html
20250114022122	https://promouvoircompetences.com/activite-ville.php?idv=117-entreprises-de-l-industrie-agroalimentaire-a-maroua&lettre=U&l=fr	200	text/html
20250114023753	https://promouvoircompetences.com/activite-ville.php?idv=117-entreprises-de-l-industrie-agroalimentaire-a-maroua&lettre=W&l=fr	200	text/html
20250710171224	https://promouvoircompetences.com/activite-ville.php?l=fr	200	text/html
20250623222420	https://promouvoircompetences.com/actualite-1-les-48-concours-lances-par-le-minfopra-en-2025.html	200	text/html
20250623213328	https://promouvoircompetences.com/actualite-10-comment-consulter-les-resultats-ace-et-adc-2025-apres-epreuves-d-entretien-en-cote-d-ivoire.html	200	text/html
20250603024020	https://promouvoircompetences.com/actualite-11-resultats-cepe-2025-cote-d-ivoire-guide-pratique-sur-ou-et-comment-consulter-en-ligne.html	200	text/html
20250602204900	https://promouvoircompetences.com/actualite-12-comment-consulter-les-resultats-du-cepe-2025-en-cote-d-ivoire.html	200	text/html
20250623215743	https://promouvoircompetences.com/actualite-13-def-2025-au-mali-quand-seront-publies-les-resultats.html	200	text/html
20251216141825	https://promouvoircompetences.com/actualite-14-resultats-du-bef-arabe-2025-a-djibouti-consultation-en-ligne.html	200	text/html
20250701192710	https://promouvoircompetences.com/actualite-15-proclamation-des-resultats-du-def-2025-au-mali-ce-17-juin-confirmee-ou-pas.html	200	text/html
20250701185115	https://promouvoircompetences.com/actualite-16-ou-et-comment-consulter-les-resultats-du-cep-2025-au-gabon.html	200	text/html
20250701192001	https://promouvoircompetences.com/actualite-17-statistiques-par-province-des-resultats-du-cep-2025-au-gabon.html	200	text/html
20250701183244	https://promouvoircompetences.com/actualite-18-comment-consulter-les-resultats-du-cepe-2025-a-madagascar.html	200	text/html
20250701195543	https://promouvoircompetences.com/actualite-19-statistiques-d-admission-par-serie-au-1er-tour-du-baccalaureat-2025-au-tchad.html	200	text/html
20250623221515	https://promouvoircompetences.com/actualite-2-concours-enam-2025-2026.html	200	text/html
20250701191202	https://promouvoircompetences.com/actualite-20-consultation-des-resultats-du-cafop-ia-2025-en-cote-d-ivoire.html	200	text/html
20250717211147	https://promouvoircompetences.com/actualite-21-tous-les-resultats-du-bac-2025-au-tchad-1ere-session.html	200	text/html
20251012111021	https://promouvoircompetences.com/actualite-22-les-resultats-du-cep-et-du-fslc-2025-au-cameroun-sortent-quand.html	200	text/html
20250717214614	https://promouvoircompetences.com/actualite-23-calendrier-du-bepc-2025-au-niger.html	200	text/html
20250717220142	https://promouvoircompetences.com/actualite-24-ou-consulter-les-resultats-du-cep-fslc-2025-cameroun.html	200	text/html
20250717221518	https://promouvoircompetences.com/actualite-25-quelle-est-la-date-de-publication-des-resultats-du-cepe-2025-au-congo.html	200	text/html
20250720204039	https://promouvoircompetences.com/actualite-26-cep-2025-au-benin-ou-et-comment-consulter-les-resultats.html	200	text/html
20250717225333	https://promouvoircompetences.com/actualite-27-bepc-2025-a-madagascar-ou-et-comment-consulter-les-resultats.html	200	text/html
20250715135418	https://promouvoircompetences.com/actualite-28-bepc-2025-au-benin-guide-complet-sur-ou-et-comment-consulter-les-resultats.html	200	text/html
20250805171117	https://promouvoircompetences.com/actualite-29-bac-2025-au-benin-ou-et-comment-consulter-les-resultats.html	200	text/html
20250623220422	https://promouvoircompetences.com/actualite-3-tous-les-concours-2025-2026-dans-les-grandes-ecoles-des-universites-d-etat-au-cameroun.html	200	text/html
20250719121925	https://promouvoircompetences.com/actualite-30-cee-2025-guinee-statistiques-des-resultats.html	200	text/html
20250805171644	https://promouvoircompetences.com/actualite-31-les-resultats-des-baccalaureats-technique-et-professionnel-au-congo-sont-connus.html	200	text/html
20250805165829	https://promouvoircompetences.com/actualite-32-statistiques-des-resultats-du-bac-2025-au-niger.html	200	text/html
20250805163150	https://promouvoircompetences.com/actualite-33-comment-consulter-les-resultats-du-bac-2025-au-niger.html	200	text/html
20250805164957	https://promouvoircompetences.com/actualite-34-ou-consulter-les-resultats-du-bac-general-2025-au-congo-brazzaville.html	200	text/html
20250719143427	https://promouvoircompetences.com/actualite-35-def-2025-au-mali-proclamation-des-resultats-ce-17-juillet-2025.html	200	text/html
20250719143528	https://promouvoircompetences.com/actualite-36-bepc-2025-guinee-statistiques-des-resultats.html	200	text/html
20250805163839	https://promouvoircompetences.com/actualite-37-resultats-du-bac-2025-au-mali-aujourd-hui.html	200	text/html
20250805172256	https://promouvoircompetences.com/actualite-38-des-bourses-d-etudes-pour-2025-2026-en-algerie.html	200	text/html
20250805170301	https://promouvoircompetences.com/actualite-39-when-will-be-out-2025-gce-and-tvee-results-in-cameroon.html	200	text/html
20250623213215	https://promouvoircompetences.com/actualite-4-universite-de-chiang-mai-thailande-200-bourses-d-etudes-completement-financees.html	200	text/html
20250805162238	https://promouvoircompetences.com/actualite-40-quel-jour-sortent-les-resultats-du-probatoire-general-2025-au-cameroun.html	200	text/html
20250623220620	https://promouvoircompetences.com/actualite-5-les-resultats-du-concours-d-entree-en-6e-session-2025-au-cameroun-sont-ils-deja-proclames.html	200	text/html
20250623214934	https://promouvoircompetences.com/actualite-6-comment-imprimer-la-convocation-a-l-oral-et-a-l-ecrit-du-bepc-2025-en-cote-d-ivoire.html	200	text/html
20250623223327	https://promouvoircompetences.com/actualite-7-tout-savoir-sur-les-concours-d-entree-2025-dans-les-etablissements-publics-de-formation-professionnelle-en-cote-d-ivoire.html	200	text/html
20250623222627	https://promouvoircompetences.com/actualite-8-prorogation-de-la-date-depot-des-dossiers-de-candidature-a-la-cnela-pour-les-enseignants-chercheurs-et-fonctionnaires-de-letat-en-activite-a-lier-a-linsp-a-lamalan-au-cnts-au-lns-et-au-lne.html	200	text/html
20250623213733	https://promouvoircompetences.com/actualite-9-cap-2025-au-mali-quand-seront-publies-les-resultats.html	200	text/html
20250623211823	https://promouvoircompetences.com/actualites-1-concours.html	200	text/html
20250623211352	https://promouvoircompetences.com/actualites-2-questions.html	200	text/html
20250623223640	https://promouvoircompetences.com/actualites-3-resultats-d-examens.html	200	text/html
20250623213404	https://promouvoircompetences.com/actualites-4-bourses-d-etudes.html	200	text/html
20250623215902	https://promouvoircompetences.com/actualites-5-demarches-administratives.html	200	text/html
20250623210748	https://promouvoircompetences.com/actualites.html	200	text/html
20250907175208	https://promouvoircompetences.com/actualites.php?&page=3	200	text/html
20250913200156	https://promouvoircompetences.com/actualites.php?p=1-cameroun	200	text/html
20251016221236	https://promouvoircompetences.com/actualites.php?p=10-djibouti	200	text/html
20260119091612	https://promouvoircompetences.com/actualites.php?p=12-gambie	200	text/html
20251208171835	https://promouvoircompetences.com/actualites.php?p=13-ghana	200	text/html
20251216222144	https://promouvoircompetences.com/actualites.php?p=14-guinee	200	text/html
20250906035147	https://promouvoircompetences.com/actualites.php?p=15-guinee-bissau	200	text/html
20250907193450	https://promouvoircompetences.com/actualites.php?p=16-guinee-equatoriale	200	text/html
20250906043803	https://promouvoircompetences.com/actualites.php?p=17-mali	200	text/html
20251213193148	https://promouvoircompetences.com/actualites.php?p=18-mauritanie	200	text/html
20250913202519	https://promouvoircompetences.com/actualites.php?p=2-gabon	200	text/html
20250906042834	https://promouvoircompetences.com/actualites.php?p=22-rwanda	200	text/html
20250910060640	https://promouvoircompetences.com/actualites.php?p=25-senegal	200	text/html
20251118040137	https://promouvoircompetences.com/actualites.php?p=26-madagascar	200	text/html
20251208162931	https://promouvoircompetences.com/actualites.php?p=27-angola	200	text/html
20251213195526	https://promouvoircompetences.com/actualites.php?p=28-afrique-du-sud	200	text/html
20251012114234	https://promouvoircompetences.com/actualites.php?p=29-algerie	200	text/html
20251118042647	https://promouvoircompetences.com/actualites.php?p=3-tchad	200	text/html
20250907172620	https://promouvoircompetences.com/actualites.php?p=30-botswana	200	text/html
20251012110200	https://promouvoircompetences.com/actualites.php?p=31-comores	200	text/html
20250910140422	https://promouvoircompetences.com/actualites.php?p=32-egypte	200	text/html
20251216221951	https://promouvoircompetences.com/actualites.php?p=33-erythree	200	text/html
20251208155809	https://promouvoircompetences.com/actualites.php?p=34-ethiopie	200	text/html
20250907190701	https://promouvoircompetences.com/actualites.php?p=35-kenya	200	text/html
20250910135527	https://promouvoircompetences.com/actualites.php?p=37-liberia	200	text/html
20251118215258	https://promouvoircompetences.com/actualites.php?p=38-libye	200	text/html
20250910052354	https://promouvoircompetences.com/actualites.php?p=39-malawi	200	text/html
20251216212359	https://promouvoircompetences.com/actualites.php?p=4-burkina-faso	200	text/html
20250910060546	https://promouvoircompetences.com/actualites.php?p=40-maroc	200	text/html
20251118215947	https://promouvoircompetences.com/actualites.php?p=41-maurice	200	text/html
20250907185743	https://promouvoircompetences.com/actualites.php?p=42-mozambique	200	text/html
20250906032536	https://promouvoircompetences.com/actualites.php?p=43-namibie	200	text/html
20250910142729	https://promouvoircompetences.com/actualites.php?p=44-ouganda	200	text/html
20251016220959	https://promouvoircompetences.com/actualites.php?p=45-sao-tome-et-principe	200	text/html
20250913203259	https://promouvoircompetences.com/actualites.php?p=47-somalie	200	text/html
20251216152806	https://promouvoircompetences.com/actualites.php?p=49-soudan-du-sud	200	text/html
20250907172912	https://promouvoircompetences.com/actualites.php?p=5-burundi	200	text/html
20250907185859	https://promouvoircompetences.com/actualites.php?p=50-eswatini-swaziland	200	text/html
20250910052321	https://promouvoircompetences.com/actualites.php?p=51-tanzanie	200	text/html
20250907193726	https://promouvoircompetences.com/actualites.php?p=52-tunisie	200	text/html
20260119084430	https://promouvoircompetences.com/actualites.php?p=54-zimbabwe	200	text/html
20251208175135	https://promouvoircompetences.com/actualites.php?p=7-cap-vert	200	text/html
20251208171210	https://promouvoircompetences.com/actualites.php?p=8-congo	200	text/html
20251118221629	https://promouvoircompetences.com/actualites.php?p=9-cote-d-ivoire	200	text/html
20230706030636	https://promouvoircompetences.com/ads.txt	200	text/plain
20210228211624	https://promouvoircompetences.com/africauto/	200	text/html
20200929131139	https://promouvoircompetences.com/africauto/index.php	200	text/html
20221004004655	https://promouvoircompetences.com/africauto/index.php?&page=2	200	text/html
20221004000612	https://promouvoircompetences.com/africauto/index.php?&page=3	200	text/html
20221003232445	https://promouvoircompetences.com/africauto/index.php?&page=4	200	text/html
20210301132334	https://promouvoircompetences.com/africauto/index.php?l=fr&page=2	200	text/html
20220525141937	https://promouvoircompetences.com/africauto/index.php?l=fr&page=3	200	text/html
20220817130634	https://promouvoircompetences.com/africauto/index.php?l=fr&page=4	200	text/html
20210301125516	https://promouvoircompetences.com/africauto/?l=en	200	text/html
20220525130320	https://promouvoircompetences.com/africauto/?l=es	200	text/html
20201020061414	https://promouvoircompetences.com/africauto/?l=fr	200	text/html
20200929144335	https://promouvoircompetences.com/aide-fr.html	200	text/html
20250218092439	https://promouvoircompetences.com/aide.php	200	text/html
20250623213657	https://promouvoircompetences.com/ambassades.html	200	text/html
20210517161250	https://promouvoircompetences.com/ambassades.php	200	text/html
20210517163546	https://promouvoircompetences.com/ambassades.php?l=fr	200	text/html
20200930222715	https://promouvoircompetences.com/annuaires-fr.html	200	text/html
20250623222032	https://promouvoircompetences.com/annuaires.html	200	text/html
20250623225332	https://promouvoircompetences.com/annuaires.php	200	text/html
20210228214805	https://promouvoircompetences.com/ao/	200	text/html
20220119211212	https://promouvoircompetences.com/ao/activite-ville.php?ida=1&idv=4956-ou-dormir-a-patrice-lumumba	200	text/html
20250216022754	https://promouvoircompetences.com/ao/activite-ville.php?ida=1-ou-dormir-a	200	text/html
20250210093832	https://promouvoircompetences.com/ao/activite-ville.php?ida=10-banques-et-assurances-a	200	text/html
20220119211225	https://promouvoircompetences.com/ao/activite-ville.php?ida=11&idv=4956-entreprises-automobiles-a-patrice-lumumba	200	text/html
20250114030806	https://promouvoircompetences.com/ao/activite-ville.php?ida=11&l=fr	200	text/html
20250212080208	https://promouvoircompetences.com/ao/activite-ville.php?ida=11-entreprises-automobiles-a	200	text/html
20220119211252	https://promouvoircompetences.com/ao/activite-ville.php?ida=12&idv=4956-ou-trouver-les-specialistes-de-l-art-et-de-l-artisanat-a-patrice-lumumba	200	text/html
20250219141554	https://promouvoircompetences.com/ao/activite-ville.php?ida=12&l=fr	200	text/html
20220119040158	https://promouvoircompetences.com/ao/activite-ville.php?ida=13&idv=4956-ou-trouver-les-professionnels-de-l-habillement-a-patrice-lumumba	200	text/html
20250216013027	https://promouvoircompetences.com/ao/activite-ville.php?ida=13-ou-trouver-les-professionnels-de-l-habillement-a	200	text/html
20250120020224	https://promouvoircompetences.com/ao/activite-ville.php?ida=14&l=fr	200	text/html
20250114041603	https://promouvoircompetences.com/ao/activite-ville.php?ida=17&l=fr	200	text/html
20250210101416	https://promouvoircompetences.com/ao/activite-ville.php?ida=17-entreprises-de-l-industrie-agroalimentaire-a	200	text/html
20250206153216	https://promouvoircompetences.com/ao/activite-ville.php?ida=19&l=fr	200	text/html
20220119211243	https://promouvoircompetences.com/ao/activite-ville.php?ida=2&idv=4956-ou-manger-a-patrice-lumumba	200	text/html
20250216022557	https://promouvoircompetences.com/ao/activite-ville.php?ida=21-entreprises-de-transport-et-logistique-a	200	text/html
20250216031508	https://promouvoircompetences.com/ao/activite-ville.php?ida=22-entreprises-specialisees-dans-le-demenagement-a	200	text/html
20250617163400	https://promouvoircompetences.com/ao/activite-ville.php?ida=25-ou-trouver-des-entreprises-de-transit-maritime-a	200	text/html
20250218090404	https://promouvoircompetences.com/ao/activite-ville.php?ida=26&l=fr	200	text/html
20220119211043	https://promouvoircompetences.com/ao/activite-ville.php?ida=3&idv=4956-ou-boire-prendre-un-verre-a-patrice-lumumba	200	text/html
20220119040223	https://promouvoircompetences.com/ao/activite-ville.php?ida=4&idv=4956-ou-danser-se-defouler-a-patrice-lumumba	200	text/html
20250212074337	https://promouvoircompetences.com/ao/activite-ville.php?ida=4&l=fr	200	text/html
20220119210918	https://promouvoircompetences.com/ao/activite-ville.php?ida=5&idv=4956-ou-faire-le-marche-a-patrice-lumumba	200	text/html
20220119211251	https://promouvoircompetences.com/ao/activite-ville.php?ida=6&idv=4956-ou-se-former-a-patrice-lumumba	200	text/html
20250114041617	https://promouvoircompetences.com/ao/activite-ville.php?ida=6&l=fr	200	text/html
20220119211215	https://promouvoircompetences.com/ao/activite-ville.php?ida=7&idv=4956-ou-se-soigner-a-patrice-lumumba	200	text/html
20250218101906	https://promouvoircompetences.com/ao/activite-ville.php?ida=7&l=fr	200	text/html
20220119040233	https://promouvoircompetences.com/ao/activite-ville.php?ida=9&idv=4956-specialistes-agriculture-a-patrice-lumumba	200	text/html
20250620191050	https://promouvoircompetences.com/ao/activite-ville.php?idm=14	200	text/html
20250216025958	https://promouvoircompetences.com/ao/activite-ville.php?idm=15	200	text/html
20250210095940	https://promouvoircompetences.com/ao/activite-ville.php?idm=2	200	text/html
20250206164324	https://promouvoircompetences.com/ao/activite-ville.php?idm=20	200	text/html
20250714053021	https://promouvoircompetences.com/ao/activite-ville.php?idm=28	200	text/html
20250212072233	https://promouvoircompetences.com/ao/activite-ville.php?idm=30	200	text/html
20250206171344	https://promouvoircompetences.com/ao/activite-ville.php?idm=4	200	text/html
20250209220735	https://promouvoircompetences.com/ao/activite-ville.php?l=fr	200	text/html
20220119211236	https://promouvoircompetences.com/ao/aide.php?l=fr	200	text/html
20250210103241	https://promouvoircompetences.com/ao/ambassades.php	200	text/html
20220119084713	https://promouvoircompetences.com/ao/ambassades.php?l=fr	200	text/html
20201128204226	https://promouvoircompetences.com/ao/angola.php	200	text/html
20220119210856	https://promouvoircompetences.com/ao/angola.php?l=fr	200	text/html
20220119211153	https://promouvoircompetences.com/ao/annuaires.php?l=fr	200	text/html
20220119210902	https://promouvoircompetences.com/ao/bourses.php?id=fr	200	text/html
20220119040244	https://promouvoircompetences.com/ao/centres-formation-pro.php?l=fr	200	text/html
20220119040239	https://promouvoircompetences.com/ao/concours.php?id=fr	200	text/html
20220119210931	https://promouvoircompetences.com/ao/conditions.php?id=3-politique-confidentialite-fr	200	text/html
20220119211249	https://promouvoircompetences.com/ao/contact.php	200	text/html
20220119084620	https://promouvoircompetences.com/ao/contact.php?l=fr	200	text/html
20250615210854	https://promouvoircompetences.com/ao/cookies.php	200	text/html
20250615220739	https://promouvoircompetences.com/ao/cours.php?id=fr	200	text/html
20250620201330	https://promouvoircompetences.com/ao/cours.php?l=fr	200	text/html
20220119084718	https://promouvoircompetences.com/ao/coutumes.php	200	text/html
20250216025918	https://promouvoircompetences.com/ao/cu.php	200	text/html
20220119084657	https://promouvoircompetences.com/ao/departement.php?id=1707-cacuaco&l=fr	200	text/html
20220119084637	https://promouvoircompetences.com/ao/departement.php?id=1708-cazenga&l=fr	200	text/html
20220119210858	https://promouvoircompetences.com/ao/departement.php?id=1709-ingombota	200	text/html
20220119040210	https://promouvoircompetences.com/ao/departement.php?id=1711-maianga&l=fr	200	text/html
20220119211114	https://promouvoircompetences.com/ao/departement.php?id=1712-rangel&l=fr	200	text/html
20220119211107	https://promouvoircompetences.com/ao/departement.php?id=1713-samba&l=fr	200	text/html
20220119040229	https://promouvoircompetences.com/ao/departement.php?id=1715-viana&l=fr	200	text/html
20220119084649	https://promouvoircompetences.com/ao/departements.php	200	text/html
20220119040257	https://promouvoircompetences.com/ao/devenir-correcteur.php?l=fr	200	text/html
20220119211219	https://promouvoircompetences.com/ao/emplois.php	200	text/html
20220119210855	https://promouvoircompetences.com/ao/emplois.php?l=fr	200	text/html
20250620194940	https://promouvoircompetences.com/ao/entreprises.php?l=fr	200	text/html
20220119040241	https://promouvoircompetences.com/ao/epreuves.php?l=fr	200	text/html
20220119084700	https://promouvoircompetences.com/ao/ethnies.php	200	text/html
20220119040202	https://promouvoircompetences.com/ao/ethnies.php?l=fr	200	text/html
20220119211240	https://promouvoircompetences.com/ao/exposition.php?l=fr	200	text/html
20220119040243	https://promouvoircompetences.com/ao/formalites.php?l=fr	200	text/html
20220119211056	https://promouvoircompetences.com/ao/gastronomie.php?l=fr	200	text/html
20220119084647	https://promouvoircompetences.com/ao/groupes-ethniques.php	200	text/html
20220119211221	https://promouvoircompetences.com/ao/groupes-ethniques.php?l=fr	200	text/html
20220119040248	https://promouvoircompetences.com/ao/inscription.php	200	text/html
20220119040215	https://promouvoircompetences.com/ao/langues.php	200	text/html
20230711184731	https://promouvoircompetences.com/ao/langues.php?l=fr	200	text/html
20220119210913	https://promouvoircompetences.com/ao/libre-parole.php?l=fr	200	text/html
20220119215905	https://promouvoircompetences.com/ao/login.php	200	text/html
20220119211156	https://promouvoircompetences.com/ao/market.php?l=fr	200	text/html
20220119211205	https://promouvoircompetences.com/ao/metiers.php?l=fr	200	text/html
20220119084659	https://promouvoircompetences.com/ao/micro-entreprises.php?l=fr	200	text/html
20220119210901	https://promouvoircompetences.com/ao/pme.php?l=fr	200	text/html
20220119084629	https://promouvoircompetences.com/ao/premium-infos.php?l=fr	200	text/html
20220119040231	https://promouvoircompetences.com/ao/proposercours.php?l=fr	200	text/html
20250210095422	https://promouvoircompetences.com/ao/publicite.php?l=fr	200	text/html
20250210102034	https://promouvoircompetences.com/ao/question.php?id=355-a-quand-les-resultats-du-cap-et-bt-2024-au-mali	200	text/html
20250216031355	https://promouvoircompetences.com/ao/question.php?id=358-ou-avoir-les-resultats-des-concours-d-entree-aux-enieg-et-eniet-au-cameroun	200	text/html
20250216022436	https://promouvoircompetences.com/ao/question.php?id=361-quelles-sont-les-etapes-d-inscriptions-au-bepc-et-au-baccalaureat-2025-en-cote-d-ivoire	200	text/html
20250620190745	https://promouvoircompetences.com/ao/question.php?id=366-quelles-sont-les-dates-des-visites-medicales-aux-concours-eso-au-mali-fevrier-2025	200	text/html
20220119210933	https://promouvoircompetences.com/ao/question.php?id=69-how-to-register-online-for-the-2021-police-examination-in-cameroon	200	text/html
20220119211110	https://promouvoircompetences.com/ao/question.php?id=70-comment-faire-un-extrait-de-casier-judiciaire-bulletin-n-3-au-cameroun	200	text/html
20220119040155	https://promouvoircompetences.com/ao/question.php?id=71-est-ce-que-la-date-limite-de-depot-de-dossiers-aux-concours-de-la-police-au-cameroun-a-ete-prorogee	200	text/html
20220119211147	https://promouvoircompetences.com/ao/question.php?id=72-avez-vous-les-resultats-du-concours-de-l-injs-2021-au-mali	200	text/html
20220119040217	https://promouvoircompetences.com/ao/question.php?id=74-ou-consulter-les-listes-des-candidats-admis-aux-visites-medicales-au-concours-de-la-gendarmerie-camerounaise-2021-2022	200	text/html
20220119084617	https://promouvoircompetences.com/ao/question.php?id=77-pourquoi-je-rencontre-des-problemes-de-connexion-avec-camtel-depuis-quelques-temps	200	text/html
20220119211119	https://promouvoircompetences.com/ao/questions.php?l=fr	200	text/html
20220119211200	https://promouvoircompetences.com/ao/region.php?id=306-bie&l=fr	200	text/html
20220119040208	https://promouvoircompetences.com/ao/region.php?id=307-cabinda&l=fr	200	text/html
20220119084705	https://promouvoircompetences.com/ao/region.php?id=308-cuando-cubango&l=fr	200	text/html
20220119040237	https://promouvoircompetences.com/ao/region.php?id=309-cuanza-norte&l=fr	200	text/html
20220119211228	https://promouvoircompetences.com/ao/region.php?id=311-cunene&l=fr	200	text/html
20220119211241	https://promouvoircompetences.com/ao/region.php?id=314-luanda	200	text/html
20220119084707	https://promouvoircompetences.com/ao/region.php?id=314-luanda&l=fr	200	text/html
20220119211217	https://promouvoircompetences.com/ao/region.php?id=316-lunda-sul&l=fr	200	text/html
20220119211245	https://promouvoircompetences.com/ao/region.php?id=317-malanje&l=fr	200	text/html
20220119211238	https://promouvoircompetences.com/ao/region.php?id=318-moxico&l=fr	200	text/html
20220119211223	https://promouvoircompetences.com/ao/region.php?id=319-namibe&l=fr	200	text/html
20220119211230	https://promouvoircompetences.com/ao/region.php?id=320-uige&l=fr	200	text/html
20220119040156	https://promouvoircompetences.com/ao/regions.php	200	text/html
20220119084622	https://promouvoircompetences.com/ao/regions.php?l=fr	200	text/html
20220119210924	https://promouvoircompetences.com/ao/resultats-examens.php?id=fr	200	text/html
20220119084631	https://promouvoircompetences.com/ao/resultats-examens.php?l=fr	200	text/html
20220119084710	https://promouvoircompetences.com/ao/rubrique.php?id=1-generalites	200	text/html
20250216010306	https://promouvoircompetences.com/ao/rubrique.php?id=2-avantages-d-avoir-un-compte	200	text/html
20220119210929	https://promouvoircompetences.com/ao/rubrique.php?id=4-proposer-un-cours	200	text/html
20220119084720	https://promouvoircompetences.com/ao/rubrique.php?id=5-offres-d-emplois	200	text/html
20220119040246	https://promouvoircompetences.com/ao/rubrique.php?id=7-resultats-examens-et-concours	200	text/html
20220119210912	https://promouvoircompetences.com/ao/rubrique.php?id=9-correction-d-epreuves-d-examens-et-concours	200	text/html
20250620202108	https://promouvoircompetences.com/ao/sites-touristiques.php	200	text/html
20220119040249	https://promouvoircompetences.com/ao/sites-touristiques.php?l=fr	200	text/html
20220119084652	https://promouvoircompetences.com/ao/symboles.php?id=1-devise-nationale-angola	200	text/html
20220119084635	https://promouvoircompetences.com/ao/symboles.php?id=2-hymne-national-angola	200	text/html
20220119040228	https://promouvoircompetences.com/ao/symboles.php?id=3-drapeau-angola	200	text/html
20220119084715	https://promouvoircompetences.com/ao/symboles.php?id=4-armoiries-angola	200	text/html
20220119040207	https://promouvoircompetences.com/ao/symboles.php?id=5-gouvernement-angola	200	text/html
20220119084702	https://promouvoircompetences.com/ao/symboles.php?id=6-assemblee-nationale-angola	200	text/html
20220119040235	https://promouvoircompetences.com/ao/symboles.php?id=7-presidents-angola	200	text/html
20220119210922	https://promouvoircompetences.com/ao/tge.php?l=fr	200	text/html
20250617170911	https://promouvoircompetences.com/ao/tribus.php?l=fr	200	text/html
20220119211232	https://promouvoircompetences.com/ao/videos.php	200	text/html
20220119084650	https://promouvoircompetences.com/ao/ville.php?id=4953-ingombota	200	text/html
20220119040225	https://promouvoircompetences.com/ao/ville.php?id=4954-kinanga	200	text/html
20220119024400	https://promouvoircompetences.com/ao/ville.php?id=4956-patrice-lumumba	200	text/html
20220119040159	https://promouvoircompetences.com/ao/ville.php?id=4957-kilamba-kiaxi	200	text/html
20220119210915	https://promouvoircompetences.com/ao/villes.php	200	text/html
20220119210920	https://promouvoircompetences.com/ao/villes.php?l=fr	200	text/html
20220119211235	https://promouvoircompetences.com/ao/?l=en	200	text/html
20220119084623	https://promouvoircompetences.com/ao/?l=es	200	text/html
20230706030707	https://promouvoircompetences.com/app-ads.txt	200	text/plain
20230323003645	https://promouvoircompetences.com/article.php?id=1-ou-va-t-on-apres-la-mort	200	text/html
20230323023303	https://promouvoircompetences.com/article.php?id=2-est-ce-que-la-vie-cest-la-chance	200	text/html
20230323012818	https://promouvoircompetences.com/article.php?id=3-quels-sont-les-billets-de-banque-beac-qui-ne-sont-plus-valables	200	text/html
20231210235228	https://promouvoircompetences.com/article.php?id=4-quand-l-anormal-devient-normal	200	text/html
20231210231622	https://promouvoircompetences.com/article.php?id=5-trouver-un-emploi-est-il-devenu-un-veritable-serpent-de-mer	200	text/html
20260610125927	https://promouvoircompetences.com/avis-1-2-k-daikin.html	200	text/html
20260610123314	https://promouvoircompetences.com/avis-12324-2at-solutions.html	200	text/html
20260610122359	https://promouvoircompetences.com/avis-12618-1-2-3-pizza.html	200	text/html
20260610115522	https://promouvoircompetences.com/avis-12790-25eme-heure.html	200	text/html
20250912185926	https://promouvoircompetences.com/avis-12972-societe-des-mines-de-komana-smk-sa.html	200	text/html
20260610125820	https://promouvoircompetences.com/avis-1655-2cg-cameroon-consulting-group-sarl.html	200	text/html
20260610131544	https://promouvoircompetences.com/avis-2109-2im.html	200	text/html
20251109102736	https://promouvoircompetences.com/avis-229-cefop-hotellerie-restauration.html	200	text/html
20250804215225	https://promouvoircompetences.com/avis-2331-ong-japsso-jeunesse-active-pour-la-lutte-contre-la-pauvrete-le-vih-sida-et-ses-souffrances.html	200	text/html
20251109103930	https://promouvoircompetences.com/avis-2360-aire-dh.html	200	text/html
20251109092251	https://promouvoircompetences.com/avis-2497-eneo-cameroon-sa-mbalmayo.html	200	text/html
20260610120457	https://promouvoircompetences.com/avis-3147-2-a-e.html	200	text/html
20260610121558	https://promouvoircompetences.com/avis-4489-2af-consulting-rd-sarl.html	200	text/html
20260610125554	https://promouvoircompetences.com/avis-4995-1fluence-sarlu.html	200	text/html
20260610123537	https://promouvoircompetences.com/avis-6258-21-century-professional-solutions-drc-sarl.html	200	text/html
20260610122041	https://promouvoircompetences.com/avis-6905-2a-t-espoir-sarl.html	200	text/html
20260610113314	https://promouvoircompetences.com/avis-8204-uba.html	200	text/html
20260610125802	https://promouvoircompetences.com/avis-8217-2a-construction.html	200	text/html
20260610124112	https://promouvoircompetences.com/avis-8422-e-t-c.html	200	text/html
20260610125511	https://promouvoircompetences.com/avis-9191-2-ame-business.html	200	text/html
20250623213544	https://promouvoircompetences.com/avis.html	200	text/html
20221128192523	https://promouvoircompetences.com/avis.php	200	text/html
20260610124453	https://promouvoircompetences.com/avis.php?&page=3	200	text/html
20260610123818	https://promouvoircompetences.com/avis.php?&page=4	200	text/html
20260610123245	https://promouvoircompetences.com/avis.php?&page=5	200	text/html
20260610122433	https://promouvoircompetences.com/avis.php?&page=6	200	text/html
20251109095659	https://promouvoircompetences.com/avis.php?&page=7	200	text/html
20260610125533	https://promouvoircompetences.com/avis.php?&page=870	200	text/html
20250117002303	https://promouvoircompetences.com/avis.php?id=12910-renfort-action-s-a-r-l-garoua	200	text/html
20250117010805	https://promouvoircompetences.com/avis.php?id=13026-giz-batouri-cameroun	200	text/html
20250215231828	https://promouvoircompetences.com/avis.php?id=13027-societe-africaine-de-saveurs-sas-douala	200	text/html
20250117020551	https://promouvoircompetences.com/avis.php?id=1479-world-food-programme-batouri	200	text/html
20250215235649	https://promouvoircompetences.com/avis.php?id=1673-action-contre-la-faim-maroua-cameroun	200	text/html
20251118223139	https://promouvoircompetences.com/avis.php?id=1689-centre-de-vaccinations-internationales-maroua	200	text/html
20250118143316	https://promouvoircompetences.com/avis.php?id=1938-clean-energy-services-sarl	200	text/html
20210920222118	https://promouvoircompetences.com/avis.php?id=229-cefop-hotellerie-restauration	200	text/html
20221128183141	https://promouvoircompetences.com/avis.php?id=2399-aire-dh-canada	200	text/html
20210920233957	https://promouvoircompetences.com/avis.php?id=2497-eneo-cameroon-sa-mbalmayo	200	text/html
20210920230624	https://promouvoircompetences.com/avis.php?id=43-ifp-chec-institut-de-formation-professionnelle-des-ets-centre-d-habillement-et-d-equipement-cameroun	200	text/html
20210731194637	https://promouvoircompetences.com/avis.php?l=fr	200	text/html
20200929143626	https://promouvoircompetences.com/bf/	200	text/html
20250114035641	https://promouvoircompetences.com/bf/activite-ville.php?ida=11&l=fr	200	text/html
20250219150453	https://promouvoircompetences.com/bf/activite-ville.php?ida=12&l=fr	200	text/html
20250114031519	https://promouvoircompetences.com/bf/activite-ville.php?ida=14&l=fr	200	text/html
20250120014441	https://promouvoircompetences.com/bf/activite-ville.php?ida=15&l=fr	200	text/html
20250114023959	https://promouvoircompetences.com/bf/activite-ville.php?ida=17&l=fr	200	text/html
20250212082611	https://promouvoircompetences.com/bf/activite-ville.php?ida=25&l=fr	200	text/html
20250218094934	https://promouvoircompetences.com/bf/activite-ville.php?ida=26&l=fr	200	text/html
20250210104340	https://promouvoircompetences.com/bf/activite-ville.php?ida=4&l=fr	200	text/html
20250114192258	https://promouvoircompetences.com/bf/activite-ville.php?ida=6&l=fr	200	text/html
20250218084653	https://promouvoircompetences.com/bf/activite-ville.php?ida=7&l=fr	200	text/html
20250209204258	https://promouvoircompetences.com/bf/activite-ville.php?l=fr	200	text/html
20201128193710	https://promouvoircompetences.com/bf/burkina.php	200	text/html
20230711183341	https://promouvoircompetences.com/bf/langues.php?l=fr	200	text/html
20241221194613	https://promouvoircompetences.com/bf/result.php?id=8980-resultats-des-admissibilites-au-recrutement-de-40-eleves-controleurs-des-eaux-et-forets-session-de-2021-burkina-faso	200	text/html
20241221205116	https://promouvoircompetences.com/bf/resultats-examens.php	200	text/html
20200929125011	https://promouvoircompetences.com/bi/	200	text/html
20250120015136	https://promouvoircompetences.com/bi/activite-ville.php?ida=11&l=fr	200	text/html
20250219155416	https://promouvoircompetences.com/bi/activite-ville.php?ida=12&l=fr	200	text/html
20250114040830	https://promouvoircompetences.com/bi/activite-ville.php?ida=14&l=fr	200	text/html
20250114030704	https://promouvoircompetences.com/bi/activite-ville.php?ida=15&l=fr	200	text/html
20250114033141	https://promouvoircompetences.com/bi/activite-ville.php?ida=17&l=fr	200	text/html
20250216014742	https://promouvoircompetences.com/bi/activite-ville.php?ida=25&l=fr	200	text/html
20250617163449	https://promouvoircompetences.com/bi/activite-ville.php?ida=4&l=fr	200	text/html
20250114201824	https://promouvoircompetences.com/bi/activite-ville.php?ida=6&l=fr	200	text/html
20250218094529	https://promouvoircompetences.com/bi/activite-ville.php?ida=7&l=fr	200	text/html
20250209212751	https://promouvoircompetences.com/bi/activite-ville.php?l=fr	200	text/html
20201128195131	https://promouvoircompetences.com/bi/burundi.php	200	text/html
20250714063602	https://promouvoircompetences.com/bi/gastronomie.php?l=fr	200	text/html
20230711184834	https://promouvoircompetences.com/bi/langues.php?l=fr	200	text/html
20200929140353	https://promouvoircompetences.com/bj/	200	text/html
20210812120039	https://promouvoircompetences.com/bj/activite-ville.php?ida=1&idv=138229-ou-dormir-a-dokparou	200	text/html
20210905132950	https://promouvoircompetences.com/bj/activite-ville.php?ida=1&idv=138255-ou-dormir-a-donga	200	text/html
20230207110611	https://promouvoircompetences.com/bj/activite-ville.php?ida=1&idv=138363-ou-dormir-a-ewe	200	text/html
20240206131240	https://promouvoircompetences.com/bj/activite-ville.php?ida=1&idv=138534-ou-dormir-a-gando-gourou	200	text/html
20210818165605	https://promouvoircompetences.com/bj/activite-ville.php?ida=1&idv=138556-ou-dormir-a-ganou	200	text/html
20240203122237	https://promouvoircompetences.com/bj/activite-ville.php?ida=1&idv=138576-ou-dormir-a-gassagadi	200	text/html
20240205092326	https://promouvoircompetences.com/bj/activite-ville.php?ida=10&idv=137515-banques-et-assurances-a-betel	200	text/html
20210812120356	https://promouvoircompetences.com/bj/activite-ville.php?ida=10&idv=138229-banques-et-assurances-a-dokparou	200	text/html
20210905135519	https://promouvoircompetences.com/bj/activite-ville.php?ida=10&idv=138255-banques-et-assurances-a-donga	200	text/html
20230207110443	https://promouvoircompetences.com/bj/activite-ville.php?ida=10&idv=138363-banques-et-assurances-a-ewe	200	text/html
20210818165741	https://promouvoircompetences.com/bj/activite-ville.php?ida=10&idv=138556-banques-et-assurances-a-ganou	200	text/html
20240203122235	https://promouvoircompetences.com/bj/activite-ville.php?ida=10&idv=138576-banques-et-assurances-a-gassagadi	200	text/html
20240205092340	https://promouvoircompetences.com/bj/activite-ville.php?ida=11&idv=137515-entreprises-automobiles-a-betel	200	text/html
20210812120405	https://promouvoircompetences.com/bj/activite-ville.php?ida=11&idv=138229-entreprises-automobiles-a-dokparou	200	text/html
20210905132751	https://promouvoircompetences.com/bj/activite-ville.php?ida=11&idv=138255-entreprises-automobiles-a-donga	200	text/html
20230207110452	https://promouvoircompetences.com/bj/activite-ville.php?ida=11&idv=138363-entreprises-automobiles-a-ewe	200	text/html
20210818162903	https://promouvoircompetences.com/bj/activite-ville.php?ida=11&idv=138556-entreprises-automobiles-a-ganou	200	text/html
20240203122530	https://promouvoircompetences.com/bj/activite-ville.php?ida=11&idv=138576-entreprises-automobiles-a-gassagadi	200	text/html
20250114032642	https://promouvoircompetences.com/bj/activite-ville.php?ida=11&l=fr	200	text/html
20240205092438	https://promouvoircompetences.com/bj/activite-ville.php?ida=12&idv=137515-ou-trouver-les-specialistes-de-l-art-et-de-l-artisanat-a-betel	200	text/html
20210812120311	https://promouvoircompetences.com/bj/activite-ville.php?ida=12&idv=138229-ou-trouver-les-specialistes-de-l-art-et-de-l-artisanat-a-dokparou	200	text/html
20210905135402	https://promouvoircompetences.com/bj/activite-ville.php?ida=12&idv=138255-ou-trouver-les-specialistes-de-l-art-et-de-l-artisanat-a-donga	200	text/html
20230207110451	https://promouvoircompetences.com/bj/activite-ville.php?ida=12&idv=138363-ou-trouver-les-specialistes-de-l-art-et-de-l-artisanat-a-ewe	200	text/html
20210818170613	https://promouvoircompetences.com/bj/activite-ville.php?ida=12&idv=138556-ou-trouver-les-specialistes-de-l-art-et-de-l-artisanat-a-ganou	200	text/html
20240203122231	https://promouvoircompetences.com/bj/activite-ville.php?ida=12&idv=138576-ou-trouver-les-specialistes-de-l-art-et-de-l-artisanat-a-gassagadi	200	text/html
20250219143731	https://promouvoircompetences.com/bj/activite-ville.php?ida=12&l=fr	200	text/html
20240205092243	https://promouvoircompetences.com/bj/activite-ville.php?ida=13&idv=137515-ou-trouver-les-professionnels-de-l-habillement-a-betel	200	text/html
20210812115731	https://promouvoircompetences.com/bj/activite-ville.php?ida=13&idv=138229-ou-trouver-les-professionnels-de-l-habillement-a-dokparou	200	text/html
20210905135403	https://promouvoircompetences.com/bj/activite-ville.php?ida=13&idv=138255-ou-trouver-les-professionnels-de-l-habillement-a-donga	200	text/html
20230207110613	https://promouvoircompetences.com/bj/activite-ville.php?ida=13&idv=138363-ou-trouver-les-professionnels-de-l-habillement-a-ewe	200	text/html
20210818165623	https://promouvoircompetences.com/bj/activite-ville.php?ida=13&idv=138556-ou-trouver-les-professionnels-de-l-habillement-a-ganou	200	text/html
20240203122541	https://promouvoircompetences.com/bj/activite-ville.php?ida=13&idv=138576-ou-trouver-les-professionnels-de-l-habillement-a-gassagadi	200	text/html
20240205092348	https://promouvoircompetences.com/bj/activite-ville.php?ida=14&idv=137515-entreprises-sociales-a-betel	200	text/html
20230207110505	https://promouvoircompetences.com/bj/activite-ville.php?ida=14&idv=138363-entreprises-sociales-a-ewe	200	text/html
20240203122239	https://promouvoircompetences.com/bj/activite-ville.php?ida=14&idv=138576-entreprises-sociales-a-gassagadi	200	text/html
20250114193521	https://promouvoircompetences.com/bj/activite-ville.php?ida=14&l=fr	200	text/html
20240205092242	https://promouvoircompetences.com/bj/activite-ville.php?ida=15&idv=137515-ou-trouver-un-notaire-a-betel	200	text/html
20230207110446	https://promouvoircompetences.com/bj/activite-ville.php?ida=15&idv=138363-ou-trouver-un-notaire-a-ewe	200	text/html
20240203122237	https://promouvoircompetences.com/bj/activite-ville.php?ida=15&idv=138576-ou-trouver-un-notaire-a-gassagadi	200	text/html
20240205092234	https://promouvoircompetences.com/bj/activite-ville.php?ida=16&idv=137515-ou-aller-a-l-ecole-a-betel	200	text/html
20230207110442	https://promouvoircompetences.com/bj/activite-ville.php?ida=16&idv=138363-ou-aller-a-l-ecole-a-ewe	200	text/html
20240206131204	https://promouvoircompetences.com/bj/activite-ville.php?ida=16&idv=138534-ou-aller-a-l-ecole-a-gando-gourou	200	text/html
20240203122453	https://promouvoircompetences.com/bj/activite-ville.php?ida=16&idv=138576-ou-aller-a-l-ecole-a-gassagadi	200	text/html
20240205092408	https://promouvoircompetences.com/bj/activite-ville.php?ida=17&idv=137515-entreprises-de-l-industrie-agroalimentaire-a-betel	200	text/html
20230207152047	https://promouvoircompetences.com/bj/activite-ville.php?ida=17&idv=138363-entreprises-de-l-industrie-agroalimentaire-a-ewe	200	text/html
20240206131159	https://promouvoircompetences.com/bj/activite-ville.php?ida=17&idv=138534-entreprises-de-l-industrie-agroalimentaire-a-gando-gourou	200	text/html
20240203122238	https://promouvoircompetences.com/bj/activite-ville.php?ida=17&idv=138576-entreprises-de-l-industrie-agroalimentaire-a-gassagadi	200	text/html
20250114021210	https://promouvoircompetences.com/bj/activite-ville.php?ida=17&l=fr	200	text/html
20240205092238	https://promouvoircompetences.com/bj/activite-ville.php?ida=18&idv=137515-entreprises-du-batiment-a-betel	200	text/html
20230207110547	https://promouvoircompetences.com/bj/activite-ville.php?ida=18&idv=138363-entreprises-du-batiment-a-ewe	200	text/html
20240206131203	https://promouvoircompetences.com/bj/activite-ville.php?ida=18&idv=138534-entreprises-du-batiment-a-gando-gourou	200	text/html
20240203122242	https://promouvoircompetences.com/bj/activite-ville.php?ida=18&idv=138576-entreprises-du-batiment-a-gassagadi	200	text/html
20240205092620	https://promouvoircompetences.com/bj/activite-ville.php?ida=19&idv=137515-entreprises-d-ingenierie-a-betel	200	text/html
20230207110530	https://promouvoircompetences.com/bj/activite-ville.php?ida=19&idv=138363-entreprises-d-ingenierie-a-ewe	200	text/html
20240206131200	https://promouvoircompetences.com/bj/activite-ville.php?ida=19&idv=138534-entreprises-d-ingenierie-a-gando-gourou	200	text/html
20240203122236	https://promouvoircompetences.com/bj/activite-ville.php?ida=19&idv=138576-entreprises-d-ingenierie-a-gassagadi	200	text/html
20240205092247	https://promouvoircompetences.com/bj/activite-ville.php?ida=2&idv=137515-ou-manger-a-betel	200	text/html
20210812120244	https://promouvoircompetences.com/bj/activite-ville.php?ida=2&idv=138229-ou-manger-a-dokparou	200	text/html
20210905135630	https://promouvoircompetences.com/bj/activite-ville.php?ida=2&idv=138255-ou-manger-a-donga	200	text/html
20230207110502	https://promouvoircompetences.com/bj/activite-ville.php?ida=2&idv=138363-ou-manger-a-ewe	200	text/html
20240206131203	https://promouvoircompetences.com/bj/activite-ville.php?ida=2&idv=138534-ou-manger-a-gando-gourou	200	text/html
20210818170657	https://promouvoircompetences.com/bj/activite-ville.php?ida=2&idv=138556-ou-manger-a-ganou	200	text/html
20240203122241	https://promouvoircompetences.com/bj/activite-ville.php?ida=2&idv=138576-ou-manger-a-gassagadi	200	text/html
20240205092628	https://promouvoircompetences.com/bj/activite-ville.php?ida=20&idv=137515-entreprises-de-ressources-humaines-betel	200	text/html
20230207110607	https://promouvoircompetences.com/bj/activite-ville.php?ida=20&idv=138363-entreprises-de-ressources-humaines-ewe	200	text/html
20240206131201	https://promouvoircompetences.com/bj/activite-ville.php?ida=20&idv=138534-entreprises-de-ressources-humaines-gando-gourou	200	text/html
20240203122239	https://promouvoircompetences.com/bj/activite-ville.php?ida=20&idv=138576-entreprises-de-ressources-humaines-gassagadi	200	text/html
20240205092248	https://promouvoircompetences.com/bj/activite-ville.php?ida=21&idv=137515-entreprises-de-transport-et-logistique-a-betel	200	text/html
20230207110513	https://promouvoircompetences.com/bj/activite-ville.php?ida=21&idv=138363-entreprises-de-transport-et-logistique-a-ewe	200	text/html
20240206131240	https://promouvoircompetences.com/bj/activite-ville.php?ida=21&idv=138534-entreprises-de-transport-et-logistique-a-gando-gourou	200	text/html
20240203122312	https://promouvoircompetences.com/bj/activite-ville.php?ida=21&idv=138576-entreprises-de-transport-et-logistique-a-gassagadi	200	text/html
20240205092634	https://promouvoircompetences.com/bj/activite-ville.php?ida=22&idv=137515-entreprises-specialisees-dans-le-demenagement-a-betel	200	text/html
20230207110500	https://promouvoircompetences.com/bj/activite-ville.php?ida=22&idv=138363-entreprises-specialisees-dans-le-demenagement-a-ewe	200	text/html
20240206131246	https://promouvoircompetences.com/bj/activite-ville.php?ida=22&idv=138534-entreprises-specialisees-dans-le-demenagement-a-gando-gourou	200	text/html
20240203122548	https://promouvoircompetences.com/bj/activite-ville.php?ida=22&idv=138576-entreprises-specialisees-dans-le-demenagement-a-gassagadi	200	text/html
20240205092233	https://promouvoircompetences.com/bj/activite-ville.php?ida=23&idv=137515-ou-trouver-les-entreprises-d-import-export-a-betel	200	text/html
20230207110451	https://promouvoircompetences.com/bj/activite-ville.php?ida=23&idv=138363-ou-trouver-les-entreprises-d-import-export-a-ewe	200	text/html
20240206131202	https://promouvoircompetences.com/bj/activite-ville.php?ida=23&idv=138534-ou-trouver-les-entreprises-d-import-export-a-gando-gourou	200	text/html
20240203122240	https://promouvoircompetences.com/bj/activite-ville.php?ida=23&idv=138576-ou-trouver-les-entreprises-d-import-export-a-gassagadi	200	text/html
20240205092234	https://promouvoircompetences.com/bj/activite-ville.php?ida=24&idv=137515-ou-trouver-des-entreprises-de-services-aux-entreprises-a-betel	200	text/html
20230207110452	https://promouvoircompetences.com/bj/activite-ville.php?ida=24&idv=138363-ou-trouver-des-entreprises-de-services-aux-entreprises-a-ewe	200	text/html
20240206131159	https://promouvoircompetences.com/bj/activite-ville.php?ida=24&idv=138534-ou-trouver-des-entreprises-de-services-aux-entreprises-a-gando-gourou	200	text/html
20240203122320	https://promouvoircompetences.com/bj/activite-ville.php?ida=24&idv=138576-ou-trouver-des-entreprises-de-services-aux-entreprises-a-gassagadi	200	text/html
20250206152649	https://promouvoircompetences.com/bj/activite-ville.php?ida=24&l=fr	200	text/html
20240205092249	https://promouvoircompetences.com/bj/activite-ville.php?ida=25&idv=137515-ou-trouver-des-entreprises-de-transit-maritime-a-betel	200	text/html
20230207110526	https://promouvoircompetences.com/bj/activite-ville.php?ida=25&idv=138363-ou-trouver-des-entreprises-de-transit-maritime-a-ewe	200	text/html
20240206131241	https://promouvoircompetences.com/bj/activite-ville.php?ida=25&idv=138534-ou-trouver-des-entreprises-de-transit-maritime-a-gando-gourou	200	text/html
20240203122252	https://promouvoircompetences.com/bj/activite-ville.php?ida=25&idv=138576-ou-trouver-des-entreprises-de-transit-maritime-a-gassagadi	200	text/html
20240205092250	https://promouvoircompetences.com/bj/activite-ville.php?ida=26&idv=137515-ou-trouver-un-huissier-de-justice-un-cabinet-d-avocats-ou-un-avocat-a-betel	200	text/html
20230207110504	https://promouvoircompetences.com/bj/activite-ville.php?ida=26&idv=138363-ou-trouver-un-huissier-de-justice-un-cabinet-d-avocats-ou-un-avocat-a-ewe	200	text/html
20240206131200	https://promouvoircompetences.com/bj/activite-ville.php?ida=26&idv=138534-ou-trouver-un-huissier-de-justice-un-cabinet-d-avocats-ou-un-avocat-a-gando-gourou	200	text/html
20240203122253	https://promouvoircompetences.com/bj/activite-ville.php?ida=26&idv=138576-ou-trouver-un-huissier-de-justice-un-cabinet-d-avocats-ou-un-avocat-a-gassagadi	200	text/html
20240205092233	https://promouvoircompetences.com/bj/activite-ville.php?ida=3&idv=137515-ou-boire-prendre-un-verre-a-betel	200	text/html
20210812115706	https://promouvoircompetences.com/bj/activite-ville.php?ida=3&idv=138229-ou-boire-prendre-un-verre-a-dokparou	200	text/html
20210905132705	https://promouvoircompetences.com/bj/activite-ville.php?ida=3&idv=138255-ou-boire-prendre-un-verre-a-donga	200	text/html
20230207110521	https://promouvoircompetences.com/bj/activite-ville.php?ida=3&idv=138363-ou-boire-prendre-un-verre-a-ewe	200	text/html
20240206131248	https://promouvoircompetences.com/bj/activite-ville.php?ida=3&idv=138534-ou-boire-prendre-un-verre-a-gando-gourou	200	text/html
20210818170639	https://promouvoircompetences.com/bj/activite-ville.php?ida=3&idv=138556-ou-boire-prendre-un-verre-a-ganou	200	text/html
20240203122251	https://promouvoircompetences.com/bj/activite-ville.php?ida=3&idv=138576-ou-boire-prendre-un-verre-a-gassagadi	200	text/html
20240207084133	https://promouvoircompetences.com/bj/activite-ville.php?ida=4&idv=137515-ou-danser-se-defouler-a-betel	200	text/html
20210812120011	https://promouvoircompetences.com/bj/activite-ville.php?ida=4&idv=138229-ou-danser-se-defouler-a-dokparou	200	text/html
20210905132749	https://promouvoircompetences.com/bj/activite-ville.php?ida=4&idv=138255-ou-danser-se-defouler-a-donga	200	text/html
20230207110458	https://promouvoircompetences.com/bj/activite-ville.php?ida=4&idv=138363-ou-danser-se-defouler-a-ewe	200	text/html
20210818162912	https://promouvoircompetences.com/bj/activite-ville.php?ida=4&idv=138556-ou-danser-se-defouler-a-ganou	200	text/html
20240203122238	https://promouvoircompetences.com/bj/activite-ville.php?ida=4&idv=138576-ou-danser-se-defouler-a-gassagadi	200	text/html
20250212080007	https://promouvoircompetences.com/bj/activite-ville.php?ida=4&l=fr	200	text/html
20210812120026	https://promouvoircompetences.com/bj/activite-ville.php?ida=5&idv=138229-ou-faire-le-marche-a-dokparou	200	text/html
20210905131917	https://promouvoircompetences.com/bj/activite-ville.php?ida=5&idv=138255-ou-faire-le-marche-a-donga	200	text/html
20230207110451	https://promouvoircompetences.com/bj/activite-ville.php?ida=5&idv=138363-ou-faire-le-marche-a-ewe	200	text/html
20210818170621	https://promouvoircompetences.com/bj/activite-ville.php?ida=5&idv=138556-ou-faire-le-marche-a-ganou	200	text/html
20240203122233	https://promouvoircompetences.com/bj/activite-ville.php?ida=5&idv=138576-ou-faire-le-marche-a-gassagadi	200	text/html
20240207084134	https://promouvoircompetences.com/bj/activite-ville.php?ida=6&idv=137515-ou-se-former-a-betel	200	text/html
20210812115652	https://promouvoircompetences.com/bj/activite-ville.php?ida=6&idv=138229-ou-se-former-a-dokparou	200	text/html
20210905132806	https://promouvoircompetences.com/bj/activite-ville.php?ida=6&idv=138255-ou-se-former-a-donga	200	text/html
20230207152054	https://promouvoircompetences.com/bj/activite-ville.php?ida=6&idv=138363-ou-se-former-a-ewe	200	text/html
20210818165554	https://promouvoircompetences.com/bj/activite-ville.php?ida=6&idv=138556-ou-se-former-a-ganou	200	text/html
20240203122234	https://promouvoircompetences.com/bj/activite-ville.php?ida=6&idv=138576-ou-se-former-a-gassagadi	200	text/html
20250114021630	https://promouvoircompetences.com/bj/activite-ville.php?ida=6&l=fr	200	text/html
20240205092612	https://promouvoircompetences.com/bj/activite-ville.php?ida=7&idv=137515-ou-se-soigner-a-betel	200	text/html
20210812120504	https://promouvoircompetences.com/bj/activite-ville.php?ida=7&idv=138229-ou-se-soigner-a-dokparou	200	text/html
20210905131935	https://promouvoircompetences.com/bj/activite-ville.php?ida=7&idv=138255-ou-se-soigner-a-donga	200	text/html
20230207180634	https://promouvoircompetences.com/bj/activite-ville.php?ida=7&idv=138363-ou-se-soigner-a-ewe	200	text/html
20210818170620	https://promouvoircompetences.com/bj/activite-ville.php?ida=7&idv=138556-ou-se-soigner-a-ganou	200	text/html
20240203122427	https://promouvoircompetences.com/bj/activite-ville.php?ida=7&idv=138576-ou-se-soigner-a-gassagadi	200	text/html
20250218103518	https://promouvoircompetences.com/bj/activite-ville.php?ida=7&l=fr	200	text/html
20210812120052	https://promouvoircompetences.com/bj/activite-ville.php?ida=8&idv=138229-ou-imprimer-des-documents-a-dokparou	200	text/html
20210905135416	https://promouvoircompetences.com/bj/activite-ville.php?ida=8&idv=138255-ou-imprimer-des-documents-a-donga	200	text/html
20230207110502	https://promouvoircompetences.com/bj/activite-ville.php?ida=8&idv=138363-ou-imprimer-des-documents-a-ewe	200	text/html
20210818162902	https://promouvoircompetences.com/bj/activite-ville.php?ida=8&idv=138556-ou-imprimer-des-documents-a-ganou	200	text/html
20240203122442	https://promouvoircompetences.com/bj/activite-ville.php?ida=8&idv=138576-ou-imprimer-des-documents-a-gassagadi	200	text/html
20240205092241	https://promouvoircompetences.com/bj/activite-ville.php?ida=9&idv=137515-specialistes-agriculture-a-betel	200	text/html
20210812120635	https://promouvoircompetences.com/bj/activite-ville.php?ida=9&idv=138229-specialistes-agriculture-a-dokparou	200	text/html
20210905135326	https://promouvoircompetences.com/bj/activite-ville.php?ida=9&idv=138255-specialistes-agriculture-a-donga	200	text/html
20230207110505	https://promouvoircompetences.com/bj/activite-ville.php?ida=9&idv=138363-specialistes-agriculture-a-ewe	200	text/html
20210818162915	https://promouvoircompetences.com/bj/activite-ville.php?ida=9&idv=138556-specialistes-agriculture-a-ganou	200	text/html
20240203122305	https://promouvoircompetences.com/bj/activite-ville.php?ida=9&idv=138576-specialistes-agriculture-a-gassagadi	200	text/html
20250209201642	https://promouvoircompetences.com/bj/activite-ville.php?l=fr	200	text/html
20210812120633	https://promouvoircompetences.com/bj/aide.php?l=fr	200	text/html
20210812120034	https://promouvoircompetences.com/bj/ambassades.php	200	text/html
20210812120326	https://promouvoircompetences.com/bj/ambassades.php?l=fr	200	text/html
20210812120531	https://promouvoircompetences.com/bj/annuaires.php?l=fr	200	text/html
20210812115935	https://promouvoircompetences.com/bj/avis.php?l=fr	200	text/html
20201128203903	https://promouvoircompetences.com/bj/benin.php	200	text/html
20210812120008	https://promouvoircompetences.com/bj/benin.php?l=fr	200	text/html
20210812115728	https://promouvoircompetences.com/bj/bourses.php?id=fr	200	text/html
20210812120143	https://promouvoircompetences.com/bj/centres-formation-pro.php?l=fr	200	text/html
20210812115910	https://promouvoircompetences.com/bj/concours.php?id=fr	200	text/html
20210812120316	https://promouvoircompetences.com/bj/conditions.php?id=3-politique-confidentialite-fr	200	text/html
20210812115938	https://promouvoircompetences.com/bj/contact.php	200	text/html
20210812120037	https://promouvoircompetences.com/bj/contact.php?l=fr	200	text/html
20210812115950	https://promouvoircompetences.com/bj/cookies.php	200	text/html
20210812120256	https://promouvoircompetences.com/bj/cours.php?id=fr	200	text/html
20210812115914	https://promouvoircompetences.com/bj/cours.php?l=fr	200	text/html
20210812120050	https://promouvoircompetences.com/bj/coutumes.php	200	text/html
20210812120406	https://promouvoircompetences.com/bj/coutumes.php?l=fr	200	text/html
20210812115629	https://promouvoircompetences.com/bj/cu.php	200	text/html
20230207110454	https://promouvoircompetences.com/bj/departement.php?id=3575-adja-ouere&l=fr	200	text/html
20240205092237	https://promouvoircompetences.com/bj/departement.php?id=3584-bante&l=fr	200	text/html
20210905132804	https://promouvoircompetences.com/bj/departement.php?id=3585-bassila	200	text/html
20210905131924	https://promouvoircompetences.com/bj/departement.php?id=3585-bassila&l=fr	200	text/html
20210812120408	https://promouvoircompetences.com/bj/departement.php?id=3586-bembereke&l=fr	200	text/html
20210905132449	https://promouvoircompetences.com/bj/departement.php?id=3593-copargo&l=fr	200	text/html
20240205092553	https://promouvoircompetences.com/bj/departement.php?id=3599-glazoue&l=fr	200	text/html
20230207110623	https://promouvoircompetences.com/bj/departement.php?id=3603-ifangni&l=fr	200	text/html
20210812115655	https://promouvoircompetences.com/bj/departement.php?id=3604-kalale&l=fr	200	text/html
20230207110456	https://promouvoircompetences.com/bj/departement.php?id=3606-ketou	200	text/html
20230207152058	https://promouvoircompetences.com/bj/departement.php?id=3606-ketou&l=fr	200	text/html
20240206131201	https://promouvoircompetences.com/bj/departement.php?id=3611-n-dali	200	text/html
20210812115738	https://promouvoircompetences.com/bj/departement.php?id=3611-n-dali&l=fr	200	text/html
20210812115644	https://promouvoircompetences.com/bj/departement.php?id=3612-nikki&l=fr	200	text/html
20210905131933	https://promouvoircompetences.com/bj/departement.php?id=3613-ouake&l=fr	200	text/html
20240205092237	https://promouvoircompetences.com/bj/departement.php?id=3614-ouesse&l=fr	200	text/html
20210812115710	https://promouvoircompetences.com/bj/departement.php?id=3618-perere&l=fr	200	text/html
20230207110445	https://promouvoircompetences.com/bj/departement.php?id=3619-sakete&l=fr	200	text/html
20240205092555	https://promouvoircompetences.com/bj/departement.php?id=3620-savalou&l=fr	200	text/html
20240205092714	https://promouvoircompetences.com/bj/departement.php?id=3621-save&l=fr	200	text/html
20210812115705	https://promouvoircompetences.com/bj/departement.php?id=3624-sinende&l=fr	200	text/html
20210812115928	https://promouvoircompetences.com/bj/departement.php?id=3626-tchaourou&l=fr	200	text/html
20210812120354	https://promouvoircompetences.com/bj/departement.php?id=492-parakou	200	text/html
20210812120017	https://promouvoircompetences.com/bj/departement.php?id=492-parakou&l=fr	200	text/html
20240205092706	https://promouvoircompetences.com/bj/departement.php?id=493-dassa-zoume&l=fr	200	text/html
20210905132726	https://promouvoircompetences.com/bj/departement.php?id=495-djougou&l=fr	200	text/html
20230207110457	https://promouvoircompetences.com/bj/departement.php?id=499-pobe&l=fr	200	text/html
20210812120139	https://promouvoircompetences.com/bj/departements.php	200	text/html
20210812115632	https://promouvoircompetences.com/bj/devenir-correcteur.php?l=fr	200	text/html
20210812115908	https://promouvoircompetences.com/bj/emplois.php	200	text/html
20210812120352	https://promouvoircompetences.com/bj/emplois.php?l=fr	200	text/html
20210812115815	https://promouvoircompetences.com/bj/entreprises.php?l=fr	200	text/html
20210812120333	https://promouvoircompetences.com/bj/epreuves.php?id=fr	200	text/html
20210812115937	https://promouvoircompetences.com/bj/epreuves.php?l=fr	200	text/html
20210812115909	https://promouvoircompetences.com/bj/ethnies.php	200	text/html
20210812120016	https://promouvoircompetences.com/bj/ethnies.php?l=fr	200	text/html
20210812120239	https://promouvoircompetences.com/bj/exposition.php?l=fr	200	text/html
20210812115712	https://promouvoircompetences.com/bj/formalites.php	200	text/html
20210812120227	https://promouvoircompetences.com/bj/formalites.php?l=fr	200	text/html
20210812120028	https://promouvoircompetences.com/bj/gastronomie.php	200	text/html
20210812120313	https://promouvoircompetences.com/bj/gastronomie.php?l=fr	200	text/html
20210812120539	https://promouvoircompetences.com/bj/groupes-ethniques.php	200	text/html
20210812120306	https://promouvoircompetences.com/bj/groupes-ethniques.php?l=fr	200	text/html
20210812115913	https://promouvoircompetences.com/bj/inscription.php	200	text/html
20210812115648	https://promouvoircompetences.com/bj/langues.php	200	text/html
20210812120249	https://promouvoircompetences.com/bj/langues.php?l=fr	200	text/html
20210812115709	https://promouvoircompetences.com/bj/libre-parole.php?l=fr	200	text/html
20210812115940	https://promouvoircompetences.com/bj/login.php	200	text/html
20210812120105	https://promouvoircompetences.com/bj/market.php?l=fr	200	text/html
20210812120528	https://promouvoircompetences.com/bj/metiers.php?l=fr	200	text/html
20210812120211	https://promouvoircompetences.com/bj/micro-entreprises.php?l=fr	200	text/html
20210812115626	https://promouvoircompetences.com/bj/pme.php?l=fr	200	text/html
20210812115906	https://promouvoircompetences.com/bj/premium-infos.php?l=fr	200	text/html
20210812120540	https://promouvoircompetences.com/bj/proposercours.php?l=fr	200	text/html
20210812115841	https://promouvoircompetences.com/bj/publicite.php?l=fr	200	text/html
20210812120350	https://promouvoircompetences.com/bj/question.php?id=1-quels-sont-les-nouveaux-codes-orange-cameroun	200	text/html
20210812120341	https://promouvoircompetences.com/bj/question.php?id=10-comment-savoir-si-ma-carte-nationale-d-identite-cni-est-deja-disponible-cameroun	200	text/html
20210818170653	https://promouvoircompetences.com/bj/question.php?id=11-comment-faire-la-demande-de-diplome-du-baccalaureat-ii-au-togo	200	text/html
20210905132528	https://promouvoircompetences.com/bj/question.php?id=12-comment-resoudre-le-probleme-d-acces-internet-bloque-apres-une-mise-a-jour-de-google-chrome	200	text/html
20210905131943	https://promouvoircompetences.com/bj/question.php?id=13-quelle-est-la-date-de-la-rentree-scolaire-2021-2022-au-cameroun	200	text/html
20210905132451	https://promouvoircompetences.com/bj/question.php?id=14-comment-se-passe-la-procedure-d-obtention-du-passeport-biometrique-du-cameroun-en-48-heures	200	text/html
20210905132803	https://promouvoircompetences.com/bj/question.php?id=15-quels-sont-les-jours-feries-en-2022-au-cameroun	200	text/html
20210905132429	https://promouvoircompetences.com/bj/question.php?id=16-comment-consulter-en-ligne-les-resultats-du-bac-2021-en-guinee-conakry	200	text/html
20210905131920	https://promouvoircompetences.com/bj/question.php?id=17-quels-sont-les-lieux-de-composition-au-concours-d-entree-session-2021-a-l-ens-yaounde	200	text/html
20210905135509	https://promouvoircompetences.com/bj/question.php?id=18-quels-sont-les-jours-feries-en-2022-en-guinee-conakry	200	text/html
20230207110605	https://promouvoircompetences.com/bj/question.php?id=197-quels-sont-les-jours-feries-et-chomes-au-cameroun-en-2023	200	text/html
20230207152105	https://promouvoircompetences.com/bj/question.php?id=198-abonnes-canal-afrique-ou-voir-en-direct-tous-les-matches-de-la-coupe-du-monde-qatar-2022	200	text/html
20230207110459	https://promouvoircompetences.com/bj/question.php?id=199-ou-trouver-toutes-les-infos-pour-les-nouveaux-concours-2023-d-entree-a-la-police-camerounaise	200	text/html
20210812120320	https://promouvoircompetences.com/bj/question.php?id=2-533-millions-de-comptes-facebook-pirates-comment-savoir-si-mon-compte-est-parmi	200	text/html
20230207152046	https://promouvoircompetences.com/bj/question.php?id=200-ou-telecharger-les-resultats-des-admissibilites-aux-concours-d-entree-a-l-enam-2022-2023	200	text/html
20230207110446	https://promouvoircompetences.com/bj/question.php?id=201-ou-consulter-la-liste-des-cni-disponibles-a-yaounde	200	text/html
20230207152042	https://promouvoircompetences.com/bj/question.php?id=202-comment-faire-le-suivi-de-la-disponibilite-de-sa-cni-par-whatsapp	200	text/html
20230207110604	https://promouvoircompetences.com/bj/question.php?id=203-quelles-sont-les-conditions-generales-de-recrutement-a-la-fonction-publique-au-cameroun	200	text/html
20230207152104	https://promouvoircompetences.com/bj/question.php?id=204-quelles-sont-les-conditions-a-remplir-et-la-composition-des-dossiers-des-actes-de-carrieres-a-la-fonction-publique-au-cameroun	200	text/html
20230207152050	https://promouvoircompetences.com/bj/question.php?id=205-quelle-est-la-grille-des-salaires-chez-action-contre-la-faim	200	text/html
20230207110450	https://promouvoircompetences.com/bj/question.php?id=206-quel-est-le-calendrier-des-examens-et-concours-2023-de-l-enseignement-secondaire-au-cameroun	200	text/html
20240203122232	https://promouvoircompetences.com/bj/question.php?id=277-comment-verifier-son-orientation-2023-def-en-ligne-au-mali	200	text/html
20240203122249	https://promouvoircompetences.com/bj/question.php?id=278-a-quand-les-resultats-du-concours-d-entree-a-l-infas-2023-en-cote-d-ivoire	200	text/html
20240203122529	https://promouvoircompetences.com/bj/question.php?id=279-comment-faire-une-demande-de-transfert-orientations-def-mali	200	text/html
20240203122258	https://promouvoircompetences.com/bj/question.php?id=280-ou-consulter-les-resultats-definitifs-listes-additives-du-concours-de-la-police-camerounaise-2023	200	text/html
20240203122252	https://promouvoircompetences.com/bj/question.php?id=281-nouveau-concours-police-pour-2024-au-cameroun-conditions-et-programme-recrutement-eleves-commissaires-de-police	200	text/html
20240203122354	https://promouvoircompetences.com/bj/question.php?id=282-quel-est-le-calendrier-des-examens-au-togo-pour-l-annee-scolaire-2023-2024	200	text/html
20240203122347	https://promouvoircompetences.com/bj/question.php?id=283-ou-consulter-les-resultats-aux-concours-2023-mindef-des-candidats-autorises-a-prendre-part-aux-visites-medicales	200	text/html
20240203122231	https://promouvoircompetences.com/bj/question.php?id=284-les-resultats-des-concours-professionnels-2023-a-la-fonction-publique-au-cameroun-sont-ils-disponibles	200	text/html
20240203122251	https://promouvoircompetences.com/bj/question.php?id=285-combien-de-personnels-sont-en-position-d-absence-irreguliere-et-en-suspension-de-solde-au-minesec-en-janvier-2024	200	text/html
20240203122511	https://promouvoircompetences.com/bj/question.php?id=286-jusquou-ira-le-cameroun-a-la-can-en-cote-divoire	200	text/html
20210812120414	https://promouvoircompetences.com/bj/question.php?id=3-comment-arreter-les-maux-de-tete-instantanement	200	text/html
20210812115730	https://promouvoircompetences.com/bj/question.php?id=4-c-est-quoi-un-fichier-indd	200	text/html
20210812115651	https://promouvoircompetences.com/bj/question.php?id=5-quelles-sont-les-conditions-a-remplir-pour-obtenir-ou-renouveler-un-agrement-pour-un-centre-ou-institut-de-formation-professionnelle-au-cameroun	200	text/html
20210812115921	https://promouvoircompetences.com/bj/question.php?id=6-quelles-sont-les-conditions-de-candidature-et-de-passage-du-baccalaureat-senegalais	200	text/html
20210812120205	https://promouvoircompetences.com/bj/question.php?id=7-quelles-sont-les-conditions-du-deroulement-du-baccalaureat-au-senegal	200	text/html
20210812120051	https://promouvoircompetences.com/bj/question.php?id=8-comment-savoir-si-mon-diplome-de-baccalaureat-est-deja-disponible-senegal	200	text/html
20210812120410	https://promouvoircompetences.com/bj/question.php?id=9-quels-sont-les-moyens-de-gagner-de-l-argent-sur-internet	200	text/html
20210812120309	https://promouvoircompetences.com/bj/questions.php?l=fr	200	text/html
20210812115959	https://promouvoircompetences.com/bj/region.php?id=120-alibori&l=fr	200	text/html
20210812115736	https://promouvoircompetences.com/bj/region.php?id=121-atacora&l=fr	200	text/html
20210812115938	https://promouvoircompetences.com/bj/region.php?id=122-atlantique&l=fr	200	text/html
20210812115755	https://promouvoircompetences.com/bj/region.php?id=123-borgou	200	text/html
20210812120056	https://promouvoircompetences.com/bj/region.php?id=123-borgou&l=fr	200	text/html
20240207084132	https://promouvoircompetences.com/bj/region.php?id=124-collines	200	text/html
20210812115959	https://promouvoircompetences.com/bj/region.php?id=124-collines&l=fr	200	text/html
20210812120045	https://promouvoircompetences.com/bj/region.php?id=125-couffo&l=fr	200	text/html
20210905131926	https://promouvoircompetences.com/bj/region.php?id=126-donga	200	text/html
20210812120252	https://promouvoircompetences.com/bj/region.php?id=126-donga&l=fr	200	text/html
20210812120006	https://promouvoircompetences.com/bj/region.php?id=127-littoral&l=fr	200	text/html
20210812120019	https://promouvoircompetences.com/bj/region.php?id=128-mono&l=fr	200	text/html
20210812115932	https://promouvoircompetences.com/bj/region.php?id=129-oueme&l=fr	200	text/html
20230207152057	https://promouvoircompetences.com/bj/region.php?id=130-plateau	200	text/html
20210812120001	https://promouvoircompetences.com/bj/region.php?id=130-plateau&l=fr	200	text/html
20210812120308	https://promouvoircompetences.com/bj/region.php?id=131-zou&l=fr	200	text/html
20210812115630	https://promouvoircompetences.com/bj/regions.php	200	text/html
20210812115646	https://promouvoircompetences.com/bj/regions.php?l=fr	200	text/html
20210812120543	https://promouvoircompetences.com/bj/resultats-examens.php?id=fr	200	text/html
20210812115607	https://promouvoircompetences.com/bj/resultats-examens.php?l=fr	200	text/html
20210812120144	https://promouvoircompetences.com/bj/rubrique.php?id=1-generalites	200	text/html
20210812115707	https://promouvoircompetences.com/bj/rubrique.php?id=2-avantages-d-avoir-un-compte	200	text/html
20210812115934	https://promouvoircompetences.com/bj/rubrique.php?id=3-annuaires	200	text/html
20210812120003	https://promouvoircompetences.com/bj/rubrique.php?id=4-proposer-un-cours	200	text/html
20210812115635	https://promouvoircompetences.com/bj/rubrique.php?id=5-offres-d-emplois	200	text/html
20210812120057	https://promouvoircompetences.com/bj/rubrique.php?id=6-mise-en-relation-prestataires-clients-et-vice-versa	200	text/html
20210812120335	https://promouvoircompetences.com/bj/rubrique.php?id=7-resultats-examens-et-concours	200	text/html
20210812115914	https://promouvoircompetences.com/bj/rubrique.php?id=8-compte-pro	200	text/html
20210812120035	https://promouvoircompetences.com/bj/rubrique.php?id=9-correction-d-epreuves-d-examens-et-concours	200	text/html
20230207180635	https://promouvoircompetences.com/bj/sites-touristiques.php	200	text/html
20230207110505	https://promouvoircompetences.com/bj/sites-touristiques.php?l=fr	200	text/html
20210812120132	https://promouvoircompetences.com/bj/symboles.php?id=1-devise-nationale-benin	200	text/html
20210812115947	https://promouvoircompetences.com/bj/symboles.php?id=2-hymne-national-benin	200	text/html
20210812115642	https://promouvoircompetences.com/bj/symboles.php?id=3-drapeau-benin	200	text/html
20210812120054	https://promouvoircompetences.com/bj/symboles.php?id=4-armoiries-benin	200	text/html
20210812120209	https://promouvoircompetences.com/bj/symboles.php?id=5-gouvernement-benin	200	text/html
20210812115727	https://promouvoircompetences.com/bj/symboles.php?id=6-assemblee-nationale-benin	200	text/html
20230207110453	https://promouvoircompetences.com/bj/symboles.php?id=7-presidents-benin	200	text/html
20210812115657	https://promouvoircompetences.com/bj/tge.php?l=fr	200	text/html
20210812120402	https://promouvoircompetences.com/bj/tourisme.php	200	text/html
20210812120639	https://promouvoircompetences.com/bj/tourisme.php?l=fr	200	text/html
20210812120331	https://promouvoircompetences.com/bj/tribus.php	200	text/html
20210812115703	https://promouvoircompetences.com/bj/tribus.php?l=fr	200	text/html
20210812115904	https://promouvoircompetences.com/bj/videos.php	200	text/html
20230207110444	https://promouvoircompetences.com/bj/ville.php?id=136561-adakplame	200	text/html
20240205092245	https://promouvoircompetences.com/bj/ville.php?id=136611-monts-adjime	200	text/html
20240203122408	https://promouvoircompetences.com/bj/ville.php?id=136612-adjiro	200	text/html
20230207110447	https://promouvoircompetences.com/bj/ville.php?id=136622-adjozoume	200	text/html
20210905131922	https://promouvoircompetences.com/bj/ville.php?id=136645-afoutou	200	text/html
20240205092244	https://promouvoircompetences.com/bj/ville.php?id=136739-agouagon	200	text/html
20240205092242	https://promouvoircompetences.com/bj/ville.php?id=136740-agouagou	200	text/html
20240203122227	https://promouvoircompetences.com/bj/ville.php?id=136744-agougou	200	text/html
20230207110534	https://promouvoircompetences.com/bj/ville.php?id=136767-aguigadji	200	text/html
20230207110549	https://promouvoircompetences.com/bj/ville.php?id=136768-aguigaji	200	text/html
20230207110526	https://promouvoircompetences.com/bj/ville.php?id=136769-aguigdiji	200	text/html
20240205092243	https://promouvoircompetences.com/bj/ville.php?id=136774-agwagon	200	text/html
20240205092245	https://promouvoircompetences.com/bj/ville.php?id=136823-aklampa	200	text/html
20240205092238	https://promouvoircompetences.com/bj/ville.php?id=136824-aklanpa	200	text/html
20210905132854	https://promouvoircompetences.com/bj/ville.php?id=136885-aledjo	200	text/html
20240203122228	https://promouvoircompetences.com/bj/ville.php?id=136887-alejo-kura	200	text/html
20240203122246	https://promouvoircompetences.com/bj/ville.php?id=136912-alori	200	text/html
20240205092240	https://promouvoircompetences.com/bj/ville.php?id=136917-amafon	200	text/html
20210905131942	https://promouvoircompetences.com/bj/ville.php?id=136960-anoupou	200	text/html
20210905131915	https://promouvoircompetences.com/bj/ville.php?id=136976-apere	200	text/html
20240205092507	https://promouvoircompetences.com/bj/ville.php?id=136990-arhobobbo	200	text/html
20240205092416	https://promouvoircompetences.com/bj/ville.php?id=137004-assambe	200	text/html
20240205092243	https://promouvoircompetences.com/bj/ville.php?id=137009-assante	200	text/html
20240205092246	https://promouvoircompetences.com/bj/ville.php?id=137010-assanti	200	text/html
20240205092532	https://promouvoircompetences.com/bj/ville.php?id=137047-atchibouri	200	text/html
20230207110446	https://promouvoircompetences.com/bj/ville.php?id=137107-avlapame	200	text/html
20240203122248	https://promouvoircompetences.com/bj/ville.php?id=137204-bagaye	200	text/html
20210812115725	https://promouvoircompetences.com/bj/ville.php?id=137217-bagweru	200	text/html
20210818170629	https://promouvoircompetences.com/bj/ville.php?id=137225-bakaga	200	text/html
20240206131210	https://promouvoircompetences.com/bj/ville.php?id=137241-bakou-bouya	200	text/html
20210812115625	https://promouvoircompetences.com/bj/ville.php?id=137242-bakounkparou	200	text/html
20240203122228	https://promouvoircompetences.com/bj/ville.php?id=137253-bambouke	200	text/html
20240206131244	https://promouvoircompetences.com/bj/ville.php?id=137260-bana	200	text/html
20210905135512	https://promouvoircompetences.com/bj/ville.php?id=137262-banango	200	text/html
20240206131241	https://promouvoircompetences.com/bj/ville.php?id=137323-baoun	200	text/html
20210818162857	https://promouvoircompetences.com/bj/ville.php?id=137327-baperou	200	text/html
20240203122234	https://promouvoircompetences.com/bj/ville.php?id=137362-bassila	200	text/html
20210812120044	https://promouvoircompetences.com/bj/ville.php?id=137399-bebakou	200	text/html
20240203122245	https://promouvoircompetences.com/bj/ville.php?id=137419-begbon	200	text/html
20240206131206	https://promouvoircompetences.com/bj/ville.php?id=137420-begourou	200	text/html
20210818170623	https://promouvoircompetences.com/bj/ville.php?id=137485-bereyadou	200	text/html
20240206131206	https://promouvoircompetences.com/bj/ville.php?id=137486-province-du-bergou	200	text/html
20240203122225	https://promouvoircompetences.com/bj/ville.php?id=137512-betchafale	200	text/html
20240205092452	https://promouvoircompetences.com/bj/ville.php?id=137514-betekoura	200	text/html
20240205092232	https://promouvoircompetences.com/bj/ville.php?id=137515-betel	200	text/html
20240205092459	https://promouvoircompetences.com/bj/ville.php?id=137516-beterou	200	text/html
20240206131242	https://promouvoircompetences.com/bj/ville.php?id=137546-biniako	200	text/html
20240206131209	https://promouvoircompetences.com/bj/ville.php?id=137617-foret-classee-de-boko	200	text/html
20210812115952	https://promouvoircompetences.com/bj/ville.php?id=137641-boni	200	text/html
20210905132801	https://promouvoircompetences.com/bj/ville.php?id=137650-bono	200	text/html
20240206131214	https://promouvoircompetences.com/bj/ville.php?id=137665-departement-du-borgou	200	text/html
20240206131211	https://promouvoircompetences.com/bj/ville.php?id=137669-bori	200	text/html
20240206131207	https://promouvoircompetences.com/bj/ville.php?id=137701-botaro	200	text/html
20240205092422	https://promouvoircompetences.com/bj/ville.php?id=137714-boubou	200	text/html
20210905132418	https://promouvoircompetences.com/bj/ville.php?id=137785-bounte	200	text/html
20240203122227	https://promouvoircompetences.com/bj/ville.php?id=137788-bouolo	200	text/html
20240206131209	https://promouvoircompetences.com/bj/ville.php?id=137792-bourahi-kparou	200	text/html
20240203122227	https://promouvoircompetences.com/bj/ville.php?id=137818-boutoum	200	text/html
20210905135528	https://promouvoircompetences.com/bj/ville.php?id=137837-butum	200	text/html
20240205092245	https://promouvoircompetences.com/bj/ville.php?id=137875-collines	200	text/html
20240205092252	https://promouvoircompetences.com/bj/ville.php?id=137876-departement-du-collines	200	text/html
20240205092540	https://promouvoircompetences.com/bj/ville.php?id=137883-cossa-kame	200	text/html
20240205092239	https://promouvoircompetences.com/bj/ville.php?id=137884-cosso-kame	200	text/html
20210818165759	https://promouvoircompetences.com/bj/ville.php?id=137908-dabou	200	text/html
20240206131213	https://promouvoircompetences.com/bj/ville.php?id=137942-dam	200	text/html
20240206131211	https://promouvoircompetences.com/bj/ville.php?id=137976-dankourou	200	text/html
20210818165827	https://promouvoircompetences.com/bj/ville.php?id=137998-darou-kourarou	200	text/html
20240206131245	https://promouvoircompetences.com/bj/ville.php?id=138004-daroussomeni	200	text/html
20210818162859	https://promouvoircompetences.com/bj/ville.php?id=138032-debregourou	200	text/html
20210905132511	https://promouvoircompetences.com/bj/ville.php?id=138068-demgo	200	text/html
20210905135341	https://promouvoircompetences.com/bj/ville.php?id=138077-dengu	200	text/html
20210905131945	https://promouvoircompetences.com/bj/ville.php?id=138116-diengou	200	text/html
20210812115923	https://promouvoircompetences.com/bj/ville.php?id=138228-dokoundji	200	text/html
20210812115601	https://promouvoircompetences.com/bj/ville.php?id=138229-dokparou	200	text/html
20210812115733	https://promouvoircompetences.com/bj/ville.php?id=138230-dolihonhou	200	text/html
20240206131245	https://promouvoircompetences.com/bj/ville.php?id=138253-donga	200	text/html
20210905135643	https://promouvoircompetences.com/bj/ville.php?id=138254-donga	200	text/html
20210905131912	https://promouvoircompetences.com/bj/ville.php?id=138255-donga	200	text/html
20210905135329	https://promouvoircompetences.com/bj/ville.php?id=138256-departement-de-la-donga	200	text/html
20210812120358	https://promouvoircompetences.com/bj/ville.php?id=138288-douerou	200	text/html
20230207110459	https://promouvoircompetences.com/bj/ville.php?id=138362-eveji	200	text/html
20230207110437	https://promouvoircompetences.com/bj/ville.php?id=138363-ewe	200	text/html
20230207110558	https://promouvoircompetences.com/bj/ville.php?id=138364-faba	200	text/html
20210812115927	https://promouvoircompetences.com/bj/ville.php?id=138449-forane-kparou	200	text/html
20240205092242	https://promouvoircompetences.com/bj/ville.php?id=138470-foute	200	text/html
20210812120302	https://promouvoircompetences.com/bj/ville.php?id=138488-gagbebou	200	text/html
20210812115612	https://promouvoircompetences.com/bj/ville.php?id=138519-ganderou	200	text/html
20210905135503	https://promouvoircompetences.com/bj/ville.php?id=138523-gando	200	text/html
20240206131247	https://promouvoircompetences.com/bj/ville.php?id=138533-gando-ganga	200	text/html
20240206131158	https://promouvoircompetences.com/bj/ville.php?id=138534-gando-gourou	200	text/html
20240206131248	https://promouvoircompetences.com/bj/ville.php?id=138535-gandokoussoukou	200	text/html
20210818165626	https://promouvoircompetences.com/bj/ville.php?id=138555-gano	200	text/html
20210812115953	https://promouvoircompetences.com/bj/ville.php?id=138556-ganou	200	text/html
20210818162917	https://promouvoircompetences.com/bj/ville.php?id=138557-ganouerere	200	text/html
20240203122244	https://promouvoircompetences.com/bj/ville.php?id=138575-garoutegui	200	text/html
20240203122222	https://promouvoircompetences.com/bj/ville.php?id=138576-gassagadi	200	text/html
20240203122328	https://promouvoircompetences.com/bj/ville.php?id=138577-gassouboura	200	text/html
20210812115808	https://promouvoircompetences.com/bj/ville.php?id=138585-ga-yakabou	200	text/html
20210905131938	https://promouvoircompetences.com/bj/ville.php?id=138587-gazagadi	200	text/html
20230207110527	https://promouvoircompetences.com/bj/ville.php?id=138624-gbegon	200	text/html
20240206131209	https://promouvoircompetences.com/bj/ville.php?id=138666-gbiniasso	200	text/html
20240205092236	https://promouvoircompetences.com/bj/ville.php?id=138691-glasoue	200	text/html
20240205092235	https://promouvoircompetences.com/bj/ville.php?id=138692-glazoue	200	text/html
20210812120535	https://promouvoircompetences.com/bj/ville.php?id=138716-gogborerou	200	text/html
20210812115708	https://promouvoircompetences.com/bj/ville.php?id=138735-gommboko	200	text/html
20210412164440	https://promouvoircompetences.com/bj/ville.php?id=138736-gomparou	200	text/html
20240206131206	https://promouvoircompetences.com/bj/ville.php?id=138762-gori-bounierou	200	text/html
20210812120141	https://promouvoircompetences.com/bj/ville.php?id=138766-gorobani	200	text/html
20240206201139	https://promouvoircompetences.com/bj/ville.php?id=138788-mont-goubono	200	text/html
20210412172940	https://promouvoircompetences.com/bj/ville.php?id=138814-goumori	200	text/html
20210812120526	https://promouvoircompetences.com/bj/ville.php?id=138854-goutere	200	text/html
20210905135739	https://promouvoircompetences.com/bj/ville.php?id=138858-goutoungadoni	200	text/html
20210812115638	https://promouvoircompetences.com/bj/ville.php?id=138879-guererou	200	text/html
20210812120052	https://promouvoircompetences.com/bj/ville.php?id=138908-guinrerou	200	text/html
20240205092239	https://promouvoircompetences.com/bj/ville.php?id=138937-henhime	200	text/html
20240205093755	https://promouvoircompetences.com/bj/ville.php?id=138955-hoko	200	text/html
20240205092246	https://promouvoircompetences.com/bj/ville.php?id=138979-houla	200	text/html
20210905131940	https://promouvoircompetences.com/bj/ville.php?id=139000-iboumakoro	200	text/html
20230207110453	https://promouvoircompetences.com/bj/ville.php?id=139004-idahim	200	text/html
20230207152103	https://promouvoircompetences.com/bj/ville.php?id=139005-idahin	200	text/html
20230207152048	https://promouvoircompetences.com/bj/ville.php?id=139006-idanyin	200	text/html
20230207110443	https://promouvoircompetences.com/bj/ville.php?id=139008-idigny	200	text/html
20210905132906	https://promouvoircompetences.com/bj/ville.php?id=139019-igbere	200	text/html
20230207110523	https://promouvoircompetences.com/bj/ville.php?id=139034-illara	200	text/html
20230207110503	https://promouvoircompetences.com/bj/ville.php?id=139036-illikimon	200	text/html
20230207110452	https://promouvoircompetences.com/bj/ville.php?id=139062-irocogni	200	text/html
20230207110453	https://promouvoircompetences.com/bj/ville.php?id=139063-irocogny	200	text/html
20230207110609	https://promouvoircompetences.com/bj/ville.php?id=139068-isselou	200	text/html
20210812115623	https://promouvoircompetences.com/bj/ville.php?id=139104-kaborokpo	200	text/html
20210812120226	https://promouvoircompetences.com/bj/ville.php?id=139106-ka-bouyarou	200	text/html
20210818165820	https://promouvoircompetences.com/bj/ville.php?id=139107-kabro	200	text/html
20240206131243	https://promouvoircompetences.com/bj/ville.php?id=139158-kamiworou	200	text/html
20210905131929	https://promouvoircompetences.com/bj/ville.php?id=139187-kani	200	text/html
20240203122247	https://promouvoircompetences.com/bj/ville.php?id=139270-katia	200	text/html
20240205092643	https://promouvoircompetences.com/bj/ville.php?id=139286-kboba	200	text/html
20210905132513	https://promouvoircompetences.com/bj/ville.php?id=139300-kemeni	200	text/html
20230207110443	https://promouvoircompetences.com/bj/ville.php?id=139333-ketou	200	text/html
20210905131931	https://promouvoircompetences.com/bj/ville.php?id=139334-ketou	200	text/html
20230207152056	https://promouvoircompetences.com/bj/ville.php?id=139335-ketu	200	text/html
20210905132453	https://promouvoircompetences.com/bj/ville.php?id=139359-kikele	200	text/html
20240203122500	https://promouvoircompetences.com/bj/ville.php?id=139367-kimariga	200	text/html
20210818170618	https://promouvoircompetences.com/bj/ville.php?id=139384-kipare	200	text/html
20210905132920	https://promouvoircompetences.com/bj/ville.php?id=139404-koakoaliki	200	text/html
20240205093756	https://promouvoircompetences.com/bj/ville.php?id=139407-kobassate	200	text/html
20240203122225	https://promouvoircompetences.com/bj/ville.php?id=139483-kokotyi	200	text/html
20210905135334	https://promouvoircompetences.com/bj/ville.php?id=139492-kolimisi	200	text/html
20210905131936	https://promouvoircompetences.com/bj/ville.php?id=139511-kominde	200	text/html
20240205092251	https://promouvoircompetences.com/bj/ville.php?id=139597-kossa-kame	200	text/html
20240205092236	https://promouvoircompetences.com/bj/ville.php?id=139603-kosso-kame	200	text/html
20240206131243	https://promouvoircompetences.com/bj/ville.php?id=139653-koubere	200	text/html
20210905131919	https://promouvoircompetences.com/bj/ville.php?id=139701-kouko-koukou	200	text/html
20240203122246	https://promouvoircompetences.com/bj/ville.php?id=139715-koukourouke	200	text/html
20210812115611	https://promouvoircompetences.com/bj/ville.php?id=139740-koumerou	200	text/html
20210905135530	https://promouvoircompetences.com/bj/ville.php?id=139919-kpendi	200	text/html
20240203122230	https://promouvoircompetences.com/bj/ville.php?id=139999-landou	200	text/html
20240206131204	https://promouvoircompetences.com/bj/ville.php?id=140143-malo	200	text/html
20210818162908	https://promouvoircompetences.com/bj/ville.php?id=140315-moundouro	200	text/html
20210905135332	https://promouvoircompetences.com/bj/ville.php?id=140444-ngioro	200	text/html
20240206131208	https://promouvoircompetences.com/bj/ville.php?id=140456-niamaderou	200	text/html
20210812120207	https://promouvoircompetences.com/bj/ville.php?id=140523-nikikperou	200	text/html
20240206131212	https://promouvoircompetences.com/bj/ville.php?id=140529-nile	200	text/html
20240206131240	https://promouvoircompetences.com/bj/ville.php?id=140562-departement-du-nord-est	200	text/html
20240206131249	https://promouvoircompetences.com/bj/ville.php?id=140587-obrabo	200	text/html
20210905135558	https://promouvoircompetences.com/bj/ville.php?id=140588-odala	200	text/html
20240203122224	https://promouvoircompetences.com/bj/ville.php?id=140594-odo-alsanda	200	text/html
20210905135345	https://promouvoircompetences.com/bj/ville.php?id=140599-odoge	200	text/html
20210905132509	https://promouvoircompetences.com/bj/ville.php?id=140605-odo-igbo	200	text/html
20240203122517	https://promouvoircompetences.com/bj/ville.php?id=140611-odola	200	text/html
20230207110448	https://promouvoircompetences.com/bj/ville.php?id=140622-ofia	200	text/html
20240203122237	https://promouvoircompetences.com/bj/ville.php?id=140627-ogougouworo	200	text/html
20240205092240	https://promouvoircompetences.com/bj/ville.php?id=140628-ogueni	200	text/html
20230207110444	https://promouvoircompetences.com/bj/ville.php?id=140634-oke-odo	200	text/html
20240205092244	https://promouvoircompetences.com/bj/ville.php?id=140638-oko	200	text/html
20240205092239	https://promouvoircompetences.com/bj/ville.php?id=140644-okoo	200	text/html
20230207110551	https://promouvoircompetences.com/bj/ville.php?id=140657-okpometa	200	text/html
20210812120323	https://promouvoircompetences.com/bj/ville.php?id=140721-oudarou	200	text/html
20240206131208	https://promouvoircompetences.com/bj/ville.php?id=140750-ouenou	200	text/html
20240206131205	https://promouvoircompetences.com/bj/ville.php?id=140754-ouereke	200	text/html
20240203122400	https://promouvoircompetences.com/bj/ville.php?id=140763-oufon	200	text/html
20250123092135	https://promouvoircompetences.com/bj/ville.php?id=140800-ounet	200	text/html
20210812120427	https://promouvoircompetences.com/bj/ville.php?id=140819-ouorora	200	text/html
20210812120300	https://promouvoircompetences.com/bj/ville.php?id=140844-ouroungourou	200	text/html
20240203122243	https://promouvoircompetences.com/bj/ville.php?id=140846-ouroutou	200	text/html
20210812120247	https://promouvoircompetences.com/bj/ville.php?id=140904-perimetre-de-reboisement-de-parakou	200	text/html
20210818170658	https://promouvoircompetences.com/bj/ville.php?id=140905-paraku	200	text/html
20240205092429	https://promouvoircompetences.com/bj/ville.php?id=140921-passi	200	text/html
20240203122340	https://promouvoircompetences.com/bj/ville.php?id=140962-pelifrigueniou	200	text/html
20240203122230	https://promouvoircompetences.com/bj/ville.php?id=140976-foret-classee-de-penesoulou	200	text/html
20210818162905	https://promouvoircompetences.com/bj/ville.php?id=140987-pepekino	200	text/html
20210818165812	https://promouvoircompetences.com/bj/ville.php?id=140989-pepepeterou	200	text/html
20240203122244	https://promouvoircompetences.com/bj/ville.php?id=141007-petekou	200	text/html
20240203122416	https://promouvoircompetences.com/bj/ville.php?id=141074-prekete	200	text/html
20240206131243	https://promouvoircompetences.com/bj/ville.php?id=141076-quereke	200	text/html
20240205092515	https://promouvoircompetences.com/bj/ville.php?id=141091-sabalagban	200	text/html
20240205092658	https://promouvoircompetences.com/bj/ville.php?id=141092-sabalouagba	200	text/html
20240206131211	https://promouvoircompetences.com/bj/ville.php?id=141134-foret-classee-de-sakarou	200	text/html
20210905135545	https://promouvoircompetences.com/bj/ville.php?id=141153-sakouoha-ii	200	text/html
20210905132412	https://promouvoircompetences.com/bj/ville.php?id=141163-salananga	200	text/html
20240205092237	https://promouvoircompetences.com/bj/ville.php?id=141229-sansoupe	200	text/html
20210818170616	https://promouvoircompetences.com/bj/ville.php?id=141256-sarawalou	200	text/html
20240203122229	https://promouvoircompetences.com/bj/ville.php?id=141297-sebetou	200	text/html
20240206131209	https://promouvoircompetences.com/bj/ville.php?id=141363-senarou	200	text/html
20210812115949	https://promouvoircompetences.com/bj/ville.php?id=141366-senouorou	200	text/html
20240206131207	https://promouvoircompetences.com/bj/ville.php?id=141374-serarou	200	text/html
20240206131213	https://promouvoircompetences.com/bj/ville.php?id=141486-sirarou	200	text/html
20240206131211	https://promouvoircompetences.com/bj/ville.php?id=141543-sokoum	200	text/html
20210812115654	https://promouvoircompetences.com/bj/ville.php?id=141545-sokoumeno	200	text/html
20210818165829	https://promouvoircompetences.com/bj/ville.php?id=141546-sokouno	200	text/html
20240203122229	https://promouvoircompetences.com/bj/ville.php?id=141678-soutou	200	text/html
20210812120425	https://promouvoircompetences.com/bj/ville.php?id=141692-suinrou	200	text/html
20210812120513	https://promouvoircompetences.com/bj/ville.php?id=141698-tabayorourou	200	text/html
20210812115640	https://promouvoircompetences.com/bj/ville.php?id=141802-tankaro-ga	200	text/html
20210905131927	https://promouvoircompetences.com/bj/ville.php?id=141899-tchembere	200	text/html
20240206131242	https://promouvoircompetences.com/bj/ville.php?id=141951-teme	200	text/html
20210812120012	https://promouvoircompetences.com/bj/ville.php?id=141969-teougourou-gando	200	text/html
20210812115609	https://promouvoircompetences.com/bj/ville.php?id=142002-tian	200	text/html
20210905132949	https://promouvoircompetences.com/bj/ville.php?id=142021-tiatiala	200	text/html
20210812115954	https://promouvoircompetences.com/bj/ville.php?id=142029-tiebona	200	text/html
20210818162913	https://promouvoircompetences.com/bj/ville.php?id=142067-tinekonparou	200	text/html
20241204061637	https://promouvoircompetences.com/bj/ville.php?id=142096-tissarou	200	text/html
20210812115710	https://promouvoircompetences.com/bj/ville.php?id=142183-tora	200	text/html
20210905132428	https://promouvoircompetences.com/bj/ville.php?id=142205-toto	200	text/html
20230207110538	https://promouvoircompetences.com/bj/ville.php?id=142286-vedji	200	text/html
20210809115906	https://promouvoircompetences.com/bj/ville.php?id=142336-wansirou	200	text/html
20240205092235	https://promouvoircompetences.com/bj/ville.php?id=142382-wedeme	200	text/html
20240206131207	https://promouvoircompetences.com/bj/ville.php?id=142399-wenu	200	text/html
20210818162910	https://promouvoircompetences.com/bj/ville.php?id=142445-wororo	200	text/html
20210905132754	https://promouvoircompetences.com/bj/ville.php?id=142459-yadia	200	text/html
20240206131210	https://promouvoircompetences.com/bj/ville.php?id=142478-yakouro	200	text/html
20240206131204	https://promouvoircompetences.com/bj/ville.php?id=142482-yakuro	200	text/html
20210818170655	https://promouvoircompetences.com/bj/ville.php?id=3170-bembereke	200	text/html
20210818162906	https://promouvoircompetences.com/bj/ville.php?id=3171-kalale	200	text/html
20210812120322	https://promouvoircompetences.com/bj/ville.php?id=3173-nikki	200	text/html
20210818170641	https://promouvoircompetences.com/bj/ville.php?id=3174-parakou	200	text/html
20210812120042	https://promouvoircompetences.com/bj/ville.php?id=3175-perere	200	text/html
20210812120637	https://promouvoircompetences.com/bj/ville.php?id=3176-sinende	200	text/html
20210812120224	https://promouvoircompetences.com/bj/villes.php	200	text/html
20210812120053	https://promouvoircompetences.com/bj/villes.php?l=fr	200	text/html
20210812115705	https://promouvoircompetences.com/bj/?l=en	200	text/html
20210812115700	https://promouvoircompetences.com/bj/?l=es	200	text/html
20210812120238	https://promouvoircompetences.com/bj/?l=fr	200	text/html
20200930222942	https://promouvoircompetences.com/bourse-138-bourse-internationale-a-luniversite-americaine-du-caire-egypte-2020-2021.html	200	text/html
20200930205641	https://promouvoircompetences.com/bourse-170-bourse-dame-deanne-julius-senior-academy-en-economie-internationale-2021-a-chatham-house-londres-allocation-de-5000.html	200	text/html
20200920224017	https://promouvoircompetences.com/bourse-171-bourses-britanniques-chevening-2021-opportunites-britanniques-pour-les-etudiants-internationaux-des-pays-en-developpement.html	200	text/html
20200920224905	https://promouvoircompetences.com/bourse-172-getty-foundation-scholar-grants-2021-2022-pour-les-chercheurs-entierement-finances.html	200	text/html
20200920235056	https://promouvoircompetences.com/bourse-173-ecoles-cimpa-2022-appel-a-projets.html	200	text/html
20200930222511	https://promouvoircompetences.com/bourse-174-bourse-de-recherche-chatham-house-richard-et-susan-hayden-academy-2021-financee.html	200	text/html
20201020062605	https://promouvoircompetences.com/bourse-273-suede-bourses-de-financement-a-frais-complets-pour-etudiants-internationaux-a-linstitut-royal-de-technologie-kth.html	200	text/html
20201030140156	https://promouvoircompetences.com/bourse-274-bourses-detudes-prospectives-neo-zelandaises-pour-etudiants-internationaux-a-luniversite-de-canterbury.html	200	text/html
20201020060611	https://promouvoircompetences.com/bourse-275-programme-mondial-de-bourses-detudes-cifar-azrieli-2021-2023-pour-les-chercheurs-en-debut-de-carriere-finance.html	200	text/html
20201020051440	https://promouvoircompetences.com/bourse-276-programme-de-bourses-postdoctorales-distinguees-du-carnegie-mellon-university-neuroscience-institute-2021-allocation-de-55000.html	200	text/html
20201020063800	https://promouvoircompetences.com/bourse-277-bourses-postdoctorales-cseri-de-luniversite-de-pennsylvanie-en-sciences-sociales-2021-2022-allocation-de-53000.html	200	text/html
20201128194808	https://promouvoircompetences.com/bourse-331-programme-de-bourses-alfa-2021-2022-pour-les-jeunes-americains-britanniques-et-allemands-entierement-finance.html	200	text/html
20201128192713	https://promouvoircompetences.com/bourse-332-programme-de-bourses-mastercard-foundation-a-luniversite-internationale-des-etats-unis-afrique-2021-2022-entierement-finance.html	200	text/html
20201128191701	https://promouvoircompetences.com/bourse-333-bourses-detudes-superieures-du-partenariat-pour-le-financement-du-climat-en-afrique-australe-sacfp-2021.html	200	text/html
20201128193427	https://promouvoircompetences.com/bourse-334-sciences-sociales-de-la-prochaine-generation-en-afrique-bourse-de-proposition-de-these-de-doctorat-2020-2021-jusqua-3000-usd.html	200	text/html
20201128191234	https://promouvoircompetences.com/bourse-335-bourses-de-traduction-icm-global-south-de-luniversite-cornell-printemps-2021-jusqua-5000.html	200	text/html
20210301131607	https://promouvoircompetences.com/bourse-509-bourses-d-etudes-de-maitrise-ait-bangchak-pour-etudiants-internationaux-en-thailande-2021-entierement-financees.html	200	text/html
20210301121929	https://promouvoircompetences.com/bourse-510-bourse-d-etudes-de-maitrise-et-de-doctorat-du-gouvernement-chinois-pour-etudiants-internationaux-a-luniversite-de-xiamen-2021-entierement-financee.html	200	text/html
20210301121702	https://promouvoircompetences.com/bourse-511-programme-de-bourses-d-etudesde-premier-cycle-pour-etudiants-internationaux-au-sault-college-canada-2022.html	200	text/html
20210301122733	https://promouvoircompetences.com/bourse-512-wits-media-management-short-course-2021-pour-journalistes-africains-et-editeurs-bourses-d-etudes.html	200	text/html
20210301125105	https://promouvoircompetences.com/bourse-513-programme-de-bourses-d-etudes-de-recherche-virtuelles-lucas-lahri.html	200	text/html
20210517164443	https://promouvoircompetences.com/bourse-514-fondation-mo-ibrahim-leadership-programme-de-bourses-d-etudes-2021-pour-les-dirigeants-africains-emergents-entierement-finances-au-travail-a-la-banque-africaine-de-developpement.html	200	text/html
20210517162543	https://promouvoircompetences.com/bourse-515-programmes-de-bourses-icgeb-arturo-falaschi-2021-2022-pour-les-scientifiques-des-pays-en-developpement.html	200	text/html
20210613083333	https://promouvoircompetences.com/bourse-527-bourses-d-etudes-de-master-pour-etudiants-internationaux-au-washington-college-of-law-american-university-2021-2022.html	200	text/html
20210613075502	https://promouvoircompetences.com/bourse-528-bourses-d-etudes-de-master-pour-etudiants-internationaux-et-etudiants-nationaux-a-erasmus-mundus-entierement-finance-2021.html	200	text/html
20210613091112	https://promouvoircompetences.com/bourse-529-bourses-d-etudes-de-maitrise-et-de-doctorat-de-la-fondation-mastercard-de-luniversite-de-pretoria-pour-les-etudiants-africains-2021-2022.html	200	text/html
20210613075928	https://promouvoircompetences.com/bourse-530-bourses-d-etudes-de-maitrise-en-ingenierie-et-architecture-a-luniversite-polytechnique-de-turin-2021-2022.html	200	text/html
20210613085517	https://promouvoircompetences.com/bourse-531-programme-de-bourse-d-etudes-de-master-en-science-des-donnees-a-luniversite-victoria-de-wellington-2022.html	200	text/html
20210731173046	https://promouvoircompetences.com/bourse-608-programme-de-developpement-agroalimentaire-en-afrique-2021-2022-pour-les-entreprises-agroalimentaires-en-afrique.html	200	text/html
20210731193430	https://promouvoircompetences.com/bourse-609-bourses-detudes-de-premier-cycle-et-de-troisieme-cycle-du-petroleum-technology-development-fund-ptdf-2021-2022-pour-etudes-dans-les-universites-federales-nigerianes.html	200	text/html
20210731195735	https://promouvoircompetences.com/bourse-610-bourses-detudes-superieures-nigeria-lng-limited-pour-etudier-au-royaume-uni-2021.html	200	text/html
20210731180551	https://promouvoircompetences.com/bourse-611-bourses-d-etudes-professionnelles-du-commonwealth-pour-les-professionnels-a-mi-carriere-pour-etudier-au-royaume-uni-entierement-finance-2021-2022.html	200	text/html
20210731182410	https://promouvoircompetences.com/bourse-612-bourses-d-etudes-du-commonwealth-split-site-ph-d-pour-les-pays-a-revenu-faible-et-intermediaire-pour-etudier-au-royaume-uni-entierement-finance-2021-2022.html	200	text/html
20210920225347	https://promouvoircompetences.com/bourse-661-candidature-ouverte-pour-la-bourse-d-etudes-middle-tennessee-state-university-mtsu.html	200	text/html
20210920224343	https://promouvoircompetences.com/bourse-662-government-of-ireland-scholarship-programs-2022-2023.html	200	text/html
20210920222016	https://promouvoircompetences.com/bourse-663-programmes-de-bourses-d-etudes-du-gouvernement-irlandais-2022-2023.html	200	text/html
20210920233122	https://promouvoircompetences.com/bourse-664-liste-complete-des-bourses-d-etudes-pour-etudier-la-medecine-au-canada.html	200	text/html
20210920235344	https://promouvoircompetences.com/bourse-665-the-complete-scholarships-list-to-study-medicine-or-dentistry-in-canada.html	200	text/html
20241221194017	https://promouvoircompetences.com/bourse-666-le-programme-de-bourses-d-etudes-de-maitrise-et-de-doctorat-wits-tub-unilag-urban-lab-2022-en-etudes-urbaines.html	200	text/html
20241221225707	https://promouvoircompetences.com/bourse-667-bourses-d-etudes-de-doctorat-du-commonwealth-2022-2023-pour-des-etudes-doctorales-a-temps-plein-dans-une-universite-britannique-entierement-financees.html	200	text/html
20241221195830	https://promouvoircompetences.com/bourse-668-programme-de-bourses-d-etudes-mondiales-cifar-azrieli-2022-2024-pour-les-chercheurs-en-debut-de-carriere-financement-de-100-000-can.html	200	text/html
20241221193518	https://promouvoircompetences.com/bourse-669-bourse-d-etudes-genevieve-mcmillan-reba-stewart-foundation-2022-2023-pour-etudiants-de-premier-cycle-dans-les-pays-d-afrique-subsaharienne-sciences-po.html	200	text/html
20241221193841	https://promouvoircompetences.com/bourse-670-bourse-d-etudes-emile-boutmy-2022-2023-pour-etudiants-internationaux-a-sciences-po-france.html	200	text/html
20241221195535	https://promouvoircompetences.com/bourse-671-emile-boutmy-scholarship-2022-2023-for-international-students-at-sciences-po-france.html	200	text/html
20241221201839	https://promouvoircompetences.com/bourse-708-bourse-d-etudes-d-excellence-eiffel-2022-a-l-universite-de-nantes.html	200	text/html
20241221193725	https://promouvoircompetences.com/bourse-709-eiffel-excellence-scholarship-2022-at-the-university-of-nantes.html	200	text/html
20241221215951	https://promouvoircompetences.com/bourse-710-bourse-d-etudes-d-excellence-eiffel-2022-a-l-universite-dorleans.html	200	text/html
20241221193458	https://promouvoircompetences.com/bourse-711-eiffel-excellence-scholarship-2022-at-the-university-of-orleans.html	200	text/html
20241221200223	https://promouvoircompetences.com/bourse-712-bourse-d-etudes-d-excellence-eiffel-2022-a-l-universite-de-toulon.html	200	text/html
20241221193219	https://promouvoircompetences.com/bourse-713-eiffel-2022-scholarship-for-excellence-at-the-university-of-toulon.html	200	text/html
20241221193759	https://promouvoircompetences.com/bourse-714-bourse-d-etudes-d-excellence-eiffel-2022-a-l-universite-toulouse-iii.html	200	text/html
20241221193037	https://promouvoircompetences.com/bourse-715-eiffel-2022-excellence-scholarship-at-the-university-toulouse-iii.html	200	text/html
20241221193845	https://promouvoircompetences.com/bourse-716-bourse-d-etudes-d-excellence-eiffel-2022-a-l-universite-paris-nanterre.html	200	text/html
20241221192957	https://promouvoircompetences.com/bourse-717-eiffel-excellence-scholarship-2022-at-the-university-of-paris-nanterre.html	200	text/html
20241221201327	https://promouvoircompetences.com/bourse-718-bourse-d-etudes-d-excellence-eiffel-2022-a-l-universite-de-pau-et-des-pays-de-ladour-uppa.html	200	text/html
20241221193809	https://promouvoircompetences.com/bourse-719-eiffel-2022-scholarship-for-excellence-at-the-university-of-pau-et-des-pays-de-l-adour-uppa.html	200	text/html
20220821151731	https://promouvoircompetences.com/bourse-748-bourses-d-etudes-de-mobilite-entrantes-et-sortantes-du-labex-efl-2022-paris-france.html	200	text/html
20220821151727	https://promouvoircompetences.com/bourse-749-incoming-and-outgoing-labex-efl-mobility-grants-paris-france.html	200	text/html
20220821151730	https://promouvoircompetences.com/bourse-750-bourses-d-etudes-de-master-sophie-germain-et-bourses-phd-track.html	200	text/html
20220821151729	https://promouvoircompetences.com/bourse-751-sophie-germain-master-s-scholarships-and-phd-track-scholarships.html	200	text/html
20220821151728	https://promouvoircompetences.com/bourse-752-bourses-d-etudes-d-excellence-ampere-de-l-ens-de-lyon-2022-2023.html	200	text/html
20220821151733	https://promouvoircompetences.com/bourse-753-ampere-scholarships-of-excellence-of-the-ens-de-lyon-2022-2023.html	200	text/html
20220821151817	https://promouvoircompetences.com/bourse-754-bourses-d-etudes-internationales-de-premier-cycle-en-mathematiques-d-edimbourg-2022-2023.html	200	text/html
20220821151712	https://promouvoircompetences.com/bourse-755-edinburgh-global-undergraduate-mathematics-scholarships-2022-2023.html	200	text/html
20220821151801	https://promouvoircompetences.com/bourse-756-bourses-d-etudes-reine-elizabeth-du-commonwealth-qecs-2022-2023-pour-les-etudes-de-master-entierement-financees.html	200	text/html
20220821151716	https://promouvoircompetences.com/bourse-757-queen-elizabeth-commonwealth-scholarships-qecs-2022-2023-for-masters-study-fully-funded.html	200	text/html
20220821151734	https://promouvoircompetences.com/bourse-758-bourse-d-etudes-global-business-school-network-gbsn-2021-2022-pour-etudiants-de-pays-en-developpement.html	200	text/html
20220821151743	https://promouvoircompetences.com/bourse-759-global-business-school-network-gbsn-scholarship-2021-2022-for-students-from-developing-countries.html	200	text/html
20220821151745	https://promouvoircompetences.com/bourse-791-bourses-de-la-fondation-aga-khan-pour-les-etudiants-internationaux-2022-2023.html	200	text/html
20220821151731	https://promouvoircompetences.com/bourse-792-aga-khan-foundation-scholarships-for-international-students-2022-2023.html	200	text/html
20220821151716	https://promouvoircompetences.com/bourse-793-bourse-d-etudes-du-gouvernement-du-brunei-darussalam.html	200	text/html
20220821151759	https://promouvoircompetences.com/bourse-794-government-of-brunei-darussalam-scholarship.html	200	text/html
20220821151717	https://promouvoircompetences.com/bourse-795-bourses-d-etudes-internationales-de-master-idex-de-l-universite-paris-saclay-2022-2023.html	200	text/html
20220821151724	https://promouvoircompetences.com/bourse-796-university-of-paris-saclay-idex-international-master-s-scholarships-2022-2023.html	200	text/html
20220821151733	https://promouvoircompetences.com/bourse-797-bourses-d-etudes-esed-education-for-sustainable-energy-development-pour-les-etudiants-internationaux-2022-2023.html	200	text/html
20220821151720	https://promouvoircompetences.com/bourse-798-the-education-for-sustainable-energy-development-esed-scholarship-program-2022-2023.html	200	text/html
20220821151720	https://promouvoircompetences.com/bourse-805-bourses-d-etudes-e4d-de-l-eth-zurich-2022-2023.html	200	text/html
20220223172428	https://promouvoircompetences.com/bourse-806-e4d-scholarships-programme-at-eth-zurich-2022-2023.html	200	text/html
20220821151725	https://promouvoircompetences.com/bourse-807-bourses-d-etudes-rotary-pour-la-paix-pour-les-etudiants-internationaux.html	200	text/html
20220821151723	https://promouvoircompetences.com/bourse-808-rotary-peace-fellowships-for-international-students.html	200	text/html
20220821151712	https://promouvoircompetences.com/bourse-815-bourses-d-etudes-de-master-de-luniversite-de-birmingham-au-royaume-uni.html	200	text/html
20220821151730	https://promouvoircompetences.com/bourse-816-university-of-birmingham-master-s-scholarships-in-the-uk.html	200	text/html
20220821151733	https://promouvoircompetences.com/bourse-817-bourses-d-etudes-doctorales-de-google-pour-les-etudiants-africains-2022.html	200	text/html
20220821151715	https://promouvoircompetences.com/bourse-818-google-phd-fellowship-program-for-african-students-2022.html	200	text/html
20220821150102	https://promouvoircompetences.com/bourse-819-bourses-d-etudes-dexcellence-master-de-lepfl-en-suisse.html	200	text/html
20220821150034	https://promouvoircompetences.com/bourse-820-epfl-master-excellence-fellowships-in-switzerland.html	200	text/html
20220821150116	https://promouvoircompetences.com/bourse-821-bourses-detudes-de-luniversite-de-calabre-pour-etudiants-internationaux-2022-2023.html	200	text/html
20220821150038	https://promouvoircompetences.com/bourse-822-university-of-calabria-scholarships-for-foreign-students-2022-2023.html	200	text/html
20220821150038	https://promouvoircompetences.com/bourse-823-bourses-detudes-de-luniversite-de-milan-pour-les-etudiants-internationaux-2022-2023.html	200	text/html
20220821150112	https://promouvoircompetences.com/bourse-824-university-of-milan-scholarships-for-international-students-2022-2023.html	200	text/html
20220821150316	https://promouvoircompetences.com/bourse-825-bourses-d-etudes-de-luniversite-de-malte-2022-2023.html	200	text/html
20220821150101	https://promouvoircompetences.com/bourse-826-university-of-malta-scholarships-2022-2023.html	200	text/html
20220821150631	https://promouvoircompetences.com/bourse-827-bourses-detudes-pour-etudiants-internationaux-a-luniversite-de-pavie-2022-2023.html	200	text/html
20220821150059	https://promouvoircompetences.com/bourse-828-scholarships-for-international-students-at-the-university-of-pavia-2022-2023.html	200	text/html
20220821150123	https://promouvoircompetences.com/bourse-829-bourses-d-etudes-de-l-universite-khalifa-2022-2023-aux-emirats-arabes-unis-entierement-financees.html	200	text/html
20220821150105	https://promouvoircompetences.com/bourse-830-khalifa-university-scholarships-2022-2023-in-united-arab-emirates-fully-funded.html	200	text/html
20220821150057	https://promouvoircompetences.com/bourse-831-bourses-d-etudes-du-programme-de-formation-a-la-recherche-du-gouvernement-australien-a-l-universite-flinders-2022-2023.html	200	text/html
20220821150042	https://promouvoircompetences.com/bourse-832-australian-government-research-training-program-scholarship-at-flinders-university-2022-2023.html	200	text/html
20220821150038	https://promouvoircompetences.com/bourse-833-bourses-d-etudes-schwarzman-scholars-2023-en-chine-entierement-finance.html	200	text/html
20220821150041	https://promouvoircompetences.com/bourse-834-schwarzman-scholars-program-2023-in-china-for-international-student-fully-funded.html	200	text/html
20220821133746	https://promouvoircompetences.com/bourse-835-bourses-d-etudes-de-master-pour-les-etudiants-internationaux-au-politecnico-di-milano-en-italie-2022.html	200	text/html
20220821133714	https://promouvoircompetences.com/bourse-836-politecnico-di-milano-scholarships-for-international-students-2022.html	200	text/html
20220821133720	https://promouvoircompetences.com/bourse-837-bourse-d-etudes-de-master-mobiliti-healthtech-a-luniversite-de-strasbourg-2022.html	200	text/html
20220821133728	https://promouvoircompetences.com/bourse-838-mobil-iti-healthtech-master-fellowship-at-the-university-of-strasbourg-2022.html	200	text/html
20220821133732	https://promouvoircompetences.com/bourse-841-bourses-d-etudes-minerva-scholarship-fund-a-l-universite-de-leyde-aux-pays-bas-2023.html	200	text/html
20220821133729	https://promouvoircompetences.com/bourse-842-minerva-scholarship-fund-at-leiden-university-in-netherlands-2023.html	200	text/html
20230521051754	https://promouvoircompetences.com/bourse-844-bourses-d-etudes-de-master-2023-a-l-universite-de-lausanne-unil-partiellement-financees.html	200	text/html
20230517101754	https://promouvoircompetences.com/bourse-845-master-s-scholarships-2023-at-the-university-of-lausanne-unil-partially-funded.html	200	text/html
20230517074817	https://promouvoircompetences.com/bourse-846-bourses-d-etudes-gates-cambridge-2023-2024-pour-les-etudiants-internationaux-entierement-financee.html	200	text/html
20230521051724	https://promouvoircompetences.com/bourse-847-gates-cambridge-scholarships-2023-2024-for-international-students-fully-funded.html	200	text/html
20230517100705	https://promouvoircompetences.com/bourse-850-bourses-d-etudes-britanniques-chevening-au-royaume-uni-pour-les-etudiants-internationaux-entierement-financees.html	200	text/html
20230517081327	https://promouvoircompetences.com/bourse-851-british-chevening-scholarships-in-uk-for-international-students-fully-funded.html	200	text/html
20230517153030	https://promouvoircompetences.com/bourse-852-bourses-d-etudes-superieures-du-canada-vanier-besc-vanier.html	200	text/html
20230517111619	https://promouvoircompetences.com/bourse-853-vanier-canada-graduate-scholarships-vanier-cgs-2023.html	200	text/html
20230517111237	https://promouvoircompetences.com/bourse-854-bourses-d-etudes-d-excellence-du-gouvernement-suisse-pour-chercheurs-et-artistes-etrangers-pour-l-annee-academique-2023-2024.html	200	text/html
20230521050739	https://promouvoircompetences.com/bourse-855-swiss-government-excellence-scholarships-for-foreign-scholars-and-artists-for-the-2023-2024-academic-year.html	200	text/html
20230521054430	https://promouvoircompetences.com/bourse-856-bourses-d-etudes-de-selection-internationale-de-l-ens-session-2023.html	200	text/html
20230517102652	https://promouvoircompetences.com/bourse-857-ens-international-selection-scholarships-2023-session.html	200	text/html
20230517085837	https://promouvoircompetences.com/bourse-858-bourses-lester-b-pearson-pour-etudiants-internationaux-a-l-universite-de-toronto-2023.html	200	text/html
20230517075504	https://promouvoircompetences.com/bourse-859-lester-b-pearson-international-students-scholarships-at-university-of-toronto-2023.html	200	text/html
20230517093924	https://promouvoircompetences.com/bourse-860-bourses-d-etudes-2023-de-l-universite-de-la-colombie-britannique-pour-les-etudiants-internationaux.html	200	text/html
20230517192154	https://promouvoircompetences.com/bourse-861-university-of-british-columbia-2023-scholarships-for-international-students.html	200	text/html
20230517145144	https://promouvoircompetences.com/bourse-862-bourse-d-etudes-d-entree-internationale-de-l-universite-de-calgary-2023-2024.html	200	text/html
20230521062754	https://promouvoircompetences.com/bourse-863-university-of-calgary-international-entrance-scholarship-2023-2024.html	200	text/html
20230517095559	https://promouvoircompetences.com/bourse-865-hansen-leadership-institute-fellows-program-2023-fully-funded.html	200	text/html
20230521075815	https://promouvoircompetences.com/bourse-866-bourses-d-etudes-dexcellence-de-luniversite-dutrecht-2023-2024-licence.html	200	text/html
20230517074012	https://promouvoircompetences.com/bourse-867-utrecht-university-excellence-scholarships-2023-2024-bachelor.html	200	text/html
20230517074408	https://promouvoircompetences.com/bourse-868-bourses-detudes-de-master-de-luniversite-de-twente-aux-pays-bas-2023.html	200	text/html
20230517094917	https://promouvoircompetences.com/bourse-869-master-s-university-of-twente-scholarships-uts-in-netherlands-2023.html	200	text/html
20230517172214	https://promouvoircompetences.com/bourse-870-bourses-detudes-de-la-federation-de-russie-pour-etudiants-etrangers-2023-2024.html	200	text/html
20230517090723	https://promouvoircompetences.com/bourse-871-russian-federation-scholarships-program-2023-2024.html	200	text/html
20230521073947	https://promouvoircompetences.com/bourse-872-bourses-d-etudes-de-master-du-commonwealth-pour-les-pays-en-developpement-du-commonwealth-annee-academique-2023-2024.html	200	text/html
20230517122440	https://promouvoircompetences.com/bourse-873-commonwealth-masters-scholarships-for-developing-commonwealth-countries-2023-2024-academic-year.html	200	text/html
20230517154125	https://promouvoircompetences.com/bourse-874-bourses-d-etudes-reach-oxford-pour-les-etudiants-des-pays-en-developpement-2023.html	200	text/html
20230517105737	https://promouvoircompetences.com/bourse-875-reach-oxford-scholarships-for-developing-country-students-2023.html	200	text/html
20230517123105	https://promouvoircompetences.com/bourse-876-programme-de-bourses-2023-de-leadership-de-la-fondation-mo-ibrahim.html	200	text/html
20230517091224	https://promouvoircompetences.com/bourse-877-2023-mo-ibrahim-foundation-leadership-followship-program.html	200	text/html
20230517092522	https://promouvoircompetences.com/bourse-878-bourse-d-etudes-emerging-global-leader-de-l-universite-americaine-2023.html	200	text/html
20230517115138	https://promouvoircompetences.com/bourse-879-american-university-emerging-global-leader-scholarship-2023.html	200	text/html
20230517091516	https://promouvoircompetences.com/bourse-880-bourses-d-etudes-de-recherche-singa-2023.html	200	text/html
20230521100018	https://promouvoircompetences.com/bourse-881-singapore-international-graduate-award-2023.html	200	text/html
20230521165544	https://promouvoircompetences.com/bourse-882-programme-de-bourses-d-etudes-d-excellence-eiffel-2023-2024-pour-les-etudiants-etrangers.html	200	text/html
20230517074200	https://promouvoircompetences.com/bourse-883-eiffel-scholarship-program-of-excellence-2023-2024-for-foreign-students-fully-funded.html	200	text/html
20230521052154	https://promouvoircompetences.com/bourse-884-bourses-d-etudes-d-excellence-eiffel-a-l-universite-sorbonne-nouvelle-annee-academique-2023-2024.html	200	text/html
20230517120113	https://promouvoircompetences.com/bourse-885-sorbonne-nouvelle-university-eiffel-scholarship-of-excellence-2023-2024-academic-year.html	200	text/html
20230517080415	https://promouvoircompetences.com/bourse-886-bourses-d-etudes-d-excellence-eiffel-a-l-universite-de-caen-normandie-annee-academique-2023-2024.html	200	text/html
20230517112435	https://promouvoircompetences.com/bourse-887-eiffel-excellence-scholarships-at-the-university-of-caen-normandy-2023-2024-academic-year.html	200	text/html
20230517071200	https://promouvoircompetences.com/bourse-888-bourses-d-etudes-d-excellence-eiffel-a-l-universite-paris-saclay-annee-academique-2023-2024.html	200	text/html
20221128184935	https://promouvoircompetences.com/bourse-889-eiffel-excellence-scholarships-at-paris-saclay-university-2023-2024-academic-year.html	200	text/html
20221128185213	https://promouvoircompetences.com/bourse-890-bourse-d-etudes-d-excellence-eiffel-a-l-universite-d-orleans-annee-universitaire-2023-2024.html	200	text/html
20221128174134	https://promouvoircompetences.com/bourse-891-eiffel-excellence-scholarships-at-university-of-orleans-2023-2024-academic-year.html	200	text/html
20221128174356	https://promouvoircompetences.com/bourse-892-bourses-d-etudes-d-excellence-eiffel-de-master-a-l-universite-grenoble-alpes-annee-universitaire-2023-2024.html	200	text/html
20221128180544	https://promouvoircompetences.com/bourse-893-eiffel-master-s-scholarships-for-excellence-at-universite-grenoble-alpes-academic-year-2023-2024.html	200	text/html
20230517085011	https://promouvoircompetences.com/bourse-894-programme-de-bourses-d-etudes-dete-2023-de-luniversite-de-lausanne-en-suisse.html	200	text/html
20230517084900	https://promouvoircompetences.com/bourse-895-university-of-lausanne-summer-undergraduate-research-programme-2023-in-switzerland-for-international-students.html	200	text/html
20230517112005	https://promouvoircompetences.com/bourse-896-programme-de-bourses-d-etudes-2023-2024-du-gouvernement-roumain.html	200	text/html
20230323022946	https://promouvoircompetences.com/bourse-897-2023-2024-romanian-government-scholarship-programme.html	200	text/html
20230323021240	https://promouvoircompetences.com/bourse-898-bourses-d-etudes-de-l-institut-des-sciences-et-technologies-de-gwangju-pour-les-etudiants-internationaux-entierement-financees.html	200	text/html
20230323024132	https://promouvoircompetences.com/bourse-899-gwangju-institute-of-science-and-technology-scholarships-for-international-students-fully-funded.html	200	text/html
20230323011842	https://promouvoircompetences.com/bourse-900-bourse-d-etudes-de-formation-continue-e4d-en-suisse-2023-2024-entierement-financee.html	200	text/html
20230323014848	https://promouvoircompetences.com/bourse-901-e4d-continuing-education-scholarship-in-switzerland-2023-2024-fully-funded.html	200	text/html
20230517205033	https://promouvoircompetences.com/bourse-902-bourse-d-etudes-de-master-deepmind-de-l-universite-queen-mary-2023-entierement-financee.html	200	text/html
20230517070732	https://promouvoircompetences.com/bourse-903-queen-mary-university-of-london-deepmind-master-s-scholarship-2023-fully-funded.html	200	text/html
20230517110452	https://promouvoircompetences.com/bourse-904-bourse-d-etudes-mandela-rhodes-pour-les-etudiants-africains-2024-financement-complet.html	200	text/html
20230517092733	https://promouvoircompetences.com/bourse-905-mandela-rhodes-scholarship-for-african-students-2024-fully-funded.html	200	text/html
20230517110106	https://promouvoircompetences.com/bourse-906-bourses-d-etudes-de-doctorat-google-pour-les-etudiants-internationaux-2023.html	200	text/html
20230517075436	https://promouvoircompetences.com/bourse-907-google-phd-fellowship-program-for-international-student-2023.html	200	text/html
20230521060028	https://promouvoircompetences.com/bourse-908-bourses-d-etudes-wascal-2023-pour-les-pays-membres-de-la-cedeao-entierement-financees.html	200	text/html
20230517101115	https://promouvoircompetences.com/bourse-909-wascal-2023-scholarships-for-ecowas-member-countries-fully-funded.html	200	text/html
20200920225117	https://promouvoircompetences.com/bourses-fr.html	200	text/html
20210613075643	https://promouvoircompetences.com/bourses.html	200	text/html
20201030123627	https://promouvoircompetences.com/bourses.php?l=fr	200	text/html
20250218100425	https://promouvoircompetences.com/bourses.php?l=fr&page=3	200	text/html
20250218102213	https://promouvoircompetences.com/bourses.php?l=fr&page=4	200	text/html
20250218103747	https://promouvoircompetences.com/bourses.php?l=fr&page=5	200	text/html
20250218084405	https://promouvoircompetences.com/bourses.php?l=fr&page=6	200	text/html
20250218090949	https://promouvoircompetences.com/bourses.php?l=fr&page=7	200	text/html
20210731181052	https://promouvoircompetences.com/boutiques.php?id=2-boutiques-electronique	200	text/html
20210731190348	https://promouvoircompetences.com/boutiques.php?id=4-quincaillerie	200	text/html
20210301130135	https://promouvoircompetences.com/bw/	200	text/html
20250114031236	https://promouvoircompetences.com/bw/activite-ville.php?ida=11&l=fr	200	text/html
20250219141922	https://promouvoircompetences.com/bw/activite-ville.php?ida=12&l=fr	200	text/html
20250114023709	https://promouvoircompetences.com/bw/activite-ville.php?ida=14&l=fr	200	text/html
20250120032119	https://promouvoircompetences.com/bw/activite-ville.php?ida=15&l=fr	200	text/html
20250114015549	https://promouvoircompetences.com/bw/activite-ville.php?ida=17&l=fr	200	text/html
20250210091308	https://promouvoircompetences.com/bw/activite-ville.php?ida=2&l=fr	200	text/html
20250210095627	https://promouvoircompetences.com/bw/activite-ville.php?ida=23&l=fr	200	text/html
20250120012158	https://promouvoircompetences.com/bw/activite-ville.php?ida=6&l=fr	200	text/html
20250209220902	https://promouvoircompetences.com/bw/activite-ville.php?l=fr	200	text/html
20201128201654	https://promouvoircompetences.com/bw/botswana.php	200	text/html
20230921120440	https://promouvoircompetences.com/bw/cookies.php	200	text/html
20250620195627	https://promouvoircompetences.com/bw/premium-infos.php?l=fr	200	text/html
20230921131002	https://promouvoircompetences.com/bw/question.php?id=214-concours-ebad-2023-senegal-quelles-sont-les-conditions-dates-et-composition-de-dossier	200	text/html
20230921120227	https://promouvoircompetences.com/bw/tge.php?l=fr	200	text/html
20200929134743	https://promouvoircompetences.com/cameroun-fr.html	200	text/html
20201020061332	https://promouvoircompetences.com/cameroun-fr.html?l=fr	200	text/html
20201001191728	https://promouvoircompetences.com/cameroun.html	200	text/html
20210613090546	https://promouvoircompetences.com/cameroun.html?l=fr	200	text/html
20210731191930	https://promouvoircompetences.com/categorie.php?id=2-agriculture-elevage&l=fr	200	text/html
20210731193826	https://promouvoircompetences.com/categorie.php?id=3-telephones	200	text/html
20210731182927	https://promouvoircompetences.com/categorie.php?id=3-telephones&l=fr	200	text/html
20210731180848	https://promouvoircompetences.com/categorie.php?id=5-electricite-fr	200	text/html
20201031063523	https://promouvoircompetences.com/categories-cours.html?id=3	200	text/html
20210731182506	https://promouvoircompetences.com/categories-cours.php?id=3	200	text/html
20210731191321	https://promouvoircompetences.com/categories-cours.php?id=8	200	text/html
20200929130910	https://promouvoircompetences.com/cd/	200	text/html
20250120021441	https://promouvoircompetences.com/cd/activite-ville.php?ida=11&l=fr	200	text/html
20250219160633	https://promouvoircompetences.com/cd/activite-ville.php?ida=12&l=fr	200	text/html
20250114184441	https://promouvoircompetences.com/cd/activite-ville.php?ida=14&l=fr	200	text/html
20250114032540	https://promouvoircompetences.com/cd/activite-ville.php?ida=15&l=fr	200	text/html
20250114204018	https://promouvoircompetences.com/cd/activite-ville.php?ida=17&l=fr	200	text/html
20250206155827	https://promouvoircompetences.com/cd/activite-ville.php?ida=4&l=fr	200	text/html
20250114035435	https://promouvoircompetences.com/cd/activite-ville.php?ida=6&l=fr	200	text/html
20250218095738	https://promouvoircompetences.com/cd/activite-ville.php?ida=7&l=fr	200	text/html
20250209214524	https://promouvoircompetences.com/cd/activite-ville.php?l=fr	200	text/html
20230115204744	https://promouvoircompetences.com/cd/concour.php?id=73-concours-de-recrutement-2021-au-ministere-de-la-defense-cameroun	200	text/html
20240225174503	https://promouvoircompetences.com/cd/contacts-entreprise.php?id=12952-clinique-specialisee-de-ngaliema	200	text/html
20250213223155	https://promouvoircompetences.com/cd/emploi.php?id=2113-superviseur-meal	200	text/html
20250213230050	https://promouvoircompetences.com/cd/emploi.php?id=2124-superviseur-agr	200	text/html
20230323012535	https://promouvoircompetences.com/cd/emploi.php?id=2185-assistante-executive	200	text/html
20250213230129	https://promouvoircompetences.com/cd/entreprise.php?id=12967-coopi-cooperazione-internazionale-rdc	200	text/html
20230323013018	https://promouvoircompetences.com/cd/entreprise.php?id=13025-bensizwe-kinshasa	200	text/html
20230711184731	https://promouvoircompetences.com/cd/langues.php?l=fr	200	text/html
20201128203955	https://promouvoircompetences.com/cd/rdc.php	200	text/html
20241222140834	https://promouvoircompetences.com/cd/result.php?id=8989-meilleurs-laureats-a-l-examen-d-etat-session-2021-a-kinshasa	200	text/html
20241222143500	https://promouvoircompetences.com/cd/resultats-examens.php	200	text/html
20250219050126	https://promouvoircompetences.com/cd/ville.php?id=53507-mudikalunga	200	text/html
20230323021408	https://promouvoircompetences.com/cd/ville.php?id=54932-kinshasa	200	text/html
20250213032910	https://promouvoircompetences.com/cd/ville.php?id=59441-bukavu	200	text/html
20250219050156	https://promouvoircompetences.com/cd/villes.php	200	text/html
20250203174805	https://promouvoircompetences.com/cdn-cgi/challenge-platform/h/b/jsd/r/0.4555245198782398:1738603522:U9uphvnu6ED4sB0EWPopUQa5vXc34SEgkFolaSD2vQ4/90c43f976802169a	200	text/plain
20250203174803	https://promouvoircompetences.com/cdn-cgi/challenge-platform/h/b/scripts/jsd/6682e961b853/main.js?	200	application/javascript
20241203213418	https://promouvoircompetences.com/cdn-cgi/l/email-protection	200	text/html
20211020234304	https://promouvoircompetences.com/cdn-cgi/scripts/5c5dd728/cloudflare-static/email-decode.min.js	200	application/javascript
20200930210828	https://promouvoircompetences.com/centres-formation-pro-fr.html	200	text/html
20250623223113	https://promouvoircompetences.com/centres-formation-pro.html	200	text/html
20260610125300	https://promouvoircompetences.com/centres-formation-pro.php?&page=3	200	text/html
20260610123935	https://promouvoircompetences.com/centres-formation-pro.php?&page=4	200	text/html
20260610122100	https://promouvoircompetences.com/centres-formation-pro.php?&page=5	200	text/html
20260610121515	https://promouvoircompetences.com/centres-formation-pro.php?&page=57	200	text/html
20260610121043	https://promouvoircompetences.com/centres-formation-pro.php?&page=6	200	text/html
20260610115815	https://promouvoircompetences.com/centres-formation-pro.php?&page=7	200	text/html
20201030125759	https://promouvoircompetences.com/centres-formation-pro.php?l=fr	200	text/html
20260610113814	https://promouvoircompetences.com/centres-formation-pro.php?lettre=A	200	text/html
20260610124343	https://promouvoircompetences.com/centres-formation-pro.php?lettre=B	200	text/html
20260610120339	https://promouvoircompetences.com/centres-formation-pro.php?lettre=C	200	text/html
20260610130018	https://promouvoircompetences.com/centres-formation-pro.php?lettre=D	200	text/html
20260610122241	https://promouvoircompetences.com/centres-formation-pro.php?lettre=E	200	text/html
20260610114709	https://promouvoircompetences.com/centres-formation-pro.php?lettre=F	200	text/html
20260610124927	https://promouvoircompetences.com/centres-formation-pro.php?lettre=G	200	text/html
20260610120829	https://promouvoircompetences.com/centres-formation-pro.php?lettre=H	200	text/html
20260610130411	https://promouvoircompetences.com/centres-formation-pro.php?lettre=I	200	text/html
20260610123018	https://promouvoircompetences.com/centres-formation-pro.php?lettre=J	200	text/html
20260610115254	https://promouvoircompetences.com/centres-formation-pro.php?lettre=K	200	text/html
20260610125405	https://promouvoircompetences.com/centres-formation-pro.php?lettre=L	200	text/html
20260610121251	https://promouvoircompetences.com/centres-formation-pro.php?lettre=M	200	text/html
20260610130951	https://promouvoircompetences.com/centres-formation-pro.php?lettre=N	200	text/html
20260610123632	https://promouvoircompetences.com/centres-formation-pro.php?lettre=O	200	text/html
20260610120006	https://promouvoircompetences.com/centres-formation-pro.php?lettre=P	200	text/html
20260610121705	https://promouvoircompetences.com/centres-formation-pro.php?lettre=R	200	text/html
20260610113629	https://promouvoircompetences.com/centres-formation-pro.php?lettre=S	200	text/html
20260610124254	https://promouvoircompetences.com/centres-formation-pro.php?lettre=T	200	text/html
20260610120248	https://promouvoircompetences.com/centres-formation-pro.php?lettre=U	200	text/html
20260610130000	https://promouvoircompetences.com/centres-formation-pro.php?lettre=V	200	text/html
20260610122158	https://promouvoircompetences.com/centres-formation-pro.php?lettre=W	200	text/html
20260610124904	https://promouvoircompetences.com/centres-formation-pro.php?lettre=Y	200	text/html
20260610120802	https://promouvoircompetences.com/centres-formation-pro.php?lettre=Z	200	text/html
20200930205404	https://promouvoircompetences.com/cf/	200	text/html
20250212070745	https://promouvoircompetences.com/cf/activite-ville.php?ida=1-ou-dormir-a	200	text/html
20250114023331	https://promouvoircompetences.com/cf/activite-ville.php?ida=11&l=fr	200	text/html
20250219155648	https://promouvoircompetences.com/cf/activite-ville.php?ida=12&l=fr	200	text/html
20250714063133	https://promouvoircompetences.com/cf/activite-ville.php?ida=13-ou-trouver-les-professionnels-de-l-habillement-a	200	text/html
20250114041528	https://promouvoircompetences.com/cf/activite-ville.php?ida=14&l=fr	200	text/html
20250714062629	https://promouvoircompetences.com/cf/activite-ville.php?ida=14-entreprises-sociales-a	200	text/html
20250114031215	https://promouvoircompetences.com/cf/activite-ville.php?ida=15&l=fr	200	text/html
20250120030248	https://promouvoircompetences.com/cf/activite-ville.php?ida=17&l=fr	200	text/html
20250206170836	https://promouvoircompetences.com/cf/activite-ville.php?ida=19&l=fr	200	text/html
20250216013722	https://promouvoircompetences.com/cf/activite-ville.php?ida=19-entreprises-d-ingenierie-a	200	text/html
20250216024835	https://promouvoircompetences.com/cf/activite-ville.php?ida=2-ou-manger-a	200	text/html
20250212070232	https://promouvoircompetences.com/cf/activite-ville.php?ida=21-entreprises-de-transport-et-logistique-a	200	text/html
20250210102225	https://promouvoircompetences.com/cf/activite-ville.php?ida=22-entreprises-specialisees-dans-le-demenagement-a	200	text/html
20250615215608	https://promouvoircompetences.com/cf/activite-ville.php?ida=24-ou-trouver-des-entreprises-de-services-aux-entreprises-a	200	text/html
20250218103402	https://promouvoircompetences.com/cf/activite-ville.php?ida=26&l=fr	200	text/html
20250210092201	https://promouvoircompetences.com/cf/activite-ville.php?ida=5-ou-faire-le-marche-a	200	text/html
20250114202638	https://promouvoircompetences.com/cf/activite-ville.php?ida=6&l=fr	200	text/html
20250206163805	https://promouvoircompetences.com/cf/activite-ville.php?ida=6-ou-se-former-a	200	text/html
20250216012842	https://promouvoircompetences.com/cf/activite-ville.php?ida=7-ou-se-soigner-a	200	text/html
20250617175658	https://promouvoircompetences.com/cf/activite-ville.php?ida=9-specialistes-agriculture-a	200	text/html
20250620195952	https://promouvoircompetences.com/cf/activite-ville.php?idm=10	200	text/html
20250216014234	https://promouvoircompetences.com/cf/activite-ville.php?idm=11	200	text/html
20250212072144	https://promouvoircompetences.com/cf/activite-ville.php?idm=13	200	text/html
20250212070316	https://promouvoircompetences.com/cf/activite-ville.php?idm=18	200	text/html
20250615210625	https://promouvoircompetences.com/cf/activite-ville.php?idm=20	200	text/html
20250210090328	https://promouvoircompetences.com/cf/activite-ville.php?idm=23	200	text/html
20250615205108	https://promouvoircompetences.com/cf/activite-ville.php?idm=25	200	text/html
20250212083552	https://promouvoircompetences.com/cf/activite-ville.php?idm=28	200	text/html
20250210090130	https://promouvoircompetences.com/cf/activite-ville.php?idm=30	200	text/html
20250617164741	https://promouvoircompetences.com/cf/activite-ville.php?idm=5	200	text/html
20250210090601	https://promouvoircompetences.com/cf/activite-ville.php?idm=6	200	text/html
20250615215433	https://promouvoircompetences.com/cf/activite-ville.php?idm=7	200	text/html
20250216022715	https://promouvoircompetences.com/cf/activite-ville.php?idm=8	200	text/html
20250212071057	https://promouvoircompetences.com/cf/activite-ville.php?idm=9	200	text/html
20250209213624	https://promouvoircompetences.com/cf/activite-ville.php?l=fr	200	text/html
20250714064757	https://promouvoircompetences.com/cf/ajouterEntreprise.php?l=fr	200	text/html
20250206161950	https://promouvoircompetences.com/cf/ambassades.php	200	text/html
20250212062941	https://promouvoircompetences.com/cf/annuaires.php?l=fr	200	text/html
20250206154753	https://promouvoircompetences.com/cf/conditions.php?id=3-politique-confidentialite-fr	200	text/html
20250216022024	https://promouvoircompetences.com/cf/cours.php?l=fr	200	text/html
20250216021128	https://promouvoircompetences.com/cf/coutumes.php	200	text/html
20250714051452	https://promouvoircompetences.com/cf/emplois.php?l=fr	200	text/html
20250714053701	https://promouvoircompetences.com/cf/epreuves.php?id=fr	200	text/html
20250615204832	https://promouvoircompetences.com/cf/ethnies.php?l=fr	200	text/html
20250206171420	https://promouvoircompetences.com/cf/gastronomie.php?l=fr	200	text/html
20250212082927	https://promouvoircompetences.com/cf/groupes-ethniques.php?l=fr	200	text/html
20250216020033	https://promouvoircompetences.com/cf/langues.php	200	text/html
20230711183342	https://promouvoircompetences.com/cf/langues.php?l=fr	200	text/html
20250210093347	https://promouvoircompetences.com/cf/premium-infos.php?l=fr	200	text/html
20250216025841	https://promouvoircompetences.com/cf/question.php?id=357-ou-consulter-les-resultats-du-concours-d-entree-en-1re-annee-de-l-enastic-2024-au-tchad	200	text/html
20250216014703	https://promouvoircompetences.com/cf/question.php?id=363-vrai-ou-faux-que-le-president-paul-biya-distribue-de-l-argent-aux-camerounais-pour-noel	200	text/html
20201127135307	https://promouvoircompetences.com/cf/rca.php	200	text/html
20250206170403	https://promouvoircompetences.com/cf/rca.php?l=fr	200	text/html
20250206170637	https://promouvoircompetences.com/cf/rubrique.php?id=5-offres-d-emplois	200	text/html
20250206164124	https://promouvoircompetences.com/cf/sites-touristiques.php?l=fr	200	text/html
20211201124246	https://promouvoircompetences.com/cf/symboles.php?id=3-drapeau-republique-centrafricaine	200	text/html
20250615205819	https://promouvoircompetences.com/cf/symboles.php?id=6-assemblee-nationale-republique-centrafricaine	200	text/html
20200929141055	https://promouvoircompetences.com/cg/	200	text/html
20211019154647	https://promouvoircompetences.com/cg/activite-ville.php?ida=10&idv=40933-banques-et-assurances-a-pombo	200	text/html
20211020024035	https://promouvoircompetences.com/cg/activite-ville.php?ida=11&idv=40933-entreprises-automobiles-a-pombo	200	text/html
20211019113029	https://promouvoircompetences.com/cg/activite-ville.php?ida=12&idv=40933-ou-trouver-les-specialistes-de-l-art-et-de-l-artisanat-a-pombo	200	text/html
20250219144314	https://promouvoircompetences.com/cg/activite-ville.php?ida=12&l=fr	200	text/html
20211019050157	https://promouvoircompetences.com/cg/activite-ville.php?ida=13&idv=40933-ou-trouver-les-professionnels-de-l-habillement-a-pombo	200	text/html
20250114025321	https://promouvoircompetences.com/cg/activite-ville.php?ida=14&l=fr	200	text/html
20250114210210	https://promouvoircompetences.com/cg/activite-ville.php?ida=15&l=fr	200	text/html
20250114021953	https://promouvoircompetences.com/cg/activite-ville.php?ida=17&l=fr	200	text/html
20250617164324	https://promouvoircompetences.com/cg/activite-ville.php?ida=19&l=fr	200	text/html
20211019124230	https://promouvoircompetences.com/cg/activite-ville.php?ida=2&idv=40933-ou-manger-a-pombo	200	text/html
20250210093311	https://promouvoircompetences.com/cg/activite-ville.php?ida=2&l=fr	200	text/html
20250212065323	https://promouvoircompetences.com/cg/activite-ville.php?ida=24&l=fr	200	text/html
20250218093042	https://promouvoircompetences.com/cg/activite-ville.php?ida=26&l=fr	200	text/html
20211019110651	https://promouvoircompetences.com/cg/activite-ville.php?ida=3&idv=40933-ou-boire-prendre-un-verre-a-pombo	200	text/html
20211020055901	https://promouvoircompetences.com/cg/activite-ville.php?ida=4&idv=40933-ou-danser-se-defouler-a-pombo	200	text/html
20211020035430	https://promouvoircompetences.com/cg/activite-ville.php?ida=5&idv=40933-ou-faire-le-marche-a-pombo	200	text/html
20211019192929	https://promouvoircompetences.com/cg/activite-ville.php?ida=6&idv=40933-ou-se-former-a-pombo	200	text/html
20250114022037	https://promouvoircompetences.com/cg/activite-ville.php?ida=6&l=fr	200	text/html
20211019050144	https://promouvoircompetences.com/cg/activite-ville.php?ida=7&idv=40933-ou-se-soigner-a-pombo	200	text/html
20250218103905	https://promouvoircompetences.com/cg/activite-ville.php?ida=7&l=fr	200	text/html
20211019195728	https://promouvoircompetences.com/cg/activite-ville.php?ida=8&idv=40933-ou-imprimer-des-documents-a-pombo	200	text/html
20211019110653	https://promouvoircompetences.com/cg/activite-ville.php?ida=9&idv=40933-specialistes-agriculture-a-pombo	200	text/html
20211019110650	https://promouvoircompetences.com/cg/aide.php?l=fr	200	text/html
20211019105847	https://promouvoircompetences.com/cg/ambassades.php	200	text/html
20211019165922	https://promouvoircompetences.com/cg/ambassades.php?l=fr	200	text/html
20211019200740	https://promouvoircompetences.com/cg/annuaires.php?l=fr	200	text/html
20211019191129	https://promouvoircompetences.com/cg/avis.php?l=fr	200	text/html
20211019192000	https://promouvoircompetences.com/cg/bourses.php?id=fr	200	text/html
20211019195738	https://promouvoircompetences.com/cg/concours.php?id=fr	200	text/html
20211020034936	https://promouvoircompetences.com/cg/conditions.php?id=3-politique-confidentialite-fr	200	text/html
20201127132800	https://promouvoircompetences.com/cg/congo.php	200	text/html
20211020055857	https://promouvoircompetences.com/cg/congo.php?l=fr	200	text/html
20211019200724	https://promouvoircompetences.com/cg/contact.php	200	text/html
20211019084543	https://promouvoircompetences.com/cg/contact.php?l=fr	200	text/html
20211019195745	https://promouvoircompetences.com/cg/cookies.php	200	text/html
20211019124748	https://promouvoircompetences.com/cg/cours.php?id=fr	200	text/html
20211019193315	https://promouvoircompetences.com/cg/cours.php?l=fr	200	text/html
20211020023931	https://promouvoircompetences.com/cg/coutumes.php	200	text/html
20211020031654	https://promouvoircompetences.com/cg/coutumes.php?l=fr	200	text/html
20211019105849	https://promouvoircompetences.com/cg/cu.php	200	text/html
20211019174354	https://promouvoircompetences.com/cg/departement.php?id=2824-abala&l=fr	200	text/html
20211020024046	https://promouvoircompetences.com/cg/departement.php?id=2825-allembe&l=fr	200	text/html
20211019124745	https://promouvoircompetences.com/cg/departement.php?id=2826-djambala&l=fr	200	text/html
20211019195722	https://promouvoircompetences.com/cg/departement.php?id=2828-lekana&l=fr	200	text/html
20211019170852	https://promouvoircompetences.com/cg/departement.php?id=2829-makotimpoko&l=fr	200	text/html
20211020034932	https://promouvoircompetences.com/cg/departement.php?id=2830-mbon&l=fr	200	text/html
20211019150323	https://promouvoircompetences.com/cg/departement.php?id=2831-mpouya&l=fr	200	text/html
20211019200729	https://promouvoircompetences.com/cg/departement.php?id=2832-ngo&l=fr	200	text/html
20211020034925	https://promouvoircompetences.com/cg/departement.php?id=2833-ollombo	200	text/html
20211019050146	https://promouvoircompetences.com/cg/departement.php?id=2833-ollombo&l=fr	200	text/html
20211019191148	https://promouvoircompetences.com/cg/departement.php?id=2834-ongogni&l=fr	200	text/html
20211019191949	https://promouvoircompetences.com/cg/departements.php	200	text/html
20211020035441	https://promouvoircompetences.com/cg/devenir-correcteur.php?l=fr	200	text/html
20211020055907	https://promouvoircompetences.com/cg/emplois.php	200	text/html
20211020053405	https://promouvoircompetences.com/cg/emplois.php?l=fr	200	text/html
20211019200731	https://promouvoircompetences.com/cg/entreprises.php?l=fr	200	text/html
20211019050208	https://promouvoircompetences.com/cg/epreuves.php?id=fr	200	text/html
20211019195717	https://promouvoircompetences.com/cg/epreuves.php?l=fr	200	text/html
20211019191155	https://promouvoircompetences.com/cg/ethnies.php	200	text/html
20211020034929	https://promouvoircompetences.com/cg/ethnies.php?l=fr	200	text/html
20211019191132	https://promouvoircompetences.com/cg/exposition.php?l=fr	200	text/html
20211019050154	https://promouvoircompetences.com/cg/formalites.php	200	text/html
20211019150320	https://promouvoircompetences.com/cg/formalites.php?l=fr	200	text/html
20211019170858	https://promouvoircompetences.com/cg/gastronomie.php	200	text/html
20211019193322	https://promouvoircompetences.com/cg/gastronomie.php?l=fr	200	text/html
20211019154651	https://promouvoircompetences.com/cg/groupes-ethniques.php	200	text/html
20211019084607	https://promouvoircompetences.com/cg/groupes-ethniques.php?l=fr	200	text/html
20211019124741	https://promouvoircompetences.com/cg/inscription.php	200	text/html
20211019192930	https://promouvoircompetences.com/cg/langues.php	200	text/html
20211019195732	https://promouvoircompetences.com/cg/langues.php?l=fr	200	text/html
20211019150319	https://promouvoircompetences.com/cg/libre-parole.php?l=fr	200	text/html
20211019200742	https://promouvoircompetences.com/cg/market.php?l=fr	200	text/html
20211020031657	https://promouvoircompetences.com/cg/metiers.php?l=fr	200	text/html
20211019195736	https://promouvoircompetences.com/cg/micro-entreprises.php?l=fr	200	text/html
20211019165924	https://promouvoircompetences.com/cg/pme.php?l=fr	200	text/html
20211020053402	https://promouvoircompetences.com/cg/premium-infos.php?l=fr	200	text/html
20211020055915	https://promouvoircompetences.com/cg/proposercours.php?l=fr	200	text/html
20211019193323	https://promouvoircompetences.com/cg/publicite.php?l=fr	200	text/html
20211020034921	https://promouvoircompetences.com/cg/question.php?id=42-ou-telecharger-les-listes-des-resultats-au-bac-2021-aux-comores	200	text/html
20211019191946	https://promouvoircompetences.com/cg/question.php?id=43-pouvez-vous-me-donner-les-pdf-des-listes-des-admis-au-baccalaureat-malien-2021	200	text/html
20211019124228	https://promouvoircompetences.com/cg/question.php?id=44-quelles-sont-les-statistiques-des-resultats-au-baccalaureat-malien-2021	200	text/html
20211019051939	https://promouvoircompetences.com/cg/question.php?id=45-comment-verifier-le-statut-de-ma-cni-en-ligne-en-cote-d-ivoire	200	text/html
20211019193313	https://promouvoircompetences.com/cg/question.php?id=46-ma-cni-expire-le-31-decembre-2021-comment-faire-pour-avoir-la-nouvelle-cni	200	text/html
20211020024019	https://promouvoircompetences.com/cg/question.php?id=47-comment-consulter-les-resultats-du-bepc-2021-aux-comores	200	text/html
20211019154645	https://promouvoircompetences.com/cg/question.php?id=48-pourquoi-je-rencontre-des-problemes-avec-mon-whatsapp-ce-04-octobre-2021	200	text/html
20211019191944	https://promouvoircompetences.com/cg/question.php?id=49-comment-obtenir-les-resultats-du-brevet-de-technicien-2021-au-mali	200	text/html
20211019124225	https://promouvoircompetences.com/cg/question.php?id=50-comment-resoudre-l-erreur-surcharge-au-niveau-du-cable-antenne	200	text/html
20211019050156	https://promouvoircompetences.com/cg/question.php?id=51-c-est-quoi-cette-histoire-de-42-45-ou-77-mauvais-jours-de-l-annee	200	text/html
20211019200722	https://promouvoircompetences.com/cg/questions.php?l=fr	200	text/html
20211019163032	https://promouvoircompetences.com/cg/region.php?id=100-sangha&l=fr	200	text/html
20211020034842	https://promouvoircompetences.com/cg/region.php?id=101-cuvette-ouest&l=fr	200	text/html
20211019192002	https://promouvoircompetences.com/cg/region.php?id=102-cuvette&l=fr	200	text/html
20211019191136	https://promouvoircompetences.com/cg/region.php?id=103-plateaux	200	text/html
20211019191958	https://promouvoircompetences.com/cg/region.php?id=103-plateaux&l=fr	200	text/html
20211020055912	https://promouvoircompetences.com/cg/region.php?id=104-pool&l=fr	200	text/html
20211019050204	https://promouvoircompetences.com/cg/region.php?id=105-bouenza&l=fr	200	text/html
20211019200746	https://promouvoircompetences.com/cg/region.php?id=106-lekoumou&l=fr	200	text/html
20211019195720	https://promouvoircompetences.com/cg/region.php?id=107-niari&l=fr	200	text/html
20211020035434	https://promouvoircompetences.com/cg/region.php?id=108-kouilou&l=fr	200	text/html
20211019195734	https://promouvoircompetences.com/cg/region.php?id=109-brazzaville&l=fr	200	text/html
20211019110659	https://promouvoircompetences.com/cg/region.php?id=403-point-noire&l=fr	200	text/html
20211019084132	https://promouvoircompetences.com/cg/region.php?id=99-likouala&l=fr	200	text/html
20211019084127	https://promouvoircompetences.com/cg/regions.php	200	text/html
20211019200732	https://promouvoircompetences.com/cg/regions.php?l=fr	200	text/html
20211020034845	https://promouvoircompetences.com/cg/resultats-examens.php?id=fr	200	text/html
20211020034839	https://promouvoircompetences.com/cg/resultats-examens.php?l=fr	200	text/html
20211019084135	https://promouvoircompetences.com/cg/rubrique.php?id=1-generalites	200	text/html
20211019191201	https://promouvoircompetences.com/cg/rubrique.php?id=2-avantages-d-avoir-un-compte	200	text/html
20211019165926	https://promouvoircompetences.com/cg/rubrique.php?id=3-annuaires	200	text/html
20211020053421	https://promouvoircompetences.com/cg/rubrique.php?id=4-proposer-un-cours	200	text/html
20211019163047	https://promouvoircompetences.com/cg/rubrique.php?id=5-offres-d-emplois	200	text/html
20211019113035	https://promouvoircompetences.com/cg/rubrique.php?id=6-mise-en-relation-prestataires-clients-et-vice-versa	200	text/html
20211019195740	https://promouvoircompetences.com/cg/rubrique.php?id=8-compte-pro	200	text/html
20211019170900	https://promouvoircompetences.com/cg/rubrique.php?id=9-correction-d-epreuves-d-examens-et-concours	200	text/html
20211019112526	https://promouvoircompetences.com/cg/sites-touristiques.php	200	text/html
20211019110657	https://promouvoircompetences.com/cg/sites-touristiques.php?l=fr	200	text/html
20211019113034	https://promouvoircompetences.com/cg/symboles.php?id=1-devise-nationale-congo	200	text/html
20211019084130	https://promouvoircompetences.com/cg/symboles.php?id=2-hymne-national-congo	200	text/html
20211019112525	https://promouvoircompetences.com/cg/symboles.php?id=3-drapeau-congo	200	text/html
20211019191955	https://promouvoircompetences.com/cg/symboles.php?id=4-armoiries-congo	200	text/html
20211020034931	https://promouvoircompetences.com/cg/symboles.php?id=5-gouvernement-congo	200	text/html
20211020023929	https://promouvoircompetences.com/cg/symboles.php?id=6-assemblee-nationale-congo	200	text/html
20211019200744	https://promouvoircompetences.com/cg/symboles.php?id=7-presidents-congo	200	text/html
20211020053419	https://promouvoircompetences.com/cg/tge.php?l=fr	200	text/html
20211019050207	https://promouvoircompetences.com/cg/tribus.php	200	text/html
20211020034841	https://promouvoircompetences.com/cg/tribus.php?l=fr	200	text/html
20211019191112	https://promouvoircompetences.com/cg/videos.php	200	text/html
20230214054226	https://promouvoircompetences.com/cg/ville.php?id=39150-berandjoko	200	text/html
20211019124744	https://promouvoircompetences.com/cg/ville.php?id=40875-elo-iii	200	text/html
20211020024043	https://promouvoircompetences.com/cg/ville.php?id=40877-elo-i	200	text/html
20211019113031	https://promouvoircompetences.com/cg/ville.php?id=40881-otsini	200	text/html
20211020034927	https://promouvoircompetences.com/cg/ville.php?id=40886-kalanga	200	text/html
20211019193317	https://promouvoircompetences.com/cg/ville.php?id=40888-ongali	200	text/html
20211020053409	https://promouvoircompetences.com/cg/ville.php?id=40896-ala	200	text/html
20211020053413	https://promouvoircompetences.com/cg/ville.php?id=40898-okamamoue	200	text/html
20211019162959	https://promouvoircompetences.com/cg/ville.php?id=40912-bekanga	200	text/html
20211019084545	https://promouvoircompetences.com/cg/ville.php?id=40923-epoundou	200	text/html
20211019110655	https://promouvoircompetences.com/cg/ville.php?id=40925-tzodzo	200	text/html
20211019154649	https://promouvoircompetences.com/cg/ville.php?id=40926-djou	200	text/html
20211020024037	https://promouvoircompetences.com/cg/ville.php?id=40932-akele	200	text/html
20211016204929	https://promouvoircompetences.com/cg/ville.php?id=40933-pombo	200	text/html
20211019200727	https://promouvoircompetences.com/cg/ville.php?id=40937-epinge	200	text/html
20211020053411	https://promouvoircompetences.com/cg/ville.php?id=40943-ngele	200	text/html
20211019192005	https://promouvoircompetences.com/cg/ville.php?id=40944-obo	200	text/html
20211019050159	https://promouvoircompetences.com/cg/ville.php?id=40946-gouene	200	text/html
20211019050201	https://promouvoircompetences.com/cg/ville.php?id=40947-gwene	200	text/html
20211019163019	https://promouvoircompetences.com/cg/ville.php?id=40949-abo	200	text/html
20211019170844	https://promouvoircompetences.com/cg/ville.php?id=40951-gosi-gosi	200	text/html
20211019170829	https://promouvoircompetences.com/cg/ville.php?id=40952-gossi-gossi	200	text/html
20211020024039	https://promouvoircompetences.com/cg/ville.php?id=40953-dinda	200	text/html
20211019191142	https://promouvoircompetences.com/cg/ville.php?id=40954-tsangi	200	text/html
20211019200725	https://promouvoircompetences.com/cg/ville.php?id=40963-lebangui	200	text/html
20211019084129	https://promouvoircompetences.com/cg/ville.php?id=40965-kaba	200	text/html
20211019193319	https://promouvoircompetences.com/cg/ville.php?id=40967-ekouili	200	text/html
20211019191953	https://promouvoircompetences.com/cg/ville.php?id=40969-oyongo	200	text/html
20211019163025	https://promouvoircompetences.com/cg/ville.php?id=40970-tsoulookasa	200	text/html
20211019191957	https://promouvoircompetences.com/cg/ville.php?id=40979-olombo	200	text/html
20211019195730	https://promouvoircompetences.com/cg/ville.php?id=40980-ikouele	200	text/html
20211019165920	https://promouvoircompetences.com/cg/ville.php?id=40982-odzendongo	200	text/html
20211019192001	https://promouvoircompetences.com/cg/ville.php?id=40984-akongo	200	text/html
20211019050202	https://promouvoircompetences.com/cg/ville.php?id=40987-otali	200	text/html
20211020024041	https://promouvoircompetences.com/cg/ville.php?id=40998-sambitsou	200	text/html
20211020055910	https://promouvoircompetences.com/cg/ville.php?id=41000-okoungou	200	text/html
20211019112523	https://promouvoircompetences.com/cg/ville.php?id=41007-akoussika	200	text/html
20211019191951	https://promouvoircompetences.com/cg/ville.php?id=41009-ewasi	200	text/html
20211020023927	https://promouvoircompetences.com/cg/villes.php	200	text/html
20211019124232	https://promouvoircompetences.com/cg/villes.php?l=fr	200	text/html
20211019191947	https://promouvoircompetences.com/cg/?l=en	200	text/html
20211020034922	https://promouvoircompetences.com/cg/?l=es	200	text/html
20211019112520	https://promouvoircompetences.com/cg/?l=fr	200	text/html
20200929135502	https://promouvoircompetences.com/ci/	200	text/html
20230828070947	https://promouvoircompetences.com/ci/activite-ville.php?ida=1&idv=171816-ou-dormir-a-bonahouin	200	text/html
20230827231343	https://promouvoircompetences.com/ci/activite-ville.php?ida=10&idv=171816-banques-et-assurances-a-bonahouin	200	text/html
20250216020947	https://promouvoircompetences.com/ci/activite-ville.php?ida=10-banques-et-assurances-a	200	text/html
20230827231400	https://promouvoircompetences.com/ci/activite-ville.php?ida=11&idv=171816-entreprises-automobiles-a-bonahouin	200	text/html
20250114031908	https://promouvoircompetences.com/ci/activite-ville.php?ida=11&l=fr	200	text/html
20230827231357	https://promouvoircompetences.com/ci/activite-ville.php?ida=12&idv=171816-ou-trouver-les-specialistes-de-l-art-et-de-l-artisanat-a-bonahouin	200	text/html
20250219142919	https://promouvoircompetences.com/ci/activite-ville.php?ida=12&l=fr	200	text/html
20230828070946	https://promouvoircompetences.com/ci/activite-ville.php?ida=13&idv=171816-ou-trouver-les-professionnels-de-l-habillement-a-bonahouin	200	text/html
20230827231350	https://promouvoircompetences.com/ci/activite-ville.php?ida=14&idv=171816-entreprises-sociales-a-bonahouin	200	text/html
20250114024253	https://promouvoircompetences.com/ci/activite-ville.php?ida=14&l=fr	200	text/html
20230827232918	https://promouvoircompetences.com/ci/activite-ville.php?ida=15&idv=171816-ou-trouver-un-notaire-a-bonahouin	200	text/html
20250216031205	https://promouvoircompetences.com/ci/activite-ville.php?ida=15&l=fr&page=10	200	text/html
20250216012751	https://promouvoircompetences.com/ci/activite-ville.php?ida=15&l=fr&page=11	200	text/html
20250216023039	https://promouvoircompetences.com/ci/activite-ville.php?ida=15&l=fr&page=5	200	text/html
20250206165621	https://promouvoircompetences.com/ci/activite-ville.php?ida=15&l=fr&page=7	200	text/html
20230827231401	https://promouvoircompetences.com/ci/activite-ville.php?ida=16&idv=171816-ou-aller-a-l-ecole-a-bonahouin	200	text/html
20250216030433	https://promouvoircompetences.com/ci/activite-ville.php?ida=16-ou-aller-a-l-ecole-a	200	text/html
20230827231348	https://promouvoircompetences.com/ci/activite-ville.php?ida=17&idv=171816-entreprises-de-l-industrie-agroalimentaire-a-bonahouin	200	text/html
20250114020943	https://promouvoircompetences.com/ci/activite-ville.php?ida=17&l=fr	200	text/html
20250210102301	https://promouvoircompetences.com/ci/activite-ville.php?ida=17-entreprises-de-l-industrie-agroalimentaire-a	200	text/html
20230827231346	https://promouvoircompetences.com/ci/activite-ville.php?ida=18&idv=171816-entreprises-du-batiment-a-bonahouin	200	text/html
20230828070947	https://promouvoircompetences.com/ci/activite-ville.php?ida=19&idv=171816-entreprises-d-ingenierie-a-bonahouin	200	text/html
20250210092927	https://promouvoircompetences.com/ci/activite-ville.php?ida=19&l=fr	200	text/html
20230827231407	https://promouvoircompetences.com/ci/activite-ville.php?ida=2&idv=171816-ou-manger-a-bonahouin	200	text/html
20250216014002	https://promouvoircompetences.com/ci/activite-ville.php?ida=2&l=fr	200	text/html
20250615203200	https://promouvoircompetences.com/ci/activite-ville.php?ida=2-ou-manger-a	200	text/html
20230827231409	https://promouvoircompetences.com/ci/activite-ville.php?ida=20&idv=171816-entreprises-de-ressources-humaines-bonahouin	200	text/html
20250216025453	https://promouvoircompetences.com/ci/activite-ville.php?ida=20&l=fr	200	text/html
20230827232919	https://promouvoircompetences.com/ci/activite-ville.php?ida=21&idv=171816-entreprises-de-transport-et-logistique-a-bonahouin	200	text/html
20230827231402	https://promouvoircompetences.com/ci/activite-ville.php?ida=22&idv=171816-entreprises-specialisees-dans-le-demenagement-a-bonahouin	200	text/html
20230827231401	https://promouvoircompetences.com/ci/activite-ville.php?ida=23&idv=171816-ou-trouver-les-entreprises-d-import-export-a-bonahouin	200	text/html
20230827231424	https://promouvoircompetences.com/ci/activite-ville.php?ida=24&idv=171816-ou-trouver-des-entreprises-de-services-aux-entreprises-a-bonahouin	200	text/html
20250206152129	https://promouvoircompetences.com/ci/activite-ville.php?ida=24&l=fr	200	text/html
20230828070948	https://promouvoircompetences.com/ci/activite-ville.php?ida=25&idv=171816-ou-trouver-des-entreprises-de-transit-maritime-a-bonahouin	200	text/html
20230827231351	https://promouvoircompetences.com/ci/activite-ville.php?ida=26&idv=171816-ou-trouver-un-huissier-de-justice-un-cabinet-d-avocats-ou-un-avocat-a-bonahouin	200	text/html
20230827232907	https://promouvoircompetences.com/ci/activite-ville.php?ida=3&idv=171816-ou-boire-prendre-un-verre-a-bonahouin	200	text/html
20230827231345	https://promouvoircompetences.com/ci/activite-ville.php?ida=4&idv=171816-ou-danser-se-defouler-a-bonahouin	200	text/html
20250210100219	https://promouvoircompetences.com/ci/activite-ville.php?ida=4-ou-danser-se-defouler-a	200	text/html
20230827232905	https://promouvoircompetences.com/ci/activite-ville.php?ida=5&idv=171816-ou-faire-le-marche-a-bonahouin	200	text/html
20250615213358	https://promouvoircompetences.com/ci/activite-ville.php?ida=5-ou-faire-le-marche-a	200	text/html
20230827231347	https://promouvoircompetences.com/ci/activite-ville.php?ida=6&idv=171816-ou-se-former-a-bonahouin	200	text/html
20250114021033	https://promouvoircompetences.com/ci/activite-ville.php?ida=6&l=fr	200	text/html
20250617180107	https://promouvoircompetences.com/ci/activite-ville.php?ida=6-ou-se-former-a	200	text/html
20230828070946	https://promouvoircompetences.com/ci/activite-ville.php?ida=7&idv=171816-ou-se-soigner-a-bonahouin	200	text/html
20230827231346	https://promouvoircompetences.com/ci/activite-ville.php?ida=8&idv=171816-ou-imprimer-des-documents-a-bonahouin	200	text/html
20250216020720	https://promouvoircompetences.com/ci/activite-ville.php?ida=8-ou-imprimer-des-documents-a	200	text/html
20230827232917	https://promouvoircompetences.com/ci/activite-ville.php?ida=9&idv=171816-specialistes-agriculture-a-bonahouin	200	text/html
20250206154154	https://promouvoircompetences.com/ci/activite-ville.php?ida=9-specialistes-agriculture-a	200	text/html
20250615215329	https://promouvoircompetences.com/ci/activite-ville.php?idm=1	200	text/html
20250212074624	https://promouvoircompetences.com/ci/activite-ville.php?idm=11	200	text/html
20250216031015	https://promouvoircompetences.com/ci/activite-ville.php?idm=15	200	text/html
20250216021733	https://promouvoircompetences.com/ci/activite-ville.php?idm=16	200	text/html
20250210093656	https://promouvoircompetences.com/ci/activite-ville.php?idm=21	200	text/html
20250210095703	https://promouvoircompetences.com/ci/activite-ville.php?idm=23	200	text/html
20250212062519	https://promouvoircompetences.com/ci/activite-ville.php?idm=24	200	text/html
20250206150422	https://promouvoircompetences.com/ci/activite-ville.php?idm=31	200	text/html
20250206165305	https://promouvoircompetences.com/ci/activite-ville.php?idm=5	200	text/html
20250210092402	https://promouvoircompetences.com/ci/activite-ville.php?idm=7	200	text/html
20230827231406	https://promouvoircompetences.com/ci/aide.php?l=fr	200	text/html
20230827231418	https://promouvoircompetences.com/ci/ambassades.php	200	text/html
20221128192446	https://promouvoircompetences.com/ci/ambassades.php?l=fr	200	text/html
20230827231352	https://promouvoircompetences.com/ci/annuaires.php?l=fr	200	text/html
20221128185838	https://promouvoircompetences.com/ci/avis.php?l=fr	200	text/html
20230827231403	https://promouvoircompetences.com/ci/bourses.php?id=fr	200	text/html
20230828070947	https://promouvoircompetences.com/ci/centres-formation-pro.php?l=fr	200	text/html
20201128194116	https://promouvoircompetences.com/ci/ci.php	200	text/html
20221128185109	https://promouvoircompetences.com/ci/ci.php?l=fr	200	text/html
20230827232856	https://promouvoircompetences.com/ci/concours.php?id=fr	200	text/html
20221128185319	https://promouvoircompetences.com/ci/conditions.php?id=3-politique-confidentialite-fr	200	text/html
20230827231441	https://promouvoircompetences.com/ci/contact.php	200	text/html
20230828070946	https://promouvoircompetences.com/ci/contact.php?l=fr	200	text/html
20250216015026	https://promouvoircompetences.com/ci/contacts-entreprise.php?id=9884-me-koudou-diezoro-anne-epse-gonegnan-fr	200	text/html
20250210103851	https://promouvoircompetences.com/ci/contacts-entreprise.php?id=9890-me-tandia-oumar-fr	200	text/html
20221128182308	https://promouvoircompetences.com/ci/cookies.php	200	text/html
20230827231426	https://promouvoircompetences.com/ci/cours.php?id=fr	200	text/html
20230827232857	https://promouvoircompetences.com/ci/cours.php?l=fr	200	text/html
20230827231349	https://promouvoircompetences.com/ci/coutumes.php	200	text/html
20230827231349	https://promouvoircompetences.com/ci/coutumes.php?l=fr	200	text/html
20230827232917	https://promouvoircompetences.com/ci/cu.php	200	text/html
20230827231404	https://promouvoircompetences.com/ci/departement.php?id=232-agneby-tiassa&l=fr	200	text/html
20230827231448	https://promouvoircompetences.com/ci/departement.php?id=233-grands-ponts&l=fr	200	text/html
20230827231356	https://promouvoircompetences.com/ci/departement.php?id=234-la-me	200	text/html
20230827231346	https://promouvoircompetences.com/ci/departement.php?id=234-la-me&l=fr	200	text/html
20230827231431	https://promouvoircompetences.com/ci/departements.php	200	text/html
20230827231444	https://promouvoircompetences.com/ci/devenir-correcteur.php?l=fr	200	text/html
20230827232905	https://promouvoircompetences.com/ci/emplois.php	200	text/html
20230827232911	https://promouvoircompetences.com/ci/emplois.php?l=fr	200	text/html
20221128184235	https://promouvoircompetences.com/ci/entreprises.php?l=fr	200	text/html
20230828071007	https://promouvoircompetences.com/ci/epreuves.php?id=fr	200	text/html
20230828070948	https://promouvoircompetences.com/ci/epreuves.php?l=fr	200	text/html
20230827231413	https://promouvoircompetences.com/ci/ethnies.php	200	text/html
20230827231348	https://promouvoircompetences.com/ci/ethnies.php?l=fr	200	text/html
20230827231344	https://promouvoircompetences.com/ci/exposition.php?l=fr	200	text/html
20221128180038	https://promouvoircompetences.com/ci/formalites.php	200	text/html
20230827232905	https://promouvoircompetences.com/ci/formalites.php?l=fr	200	text/html
20230827231403	https://promouvoircompetences.com/ci/gastronomie.php	200	text/html
20230827232901	https://promouvoircompetences.com/ci/gastronomie.php?l=fr	200	text/html
20221128174705	https://promouvoircompetences.com/ci/groupes-ethniques.php	200	text/html
20230828070946	https://promouvoircompetences.com/ci/groupes-ethniques.php?l=fr	200	text/html
20230828070947	https://promouvoircompetences.com/ci/inscription.php	200	text/html
20230827231414	https://promouvoircompetences.com/ci/langue.php?id=484-attie-akye&l=fr	200	text/html
20230827231359	https://promouvoircompetences.com/ci/langues.php	200	text/html
20230711184731	https://promouvoircompetences.com/ci/langues.php?l=fr	200	text/html
20230827232900	https://promouvoircompetences.com/ci/libre-parole.php?l=fr	200	text/html
20221128180836	https://promouvoircompetences.com/ci/login.php	200	text/html
20211201134239	https://promouvoircompetences.com/ci/market.php?l=fr	200	text/html
20221128190246	https://promouvoircompetences.com/ci/metiers.php?l=fr	200	text/html
20230827232854	https://promouvoircompetences.com/ci/micro-entreprises.php?l=fr	200	text/html
20230827231451	https://promouvoircompetences.com/ci/pme.php?l=fr	200	text/html
20230827232855	https://promouvoircompetences.com/ci/premium-infos.php?l=fr	200	text/html
20230827232852	https://promouvoircompetences.com/ci/proposercours.php?l=fr	200	text/html
20221128182910	https://promouvoircompetences.com/ci/publicite.php?l=fr	200	text/html
20221128182230	https://promouvoircompetences.com/ci/question.php?id=174-puis-je-avoir-les-resultats-des-concours-2022-de-l-ecole-nationale-superieure-polytechnique-de-yaounde-enspy	200	text/html
20221128191117	https://promouvoircompetences.com/ci/question.php?id=176-ou-consulter-les-resultats-du-concours-direct-2022-de-recrutement-a-la-gendarmerie-au-burkina-faso	200	text/html
20221128180710	https://promouvoircompetences.com/ci/question.php?id=183-bonjour-comment-peut-on-voir-la-liste-des-contractuels-d-etat-qui-vient-de-sortir-en-guinee	200	text/html
20230828070950	https://promouvoircompetences.com/ci/question.php?id=264-ou-consulter-les-resultats-du-bac-2023-aux-comores	200	text/html
20230827232901	https://promouvoircompetences.com/ci/question.php?id=265-pourquoi-les-resultats-du-bac-2023-au-mali-tardent-a-etre-proclames	200	text/html
20230827232910	https://promouvoircompetences.com/ci/question.php?id=266-ou-telecharger-les-resultats-de-la-deuxieme-serie-du-bac2023-au-tchad	200	text/html
20230827232850	https://promouvoircompetences.com/ci/question.php?id=267-ou-et-comment-consulter-les-resultats-du-bepc-2023-aux-comores	200	text/html
20230827231416	https://promouvoircompetences.com/ci/question.php?id=268-a-quand-la-proclamation-des-resultats-des-cap-bt1-et-bt2-2023-au-mali	200	text/html
20230827231354	https://promouvoircompetences.com/ci/question.php?id=269-ou-consulter-les-resultats-du-bepc-2023-au-congo-brazzaville	200	text/html
20230828070946	https://promouvoircompetences.com/ci/question.php?id=270-comment-consulter-les-resultats-du-bts-2023-au-niger	200	text/html
20230827232859	https://promouvoircompetences.com/ci/question.php?id=271-quelles-sont-les-statistiques-des-resultats-du-baccalaureat-2023-a-madagascar-et-ou-consulter	200	text/html
20230827231430	https://promouvoircompetences.com/ci/question.php?id=272-ou-consulter-les-resultats-de-l-exetat-edition-2023-en-r-d-congo	200	text/html
20230827231342	https://promouvoircompetences.com/ci/question.php?id=273-quels-sont-les-ecoles-de-l-enseignement-de-base-fermees-au-cameroun-avant-la-rentree-scolaire-2023-2024	200	text/html
20250210093740	https://promouvoircompetences.com/ci/question.php?id=356-ou-consulter-les-resultats-du-concours-d-entree-en-6e-2024-au-senegal	200	text/html
20250206162920	https://promouvoircompetences.com/ci/question.php?id=362-comment-verifier-son-orientation-2024-def-au-mali	200	text/html
20250216024139	https://promouvoircompetences.com/ci/question.php?id=363-vrai-ou-faux-que-le-president-paul-biya-distribue-de-l-argent-aux-camerounais-pour-noel	200	text/html
20230827231402	https://promouvoircompetences.com/ci/questions.php?l=fr	200	text/html
20230827231346	https://promouvoircompetences.com/ci/region.php?id=338-yamoussoukro&l=fr	200	text/html
20221128184755	https://promouvoircompetences.com/ci/region.php?id=50-abidjan&l=fr	200	text/html
20230827232853	https://promouvoircompetences.com/ci/region.php?id=51-bas-sassandra&l=fr	200	text/html
20230827232909	https://promouvoircompetences.com/ci/region.php?id=52-comoe&l=fr	200	text/html
20230827231344	https://promouvoircompetences.com/ci/region.php?id=53-denguele&l=fr	200	text/html
20230827231437	https://promouvoircompetences.com/ci/region.php?id=54-goh-djiboua&l=fr	200	text/html
20230827231349	https://promouvoircompetences.com/ci/region.php?id=55-lacs&l=fr	200	text/html
20230827231344	https://promouvoircompetences.com/ci/region.php?id=56-lagunes	200	text/html
20230828070949	https://promouvoircompetences.com/ci/region.php?id=56-lagunes&l=fr	200	text/html
20230827232909	https://promouvoircompetences.com/ci/region.php?id=57-montagnes&l=fr	200	text/html
20230827232901	https://promouvoircompetences.com/ci/region.php?id=58-sassandra-marahoue&l=fr	200	text/html
20230828070950	https://promouvoircompetences.com/ci/region.php?id=59-savanes&l=fr	200	text/html
20230827231344	https://promouvoircompetences.com/ci/region.php?id=60-vallee-du-bandama&l=fr	200	text/html
20230827231417	https://promouvoircompetences.com/ci/region.php?id=61-woroba&l=fr	200	text/html
20221128171951	https://promouvoircompetences.com/ci/region.php?id=62-zanzan&l=fr	200	text/html
20230827231445	https://promouvoircompetences.com/ci/regions.php	200	text/html
20230827232902	https://promouvoircompetences.com/ci/regions.php?l=fr	200	text/html
20221128190210	https://promouvoircompetences.com/ci/resultats-examens.php?id=fr	200	text/html
20230827232851	https://promouvoircompetences.com/ci/resultats-examens.php?l=fr	200	text/html
20230828070948	https://promouvoircompetences.com/ci/rubrique.php?id=1-generalites	200	text/html
20230827232857	https://promouvoircompetences.com/ci/rubrique.php?id=2-avantages-d-avoir-un-compte	200	text/html
20230827231415	https://promouvoircompetences.com/ci/rubrique.php?id=3-annuaires	200	text/html
20230827231347	https://promouvoircompetences.com/ci/rubrique.php?id=4-proposer-un-cours	200	text/html
20221128174531	https://promouvoircompetences.com/ci/rubrique.php?id=5-offres-d-emplois	200	text/html
20230827231350	https://promouvoircompetences.com/ci/rubrique.php?id=6-mise-en-relation-prestataires-clients-et-vice-versa	200	text/html
20230828070952	https://promouvoircompetences.com/ci/rubrique.php?id=7-resultats-examens-et-concours	200	text/html
20230827232854	https://promouvoircompetences.com/ci/rubrique.php?id=8-compte-pro	200	text/html
20230827231450	https://promouvoircompetences.com/ci/rubrique.php?id=9-correction-d-epreuves-d-examens-et-concours	200	text/html
20230827231347	https://promouvoircompetences.com/ci/sites-touristiques.php	200	text/html
20230827231447	https://promouvoircompetences.com/ci/sites-touristiques.php?l=fr	200	text/html
20221128190329	https://promouvoircompetences.com/ci/symboles.php?id=1-devise-nationale-cote-d-ivoire	200	text/html
20230828070949	https://promouvoircompetences.com/ci/symboles.php?id=2-hymne-national-cote-d-ivoire	200	text/html
20221128181607	https://promouvoircompetences.com/ci/symboles.php?id=3-drapeau-cote-d-ivoire	200	text/html
20230827231416	https://promouvoircompetences.com/ci/symboles.php?id=4-armoiries-cote-d-ivoire	200	text/html
20230827231353	https://promouvoircompetences.com/ci/symboles.php?id=5-gouvernement-cote-d-ivoire	200	text/html
20230827231442	https://promouvoircompetences.com/ci/symboles.php?id=6-assemblee-nationale-cote-d-ivoire	200	text/html
20230827231416	https://promouvoircompetences.com/ci/symboles.php?id=7-presidents-cote-d-ivoire	200	text/html
20221128182149	https://promouvoircompetences.com/ci/tge.php?l=fr	200	text/html
20230828070951	https://promouvoircompetences.com/ci/tribus.php	200	text/html
20230827231344	https://promouvoircompetences.com/ci/tribus.php?l=fr	200	text/html
20230827231353	https://promouvoircompetences.com/ci/videos.php	200	text/html
20230827232900	https://promouvoircompetences.com/ci/ville.php?id=170456-motobe	200	text/html
20230828070947	https://promouvoircompetences.com/ci/ville.php?id=170530-n-gokro	200	text/html
20230827232855	https://promouvoircompetences.com/ci/ville.php?id=170584-andou-m-batto	200	text/html
20230827232853	https://promouvoircompetences.com/ci/ville.php?id=170686-memni	200	text/html
20230827232920	https://promouvoircompetences.com/ci/ville.php?id=170724-abrotchi	200	text/html
20230827231355	https://promouvoircompetences.com/ci/ville.php?id=170729-koutoukro-2	200	text/html
20230828070948	https://promouvoircompetences.com/ci/ville.php?id=170747-m-bohoin	200	text/html
20230828070951	https://promouvoircompetences.com/ci/ville.php?id=170768-dzeudji	200	text/html
20230827231352	https://promouvoircompetences.com/ci/ville.php?id=170782-koutoukro-1	200	text/html
20230827231350	https://promouvoircompetences.com/ci/ville.php?id=170845-aka-chantier	200	text/html
20230828070949	https://promouvoircompetences.com/ci/ville.php?id=170876-kouadio-kouassikro	200	text/html
20230827231343	https://promouvoircompetences.com/ci/ville.php?id=170899-mopodji	200	text/html
20230827231349	https://promouvoircompetences.com/ci/ville.php?id=170930-yapokoi	200	text/html
20230827231343	https://promouvoircompetences.com/ci/ville.php?id=171002-mafa-mafou	200	text/html
20230827231347	https://promouvoircompetences.com/ci/ville.php?id=171006-lobo-akoudzin	200	text/html
20230827232916	https://promouvoircompetences.com/ci/ville.php?id=171051-mope	200	text/html
20230828070949	https://promouvoircompetences.com/ci/ville.php?id=171111-n-guessankoi	200	text/html
20230827232916	https://promouvoircompetences.com/ci/ville.php?id=171127-apiadji	200	text/html
20230827231349	https://promouvoircompetences.com/ci/ville.php?id=171185-nyan	200	text/html
20230827232908	https://promouvoircompetences.com/ci/ville.php?id=171234-miadzin	200	text/html
20230827231433	https://promouvoircompetences.com/ci/ville.php?id=171245-djougbosso	200	text/html
20230827231350	https://promouvoircompetences.com/ci/ville.php?id=171255-n-koupe	200	text/html
20230827231358	https://promouvoircompetences.com/ci/ville.php?id=171292-biasso	200	text/html
20230827231348	https://promouvoircompetences.com/ci/ville.php?id=171329-diangobo	200	text/html
20230827232904	https://promouvoircompetences.com/ci/ville.php?id=171343-abou-sekakoi	200	text/html
20230827232907	https://promouvoircompetences.com/ci/ville.php?id=171381-moape	200	text/html
20230827232915	https://promouvoircompetences.com/ci/ville.php?id=171383-assie-orie	200	text/html
20230828070947	https://promouvoircompetences.com/ci/ville.php?id=171476-adjame-adjamin	200	text/html
20230827231343	https://promouvoircompetences.com/ci/ville.php?id=171552-aheoua	200	text/html
20230827232856	https://promouvoircompetences.com/ci/ville.php?id=171791-soribadougou	200	text/html
20230827232902	https://promouvoircompetences.com/ci/ville.php?id=171815-begouafla-huafla	200	text/html
20230827231340	https://promouvoircompetences.com/ci/ville.php?id=171816-bonahouin	200	text/html
20230828070949	https://promouvoircompetences.com/ci/ville.php?id=171817-gazehio	200	text/html
20230827232900	https://promouvoircompetences.com/ci/ville.php?id=5584-adzope	200	text/html
20230827231349	https://promouvoircompetences.com/ci/ville.php?id=5586-annepe	200	text/html
20230827232904	https://promouvoircompetences.com/ci/ville.php?id=5589-yakasse-me	200	text/html
20230827231347	https://promouvoircompetences.com/ci/ville.php?id=5593-aboisso-comoe	200	text/html
20230827232920	https://promouvoircompetences.com/ci/ville.php?id=5595-allosso	200	text/html
20230827232855	https://promouvoircompetences.com/ci/ville.php?id=5598-abongoua	200	text/html
20221128172813	https://promouvoircompetences.com/ci/villes.php	200	text/html
20221128180333	https://promouvoircompetences.com/ci/villes.php?l=fr	200	text/html
20230827231342	https://promouvoircompetences.com/ci/?l=en	200	text/html
20230827232903	https://promouvoircompetences.com/ci/?l=es	200	text/html
20230827232906	https://promouvoircompetences.com/ci/?l=fr	200	text/html
20210731180653	https://promouvoircompetences.com/concour-102-test-de-selection-pour-le-recrutement-de-cent-trente-130-instituteurs-de-l-enseignement-technique-et-professionnel-relevant-du-code-du-travail-fonction-publique.html	200	text/html
20210731192317	https://promouvoircompetences.com/concour-103-concours-de-formation-pour-le-recrutement-de-vingt-20-eleves-maitres-principaux-d-education-physique-et-sportive-mpeps-et-de-vingt-20-eleves-maitres-d-education-physique-et-sportive-meps.html	200	text/html
20210731184027	https://promouvoircompetences.com/concour-104-concours-de-formation-pour-le-recrutement-de-dix-10-eleves-conseillers-principaux-de-jeunesse-et-d-animation-cpja-et-de-quinze-15-eleves-conseillers-de-jeunesse-et-d-animation-cja.html	200	text/html
20210731175305	https://promouvoircompetences.com/concour-105-concours-de-formation-pour-le-recrutement-de-15-eleves-professeurs-certifies-d-education-physique-et-sportive-peps-et-de-15-eleves-professeurs-adjoints-d-education-physique-et-sportive-paeps-a-l-injs-de-yaounde-2021-2022.html	200	text/html
20210731193957	https://promouvoircompetences.com/concour-106-concours-de-formation-pour-le-recrutement-de-10-eleves-instructeurs-principaux-de-jeunesse-et-d-animation-ipja-et-de-15-eleves-instructeurs-de-jeunesse-et-d-animation-ija-au-cenajes-de-kribi.html	200	text/html
20221128173213	https://promouvoircompetences.com/concour-171-concours-pour-le-recrutement-de-35-auditeurs-de-justice-a-la-division-de-la-magistrature-et-des-greffes-de-l-enam-session-2022-au-cameroun.html	200	text/html
20221128185921	https://promouvoircompetences.com/concour-172-concours-pour-le-recrutement-de-30-eleves-greffiers-d-expression-anglaise-a-la-division-de-la-magistrature-et-des-greffes-de-l-enam-session-2022-au-cameroun.html	200	text/html
20221128180417	https://promouvoircompetences.com/concour-173-concours-pour-le-recrutement-de-270-fonctionnaires-de-la-sante-publique-session-2022-au-cameroun.html	200	text/html
20221128180206	https://promouvoircompetences.com/concour-174-test-de-selection-pour-le-recrutement-de-100-sages-femmes-maieuticiens-session-2022-au-cameroun.html	200	text/html
20221128181128	https://promouvoircompetences.com/concour-175-test-de-selection-pour-le-recrutement-de-100-instituteurs-de-l-enseignement-technique-et-professionnel-session-2022-au-cameroun.html	200	text/html
20230323023701	https://promouvoircompetences.com/concour-176-communiques-nouveau-concours-police-2023-cameroun.html	200	text/html
20230323023107	https://promouvoircompetences.com/concour-177-recrutement-gendarmerie-2023-300-eleves-sous-officiers-de-gendarmerie-service-general-40-eleves-sous-officiers-de-gendarmerie-sante-militaire-et-3000-eleves-gendarmes.html	200	text/html
20231210223524	https://promouvoircompetences.com/concour-178-concours-d-entree-2023-a-l-ens-d-abidjan.html	200	text/html
20231210224920	https://promouvoircompetences.com/concour-179-concours-de-recrutement-special-de-100-personnels-dans-le-corps-des-fonctionnaires-des-services-de-traduction-et-dinterpretation-session-2023.html	200	text/html
20230512001203	https://promouvoircompetences.com/concour-180-concours-eamau-2023-dates-programme-et-conditions.html	200	text/html
20231210233022	https://promouvoircompetences.com/concour-181-concours-2023-de-recrutement-de-1628-membres-du-personnel-medical-paramedical-administratif-et-dappuis-pour-le-ministere-de-la-sante-au-togo.html	200	text/html
20231210232515	https://promouvoircompetences.com/concour-182-concours-2023-de-recrutement-de-279-membres-du-personnel-paramedical-pour-les-unites-de-soins-peripheriques-de-type-i-et-ii-des-communes-de-la-region-des-savanes.html	200	text/html
20240423174947	https://promouvoircompetences.com/concour-183-concours-direct-pour-le-recrutement-special-de-100-personnels-fonctionnaires-des-services-de-traduction-et-d-interpretation-2024.html	200	text/html
20240519143943	https://promouvoircompetences.com/concour-184-concours-d-entree-a-l-eamau-2024.html	200	text/html
20240519140953	https://promouvoircompetences.com/concour-185-concours-recrutement-gendarmerie-2024-senegal.html	200	text/html
20240519145619	https://promouvoircompetences.com/concour-186-ena-concours-professionnels-et-directs-d-admission-en-2025.html	200	text/html
20241005022120	https://promouvoircompetences.com/concour-187-concours-d-entree-a-l-emia-session-2024-mali.html	200	text/html
20200920235343	https://promouvoircompetences.com/concour-67-appel-a-candidatures-pour-le-prix-richard-mille-ceqf.html	200	text/html
20200920234558	https://promouvoircompetences.com/concour-68-prix-international-dexcellence-du-doyen-de-la-faculte-des-sciences-sociales-de-luniversite-dottawa-au-canada.html	200	text/html
20200930212426	https://promouvoircompetences.com/concour-69-union-africaine-ua-democratie-et-gouvernance-en-afrique-youth-innovation-challenge-2020.html	200	text/html
20200920232022	https://promouvoircompetences.com/concour-70-programme-africain-europeen-de-venture-numerique-aedv-2020-pour-les-startups-africaines.html	200	text/html
20200921003520	https://promouvoircompetences.com/concour-71-concours-international-de-redaction-2020-pour-les-etudiants-de-premier-cycle-dans-les-pays-en-developpement.html	200	text/html
20210301123115	https://promouvoircompetences.com/concour-72-concours-d-entree-dans-les-ecoles-militaires-francaises-de-formation-d-officiers-de-l-armee-de-l-air-2021.html	200	text/html
20210301123303	https://promouvoircompetences.com/concour-73-concours-de-recrutement-2021-au-ministere-de-la-defense-cameroun.html	200	text/html
20210301135434	https://promouvoircompetences.com/concour-74-concours-de-recrutement-de-trois-mille-3000-instituteurs-minfopra-minedub-cameroun.html	200	text/html
20210301125236	https://promouvoircompetences.com/concour-75-concours-pour-le-recrutement-special-de-117-traducteurs-et-interpretes-fonction-publique-2021.html	200	text/html
20210613071851	https://promouvoircompetences.com/concour-76-concours-dentree-a-lecole-nationale-superieure-des-travaux-publics-2021-2022.html	200	text/html
20210613074632	https://promouvoircompetences.com/concour-77-appel-a-candidatures-pour-le-recrutement-de-cent-cinquante-150-chercheurs-pour-le-compte-du-ministere-de-la-recherche-scientifique-et-de-l-innovation.html	200	text/html
20200930212043	https://promouvoircompetences.com/concours-fr.html	200	text/html
20210613081455	https://promouvoircompetences.com/concours.html	200	text/html
20201020054755	https://promouvoircompetences.com/concours.php?l=fr	200	text/html
20200929143832	https://promouvoircompetences.com/conditions-3-politique-confidentialite-fr.html	200	text/html
20201127143501	https://promouvoircompetences.com/conditions.php?id=3-politique-confidentialite-fr	200	text/html
20200929135717	https://promouvoircompetences.com/contact-fr.html	200	text/html
20211104053623	https://promouvoircompetences.com/contact.html	200	text/html
20201001191113	https://promouvoircompetences.com/contact.php	200	text/html
20250206171029	https://promouvoircompetences.com/contacts-entreprise.php?id=10001-we-care-secondary-school-yaounde-fr	200	text/html
20250912190254	https://promouvoircompetences.com/contacts-entreprise.php?id=10214-cabinet-de-maitre-daniel-senghore-et-jean-paul-sarr-notaires-associes	200	text/html
20250912202848	https://promouvoircompetences.com/contacts-entreprise.php?id=10218-ismaela-ka-et-alioune-ka-notaires-associee	200	text/html
20250912185341	https://promouvoircompetences.com/contacts-entreprise.php?id=10331-adebayo-yacoub-latoundji-notaire	200	text/html
20251118041715	https://promouvoircompetences.com/contacts-entreprise.php?id=10478-diamond-bank-benin	200	text/html
20251216205745	https://promouvoircompetences.com/contacts-entreprise.php?id=1114-cameroon-hotel-fr	200	text/html
20250912184439	https://promouvoircompetences.com/contacts-entreprise.php?id=11295-alain-cyrille-edgard-tokpo-notaire	200	text/html
20250912184154	https://promouvoircompetences.com/contacts-entreprise.php?id=11337-christian-arsene-koukoui-notaire	200	text/html
20250912191904	https://promouvoircompetences.com/contacts-entreprise.php?id=11338-claudia-fourn-notaire	200	text/html
20250811074428	https://promouvoircompetences.com/contacts-entreprise.php?id=11341-didier-dovoedo-notaire	200	text/html
20250811084430	https://promouvoircompetences.com/contacts-entreprise.php?id=11342-djamiou-adebo-notaire	200	text/html
20250811075132	https://promouvoircompetences.com/contacts-entreprise.php?id=11345-edith-gwladys-campbell-vlavonou-notaire	200	text/html
20250811084544	https://promouvoircompetences.com/contacts-entreprise.php?id=11347-ganiou-adechi-notaire	200	text/html
20250811081704	https://promouvoircompetences.com/contacts-entreprise.php?id=11354-irene-adjagba-ichola-notaire	200	text/html
20250811074722	https://promouvoircompetences.com/contacts-entreprise.php?id=11357-jean-jacques-gbedo-notaire	200	text/html
20250811084318	https://promouvoircompetences.com/contacts-entreprise.php?id=11360-loukmanou-amoussa-ladany-notaire	200	text/html
20250811084519	https://promouvoircompetences.com/contacts-entreprise.php?id=11376-maitre-clauvio-dossou-notaire	200	text/html
20250811084716	https://promouvoircompetences.com/contacts-entreprise.php?id=11418-massiho-bileoma-notaire	200	text/html
20250811084510	https://promouvoircompetences.com/contacts-entreprise.php?id=11423-moise-atchade-notaire	200	text/html
20250811070540	https://promouvoircompetences.com/contacts-entreprise.php?id=11428-olagnika-salam-notaire	200	text/html
20250811084600	https://promouvoircompetences.com/contacts-entreprise.php?id=11439-tadjou-deen-laguide-notaire	200	text/html
20250811084347	https://promouvoircompetences.com/contacts-entreprise.php?id=11441-veronique-akankossi-deguenon-notaire	200	text/html
20251216143301	https://promouvoircompetences.com/contacts-entreprise.php?id=11948-cabinet-medical-an-nour	200	text/html
20250912193540	https://promouvoircompetences.com/contacts-entreprise.php?id=11953-cabinet-medical-gaba-prosper-clinique-mermah	200	text/html
20250912185446	https://promouvoircompetences.com/contacts-entreprise.php?id=11954-cabinet-medical-ifelodun-mme-doumatey-nee-amoussou	200	text/html
20250912195742	https://promouvoircompetences.com/contacts-entreprise.php?id=11958-ccss-clinique-cooperative-de-sante-de-sikecodji	200	text/html
20250907002302	https://promouvoircompetences.com/contacts-entreprise.php?id=11961-centre-d-imagerie-medicale-du-littoral	200	text/html
20250912195644	https://promouvoircompetences.com/contacts-entreprise.php?id=11962-centre-d-imagerie-medicale-sizo-hilaire	200	text/html
20250912191754	https://promouvoircompetences.com/contacts-entreprise.php?id=11965-centre-medical-ahmadiyya	200	text/html
20251208162410	https://promouvoircompetences.com/contacts-entreprise.php?id=11966-centre-medical-avicennes	200	text/html
20251216154100	https://promouvoircompetences.com/contacts-entreprise.php?id=11976-clinique-cooperative-de-sante-de-minonkpo	200	text/html
20251216150731	https://promouvoircompetences.com/contacts-entreprise.php?id=11980-clinique-du-centre	200	text/html
20251208171611	https://promouvoircompetences.com/contacts-entreprise.php?id=11984-clinique-fandinan	200	text/html
20250811084535	https://promouvoircompetences.com/contacts-entreprise.php?id=11991-clinique-polyvalente-mahouna	200	text/html
20250811084338	https://promouvoircompetences.com/contacts-entreprise.php?id=11992-clinique-saint-antoine-de-padoue-zogbo	200	text/html
20250811072250	https://promouvoircompetences.com/contacts-entreprise.php?id=11993-clinique-sainte-emma	200	text/html
20250811074404	https://promouvoircompetences.com/contacts-entreprise.php?id=11994-clinique-sainte-marie	200	text/html
20250811084351	https://promouvoircompetences.com/contacts-entreprise.php?id=11995-clinique-sante-pour-la-mere-et-l-enfant	200	text/html
20250811073823	https://promouvoircompetences.com/contacts-entreprise.php?id=11996-clinique-sante-pour-tous-djidjoho	200	text/html
20250811084556	https://promouvoircompetences.com/contacts-entreprise.php?id=11997-clinique-sena	200	text/html
20250811084720	https://promouvoircompetences.com/contacts-entreprise.php?id=11998-cnhu-hopital-hubert-maga	200	text/html
20250811084539	https://promouvoircompetences.com/contacts-entreprise.php?id=11999-homel-hopital-de-la-mere-et-l-enfant-lagune-urgence	200	text/html
20250811084425	https://promouvoircompetences.com/contacts-entreprise.php?id=12002-kea-medicals	200	text/html
20250811074744	https://promouvoircompetences.com/contacts-entreprise.php?id=12006-polyclinique-atinkanmey	200	text/html
20250206152423	https://promouvoircompetences.com/contacts-entreprise.php?id=1223-masque-hotel-fr	200	text/html
20250811084613	https://promouvoircompetences.com/contacts-entreprise.php?id=12564-chambre-nationale-des-notaires-du-benin	200	text/html
20250912190057	https://promouvoircompetences.com/contacts-entreprise.php?id=12696-restaurant-casanova	200	text/html
20250912202931	https://promouvoircompetences.com/contacts-entreprise.php?id=12697-restaurant-chez-papri	200	text/html
20250912181527	https://promouvoircompetences.com/contacts-entreprise.php?id=12698-restaurant-chez-tony	200	text/html
20250912190641	https://promouvoircompetences.com/contacts-entreprise.php?id=12699-restaurant-goana	200	text/html
20250912202858	https://promouvoircompetences.com/contacts-entreprise.php?id=12700-restaurant-hong-kong	200	text/html
20250912190153	https://promouvoircompetences.com/contacts-entreprise.php?id=12701-restaurant-jardin-de-chine	200	text/html
20250912194209	https://promouvoircompetences.com/contacts-entreprise.php?id=12702-restaurant-l-abondance	200	text/html
20250912202922	https://promouvoircompetences.com/contacts-entreprise.php?id=12703-restaurant-l-atelier	200	text/html
20250906233814	https://promouvoircompetences.com/contacts-entreprise.php?id=12704-restaurant-l-escale-des-arts	200	text/html
20250912194140	https://promouvoircompetences.com/contacts-entreprise.php?id=12705-restaurant-la-marielle	200	text/html
20250912190124	https://promouvoircompetences.com/contacts-entreprise.php?id=12706-restaurant-la-premiere	200	text/html
20250912184837	https://promouvoircompetences.com/contacts-entreprise.php?id=12707-restaurant-le-laurier	200	text/html
20250912195511	https://promouvoircompetences.com/contacts-entreprise.php?id=12708-restaurant-les-mamelles	200	text/html
20250912202902	https://promouvoircompetences.com/contacts-entreprise.php?id=12709-restaurant-mandarine	200	text/html
20250912184804	https://promouvoircompetences.com/contacts-entreprise.php?id=12710-restaurant-pili-pili	200	text/html
20251118050435	https://promouvoircompetences.com/contacts-entreprise.php?id=12884-cerfitex-centre-de-recherche-et-de-formation-pour-lindustrie-textile	200	text/html
20251216201529	https://promouvoircompetences.com/contacts-entreprise.php?id=12893-cfem-guinee-sarl	200	text/html
20251216221920	https://promouvoircompetences.com/contacts-entreprise.php?id=12898-ecole-normale-superieure-ens-de-bertoua	200	text/html
20250117020909	https://promouvoircompetences.com/contacts-entreprise.php?id=12910-renfort-action-s-a-r-l-garoua	200	text/html
20250811074615	https://promouvoircompetences.com/contacts-entreprise.php?id=1294-institut-des-beaux-arts-de-nkongsamba-iban	200	text/html
20250811084450	https://promouvoircompetences.com/contacts-entreprise.php?id=1295-institut-des-beaux-arts-de-foumban-ibaf	200	text/html
20250811084629	https://promouvoircompetences.com/contacts-entreprise.php?id=12952-clinique-specialisee-de-ngaliema	200	text/html
20250811072800	https://promouvoircompetences.com/contacts-entreprise.php?id=12992-centre-medical-diamant-kinshasa	200	text/html
20251216150254	https://promouvoircompetences.com/contacts-entreprise.php?id=13020-car-express-services-kinshasa	200	text/html
20260610115100	https://promouvoircompetences.com/contacts-entreprise.php?id=13029-lithium-du-mali-goulamina	200	text/html
20260610122001	https://promouvoircompetences.com/contacts-entreprise.php?id=13030-conseil-norvegien-pour-les-refugies-nrc-mopti	200	text/html
20251216155402	https://promouvoircompetences.com/contacts-entreprise.php?id=13031-conseil-norvegien-pour-les-refugies-nrc-bamako	200	text/html
20250909163728	https://promouvoircompetences.com/contacts-entreprise.php?id=13032-conseil-norvegien-pour-les-refugies-nrc-tombouctou	200	text/html
20250909163854	https://promouvoircompetences.com/contacts-entreprise.php?id=13033-conseil-norvegien-pour-les-refugies-nrc-menaka	200	text/html
20260610124230	https://promouvoircompetences.com/contacts-entreprise.php?id=13034-usaid-bamako-mali	200	text/html
20260610114119	https://promouvoircompetences.com/contacts-entreprise.php?id=13042-electram-engineering	200	text/html
20251118223335	https://promouvoircompetences.com/contacts-entreprise.php?id=13044-icrisat-international-crops-research-institute-for-the-semi-arid-tropics-bamako	200	text/html
20251208171253	https://promouvoircompetences.com/contacts-entreprise.php?id=13045-fairmed-cameroun	200	text/html
20260610131007	https://promouvoircompetences.com/contacts-entreprise.php?id=13046-pcs-cameroon-sarl	200	text/html
20250909165454	https://promouvoircompetences.com/contacts-entreprise.php?id=13050-fhi360-bamako	200	text/html
20260119091250	https://promouvoircompetences.com/contacts-entreprise.php?id=13051-rio-tinto-simfer-conakry	200	text/html
20260610124731	https://promouvoircompetences.com/contacts-entreprise.php?id=13052-unfpa-fonds-des-nations-unies-pour-la-population-conakry	200	text/html
20260610123058	https://promouvoircompetences.com/contacts-entreprise.php?id=13062-rti-international-conakry	200	text/html
20251216212139	https://promouvoircompetences.com/contacts-entreprise.php?id=1385-centre-medical-de-l-esperance-clinique-dr-mabii-mbalmayo	200	text/html
20250216032219	https://promouvoircompetences.com/contacts-entreprise.php?id=1478-world-food-programme-maroua-fr	200	text/html
20250114203934	https://promouvoircompetences.com/contacts-entreprise.php?id=1479-world-food-programme-batouri-fr	200	text/html
20250114035032	https://promouvoircompetences.com/contacts-entreprise.php?id=1487-acafej-association-camerounaise-des-femmes-juristes-batouri-fr	200	text/html
20250912193026	https://promouvoircompetences.com/contacts-entreprise.php?id=1497-hopital-saint-francois-de-kribi	200	text/html
20250906230455	https://promouvoircompetences.com/contacts-entreprise.php?id=1525-magrabi-ico-cameroon-eye-institute-micei	200	text/html
20250912195912	https://promouvoircompetences.com/contacts-entreprise.php?id=1600-medecins-sans-frontieres-doctors-without-borders	200	text/html
20250912195540	https://promouvoircompetences.com/contacts-entreprise.php?id=1608-m-a-sante-meilleur-acces-aux-soins-de-sante	200	text/html
20250114210021	https://promouvoircompetences.com/contacts-entreprise.php?id=166-centre-de-formation-professionnelle-batouri-pbf-academy-fr	200	text/html
20250907002214	https://promouvoircompetences.com/contacts-entreprise.php?id=1660-m-a-sante-meilleur-acces-aux-soins-de-sante-maroua	200	text/html
20250906234609	https://promouvoircompetences.com/contacts-entreprise.php?id=1672-medecins-sans-frontieres-doctors-without-borders-bamenda-cameroun	200	text/html
20250811081759	https://promouvoircompetences.com/contacts-entreprise.php?id=1702-institut-goethe-yaounde-cameroun	200	text/html
20250114021401	https://promouvoircompetences.com/contacts-entreprise.php?id=171-centre-de-formation-professionnelle-en-menuiserie-abanda-abanda-fr	200	text/html
20250114203807	https://promouvoircompetences.com/contacts-entreprise.php?id=173-cpfpad-centre-de-formation-professionnelle-en-agropastoral-de-djouth-fr	200	text/html
20250910060425	https://promouvoircompetences.com/contacts-entreprise.php?id=1732-chococam-douala	200	text/html
20250913201139	https://promouvoircompetences.com/contacts-entreprise.php?id=1732-chococam-douala-fr	200	text/html
20250120031459	https://promouvoircompetences.com/contacts-entreprise.php?id=174-cpfpat-centre-prive-de-formation-professionnelle-en-agropastoral-de-trypano-fr	200	text/html
20250120015553	https://promouvoircompetences.com/contacts-entreprise.php?id=175-cpfpam-centre-prive-de-formation-professionnelle-en-agropastoral-de-mbounou-fr	200	text/html
20251216203455	https://promouvoircompetences.com/contacts-entreprise.php?id=1781-oscar-kamela-health-technologies-osk-douala	200	text/html
20250913202908	https://promouvoircompetences.com/contacts-entreprise.php?id=1801-societe-le-grand-moulin-du-cameroun	200	text/html
20251208163458	https://promouvoircompetences.com/contacts-entreprise.php?id=1826-m-a-sante-meilleur-acces-aux-soins-de-sante-douala	200	text/html
20250216021350	https://promouvoircompetences.com/contacts-entreprise.php?id=1835-wildlife-conservation-society-wcs-garoua-fr	200	text/html
20250912200111	https://promouvoircompetences.com/contacts-entreprise.php?id=1921-banque-atlantique-fr	200	text/html
20251118050426	https://promouvoircompetences.com/contacts-entreprise.php?id=1924-medecins-sans-frontieres-doctors-without-borders-buea-cameroon	200	text/html
20251216155208	https://promouvoircompetences.com/contacts-entreprise.php?id=1929-societe-le-grand-moulin-du-cameroun-garoua	200	text/html
20250114034833	https://promouvoircompetences.com/contacts-entreprise.php?id=1947-action-contre-la-faim-batouri-cameroun-fr	200	text/html
20250912190725	https://promouvoircompetences.com/contacts-entreprise.php?id=1988-attijariwafa-bank-n-djamena-fr	200	text/html
20250910141834	https://promouvoircompetences.com/contacts-entreprise.php?id=2-brulerie-moderne	200	text/html
20211219215427	https://promouvoircompetences.com/contacts-entreprise.php?id=2017-centre-universitaire-joseph-ndi-samba-fr	200	text/html
20250811084356	https://promouvoircompetences.com/contacts-entreprise.php?id=2089-unesco-organisation-des-nations-unies-pour-l-education-la-science-et-la-culture-yaounde	200	text/html
20251216145030	https://promouvoircompetences.com/contacts-entreprise.php?id=2282-abdoul-haffar-et-bouchrane-construction	200	text/html
20251216222148	https://promouvoircompetences.com/contacts-entreprise.php?id=23-gsb-groupe-bio-sante-therapy	200	text/html
20250906222035	https://promouvoircompetences.com/contacts-entreprise.php?id=235-institut-professionnel-de-formation-des-formateurs-en-arts-langues-et-cultures-nationales-ipfolac	200	text/html
20250912192707	https://promouvoircompetences.com/contacts-entreprise.php?id=2493-banque-africaine-de-developpement-bad-abidjan-fr	200	text/html
20250912185548	https://promouvoircompetences.com/contacts-entreprise.php?id=2712-bank-of-africa-benin-fr	200	text/html
20250912193646	https://promouvoircompetences.com/contacts-entreprise.php?id=2714-banque-de-l-habitat-du-benin-fr	200	text/html
20250912184043	https://promouvoircompetences.com/contacts-entreprise.php?id=2715-banque-internationale-du-benin-bibe-fr	200	text/html
20250912183729	https://promouvoircompetences.com/contacts-entreprise.php?id=278-cfp-institut-professionnel-des-technologies-arts-et-metiers-iptam	200	text/html
20250907002209	https://promouvoircompetences.com/contacts-entreprise.php?id=283-cfp-en-arts-visuels	200	text/html
20250910060435	https://promouvoircompetences.com/contacts-entreprise.php?id=3-chococam-chocolaterie-confiserie-du-cameroun-fr	200	text/html
20251216143845	https://promouvoircompetences.com/contacts-entreprise.php?id=3122-union-beninoise-de-pharmaciens-u-b-phar	200	text/html
20250811084638	https://promouvoircompetences.com/contacts-entreprise.php?id=3193-atc-les-arts	200	text/html
20251216205500	https://promouvoircompetences.com/contacts-entreprise.php?id=3799-pharmacie-rond-point	200	text/html
20250912195841	https://promouvoircompetences.com/contacts-entreprise.php?id=41-caa-centre-d-art-applique	200	text/html
20250906220926	https://promouvoircompetences.com/contacts-entreprise.php?id=425-centre-de-formation-professionnelledes-talents-en-arts-creativite-et-patrimoine-ptacp	200	text/html
20250912195810	https://promouvoircompetences.com/contacts-entreprise.php?id=4300-pharmacie-le-bon-samaritain	200	text/html
20250912202936	https://promouvoircompetences.com/contacts-entreprise.php?id=478-centre-de-formation-professionnelle-du-groupement-interprofessionnelle-des-artisans-cfp-gipa	200	text/html
20250912185517	https://promouvoircompetences.com/contacts-entreprise.php?id=4929-medical-support-solutions-sarl	200	text/html
20250906232208	https://promouvoircompetences.com/contacts-entreprise.php?id=5603-angela-clinic	200	text/html
20250811072326	https://promouvoircompetences.com/contacts-entreprise.php?id=643-centre-de-formation-professionnelle-d-insertion-a-l-horticulture-et-a-l-art-floral-cfpihaf	200	text/html
20250811072656	https://promouvoircompetences.com/contacts-entreprise.php?id=662-institut-de-formation-professionnelle-des-arts-et-metiers-ifpam	200	text/html
20250912202819	https://promouvoircompetences.com/contacts-entreprise.php?id=6955-bank-of-africa-togo-boa-togo-fr	200	text/html
20250912181845	https://promouvoircompetences.com/contacts-entreprise.php?id=6956-banque-atlantique-togo-fr	200	text/html
20251216145659	https://promouvoircompetences.com/contacts-entreprise.php?id=7126-jm-automobile	200	text/html
20250811084658	https://promouvoircompetences.com/contacts-entreprise.php?id=715-st-martins-training-institute	200	text/html
20250811084617	https://promouvoircompetences.com/contacts-entreprise.php?id=759-centre-d-apprentissage-des-amis-de-la-technologie-et-initiation-aux-beaux-arts-de-bameka-caatiba	200	text/html
20250912202927	https://promouvoircompetences.com/contacts-entreprise.php?id=77-african-builders	200	text/html
20250912192915	https://promouvoircompetences.com/contacts-entreprise.php?id=78-afrik-arts-collection-sarl	200	text/html
20250912193715	https://promouvoircompetences.com/contacts-entreprise.php?id=7803-banque-commerciale-internationale-bci-fr	200	text/html
20250912202918	https://promouvoircompetences.com/contacts-entreprise.php?id=79-arts-sans-frontieres	200	text/html
20251216141916	https://promouvoircompetences.com/contacts-entreprise.php?id=7981-me-esseau-jean-philippe	200	text/html
20251216203418	https://promouvoircompetences.com/contacts-entreprise.php?id=7983-me-ewawo-louis	200	text/html
20251216203220	https://promouvoircompetences.com/contacts-entreprise.php?id=7987-me-goteni-pierre	200	text/html
20250912195714	https://promouvoircompetences.com/contacts-entreprise.php?id=80-as-ha-mvele-association-interprofessionnelle-des-artisans-artistes-et-agriculteurs-handicapes	200	text/html
20250210095549	https://promouvoircompetences.com/contacts-entreprise.php?id=809-marbelle-vocational-training-centre-fr	200	text/html
20250912193058	https://promouvoircompetences.com/contacts-entreprise.php?id=81-ets-anas	200	text/html
20250912193305	https://promouvoircompetences.com/contacts-entreprise.php?id=8143-pharmacie-de-nuit-jagger	200	text/html
20250912185204	https://promouvoircompetences.com/contacts-entreprise.php?id=8144-pharmacie-mavre	200	text/html
20250912190925	https://promouvoircompetences.com/contacts-entreprise.php?id=82-arts-du-pays	200	text/html
20250912185102	https://promouvoircompetences.com/contacts-entreprise.php?id=83-invesarr-au-cameroun-business	200	text/html
20250906233659	https://promouvoircompetences.com/contacts-entreprise.php?id=85-prodhafe-promotion-et-developpement-harmonieux-de-la-femme	200	text/html
20250811065954	https://promouvoircompetences.com/contacts-entreprise.php?id=8542-la-cite-des-arts	200	text/html
20250912191830	https://promouvoircompetences.com/contacts-entreprise.php?id=86-kkanyi-s-interiors	200	text/html
20250912194110	https://promouvoircompetences.com/contacts-entreprise.php?id=8615-medical-s-rmd-clinique	200	text/html
20250912190838	https://promouvoircompetences.com/contacts-entreprise.php?id=8685-pharmacie-croix-du-sud	200	text/html
20250912200243	https://promouvoircompetences.com/contacts-entreprise.php?id=88-afriland-first-bank-yaounde-fr	200	text/html
20250912185619	https://promouvoircompetences.com/contacts-entreprise.php?id=89-afriland-first-bank-douala-fr	200	text/html
20251216152055	https://promouvoircompetences.com/contacts-entreprise.php?id=8936-clinique-claude-benie	200	text/html
20250912193939	https://promouvoircompetences.com/contacts-entreprise.php?id=8947-pharmacie-jj-mouaya	200	text/html
20250912185308	https://promouvoircompetences.com/contacts-entreprise.php?id=8948-pharmacie-josepha	200	text/html
20250912202844	https://promouvoircompetences.com/contacts-entreprise.php?id=8963-office-2k-architecture-et-pharmacie-eden	200	text/html
20251216144721	https://promouvoircompetences.com/contacts-entreprise.php?id=8964-pharmacie-centrale	200	text/html
20250114194806	https://promouvoircompetences.com/contacts-entreprise.php?id=9036-me-manfouo-jean-fr	200	text/html
20250811074342	https://promouvoircompetences.com/contacts-entreprise.php?id=9048-institut-national-superieur-des-arts-et-de-l-action-culturelle-insaac	200	text/html
20251216140905	https://promouvoircompetences.com/contacts-entreprise.php?id=9165-chic-hotel-fr	200	text/html
20250811084405	https://promouvoircompetences.com/contacts-entreprise.php?id=9442-royal-school-of-law-arts-social-and-natural-sciences	200	text/html
20251216142844	https://promouvoircompetences.com/contacts-entreprise.php?id=9513-le-klubb	200	text/html
20251216222226	https://promouvoircompetences.com/contacts-entreprise.php?id=9521-nwgasuma	200	text/html
20251216155426	https://promouvoircompetences.com/contacts-entreprise.php?id=9738-me-agueh-tahou-monique	200	text/html
20251118043200	https://promouvoircompetences.com/contacts-entreprise.php?id=9739-me-ahobaut-fulgence	200	text/html
20251118040227	https://promouvoircompetences.com/contacts-entreprise.php?id=9743-me-ake-olga-marie-louise	200	text/html
20251216212011	https://promouvoircompetences.com/contacts-entreprise.php?id=9819-me-lasme-serime-clemence	200	text/html
20250912184230	https://promouvoircompetences.com/contacts-entreprise.php?id=9824-me-adou-philippe	200	text/html
20251216141401	https://promouvoircompetences.com/contacts-entreprise.php?id=9826-me-n-douffou-konan-arsene	200	text/html
20251216221851	https://promouvoircompetences.com/contacts-entreprise.php?id=9834-me-ouattara-mamadou	200	text/html
20251216152107	https://promouvoircompetences.com/contacts-entreprise.php?id=9836-me-ouffoue-djaha-bernard	200	text/html
20251216151404	https://promouvoircompetences.com/contacts-entreprise.php?id=9840-me-sidibe-aka-anghui-diamilatou	200	text/html
20251216210310	https://promouvoircompetences.com/contacts-entreprise.php?id=9848-me-tape-mbengue-liliane	200	text/html
20251216204930	https://promouvoircompetences.com/contacts-entreprise.php?id=9877-me-kacou-angelina-andress-epse-atchaurou	200	text/html
20251216143100	https://promouvoircompetences.com/contacts-entreprise.php?id=9879-me-konan-konan-frederic	200	text/html
20251216203259	https://promouvoircompetences.com/contacts-entreprise.php?id=9882-me-kouakou-liliane-saint-pierre	200	text/html
20251216141514	https://promouvoircompetences.com/contacts-entreprise.php?id=9887-me-polneau-andjouva-marie-threrese	200	text/html
20251208172342	https://promouvoircompetences.com/contacts-entreprise.php?id=9892-me-tohouri-epse-diahore-wazi-angeline-eleonore	200	text/html
20251118050758	https://promouvoircompetences.com/contacts-entreprise.php?id=9896-pharma-bio-nat-s-a	200	text/html
20250206150912	https://promouvoircompetences.com/contacts-entreprise.php?id=9905-mario-academic-complex-mendong-yaounde-fr	200	text/html
20250212075133	https://promouvoircompetences.com/contacts-entreprise.php?id=9923-macmillan-bilingual-academy-yaounde-fr	200	text/html
20251208165446	https://promouvoircompetences.com/contacts-entreprise.php?id=9939-academic-college-of-excellence-bastos-yaounde	200	text/html
20250210101535	https://promouvoircompetences.com/contacts-entreprise.php?id=9951-m-d-bilingual-college-yaounde-fr	200	text/html
20250210091349	https://promouvoircompetences.com/contacts-entreprise.php?id=9952-marcellin-bilingual-academy-carriere-yaounde-fr	200	text/html
20250206161544	https://promouvoircompetences.com/contacts-entreprise.php?id=9975-wits-standard-school-of-excellence-yaounde-fr	200	text/html
20250216031244	https://promouvoircompetences.com/contacts-entreprise.php?id=9998-wisdom-international-college-yaounde-fr	200	text/html
20200929143914	https://promouvoircompetences.com/cookies.html	200	text/html
20201127141826	https://promouvoircompetences.com/cookies.php	200	text/html
20210920230900	https://promouvoircompetences.com/correcteur.php	200	text/html
20251216153110	https://promouvoircompetences.com/correction.php?y=1003-correction-epreuve-d-anglais-bepc-2020-benin	200	text/html
20250914081438	https://promouvoircompetences.com/correction.php?y=1006-correction-epreuve-de-mathematiques-bepc-2020-benin	200	text/html
20251216222136	https://promouvoircompetences.com/correction.php?y=1008-correction-epreuve-de-svt-sciences-de-la-vie-et-de-la-terre-bepc-2020-benin	200	text/html
20251216222048	https://promouvoircompetences.com/correction.php?y=990-correction-epreuve-de-svt-sciences-de-la-vie-et-de-la-terre-bepc-2018-benin	200	text/html
20251208164921	https://promouvoircompetences.com/correction.php?y=994-correction-epreuve-d-anglais-bepc-2019-benin	200	text/html
20250914084349	https://promouvoircompetences.com/correction.php?y=998-correction-epreuve-de-physique-chimie-et-technologie-bepc-2019-benin	200	text/html
20250804224053	https://promouvoircompetences.com/corrections.php	200	text/html
20210731190518	https://promouvoircompetences.com/corrections.php?l=fr	200	text/html
20200929142835	https://promouvoircompetences.com/cours-fr.html	200	text/html
20250623220341	https://promouvoircompetences.com/cours.html	200	text/html
20201020053259	https://promouvoircompetences.com/cours.php?l=fr	200	text/html
20200930224818	https://promouvoircompetences.com/course-1-travailler-avec-les-styles-de-paragraphes-dans-word.html	200	text/html
20221128174045	https://promouvoircompetences.com/course-23-comment-generer-des-nombres-aleatoires-en-python.html	200	text/html
20221128190825	https://promouvoircompetences.com/course-24-quelle-est-la-difference-entre-le-cache-et-les-cookies.html	200	text/html
20221128175744	https://promouvoircompetences.com/course-25-comment-creer-une-barre-d-icones-avec-css.html	200	text/html
20221128192559	https://promouvoircompetences.com/course-26-comment-creer-un-bouton-deroulant-avec-css.html	200	text/html
20221128190909	https://promouvoircompetences.com/course-27-comment-creer-une-page-de-produit-avec-des-couleurs-interactives-en-html-css3-et-jquery.html	200	text/html
20231210232026	https://promouvoircompetences.com/course-28-formation-creer-un-site-web-dynamique-en-php-mysql.html	200	text/html
20200921004214	https://promouvoircompetences.com/course-5-comment-telecharger-une-video-dun-statut-whatsapp.html	200	text/html
20200921002631	https://promouvoircompetences.com/course-6-les-101-applications-android-tres-dangereuses-que-vous-devez-desinstaller-immediatement.html	200	text/html
20200921001749	https://promouvoircompetences.com/course-7-php-mysql-comment-se-connecter-a-une-base-de-donnees.html	200	text/html
20200921002751	https://promouvoircompetences.com/course-8-comment-creer-une-redirection-http-vers-https-avec-ou-sans-www.html	200	text/html
20200920232137	https://promouvoircompetences.com/course-9-comment-changer-le-moteur-de-stockage-par-defaut-dans-phpmyadmin.html	200	text/html
20210613075834	https://promouvoircompetences.com/course.php?id=1-travailler-avec-les-styles-de-paragraphes-dans-word	200	text/html
20210613091730	https://promouvoircompetences.com/course.php?id=2-comment-creer-rapidement-un-fichier-pdf-dans-windows-10	200	text/html
20210613080025	https://promouvoircompetences.com/course.php?id=3-apn-camtel-configurer-lacces-a-internet-sur-un-smartphone-equipe-dune-puce-camtel	200	text/html
20210613081412	https://promouvoircompetences.com/course.php?id=5-comment-telecharger-une-video-dun-statut-whatsapp	200	text/html
20210613073352	https://promouvoircompetences.com/course.php?id=6-les-101-applications-android-tres-dangereuses-que-vous-devez-desinstaller-immediatement	200	text/html
20210613083528	https://promouvoircompetences.com/course.php?id=7-php-mysql-comment-se-connecter-a-une-base-de-donnees	200	text/html
20210613083723	https://promouvoircompetences.com/course.php?id=8-comment-creer-une-redirection-http-vers-https-avec-ou-sans-www	200	text/html
20210613083255	https://promouvoircompetences.com/course.php?id=9-comment-changer-le-moteur-de-stockage-par-defaut-dans-phpmyadmin	200	text/html
20250623214133	https://promouvoircompetences.com/coutumes.html	200	text/html
20201020065242	https://promouvoircompetences.com/coutumes.php	200	text/html
20200920034349	https://promouvoircompetences.com/coutumes.php?l=fr	200	text/html
20210107081434	https://promouvoircompetences.com/css/all.css	200	text/css
20250528072944	https://promouvoircompetences.com/css/all.min.css	200	text/css
20250528072851	https://promouvoircompetences.com/css/brands.min.css	200	text/css
20210107081434	https://promouvoircompetences.com/css/competence.css	200	text/css
20210107081434	https://promouvoircompetences.com/css/jquery-ui.css	200	text/css
20210614084337	https://promouvoircompetences.com/css/jquery.gScrollingCarousel.css	200	text/css
20210614084349	https://promouvoircompetences.com/css/jquerytopcss.css	200	text/css
20210812120350	https://promouvoircompetences.com/css/ma5-menu.min.css	200	text/css
20210812120115	https://promouvoircompetences.com/css/site.min.css	200	text/css
20210107081442	https://promouvoircompetences.com/css/skin.css	200	text/css
20210614084328	https://promouvoircompetences.com/css/stylenewsticker.css	200	text/css
20200930220010	https://promouvoircompetences.com/cu.html	200	text/html
20201127135536	https://promouvoircompetences.com/cu.php	200	text/html
20200929133827	https://promouvoircompetences.com/cv/	200	text/html
20250114195328	https://promouvoircompetences.com/cv/activite-ville.php?ida=11&l=fr	200	text/html
20250219141222	https://promouvoircompetences.com/cv/activite-ville.php?ida=12&l=fr	200	text/html
20250615202936	https://promouvoircompetences.com/cv/activite-ville.php?ida=12-ou-trouver-les-specialistes-de-l-art-et-de-l-artisanat-a	200	text/html
20250114023413	https://promouvoircompetences.com/cv/activite-ville.php?ida=14&l=fr	200	text/html
20250114035516	https://promouvoircompetences.com/cv/activite-ville.php?ida=15&l=fr	200	text/html
20250210085301	https://promouvoircompetences.com/cv/activite-ville.php?ida=15-ou-trouver-un-notaire-a	200	text/html
20250620201027	https://promouvoircompetences.com/cv/activite-ville.php?ida=16-ou-aller-a-l-ecole-a	200	text/html
20250114041539	https://promouvoircompetences.com/cv/activite-ville.php?ida=17&l=fr	200	text/html
20250206161249	https://promouvoircompetences.com/cv/activite-ville.php?ida=19-entreprises-d-ingenierie-a	200	text/html
20250714064625	https://promouvoircompetences.com/cv/activite-ville.php?ida=2-ou-manger-a	200	text/html
20250216022230	https://promouvoircompetences.com/cv/activite-ville.php?ida=21-entreprises-de-transport-et-logistique-a	200	text/html
20250216024217	https://promouvoircompetences.com/cv/activite-ville.php?ida=23-ou-trouver-les-entreprises-d-import-export-a	200	text/html
20250216032102	https://promouvoircompetences.com/cv/activite-ville.php?ida=24&l=fr	200	text/html
20250210100921	https://promouvoircompetences.com/cv/activite-ville.php?ida=4&l=fr	200	text/html
20250114041558	https://promouvoircompetences.com/cv/activite-ville.php?ida=6&l=fr	200	text/html
20250206153043	https://promouvoircompetences.com/cv/activite-ville.php?ida=9-specialistes-agriculture-a	200	text/html
20250206165226	https://promouvoircompetences.com/cv/activite-ville.php?idm=1	200	text/html
20250210085441	https://promouvoircompetences.com/cv/activite-ville.php?idm=12	200	text/html
20250210101848	https://promouvoircompetences.com/cv/activite-ville.php?idm=13	200	text/html
20250206171459	https://promouvoircompetences.com/cv/activite-ville.php?idm=17	200	text/html
20250206162601	https://promouvoircompetences.com/cv/activite-ville.php?idm=18	200	text/html
20250216012701	https://promouvoircompetences.com/cv/activite-ville.php?idm=19	200	text/html
20250210094559	https://promouvoircompetences.com/cv/activite-ville.php?idm=23	200	text/html
20250209220625	https://promouvoircompetences.com/cv/activite-ville.php?l=fr	200	text/html
20221128191529	https://promouvoircompetences.com/cv/ambassades.php?l=fr	200	text/html
20250216024022	https://promouvoircompetences.com/cv/avis.php?l=fr	200	text/html
20221128183334	https://promouvoircompetences.com/cv/bourses.php?id=fr	200	text/html
20201127134612	https://promouvoircompetences.com/cv/cap-vert.php	200	text/html
20250206161415	https://promouvoircompetences.com/cv/concours.php?id=fr	200	text/html
20221128190649	https://promouvoircompetences.com/cv/cours.php?l=fr	200	text/html
20221128185425	https://promouvoircompetences.com/cv/coutumes.php?l=fr	200	text/html
20221128181336	https://promouvoircompetences.com/cv/emplois.php?l=fr	200	text/html
20250714055849	https://promouvoircompetences.com/cv/entreprises.php?l=fr	200	text/html
20250210093932	https://promouvoircompetences.com/cv/ethnies.php	200	text/html
20250212082649	https://promouvoircompetences.com/cv/exposition.php?l=fr	200	text/html
20250206153818	https://promouvoircompetences.com/cv/formalites.php	200	text/html
20250216020613	https://promouvoircompetences.com/cv/gastronomie.php	200	text/html
20221128173405	https://promouvoircompetences.com/cv/groupes-ethniques.php	200	text/html
20250714060850	https://promouvoircompetences.com/cv/langues.php	200	text/html
20230711183229	https://promouvoircompetences.com/cv/langues.php?l=fr	200	text/html
20250212075808	https://promouvoircompetences.com/cv/libre-parole.php?l=fr	200	text/html
20221128175658	https://promouvoircompetences.com/cv/login.php	200	text/html
20250206160310	https://promouvoircompetences.com/cv/micro-entreprises.php?l=fr	200	text/html
20221128185230	https://promouvoircompetences.com/cv/question.php?id=175-a-quand-la-publication-des-resultats-du-cap-bt1-et-bt2-2022-au-mali	200	text/html
20221128185447	https://promouvoircompetences.com/cv/question.php?id=176-ou-consulter-les-resultats-du-concours-direct-2022-de-recrutement-a-la-gendarmerie-au-burkina-faso	200	text/html
20250216011800	https://promouvoircompetences.com/cv/question.php?id=357-ou-consulter-les-resultats-du-concours-d-entree-en-1re-annee-de-l-enastic-2024-au-tchad	200	text/html
20250615210503	https://promouvoircompetences.com/cv/question.php?id=359-quel-est-le-calendrier-de-l-annee-scolaire-2024-2025-au-mali	200	text/html
20250210100257	https://promouvoircompetences.com/cv/question.php?id=361-quelles-sont-les-etapes-d-inscriptions-au-bepc-et-au-baccalaureat-2025-en-cote-d-ivoire	200	text/html
20250212073415	https://promouvoircompetences.com/cv/question.php?id=362-comment-verifier-son-orientation-2024-def-au-mali	200	text/html
20250714053405	https://promouvoircompetences.com/cv/question.php?id=365-ou-telecharger-les-resultats-des-admissibilites-au-concours-eso-2024-au-mali	200	text/html
20221128185334	https://promouvoircompetences.com/cv/region.php?id=411-santa-catarina&l=fr	200	text/html
20221128190953	https://promouvoircompetences.com/cv/region.php?id=412-santa-catarina-do-fogo&l=fr	200	text/html
20221128183715	https://promouvoircompetences.com/cv/region.php?id=413-santa-cruz&l=fr	200	text/html
20221128175219	https://promouvoircompetences.com/cv/region.php?id=414-sao-domingos&l=fr	200	text/html
20221128192338	https://promouvoircompetences.com/cv/region.php?id=417-sao-miguel&l=fr	200	text/html
20221128184727	https://promouvoircompetences.com/cv/regions.php	200	text/html
20250212081808	https://promouvoircompetences.com/cv/regions.php?l=fr	200	text/html
20250206154358	https://promouvoircompetences.com/cv/rubrique.php?id=1-generalites	200	text/html
20221128182510	https://promouvoircompetences.com/cv/rubrique.php?id=3-annuaires	200	text/html
20250620202141	https://promouvoircompetences.com/cv/rubrique.php?id=6-mise-en-relation-prestataires-clients-et-vice-versa	200	text/html
20250212075454	https://promouvoircompetences.com/cv/rubrique.php?id=8-compte-pro	200	text/html
20221128180626	https://promouvoircompetences.com/cv/tge.php?l=fr	200	text/html
20250620191004	https://promouvoircompetences.com/cv/tribus.php	200	text/html
20221128182749	https://promouvoircompetences.com/cv/tribus.php?l=fr	200	text/html
20221128185640	https://promouvoircompetences.com/cv/videos.php	200	text/html
20250206153944	https://promouvoircompetences.com/cv/villes.php?l=fr	200	text/html
20221128173024	https://promouvoircompetences.com/cv/?l=en	200	text/html
20221128191035	https://promouvoircompetences.com/cv/?l=fr	200	text/html
20201001193004	https://promouvoircompetences.com/departement-10-mefou-et-afamba-fr.html	200	text/html
20201001190003	https://promouvoircompetences.com/departement-11-mefou-et-akono-fr.html	200	text/html
20200920040247	https://promouvoircompetences.com/departement-12-mfoundi-fr.html	200	text/html
20201001185355	https://promouvoircompetences.com/departement-13-nyong-et-kelle-fr.html	200	text/html
20200919013527	https://promouvoircompetences.com/departement-14-nyong-et-so-o-fr.html	200	text/html
20201001192225	https://promouvoircompetences.com/departement-14-nyong-et-so-o.html	200	text/html
20200920050040	https://promouvoircompetences.com/departement-15-nyong-et-mfoumou-fr.html	200	text/html
20250117014911	https://promouvoircompetences.com/departement-16-boumba-et-ngoko-fr.html	200	text/html
20201023024413	https://promouvoircompetences.com/departement-20-diamare.html	200	text/html
20201023032741	https://promouvoircompetences.com/departement-21-logone-et-chari.html	200	text/html
20201023024013	https://promouvoircompetences.com/departement-22-mayo-danay.html	200	text/html
20201023025141	https://promouvoircompetences.com/departement-23-mayo-kani.html	200	text/html
20201023023947	https://promouvoircompetences.com/departement-24-mayo-sava.html	200	text/html
20201023014749	https://promouvoircompetences.com/departement-25-mayo-tsanaga.html	200	text/html
20250118142231	https://promouvoircompetences.com/departement-26-moungo.html	200	text/html
20250117012020	https://promouvoircompetences.com/departement-27-nkam.html	200	text/html
20201023021546	https://promouvoircompetences.com/departement-30-benoue.html	200	text/html
20201023025745	https://promouvoircompetences.com/departement-31-faro.html	200	text/html
20250117015206	https://promouvoircompetences.com/departement-32-mayo-louti-fr.html	200	text/html
20250615215101	https://promouvoircompetences.com/departement-33-mayo-rey-fr.html	200	text/html
20201023022408	https://promouvoircompetences.com/departement-33-mayo-rey.html	200	text/html
20201125052511	https://promouvoircompetences.com/departement-41-bamboutos.html	200	text/html
20201125050147	https://promouvoircompetences.com/departement-42-haut-nkam.html	200	text/html
20201125054541	https://promouvoircompetences.com/departement-43-hauts-plateaux.html	200	text/html
20201125055801	https://promouvoircompetences.com/departement-44-koung-khi.html	200	text/html
20201125044900	https://promouvoircompetences.com/departement-45-menoua.html	200	text/html
20201125055125	https://promouvoircompetences.com/departement-46-mifi.html	200	text/html
20201125052037	https://promouvoircompetences.com/departement-47-nde.html	200	text/html
20201125042337	https://promouvoircompetences.com/departement-48-noun.html	200	text/html
20250117005349	https://promouvoircompetences.com/departement-51-ocean-fr.html	200	text/html
20200920032735	https://promouvoircompetences.com/departement-6-haute-sanaga-fr.html	200	text/html
20200920035823	https://promouvoircompetences.com/departement-7-lekie-fr.html	200	text/html
20200920045809	https://promouvoircompetences.com/departement-8-mbam-et-inoubou-fr.html	200	text/html
20200920045156	https://promouvoircompetences.com/departement-9-mbam-et-kim-fr.html	200	text/html
20251007215624	https://promouvoircompetences.com/departement.php?id=29-wouri&l=fr&&page=1	200	text/html
20251007220902	https://promouvoircompetences.com/departement.php?id=29-wouri&l=fr&&page=2	200	text/html
20251007210849	https://promouvoircompetences.com/departement.php?id=29-wouri&l=fr&&page=33	200	text/html
20251007213712	https://promouvoircompetences.com/departement.php?id=29-wouri&l=fr&&page=34	200	text/html
20251007205740	https://promouvoircompetences.com/departement.php?id=29-wouri&l=fr&&page=6	200	text/html
20201030133718	https://promouvoircompetences.com/departement.php?id=10-mefou-et-afamba&l=fr	200	text/html
20201030134241	https://promouvoircompetences.com/departement.php?id=11-mefou-et-akono&l=fr	200	text/html
20201031073522	https://promouvoircompetences.com/departement.php?id=12-mfoundi&l=fr	200	text/html
20201030133144	https://promouvoircompetences.com/departement.php?id=13-nyong-et-kelle&l=fr	200	text/html
20201031080755	https://promouvoircompetences.com/departement.php?id=14-nyong-et-so-o	200	text/html
20201031064648	https://promouvoircompetences.com/departement.php?id=14-nyong-et-so-o&l=fr	200	text/html
20201031074016	https://promouvoircompetences.com/departement.php?id=15-nyong-et-mfoumou&l=fr	200	text/html
20241203213645	https://promouvoircompetences.com/departement.php?id=16-boumba-et-ngoko&l=fr	200	text/html
20241203202611	https://promouvoircompetences.com/departement.php?id=17-haut-nyong&l=fr	200	text/html
20241203201323	https://promouvoircompetences.com/departement.php?id=18-kadey	200	text/html
20241203210140	https://promouvoircompetences.com/departement.php?id=18-kadey&l=fr	200	text/html
20250118132809	https://promouvoircompetences.com/departement.php?id=19-lom-et-djerem	200	text/html
20241203211522	https://promouvoircompetences.com/departement.php?id=19-lom-et-djerem&l=fr	200	text/html
20250117005551	https://promouvoircompetences.com/departement.php?id=19-lom-et-djerem&l=fr&page=117	200	text/html
20250118145752	https://promouvoircompetences.com/departement.php?id=19-lom-et-djerem&l=fr&page=118	200	text/html
20250117003847	https://promouvoircompetences.com/departement.php?id=19-lom-et-djerem&l=fr&page=2	200	text/html
20250117000908	https://promouvoircompetences.com/departement.php?id=19-lom-et-djerem&l=fr&page=3	200	text/html
20250117021428	https://promouvoircompetences.com/departement.php?id=19-lom-et-djerem&l=fr&page=4	200	text/html
20250117020018	https://promouvoircompetences.com/departement.php?id=19-lom-et-djerem&l=fr&page=5	200	text/html
20250117013959	https://promouvoircompetences.com/departement.php?id=19-lom-et-djerem&l=fr&page=6	200	text/html
20250117012216	https://promouvoircompetences.com/departement.php?id=19-lom-et-djerem&l=fr&page=7	200	text/html
20211104060545	https://promouvoircompetences.com/departement.php?id=20-diamare	200	text/html
20211104051142	https://promouvoircompetences.com/departement.php?id=20-diamare&l=fr	200	text/html
20250117020633	https://promouvoircompetences.com/departement.php?id=20-diamare&l=fr&page=2	200	text/html
20250117001524	https://promouvoircompetences.com/departement.php?id=20-diamare&l=fr&page=3	200	text/html
20250117004822	https://promouvoircompetences.com/departement.php?id=20-diamare&l=fr&page=4	200	text/html
20251118223731	https://promouvoircompetences.com/departement.php?id=20-diamare&l=fr&page=5	200	text/html
20250804131937	https://promouvoircompetences.com/departement.php?id=20-diamare&l=fr&page=6	200	text/html
20250117001625	https://promouvoircompetences.com/departement.php?id=20-diamare&l=fr&page=61	200	text/html
20250118133013	https://promouvoircompetences.com/departement.php?id=20-diamare&l=fr&page=62	200	text/html
20250118145127	https://promouvoircompetences.com/departement.php?id=21-logone-et-chari	200	text/html
20211030193044	https://promouvoircompetences.com/departement.php?id=21-logone-et-chari&l=fr	200	text/html
20230710104601	https://promouvoircompetences.com/departement.php?id=22-mayo-danay	200	text/html
20211104051111	https://promouvoircompetences.com/departement.php?id=22-mayo-danay&l=fr	200	text/html
20250117005102	https://promouvoircompetences.com/departement.php?id=23-mayo-kani	200	text/html
20211030193145	https://promouvoircompetences.com/departement.php?id=23-mayo-kani&l=fr	200	text/html
20211104051052	https://promouvoircompetences.com/departement.php?id=24-mayo-sava&l=fr	200	text/html
20250117004136	https://promouvoircompetences.com/departement.php?id=24-mayo-sava&l=fr&page=10	200	text/html
20250117005308	https://promouvoircompetences.com/departement.php?id=24-mayo-sava&l=fr&page=11	200	text/html
20250117012557	https://promouvoircompetences.com/departement.php?id=24-mayo-sava&l=fr&page=2	200	text/html
20250117012626	https://promouvoircompetences.com/departement.php?id=24-mayo-sava&l=fr&page=3	200	text/html
20250117012655	https://promouvoircompetences.com/departement.php?id=24-mayo-sava&l=fr&page=4	200	text/html
20250117012727	https://promouvoircompetences.com/departement.php?id=24-mayo-sava&l=fr&page=5	200	text/html
20250117012750	https://promouvoircompetences.com/departement.php?id=24-mayo-sava&l=fr&page=6	200	text/html
20250117012814	https://promouvoircompetences.com/departement.php?id=24-mayo-sava&l=fr&page=7	200	text/html
20250117011506	https://promouvoircompetences.com/departement.php?id=25-mayo-tsanaga	200	text/html
20211031064029	https://promouvoircompetences.com/departement.php?id=25-mayo-tsanaga&l=fr	200	text/html
20250215235847	https://promouvoircompetences.com/departement.php?id=26-moungo	200	text/html
20250118141520	https://promouvoircompetences.com/departement.php?id=26-moungo&l=fr	200	text/html
20250215235958	https://promouvoircompetences.com/departement.php?id=26-moungo&page=2	200	text/html
20250215235143	https://promouvoircompetences.com/departement.php?id=26-moungo&page=3	200	text/html
20250215230726	https://promouvoircompetences.com/departement.php?id=26-moungo&page=56	200	text/html
20250215233405	https://promouvoircompetences.com/departement.php?id=26-moungo&page=6	200	text/html
20250215232736	https://promouvoircompetences.com/departement.php?id=26-moungo&page=7	200	text/html
20250215222047	https://promouvoircompetences.com/departement.php?id=27-nkam	200	text/html
20250118145957	https://promouvoircompetences.com/departement.php?id=27-nkam&l=fr	200	text/html
20250118133134	https://promouvoircompetences.com/departement.php?id=28-sanaga-maritime&l=fr	200	text/html
20250209213309	https://promouvoircompetences.com/departement.php?id=29-wouri	200	text/html
20250117001719	https://promouvoircompetences.com/departement.php?id=29-wouri&l=fr	200	text/html
20250912185755	https://promouvoircompetences.com/departement.php?id=29-wouri&l=fr&page=2	200	text/html
20250912182109	https://promouvoircompetences.com/departement.php?id=29-wouri&l=fr&page=3	200	text/html
20250912192009	https://promouvoircompetences.com/departement.php?id=29-wouri&l=fr&page=33	200	text/html
20250912193413	https://promouvoircompetences.com/departement.php?id=29-wouri&l=fr&page=34	200	text/html
20250912202908	https://promouvoircompetences.com/departement.php?id=29-wouri&l=fr&page=4	200	text/html
20250912193910	https://promouvoircompetences.com/departement.php?id=29-wouri&l=fr&page=5	200	text/html
20250912191639	https://promouvoircompetences.com/departement.php?id=29-wouri&l=fr&page=6	200	text/html
20250912184304	https://promouvoircompetences.com/departement.php?id=29-wouri&l=fr&page=7	200	text/html
20220226175535	https://promouvoircompetences.com/departement.php?id=53-fako&l=fr	200	text/html
20220226192859	https://promouvoircompetences.com/departement.php?id=54-kupe-manenguba&l=fr	200	text/html
20220226193107	https://promouvoircompetences.com/departement.php?id=55-lebialem&l=fr	200	text/html
20220226175723	https://promouvoircompetences.com/departement.php?id=56-manyu&l=fr	200	text/html
20220226175720	https://promouvoircompetences.com/departement.php?id=57-meme&l=fr	200	text/html
20220226192903	https://promouvoircompetences.com/departement.php?id=58-ndian&l=fr	200	text/html
20201030130354	https://promouvoircompetences.com/departement.php?id=6-haute-sanaga&l=fr	200	text/html
20201030124249	https://promouvoircompetences.com/departement.php?id=7-lekie&l=fr	200	text/html
20201031070525	https://promouvoircompetences.com/departement.php?id=8-mbam-et-inoubou&l=fr	200	text/html
20201030134159	https://promouvoircompetences.com/departement.php?id=9-mbam-et-kim&l=fr	200	text/html
20200929143330	https://promouvoircompetences.com/departements.html	200	text/html
20201030141934	https://promouvoircompetences.com/departements.php	200	text/html
20250623225044	https://promouvoircompetences.com/devenir-correcteur.html	200	text/html
20250623221800	https://promouvoircompetences.com/devenir-correcteur.php	200	text/html
20210301122137	https://promouvoircompetences.com/devenir-correcteur.php?l=fr	200	text/html
20200929132912	https://promouvoircompetences.com/dj/	200	text/html
20250620191345	https://promouvoircompetences.com/dj/activite-ville.php?ida=10-banques-et-assurances-a	200	text/html
20250120022729	https://promouvoircompetences.com/dj/activite-ville.php?ida=11&l=fr	200	text/html
20250219135515	https://promouvoircompetences.com/dj/activite-ville.php?ida=12&l=fr	200	text/html
20250212063536	https://promouvoircompetences.com/dj/activite-ville.php?ida=13-ou-trouver-les-professionnels-de-l-habillement-a	200	text/html
20250114022347	https://promouvoircompetences.com/dj/activite-ville.php?ida=14&l=fr	200	text/html
20250114034626	https://promouvoircompetences.com/dj/activite-ville.php?ida=15&l=fr	200	text/html
20250114205303	https://promouvoircompetences.com/dj/activite-ville.php?ida=17&l=fr	200	text/html
20250206171539	https://promouvoircompetences.com/dj/activite-ville.php?ida=2-ou-manger-a	200	text/html
20250210104854	https://promouvoircompetences.com/dj/activite-ville.php?ida=24&l=fr	200	text/html
20250212073904	https://promouvoircompetences.com/dj/activite-ville.php?ida=25&l=fr	200	text/html
20250206155651	https://promouvoircompetences.com/dj/activite-ville.php?ida=4-ou-danser-se-defouler-a	200	text/html
20250714054208	https://promouvoircompetences.com/dj/activite-ville.php?ida=5-ou-faire-le-marche-a	200	text/html
20250120033308	https://promouvoircompetences.com/dj/activite-ville.php?ida=6&l=fr	200	text/html
20250615210201	https://promouvoircompetences.com/dj/activite-ville.php?ida=7-ou-se-soigner-a	200	text/html
20250216012248	https://promouvoircompetences.com/dj/activite-ville.php?ida=9-specialistes-agriculture-a	200	text/html
20250617175150	https://promouvoircompetences.com/dj/activite-ville.php?idm=10	200	text/html
20250216032201	https://promouvoircompetences.com/dj/activite-ville.php?idm=12	200	text/html
20250206153124	https://promouvoircompetences.com/dj/activite-ville.php?idm=14	200	text/html
20250216015731	https://promouvoircompetences.com/dj/activite-ville.php?idm=16	200	text/html
20250216021900	https://promouvoircompetences.com/dj/activite-ville.php?idm=18	200	text/html
20250206163122	https://promouvoircompetences.com/dj/activite-ville.php?idm=20	200	text/html
20250212065139	https://promouvoircompetences.com/dj/activite-ville.php?idm=21	200	text/html
20250212063419	https://promouvoircompetences.com/dj/activite-ville.php?idm=26	200	text/html
20250212071525	https://promouvoircompetences.com/dj/activite-ville.php?idm=30	200	text/html
20250206161705	https://promouvoircompetences.com/dj/activite-ville.php?idm=32	200	text/html
20250210084816	https://promouvoircompetences.com/dj/activite-ville.php?idm=33	200	text/html
20250212082247	https://promouvoircompetences.com/dj/activite-ville.php?idm=4	200	text/html
20250617170758	https://promouvoircompetences.com/dj/activite-ville.php?idm=9	200	text/html
20250209215836	https://promouvoircompetences.com/dj/activite-ville.php?l=fr	200	text/html
20250210103127	https://promouvoircompetences.com/dj/ambassades.php?l=fr	200	text/html
20250212072655	https://promouvoircompetences.com/dj/concours.php?id=fr	200	text/html
20250216022358	https://promouvoircompetences.com/dj/conditions.php?id=3-politique-confidentialite-fr	200	text/html
20250620192216	https://promouvoircompetences.com/dj/cookies.php	200	text/html
20250216030937	https://promouvoircompetences.com/dj/cours.php?id=fr	200	text/html
20250212080328	https://promouvoircompetences.com/dj/cours.php?l=fr	200	text/html
20201127140112	https://promouvoircompetences.com/dj/djibouti.php	200	text/html
20250210101337	https://promouvoircompetences.com/dj/epreuves.php?id=fr	200	text/html
20250216031926	https://promouvoircompetences.com/dj/epreuves.php?l=fr	200	text/html
20250212070541	https://promouvoircompetences.com/dj/ethnies.php	200	text/html
20250615212045	https://promouvoircompetences.com/dj/ethnies.php?l=fr	200	text/html
20250210104225	https://promouvoircompetences.com/dj/exposition.php?l=fr	200	text/html
20250206154950	https://promouvoircompetences.com/dj/gastronomie.php	200	text/html
20250212065050	https://promouvoircompetences.com/dj/gastronomie.php?l=fr	200	text/html
20250210091227	https://promouvoircompetences.com/dj/groupes-ethniques.php?l=fr	200	text/html
20250617171616	https://promouvoircompetences.com/dj/langues.php	200	text/html
20230711184731	https://promouvoircompetences.com/dj/langues.php?l=fr	200	text/html
20250212073823	https://promouvoircompetences.com/dj/pme.php?l=fr	200	text/html
20250714053730	https://promouvoircompetences.com/dj/publicite.php?l=fr	200	text/html
20250212063736	https://promouvoircompetences.com/dj/question.php?id=354-avez-vous-les-listes-des-candidats-admis-au-concours-d-entree-en-1ere-annee-de-l-iut-de-douala	200	text/html
20250714055520	https://promouvoircompetences.com/dj/question.php?id=363-vrai-ou-faux-que-le-president-paul-biya-distribue-de-l-argent-aux-camerounais-pour-noel	200	text/html
20250212065854	https://promouvoircompetences.com/dj/rubrique.php?id=1-generalites	200	text/html
20250216031848	https://promouvoircompetences.com/dj/rubrique.php?id=2-avantages-d-avoir-un-compte	200	text/html
20250212072948	https://promouvoircompetences.com/dj/rubrique.php?id=3-annuaires	200	text/html
20250206160649	https://promouvoircompetences.com/dj/rubrique.php?id=4-proposer-un-cours	200	text/html
20250210095740	https://promouvoircompetences.com/dj/rubrique.php?id=9-correction-d-epreuves-d-examens-et-concours	200	text/html
20250212081317	https://promouvoircompetences.com/dj/sites-touristiques.php	200	text/html
20250216015500	https://promouvoircompetences.com/dj/tge.php?l=fr	200	text/html
20250615204244	https://promouvoircompetences.com/dj/villes.php?l=fr	200	text/html
20250216011551	https://promouvoircompetences.com/dj/?l=en	200	text/html
20250615214805	https://promouvoircompetences.com/dj/?l=fr	200	text/html
20210228221357	https://promouvoircompetences.com/dz/	200	text/html
20250114034204	https://promouvoircompetences.com/dz/activite-ville.php?ida=11&l=fr	200	text/html
20250219145149	https://promouvoircompetences.com/dz/activite-ville.php?ida=12&l=fr	200	text/html
20250620191841	https://promouvoircompetences.com/dz/activite-ville.php?ida=12-ou-trouver-les-specialistes-de-l-art-et-de-l-artisanat-a	200	text/html
20250114194507	https://promouvoircompetences.com/dz/activite-ville.php?ida=14&l=fr	200	text/html
20250212071235	https://promouvoircompetences.com/dz/activite-ville.php?ida=14-entreprises-sociales-a	200	text/html
20250114015829	https://promouvoircompetences.com/dz/activite-ville.php?ida=15&l=fr	200	text/html
20250114022436	https://promouvoircompetences.com/dz/activite-ville.php?ida=17&l=fr	200	text/html
20250216025726	https://promouvoircompetences.com/dz/activite-ville.php?ida=17-entreprises-de-l-industrie-agroalimentaire-a	200	text/html
20250620184848	https://promouvoircompetences.com/dz/activite-ville.php?ida=18-entreprises-du-batiment-a	200	text/html
20250210104449	https://promouvoircompetences.com/dz/activite-ville.php?ida=20&l=fr	200	text/html
20250212075252	https://promouvoircompetences.com/dz/activite-ville.php?ida=23&l=fr	200	text/html
20250210104150	https://promouvoircompetences.com/dz/activite-ville.php?ida=23-ou-trouver-les-entreprises-d-import-export-a	200	text/html
20250206153541	https://promouvoircompetences.com/dz/activite-ville.php?ida=24&l=fr	200	text/html
20250714053505	https://promouvoircompetences.com/dz/activite-ville.php?ida=24-ou-trouver-des-entreprises-de-services-aux-entreprises-a	200	text/html
20250206163244	https://promouvoircompetences.com/dz/activite-ville.php?ida=26-ou-trouver-un-huissier-de-justice-un-cabinet-d-avocats-ou-un-avocat-a	200	text/html
20250210094703	https://promouvoircompetences.com/dz/activite-ville.php?ida=9-specialistes-agriculture-a	200	text/html
20250216021433	https://promouvoircompetences.com/dz/activite-ville.php?idm=14	200	text/html
20250210092032	https://promouvoircompetences.com/dz/activite-ville.php?idm=17	200	text/html
20250216015856	https://promouvoircompetences.com/dz/activite-ville.php?idm=19	200	text/html
20250206171746	https://promouvoircompetences.com/dz/activite-ville.php?idm=22	200	text/html
20250210091820	https://promouvoircompetences.com/dz/activite-ville.php?idm=24	200	text/html
20250620192143	https://promouvoircompetences.com/dz/activite-ville.php?idm=26	200	text/html
20250206151631	https://promouvoircompetences.com/dz/activite-ville.php?idm=29	200	text/html
20250216013255	https://promouvoircompetences.com/dz/activite-ville.php?idm=31	200	text/html
20250210102902	https://promouvoircompetences.com/dz/activite-ville.php?idm=32	200	text/html
20250216015422	https://promouvoircompetences.com/dz/activite-ville.php?idm=33	200	text/html
20250209202841	https://promouvoircompetences.com/dz/activite-ville.php?l=fr	200	text/html
20250216014538	https://promouvoircompetences.com/dz/aide.php?l=fr	200	text/html
20201127141747	https://promouvoircompetences.com/dz/algerie.php	200	text/html
20250212081848	https://promouvoircompetences.com/dz/avis.php?l=fr	200	text/html
20250206152231	https://promouvoircompetences.com/dz/centres-formation-pro.php?l=fr	200	text/html
20250216023317	https://promouvoircompetences.com/dz/cookies.php	200	text/html
20250206152957	https://promouvoircompetences.com/dz/cours.php?id=fr	200	text/html
20250210105245	https://promouvoircompetences.com/dz/cours.php?l=fr	200	text/html
20250216031050	https://promouvoircompetences.com/dz/coutumes.php?l=fr	200	text/html
20250210101651	https://promouvoircompetences.com/dz/emplois.php?l=fr	200	text/html
20250206154110	https://promouvoircompetences.com/dz/epreuves.php?l=fr	200	text/html
20250206162800	https://promouvoircompetences.com/dz/ethnies.php	200	text/html
20250615214905	https://promouvoircompetences.com/dz/ethnies.php?l=fr	200	text/html
20250212064330	https://promouvoircompetences.com/dz/exposition.php?l=fr	200	text/html
20250216023239	https://promouvoircompetences.com/dz/gastronomie.php	200	text/html
20250216014942	https://promouvoircompetences.com/dz/inscription.php	200	text/html
20230711183229	https://promouvoircompetences.com/dz/langues.php?l=fr	200	text/html
20250216025647	https://promouvoircompetences.com/dz/pme.php?l=fr	200	text/html
20250714062332	https://promouvoircompetences.com/dz/premium-infos.php?l=fr	200	text/html
20250210093234	https://promouvoircompetences.com/dz/proposercours.php?l=fr	200	text/html
20250206170442	https://promouvoircompetences.com/dz/question.php?id=355-a-quand-les-resultats-du-cap-et-bt-2024-au-mali	200	text/html
20250206162156	https://promouvoircompetences.com/dz/question.php?id=360-quelles-est-la-situation-des-inondations-au-mali-et-de-l-assistance-aux-sinistres	200	text/html
20250615214834	https://promouvoircompetences.com/dz/question.php?id=361-quelles-sont-les-etapes-d-inscriptions-au-bepc-et-au-baccalaureat-2025-en-cote-d-ivoire	200	text/html
20250714061446	https://promouvoircompetences.com/dz/question.php?id=362-comment-verifier-son-orientation-2024-def-au-mali	200	text/html
20250216024331	https://promouvoircompetences.com/dz/questions.php?l=fr	200	text/html
20250216010658	https://promouvoircompetences.com/dz/regions.php?l=fr	200	text/html
20250216030552	https://promouvoircompetences.com/dz/resultats-examens.php?id=fr	200	text/html
20250615214219	https://promouvoircompetences.com/dz/rubrique.php?id=4-proposer-un-cours	200	text/html
20250206151417	https://promouvoircompetences.com/dz/sites-touristiques.php	200	text/html
20250216023159	https://promouvoircompetences.com/dz/tge.php?l=fr	200	text/html
20250714055002	https://promouvoircompetences.com/dz/tribus.php	200	text/html
20250216024605	https://promouvoircompetences.com/dz/tribus.php?l=fr	200	text/html
20250615220404	https://promouvoircompetences.com/dz/videos.php	200	text/html
20250615210100	https://promouvoircompetences.com/dz/?l=en	200	text/html
20250623223221	https://promouvoircompetences.com/ecoles.html	200	text/html
20210812120219	https://promouvoircompetences.com/editusers/ckeditor.js	200	application/javascript
20250623225441	https://promouvoircompetences.com/education.html	200	text/html
20210228214444	https://promouvoircompetences.com/eg/	200	text/html
20250210100809	https://promouvoircompetences.com/eg/activite-ville.php?ida=1-ou-dormir-a	200	text/html
20250212070833	https://promouvoircompetences.com/eg/activite-ville.php?ida=10-banques-et-assurances-a	200	text/html
20250120023103	https://promouvoircompetences.com/eg/activite-ville.php?ida=11&l=fr	200	text/html
20250714061413	https://promouvoircompetences.com/eg/activite-ville.php?ida=11-entreprises-automobiles-a	200	text/html
20250219140841	https://promouvoircompetences.com/eg/activite-ville.php?ida=12&l=fr	200	text/html
20250212064156	https://promouvoircompetences.com/eg/activite-ville.php?ida=13-ou-trouver-les-professionnels-de-l-habillement-a	200	text/html
20250114023125	https://promouvoircompetences.com/eg/activite-ville.php?ida=14&l=fr	200	text/html
20250216011917	https://promouvoircompetences.com/eg/activite-ville.php?ida=14-entreprises-sociales-a	200	text/html
20250114035354	https://promouvoircompetences.com/eg/activite-ville.php?ida=15&l=fr	200	text/html
20250114041432	https://promouvoircompetences.com/eg/activite-ville.php?ida=17&l=fr	200	text/html
20250210101032	https://promouvoircompetences.com/eg/activite-ville.php?ida=17-entreprises-de-l-industrie-agroalimentaire-a	200	text/html
20250216012011	https://promouvoircompetences.com/eg/activite-ville.php?ida=2&l=fr	200	text/html
20250210092656	https://promouvoircompetences.com/eg/activite-ville.php?ida=20-entreprises-de-ressources-humaines	200	text/html
20250210095218	https://promouvoircompetences.com/eg/activite-ville.php?ida=23&l=fr	200	text/html
20250212074103	https://promouvoircompetences.com/eg/activite-ville.php?ida=25&l=fr	200	text/html
20250210100732	https://promouvoircompetences.com/eg/activite-ville.php?ida=4&l=fr	200	text/html
20250216021036	https://promouvoircompetences.com/eg/activite-ville.php?ida=4-ou-danser-se-defouler-a	200	text/html
20250120033947	https://promouvoircompetences.com/eg/activite-ville.php?ida=6&l=fr	200	text/html
20250216030823	https://promouvoircompetences.com/eg/activite-ville.php?ida=6-ou-se-former-a	200	text/html
20250218101635	https://promouvoircompetences.com/eg/activite-ville.php?ida=7&l=fr	200	text/html
20250206160202	https://promouvoircompetences.com/eg/activite-ville.php?ida=7-ou-se-soigner-a	200	text/html
20250216014859	https://promouvoircompetences.com/eg/activite-ville.php?ida=8-ou-imprimer-des-documents-a	200	text/html
20250210104523	https://promouvoircompetences.com/eg/activite-ville.php?idm=10	200	text/html
20250206161747	https://promouvoircompetences.com/eg/activite-ville.php?idm=11	200	text/html
20250212065734	https://promouvoircompetences.com/eg/activite-ville.php?idm=14	200	text/html
20250210103434	https://promouvoircompetences.com/eg/activite-ville.php?idm=15	200	text/html
20250714053759	https://promouvoircompetences.com/eg/activite-ville.php?idm=16	200	text/html
20250615213118	https://promouvoircompetences.com/eg/activite-ville.php?idm=18	200	text/html
20250206152510	https://promouvoircompetences.com/eg/activite-ville.php?idm=19	200	text/html
20250615204320	https://promouvoircompetences.com/eg/activite-ville.php?idm=21	200	text/html
20250216020237	https://promouvoircompetences.com/eg/activite-ville.php?idm=23	200	text/html
20250620185241	https://promouvoircompetences.com/eg/activite-ville.php?idm=26	200	text/html
20250212065406	https://promouvoircompetences.com/eg/activite-ville.php?idm=3	200	text/html
20250210101922	https://promouvoircompetences.com/eg/activite-ville.php?idm=5	200	text/html
20250216020431	https://promouvoircompetences.com/eg/activite-ville.php?idm=6	200	text/html
20250209220506	https://promouvoircompetences.com/eg/activite-ville.php?l=fr	200	text/html
20250206171824	https://promouvoircompetences.com/eg/aide.php?l=fr	200	text/html
20250620191658	https://promouvoircompetences.com/eg/ajouterEntreprise.php?l=fr	200	text/html
20250212074935	https://promouvoircompetences.com/eg/avis.php?l=fr	200	text/html
20250212082729	https://promouvoircompetences.com/eg/contact.php?l=fr	200	text/html
20250617172938	https://promouvoircompetences.com/eg/coutumes.php	200	text/html
20201127135758	https://promouvoircompetences.com/eg/egypte.php	200	text/html
20250620200741	https://promouvoircompetences.com/eg/egypte.php?l=fr	200	text/html
20250615220034	https://promouvoircompetences.com/eg/exposition.php?l=fr	200	text/html
20250212065815	https://promouvoircompetences.com/eg/formalites.php	200	text/html
20250615205333	https://promouvoircompetences.com/eg/formalites.php?l=fr	200	text/html
20250206152826	https://promouvoircompetences.com/eg/groupes-ethniques.php	200	text/html
20250210092118	https://promouvoircompetences.com/eg/groupes-ethniques.php?l=fr	200	text/html
20250210100956	https://promouvoircompetences.com/eg/pme.php?l=fr	200	text/html
20250212073944	https://promouvoircompetences.com/eg/premium-infos.php?l=fr	200	text/html
20250210085106	https://promouvoircompetences.com/eg/proposercours.php?l=fr	200	text/html
20250210091106	https://promouvoircompetences.com/eg/question.php?id=354-avez-vous-les-listes-des-candidats-admis-au-concours-d-entree-en-1ere-annee-de-l-iut-de-douala	200	text/html
20250206163724	https://promouvoircompetences.com/eg/question.php?id=355-a-quand-les-resultats-du-cap-et-bt-2024-au-mali	200	text/html
20250210093043	https://promouvoircompetences.com/eg/question.php?id=360-quelles-est-la-situation-des-inondations-au-mali-et-de-l-assistance-aux-sinistres	200	text/html
20250620194840	https://promouvoircompetences.com/eg/question.php?id=361-quelles-sont-les-etapes-d-inscriptions-au-bepc-et-au-baccalaureat-2025-en-cote-d-ivoire	200	text/html
20250210100416	https://promouvoircompetences.com/eg/question.php?id=363-vrai-ou-faux-que-le-president-paul-biya-distribue-de-l-argent-aux-camerounais-pour-noel	200	text/html
20250617162800	https://promouvoircompetences.com/eg/question.php?id=366-quelles-sont-les-dates-des-visites-medicales-aux-concours-eso-au-mali-fevrier-2025	200	text/html
20250212083658	https://promouvoircompetences.com/eg/rubrique.php?id=2-avantages-d-avoir-un-compte	200	text/html
20250714055555	https://promouvoircompetences.com/eg/rubrique.php?id=3-annuaires	200	text/html
20250210090924	https://promouvoircompetences.com/eg/rubrique.php?id=5-offres-d-emplois	200	text/html
20250210104112	https://promouvoircompetences.com/eg/rubrique.php?id=6-mise-en-relation-prestataires-clients-et-vice-versa	200	text/html
20250714062427	https://promouvoircompetences.com/eg/rubrique.php?id=7-resultats-examens-et-concours	200	text/html
20250206153859	https://promouvoircompetences.com/eg/tribus.php	200	text/html
20250210100138	https://promouvoircompetences.com/eg/tribus.php?l=fr	200	text/html
20250620185611	https://promouvoircompetences.com/eg/?l=en	200	text/html
20250210093004	https://promouvoircompetences.com/eg/?l=es	200	text/html
20250216025533	https://promouvoircompetences.com/eg/?l=fr	200	text/html
20250907002116	https://promouvoircompetences.com/emploi-1029-avis-d-appel-d-offres-pour-impressions-des-manuels-scolaires.html	200	text/html
20250907002415	https://promouvoircompetences.com/emploi-1037-consultants-pour-la-conduite-de-lanalyse-de-la-vulnerabilite-aux-changements-climatiques-dans-les-secteurs-prioritaires-sensibles.html	200	text/html
20250906230010	https://promouvoircompetences.com/emploi-1038-specialiste-de-sante-et-nutrition.html	200	text/html
20250906233413	https://promouvoircompetences.com/emploi-1062-journalistes-redacteurs-editeurs-web-freelance.html	200	text/html
20250907001004	https://promouvoircompetences.com/emploi-1072-consultant-strategie-daccompagnement-en-foresterie-communautaire.html	200	text/html
20250906221928	https://promouvoircompetences.com/emploi-1129-technicien-de-surface.html	200	text/html
20250906233537	https://promouvoircompetences.com/emploi-1140-conseiller-technique-en-chef.html	200	text/html
20250906234422	https://promouvoircompetences.com/emploi-1205-consultant-synthesis-of-biodiversity-national-reports.html	200	text/html
20250804214452	https://promouvoircompetences.com/emploi-1279-stagiaire-en-maintenance-industrielle.html	200	text/html
20250805164317	https://promouvoircompetences.com/emploi-1365-responsable-mecanique.html	200	text/html
20250118140714	https://promouvoircompetences.com/emploi-138-local-security-assistant.html	200	text/html
20251118050416	https://promouvoircompetences.com/emploi-1455-production-intern.html	200	text/html
20250907193750	https://promouvoircompetences.com/emploi-1460-graphiste-web-designer.html	200	text/html
20251109103003	https://promouvoircompetences.com/emploi-1489-developpeur-odoo-web-front-et-back.html	200	text/html
20251109102832	https://promouvoircompetences.com/emploi-1519-community-manager-digital-marketist.html	200	text/html
20251109095001	https://promouvoircompetences.com/emploi-1527-developpeur-python-full-stack.html	200	text/html
20250804224125	https://promouvoircompetences.com/emploi-1534-responsable-administratif-et-financier.html	200	text/html
20250906233244	https://promouvoircompetences.com/emploi-155-ingenieur-en-genie-mecanique.html	200	text/html
20250906042702	https://promouvoircompetences.com/emploi-1629-graphiste.html	200	text/html
20251216151823	https://promouvoircompetences.com/emploi-1645-infographiste-reprographe.html	200	text/html
20250804230606	https://promouvoircompetences.com/emploi-1736-mecanicien-engins-lourds.html	200	text/html
20250907001432	https://promouvoircompetences.com/emploi-1771-responsable-de-programme-eau-hygiene-et-assainissement.html	200	text/html
20250906232046	https://promouvoircompetences.com/emploi-1772-agent-de-nettoyage.html	200	text/html
20251109095250	https://promouvoircompetences.com/emploi-179-monitoring-evaluation-research-and-learning-specialist.html	200	text/html
20250805171258	https://promouvoircompetences.com/emploi-1830-chauffeur-mecanicien.html	200	text/html
20250805163259	https://promouvoircompetences.com/emploi-1832-driver-mechanic.html	200	text/html
20250906230833	https://promouvoircompetences.com/emploi-1833-procurement-and-contracts-officer.html	200	text/html
20250215231250	https://promouvoircompetences.com/emploi-1885-expert-en-sante-mentale-et-pratique-des-soins.html	200	text/html
20250912183750	https://promouvoircompetences.com/emploi-1886-cartographe.html	200	text/html
20250906235142	https://promouvoircompetences.com/emploi-1964-monteur-graphiste-video-et-photo.html	200	text/html
20250907002248	https://promouvoircompetences.com/emploi-1980-webmaster.html	200	text/html
20250906224443	https://promouvoircompetences.com/emploi-1984-un-01-designer-h-f.html	200	text/html
20250906231603	https://promouvoircompetences.com/emploi-2020-developpeur-web.html	200	text/html
20250906224651	https://promouvoircompetences.com/emploi-2036-13-postes-vacants-a-pourvoir.html	200	text/html
20250907002337	https://promouvoircompetences.com/emploi-2050-lavandier.html	200	text/html
20250906224916	https://promouvoircompetences.com/emploi-2066-expert-in-warning-system-for-climate-extremes.html	200	text/html
20250906234804	https://promouvoircompetences.com/emploi-2067-expert-e-en-systeme-d-alerte-aux-extremes-climatiques.html	200	text/html
20251109100607	https://promouvoircompetences.com/emploi-2072-ingenieur-senior-geotechnicien.html	200	text/html
20250805165706	https://promouvoircompetences.com/emploi-2079-49-postes-a-pourvoir.html	200	text/html
20251109105420	https://promouvoircompetences.com/emploi-2082-coordonnateur-des-licences-permis.html	200	text/html
20250805162402	https://promouvoircompetences.com/emploi-2093-ingenieur-mecanicien-de-terrain.html	200	text/html
20250907002433	https://promouvoircompetences.com/emploi-2097-chef-d-equipe-wash-urgences-bunia.html	200	text/html
20250906232129	https://promouvoircompetences.com/emploi-2101-responsable-commercial-e-webmaster-commercia-ux-les.html	200	text/html
20250219152532	https://promouvoircompetences.com/emploi-2104-48-superviseurs-dactivites.html	200	text/html
20250907002321	https://promouvoircompetences.com/emploi-2108-chef-de-lhygiene-hospitaliere.html	200	text/html
20251109102126	https://promouvoircompetences.com/emploi-211-driver.html	200	text/html
20250805182315	https://promouvoircompetences.com/emploi-2132-mecanicien-de-chariot-elevateur.html	200	text/html
20250213033026	https://promouvoircompetences.com/emploi-2135-medical-laboratory-scientist.html	200	text/html
20250219151812	https://promouvoircompetences.com/emploi-2145-informaticien-developpeur.html	200	text/html
20250906235257	https://promouvoircompetences.com/emploi-2150-manager-tresorerie.html	200	text/html
20250907002244	https://promouvoircompetences.com/emploi-2151-comptable-fournisseur.html	200	text/html
20250906231641	https://promouvoircompetences.com/emploi-2152-comptable-financier.html	200	text/html
20250219144224	https://promouvoircompetences.com/emploi-2162-community-manager-phone-collector.html	200	text/html
20250118140655	https://promouvoircompetences.com/emploi-2163-archiviste.html	200	text/html
20250118143833	https://promouvoircompetences.com/emploi-2164-responsable-logistique.html	200	text/html
20250118144241	https://promouvoircompetences.com/emploi-2165-135-postes-a-pourvoir.html	200	text/html
20250907002443	https://promouvoircompetences.com/emploi-2167-auditeur-junior.html	200	text/html
20250213033135	https://promouvoircompetences.com/emploi-2174-data-analyst.html	200	text/html
20250219150935	https://promouvoircompetences.com/emploi-2177-it-intern.html	200	text/html
20230323010313	https://promouvoircompetences.com/emploi-2180-recrutement-et-autonomisation-des-jeunes.html	200	text/html
20230323020825	https://promouvoircompetences.com/emploi-2181-superviseur-distribution.html	200	text/html
20230323010719	https://promouvoircompetences.com/emploi-2182-assistant-administratif.html	200	text/html
20230323010805	https://promouvoircompetences.com/emploi-2183-logistique-achat-buyer.html	200	text/html
20230323014410	https://promouvoircompetences.com/emploi-2184-commerciaux.html	200	text/html
20230323015206	https://promouvoircompetences.com/emploi-2185-assistante-executive.html	200	text/html
20230323013610	https://promouvoircompetences.com/emploi-2186-animateurs-animatrices-projet-socar.html	200	text/html
20230323004958	https://promouvoircompetences.com/emploi-2187-agents-de-credit.html	200	text/html
20230323022247	https://promouvoircompetences.com/emploi-2188-assistant-financier-et-comptable.html	200	text/html
20230323015241	https://promouvoircompetences.com/emploi-2189-technicien-e-s-de-laboratoire.html	200	text/html
20250906224607	https://promouvoircompetences.com/emploi-2193-chef-comptable-h-f.html	200	text/html
20250906223832	https://promouvoircompetences.com/emploi-2203-finance-supervisor.html	200	text/html
20250219153300	https://promouvoircompetences.com/emploi-2213-web-development.html	200	text/html
20250906222255	https://promouvoircompetences.com/emploi-2219-officer-information-technology-systems.html	200	text/html
20250219143854	https://promouvoircompetences.com/emploi-2223-assistant-e-en-technologies-de-l-information-it.html	200	text/html
20250219155933	https://promouvoircompetences.com/emploi-2225-responsable-reseaux-et-systemes.html	200	text/html
20250906234726	https://promouvoircompetences.com/emploi-2230-controleur-comptable-senior.html	200	text/html
20251109105015	https://promouvoircompetences.com/emploi-2231-specialiste-en-fiabilite-hme.html	200	text/html
20250907002341	https://promouvoircompetences.com/emploi-2233-officier-e-de-paie.html	200	text/html
20250118141000	https://promouvoircompetences.com/emploi-2236-career-coach.html	200	text/html
20250117001250	https://promouvoircompetences.com/emploi-2237-attache-de-ventes.html	200	text/html
20251109101049	https://promouvoircompetences.com/emploi-2238-expert-daccompagnement-productif-du-pru-apn-anies.html	200	text/html
20250213233053	https://promouvoircompetences.com/emploi-2239-informaticien.html	200	text/html
20231210234100	https://promouvoircompetences.com/emploi-2241-directeur-adjoint-de-mine.html	200	text/html
20231210222253	https://promouvoircompetences.com/emploi-2242-manager.html	200	text/html
20231210230333	https://promouvoircompetences.com/emploi-2243-finance-assistant.html	200	text/html
20231210231820	https://promouvoircompetences.com/emploi-2244-chauffeur-e.html	200	text/html
20231210232631	https://promouvoircompetences.com/emploi-2245-aide-soignant.html	200	text/html
20231210235502	https://promouvoircompetences.com/emploi-2246-protection-project-manager.html	200	text/html
20231210225528	https://promouvoircompetences.com/emploi-2247-caissier.html	200	text/html
20231210231859	https://promouvoircompetences.com/emploi-2248-inventoristes.html	200	text/html
20231210233551	https://promouvoircompetences.com/emploi-2249-gestionnaire-de-donnees-de-letude-rougeole.html	200	text/html
20231211001601	https://promouvoircompetences.com/emploi-2250-developpeurs-web.html	200	text/html
20240225174946	https://promouvoircompetences.com/emploi-2251-responsable-projet-urgence-adjoint-e-responsable-projet-urgence.html	200	text/html
20240225183529	https://promouvoircompetences.com/emploi-2252-assistant-e-des-ressources-humaines-generaliste.html	200	text/html
20240225185552	https://promouvoircompetences.com/emploi-2254-responsable-commercial.html	200	text/html
20240225182131	https://promouvoircompetences.com/emploi-2255-intervention-officer-sensibilisation.html	200	text/html
20240225182254	https://promouvoircompetences.com/emploi-2256-commercial-e.html	200	text/html
20240225184922	https://promouvoircompetences.com/emploi-2257-prestataire-en-sante-maternelle-neonatale-et-infantile-smni.html	200	text/html
20240225181324	https://promouvoircompetences.com/emploi-2258-coordinateur-administration-assistant-administration-et-moyens-generaux-coordinateur-administration-et-logistique-piia-assistant-logistique-et-chef-de-parc.html	200	text/html
20240225185330	https://promouvoircompetences.com/emploi-2259-auditeur-trice-interne-pour-le-projet-dtfa-wardip.html	200	text/html
20240225192555	https://promouvoircompetences.com/emploi-2260-specialiste-local-e-des-services-financiers-numeriques-pour-le-projet-dtfa-wardip.html	200	text/html
20240225182417	https://promouvoircompetences.com/emploi-2261-plusieurs-poste-a-pourvoir.html	200	text/html
20240617081609	https://promouvoircompetences.com/emploi-2262-controleur-financier-deputy-chief-of-party-program-specialiste-communication-specialiste-vih-controleur-interne.html	200	text/html
20240617074402	https://promouvoircompetences.com/emploi-2263-brand-manager.html	200	text/html
20240423163339	https://promouvoircompetences.com/emploi-2264-assistant-e-projet-potenti-elles.html	200	text/html
20240423172127	https://promouvoircompetences.com/emploi-2265-charge-clientele-senior.html	200	text/html
20240507142019	https://promouvoircompetences.com/emploi-2266-charge-de-support-administration-des-ventes.html	200	text/html
20240519144048	https://promouvoircompetences.com/emploi-2267-professionnel-junior-en-communication.html	200	text/html
20250215234717	https://promouvoircompetences.com/emploi-414-charge-suivi-evaluation-redevabilite-et-apprentissage-sera.html	200	text/html
20250215223230	https://promouvoircompetences.com/emploi-744-coordinateur-terrain-h-f.html	200	text/html
20251216155618	https://promouvoircompetences.com/emploi-763-embauche-et-immigration-canada-attention-arnaque.html	200	text/html
20250118135117	https://promouvoircompetences.com/emploi-91-assistant-local-de-securite-g6.html	200	text/html
20250909164639	https://promouvoircompetences.com/emploi-944-ingenieur-systemes-embarques.html	200	text/html
20250912190522	https://promouvoircompetences.com/emploi-949-stagiaires-techniciens-en-electronique-et-circuits-imprimes.html	200	text/html
20251109091553	https://promouvoircompetences.com/emploi-960-consultant-pour-la-cartographie-des-activites-illegales.html	200	text/html
20250805170150	https://promouvoircompetences.com/emploi-984-chauffeur-mecanicien-ong.html	200	text/html
20220226175543	https://promouvoircompetences.com/emploi.php?id=1211-cashier	200	text/html
20220226175531	https://promouvoircompetences.com/emploi.php?id=1248-deputy-general-manager	200	text/html
20241203210756	https://promouvoircompetences.com/emploi.php?id=138-local-security-assistant	200	text/html
20220226175638	https://promouvoircompetences.com/emploi.php?id=1415-cloud-developer	200	text/html
20220226192905	https://promouvoircompetences.com/emploi.php?id=1495-responsable-des-chaines-dapprovisionnement	200	text/html
20250118143535	https://promouvoircompetences.com/emploi.php?id=1508-area-sales-executive	200	text/html
20220226175530	https://promouvoircompetences.com/emploi.php?id=1608-surveyors	200	text/html
20220226175713	https://promouvoircompetences.com/emploi.php?id=1625-medical-coordinator-support	200	text/html
20220226175706	https://promouvoircompetences.com/emploi.php?id=1665-marketers	200	text/html
20250118141703	https://promouvoircompetences.com/emploi.php?id=170-intern	200	text/html
20250215235337	https://promouvoircompetences.com/emploi.php?id=1822-assistant-ingenieur-en-hygiene-securite-environnement-hse	200	text/html
20250617180127	https://promouvoircompetences.com/emploi.php?id=1891-chef-adjoint-du-projet	200	text/html
20241203201116	https://promouvoircompetences.com/emploi.php?id=2084-responsable-admin-finances-ressources-humaines	200	text/html
20241203210837	https://promouvoircompetences.com/emploi.php?id=2104-48-superviseurs-dactivites	200	text/html
20250117011359	https://promouvoircompetences.com/emploi.php?id=211-driver	200	text/html
20241203202533	https://promouvoircompetences.com/emploi.php?id=2163-archiviste	200	text/html
20241203195305	https://promouvoircompetences.com/emploi.php?id=2164-responsable-logistique	200	text/html
20241203215634	https://promouvoircompetences.com/emploi.php?id=2177-it-intern	200	text/html
20250206164446	https://promouvoircompetences.com/emploi.php?id=2229-professeur-de-sciences-physiques	200	text/html
20250206154913	https://promouvoircompetences.com/emploi.php?id=2230-controleur-comptable-senior	200	text/html
20250212070018	https://promouvoircompetences.com/emploi.php?id=2236-career-coach	200	text/html
20241203202143	https://promouvoircompetences.com/emploi.php?id=2244-chauffeur-e	200	text/html
20250118130923	https://promouvoircompetences.com/emploi.php?id=2247-caissier	200	text/html
20250717224605	https://promouvoircompetences.com/emploi.php?id=2251-responsable-projet-urgence-adjoint-e-responsable-projet-urgence	200	text/html
20250118131217	https://promouvoircompetences.com/emploi.php?id=692-responsable-activites-ph	200	text/html
20241203214905	https://promouvoircompetences.com/emploi.php?id=856-acheteur-h-f	200	text/html
20241203212529	https://promouvoircompetences.com/emploi.php?id=859-dix-10-enqueteurs-h-f	200	text/html
20250617174240	https://promouvoircompetences.com/emploi.php?id=91-assistant-local-de-securite-g6	200	text/html
20200929123759	https://promouvoircompetences.com/emplois-fr.html	200	text/html
20200920033404	https://promouvoircompetences.com/emplois.html	200	text/html
20211104053615	https://promouvoircompetences.com/emplois.php	200	text/html
20260611190204	https://promouvoircompetences.com/emplois.php?&page=188	200	text/html
20260611202705	https://promouvoircompetences.com/emplois.php?&page=2	200	text/html
20201030142045	https://promouvoircompetences.com/emplois.php?l=fr	200	text/html
20250804230341	https://promouvoircompetences.com/emploisparsecteur-1-agriculture.html	200	text/html
20250804222641	https://promouvoircompetences.com/emploisparsecteur-11-education-formation.html	200	text/html
20250804213606	https://promouvoircompetences.com/emploisparsecteur-12-administration-public-parapublic.html	200	text/html
20250804215433	https://promouvoircompetences.com/emploisparsecteur-13-immobilier.html	200	text/html
20250804212817	https://promouvoircompetences.com/emploisparsecteur-14-btp-construction.html	200	text/html
20250804215834	https://promouvoircompetences.com/emploisparsecteur-15-securite-gardiennage.html	200	text/html
20250804222822	https://promouvoircompetences.com/emploisparsecteur-16-quincaillerie.html	200	text/html
20250804225031	https://promouvoircompetences.com/emploisparsecteur-17-aquaculture.html	200	text/html
20250804212413	https://promouvoircompetences.com/emploisparsecteur-18-menuiserie-bois.html	200	text/html
20250804215802	https://promouvoircompetences.com/emploisparsecteur-19-tic.html	200	text/html
20250804213840	https://promouvoircompetences.com/emploisparsecteur-2-elevage.html	200	text/html
20250804215121	https://promouvoircompetences.com/emploisparsecteur-20-sante-pharmacie.html	200	text/html
20250804225004	https://promouvoircompetences.com/emploisparsecteur-21-recherche.html	200	text/html
20250804213040	https://promouvoircompetences.com/emploisparsecteur-23-design.html	200	text/html
20250804222955	https://promouvoircompetences.com/emploisparsecteur-25-industrie-de-l-habillement.html	200	text/html
20250804223849	https://promouvoircompetences.com/emploisparsecteur-26-coiffure.html	200	text/html
20250804220415	https://promouvoircompetences.com/emploisparsecteur-27-comptabilite.html	200	text/html
20250804211936	https://promouvoircompetences.com/emploisparsecteur-28-social-humanitaire.html	200	text/html
20250804222607	https://promouvoircompetences.com/emploisparsecteur-29-hebergement-restauration-hotellerie.html	200	text/html
20250804222100	https://promouvoircompetences.com/emploisparsecteur-3-creation-graphique.html	200	text/html
20250804221953	https://promouvoircompetences.com/emploisparsecteur-30-securite-informatique.html	200	text/html
20250804222317	https://promouvoircompetences.com/emploisparsecteur-31-universites.html	200	text/html
20250804213726	https://promouvoircompetences.com/emploisparsecteur-33-tourisme-loisirs.html	200	text/html
20250804220316	https://promouvoircompetences.com/emploisparsecteur-34-transport-logistique-services-postaux.html	200	text/html
20250804221512	https://promouvoircompetences.com/emploisparsecteur-35-hygiene-et-salubrite.html	200	text/html
20250804211600	https://promouvoircompetences.com/emploisparsecteur-36-import-export.html	200	text/html
20250804225518	https://promouvoircompetences.com/emploisparsecteur-37-evenementiel-accueil-hotesses.html	200	text/html
20250804215015	https://promouvoircompetences.com/emploisparsecteur-38-automobile.html	200	text/html
20250804212708	https://promouvoircompetences.com/emploisparsecteur-39-justice-droit.html	200	text/html
20250804222749	https://promouvoircompetences.com/emploisparsecteur-4-agro-industrie.html	200	text/html
20250804215732	https://promouvoircompetences.com/emploisparsecteur-41-energie.html	200	text/html
20250804223449	https://promouvoircompetences.com/emploisparsecteur-42-telephonie.html	200	text/html
20250804230321	https://promouvoircompetences.com/emploisparsecteur-43-ressources-humaines.html	200	text/html
20250804214324	https://promouvoircompetences.com/emploisparsecteur-44-audiovisuel.html	200	text/html
20250804224700	https://promouvoircompetences.com/emploisparsecteur-45-marketing.html	200	text/html
20250804212212	https://promouvoircompetences.com/emploisparsecteur-46-mecanique.html	200	text/html
20250804223818	https://promouvoircompetences.com/emploisparsecteur-47-traduction-interpretation.html	200	text/html
20250804230712	https://promouvoircompetences.com/emploisparsecteur-48-communication.html	200	text/html
20250804215404	https://promouvoircompetences.com/emploisparsecteur-5-environnement.html	200	text/html
20250804230842	https://promouvoircompetences.com/emploisparsecteur-50-e-commerce.html	200	text/html
20250804220647	https://promouvoircompetences.com/emploisparsecteur-51-solutions-de-paiements.html	200	text/html
20250804224632	https://promouvoircompetences.com/emploisparsecteur-52-industries-brassicoles.html	200	text/html
20250804222501	https://promouvoircompetences.com/emploisparsecteur-53-froid-et-climatisation.html	200	text/html
20250811072531	https://promouvoircompetences.com/emploisparsecteur-54-fiscalite.html	200	text/html
20250804220113	https://promouvoircompetences.com/emploisparsecteur-56-mines.html	200	text/html
20250804223131	https://promouvoircompetences.com/emploisparsecteur-58-services-aux-entreprises.html	200	text/html
20250804222026	https://promouvoircompetences.com/emploisparsecteur-6-banques-finances-assurances.html	200	text/html
20250804213651	https://promouvoircompetences.com/emploisparsecteur-9-imprimerie-edition.html	200	text/html
20250125095735	https://promouvoircompetences.com/emploisparsecteur.php?id=1	200	text/html
20230323011232	https://promouvoircompetences.com/emploisparsecteur.php?id=1-agriculture	200	text/html
20250125084627	https://promouvoircompetences.com/emploisparsecteur.php?id=11	200	text/html
20250117022108	https://promouvoircompetences.com/emploisparsecteur.php?id=12	200	text/html
20240519143836	https://promouvoircompetences.com/emploisparsecteur.php?id=12-administration-public-parapublic	200	text/html
20250209213701	https://promouvoircompetences.com/emploisparsecteur.php?id=13	200	text/html
20250125092147	https://promouvoircompetences.com/emploisparsecteur.php?id=14	200	text/html
20250117003344	https://promouvoircompetences.com/emploisparsecteur.php?id=15	200	text/html
20250117020828	https://promouvoircompetences.com/emploisparsecteur.php?id=16	200	text/html
20250209212315	https://promouvoircompetences.com/emploisparsecteur.php?id=17	200	text/html
20230323013731	https://promouvoircompetences.com/emploisparsecteur.php?id=17-aquaculture	200	text/html
20250125082635	https://promouvoircompetences.com/emploisparsecteur.php?id=19	200	text/html
20250213040034	https://promouvoircompetences.com/emploisparsecteur.php?id=19&page=2	200	text/html
20250213220040	https://promouvoircompetences.com/emploisparsecteur.php?id=19&page=24	200	text/html
20250910044050	https://promouvoircompetences.com/emploisparsecteur.php?id=19&page=25	200	text/html
20250213022845	https://promouvoircompetences.com/emploisparsecteur.php?id=19&page=4	200	text/html
20250907181412	https://promouvoircompetences.com/emploisparsecteur.php?id=19&page=6	200	text/html
20250213211621	https://promouvoircompetences.com/emploisparsecteur.php?id=19&page=7	200	text/html
20231210225005	https://promouvoircompetences.com/emploisparsecteur.php?id=19-tic	200	text/html
20250117014517	https://promouvoircompetences.com/emploisparsecteur.php?id=2	200	text/html
20250117011833	https://promouvoircompetences.com/emploisparsecteur.php?id=20	200	text/html
20250213025946	https://promouvoircompetences.com/emploisparsecteur.php?id=20&page=10	200	text/html
20250213222909	https://promouvoircompetences.com/emploisparsecteur.php?id=20&page=2	200	text/html
20250213212801	https://promouvoircompetences.com/emploisparsecteur.php?id=20&page=3	200	text/html
20250213225213	https://promouvoircompetences.com/emploisparsecteur.php?id=20&page=4	200	text/html
20250213024116	https://promouvoircompetences.com/emploisparsecteur.php?id=20&page=5	200	text/html
20231210223619	https://promouvoircompetences.com/emploisparsecteur.php?id=20-sante-pharmacie	200	text/html
20250125085139	https://promouvoircompetences.com/emploisparsecteur.php?id=21	200	text/html
20250125095940	https://promouvoircompetences.com/emploisparsecteur.php?id=23	200	text/html
20250117003810	https://promouvoircompetences.com/emploisparsecteur.php?id=25	200	text/html
20250125102133	https://promouvoircompetences.com/emploisparsecteur.php?id=26	200	text/html
20250117013207	https://promouvoircompetences.com/emploisparsecteur.php?id=27	200	text/html
20230323012250	https://promouvoircompetences.com/emploisparsecteur.php?id=27-comptabilite	200	text/html
20250125090918	https://promouvoircompetences.com/emploisparsecteur.php?id=28	200	text/html
20250125083012	https://promouvoircompetences.com/emploisparsecteur.php?id=29	200	text/html
20250125100235	https://promouvoircompetences.com/emploisparsecteur.php?id=3	200	text/html
20250913202112	https://promouvoircompetences.com/emploisparsecteur.php?id=3-creation-graphique&page=2	200	text/html
20250907190736	https://promouvoircompetences.com/emploisparsecteur.php?id=3-creation-graphique&page=4	200	text/html
20250906035019	https://promouvoircompetences.com/emploisparsecteur.php?id=3-creation-graphique&page=5	200	text/html
20250117012130	https://promouvoircompetences.com/emploisparsecteur.php?id=30	200	text/html
20250125085706	https://promouvoircompetences.com/emploisparsecteur.php?id=31	200	text/html
20250125100151	https://promouvoircompetences.com/emploisparsecteur.php?id=33	200	text/html
20250117011114	https://promouvoircompetences.com/emploisparsecteur.php?id=34	200	text/html
20230323023225	https://promouvoircompetences.com/emploisparsecteur.php?id=34-transport-logistique-services-postaux	200	text/html
20250125084314	https://promouvoircompetences.com/emploisparsecteur.php?id=35	200	text/html
20251118040505	https://promouvoircompetences.com/emploisparsecteur.php?id=35-hygiene-et-salubrite&page=2	200	text/html
20250117021230	https://promouvoircompetences.com/emploisparsecteur.php?id=36	200	text/html
20250125094759	https://promouvoircompetences.com/emploisparsecteur.php?id=37	200	text/html
20250125091509	https://promouvoircompetences.com/emploisparsecteur.php?id=38	200	text/html
20250125083109	https://promouvoircompetences.com/emploisparsecteur.php?id=39	200	text/html
20250125100731	https://promouvoircompetences.com/emploisparsecteur.php?id=4	200	text/html
20230323013848	https://promouvoircompetences.com/emploisparsecteur.php?id=4-agro-industrie	200	text/html
20250125090018	https://promouvoircompetences.com/emploisparsecteur.php?id=41	200	text/html
20250125081533	https://promouvoircompetences.com/emploisparsecteur.php?id=42	200	text/html
20250125100648	https://promouvoircompetences.com/emploisparsecteur.php?id=43	200	text/html
20230323012000	https://promouvoircompetences.com/emploisparsecteur.php?id=43-ressources-humaines	200	text/html
20250125093238	https://promouvoircompetences.com/emploisparsecteur.php?id=44	200	text/html
20250117004340	https://promouvoircompetences.com/emploisparsecteur.php?id=45	200	text/html
20230323010450	https://promouvoircompetences.com/emploisparsecteur.php?id=45-marketing	200	text/html
20250117021824	https://promouvoircompetences.com/emploisparsecteur.php?id=46	200	text/html
20250811084706	https://promouvoircompetences.com/emploisparsecteur.php?id=46&page=2	200	text/html
20250125095332	https://promouvoircompetences.com/emploisparsecteur.php?id=47	200	text/html
20250125091936	https://promouvoircompetences.com/emploisparsecteur.php?id=48	200	text/html
20230323014134	https://promouvoircompetences.com/emploisparsecteur.php?id=48-communication	200	text/html
20250125101223	https://promouvoircompetences.com/emploisparsecteur.php?id=5	200	text/html
20250910051654	https://promouvoircompetences.com/emploisparsecteur.php?id=5-environnement&page=2	200	text/html
20250117012818	https://promouvoircompetences.com/emploisparsecteur.php?id=50	200	text/html
20250125090518	https://promouvoircompetences.com/emploisparsecteur.php?id=51	200	text/html
20250125082529	https://promouvoircompetences.com/emploisparsecteur.php?id=52	200	text/html
20250209214635	https://promouvoircompetences.com/emploisparsecteur.php?id=53	200	text/html
20250117011606	https://promouvoircompetences.com/emploisparsecteur.php?id=54	200	text/html
20230323024551	https://promouvoircompetences.com/emploisparsecteur.php?id=54-fiscalite	200	text/html
20250907193759	https://promouvoircompetences.com/emploisparsecteur.php?id=54-fiscalite&page=3	200	text/html
20250125103219	https://promouvoircompetences.com/emploisparsecteur.php?id=56	200	text/html
20231210234631	https://promouvoircompetences.com/emploisparsecteur.php?id=56-mines	200	text/html
20250209210220	https://promouvoircompetences.com/emploisparsecteur.php?id=58	200	text/html
20250125101348	https://promouvoircompetences.com/emploisparsecteur.php?id=6	200	text/html
20230323024248	https://promouvoircompetences.com/emploisparsecteur.php?id=6-banques-finances-assurances	200	text/html
20250117020948	https://promouvoircompetences.com/emploisparsecteur.php?id=9	200	text/html
20250623221622	https://promouvoircompetences.com/en/	200	text/html
20250912181155	https://promouvoircompetences.com/en/update.html	200	text/html
20220829210006	https://promouvoircompetences.com/enseignement.php?id=2-enseignement-secondaire-general	200	text/html
20220829211441	https://promouvoircompetences.com/enseignement.php?id=3-enseignement-secondaire-technique	200	text/html
20220829204917	https://promouvoircompetences.com/enseignement.php?id=4-enseignement-superieur	200	text/html
20250118145515	https://promouvoircompetences.com/entreprise-12902-f-design-fr.html	200	text/html
20221128172434	https://promouvoircompetences.com/entreprise-12902-f-design.html	200	text/html
20221128172651	https://promouvoircompetences.com/entreprise-12910-renfort-action-s-a-r-l-garoua.html	200	text/html
20250117022227	https://promouvoircompetences.com/entreprise-12911-renfort-action-s-a-r-l-douala-fr.html	200	text/html
20221128181421	https://promouvoircompetences.com/entreprise-12911-renfort-action-s-a-r-l-douala.html	200	text/html
20221128194048	https://promouvoircompetences.com/entreprise-12912-teugnology.html	200	text/html
20221128182107	https://promouvoircompetences.com/entreprise-12914-davca.html	200	text/html
20250913200559	https://promouvoircompetences.com/entreprise-12922-sesomo-services.html	200	text/html
20251216155137	https://promouvoircompetences.com/entreprise-12923-tassa-design.html	200	text/html
20260610114524	https://promouvoircompetences.com/entreprise-12930-sonatam-societe-nationale-des-tabacs-et-allumettes-du-mali-sa.html	200	text/html
20250910141624	https://promouvoircompetences.com/entreprise-12952-clinique-specialisee-de-ngaliema.html	200	text/html
20250907002355	https://promouvoircompetences.com/entreprise-12971-the-carter-center-segou.html	200	text/html
20250811084413	https://promouvoircompetences.com/entreprise-12972-societe-des-mines-de-komana-smk-sa.html	200	text/html
20250804220538	https://promouvoircompetences.com/entreprise-12980-lithium-du-mali.html	200	text/html
20250118130353	https://promouvoircompetences.com/entreprise-12989-intersos-maroua.html	200	text/html
20250910150926	https://promouvoircompetences.com/entreprise-12990-international-rescue-committee-mopti.html	200	text/html
20250910140753	https://promouvoircompetences.com/entreprise-12992-centre-medical-diamant-kinshasa.html	200	text/html
20250804225924	https://promouvoircompetences.com/entreprise-13001-cmic-s-a-douala.html	200	text/html
20250213021041	https://promouvoircompetences.com/entreprise-13002-center-for-health-promotion-and-research-bamenda.html	200	text/html
20260610114905	https://promouvoircompetences.com/entreprise-13003-cameroon-events-and-expo-camexpo.html	200	text/html
20250213232724	https://promouvoircompetences.com/entreprise-13007-cgi-compagnie-de-genie-industriel-sarl.html	200	text/html
20260610124617	https://promouvoircompetences.com/entreprise-13015-oj-fitness-kinshasa.html	200	text/html
20230323011437	https://promouvoircompetences.com/entreprise-13022-groupe-keumegne.html	200	text/html
20230323023027	https://promouvoircompetences.com/entreprise-13023-aura-cameroun-sarl-yaounde.html	200	text/html
20250118145208	https://promouvoircompetences.com/entreprise-13024-premiere-urgence-internationale-pui-ouest-fr.html	200	text/html
20230323023740	https://promouvoircompetences.com/entreprise-13024-premiere-urgence-internationale-pui-ouest.html	200	text/html
20230323004459	https://promouvoircompetences.com/entreprise-13026-giz-batouri-cameroun.html	200	text/html
20250117011536	https://promouvoircompetences.com/entreprise-13027-societe-africaine-de-saveurs-sas-douala-fr.html	200	text/html
20230323014214	https://promouvoircompetences.com/entreprise-13027-societe-africaine-de-saveurs-sas-douala.html	200	text/html
20260610121407	https://promouvoircompetences.com/entreprise-13040-fema-femmes-et-enfants-des-communautes-minieres-artisanales-au-mali.html	200	text/html
20250212070149	https://promouvoircompetences.com/entreprise-13042-electram-engineering.html	200	text/html
20231210223710	https://promouvoircompetences.com/entreprise-13046-pcs-cameroon-sarl.html	200	text/html
20260610121751	https://promouvoircompetences.com/entreprise-13047-trel-trans-benin.html	200	text/html
20231211000244	https://promouvoircompetences.com/entreprise-13049-soco-sarl.html	200	text/html
20250913200331	https://promouvoircompetences.com/entreprise-13051-rio-tinto-simfer-conakry.html	200	text/html
20231210235204	https://promouvoircompetences.com/entreprise-13054-striving-for-all.html	200	text/html
20231210234027	https://promouvoircompetences.com/entreprise-13056-davca-sarl.html	200	text/html
20260610122628	https://promouvoircompetences.com/entreprise-13057-sante-integre-conakry.html	200	text/html
20231211002751	https://promouvoircompetences.com/entreprise-13058-association-camerounaise-pour-le-marketing-social-acms-bertoua.html	200	text/html
20260610120709	https://promouvoircompetences.com/entreprise-13059-pregui-programme-de-recherche-guinee.html	200	text/html
20260610121645	https://promouvoircompetences.com/entreprise-13060-gt-west-africa-conakry.html	200	text/html
20260610124408	https://promouvoircompetences.com/entreprise-13061-enabel-guinee-conakry.html	200	text/html
20260610122726	https://promouvoircompetences.com/entreprise-13062-rti-international-conakry.html	200	text/html
20260610122602	https://promouvoircompetences.com/entreprise-13063-plan-international-guinee-conakry.html	200	text/html
20260610125344	https://promouvoircompetences.com/entreprise-13064-ministere-des-postes-des-telecommunications-et-de-leconomie-numerique-guinee.html	200	text/html
20260610130516	https://promouvoircompetences.com/entreprise-13065-plan-guinee.html	200	text/html
20260610130034	https://promouvoircompetences.com/entreprise-13066-apip-agence-de-promotion-des-investissements-prives-guinee.html	200	text/html
20260610122505	https://promouvoircompetences.com/entreprise-13067-deally-gn-sas.html	200	text/html
20260610130431	https://promouvoircompetences.com/entreprise-13068-ifdc-conakry.html	200	text/html
20260610120539	https://promouvoircompetences.com/entreprise-13070-lithium-sa.html	200	text/html
20260610120945	https://promouvoircompetences.com/entreprise-13071-wura-career.html	200	text/html
20230501140932	https://promouvoircompetences.com/entreprise-1350-institut-international-des-assistants-des-affaires-sociales-iiaas-yaounde-fr.html	200	text/html
20200920051457	https://promouvoircompetences.com/entreprise-1391-regionale-express-voyages-mbalmayo-fr.html	200	text/html
20200920042948	https://promouvoircompetences.com/entreprise-1393-sup-aime-voyages-mbalmayo-fr.html	200	text/html
20201001200724	https://promouvoircompetences.com/entreprise-1395-la-taniere-du-lion-mbalmayo-fr.html	200	text/html
20200920043328	https://promouvoircompetences.com/entreprise-1397-cameroun-bois-industriel-mbalmayo-fr.html	200	text/html
20200920034157	https://promouvoircompetences.com/entreprise-1398-centre-d-accueil-notre-dame-du-perpetuel-secours-mbalmayo-fr.html	200	text/html
20201001175514	https://promouvoircompetences.com/entreprise-1399-foyer-de-charite-l-horeb-de-mbalmayo-fr.html	200	text/html
20200920035954	https://promouvoircompetences.com/entreprise-1400-diocese-de-mbalmayo-fr.html	200	text/html
20250913202331	https://promouvoircompetences.com/entreprise-1417-vecademy-yaounde.html	200	text/html
20200920042214	https://promouvoircompetences.com/entreprise-1431-camex-cameroon-express-fr.html	200	text/html
20250118135552	https://promouvoircompetences.com/entreprise-1455-success-consults.html	200	text/html
20250118131315	https://promouvoircompetences.com/entreprise-1478-world-food-programme-maroua-fr.html	200	text/html
20250913200529	https://promouvoircompetences.com/entreprise-1493-sai-la-toile-cameroun.html	200	text/html
20200920050740	https://promouvoircompetences.com/entreprise-1499-capam-centre-de-formation-agropastorale-de-mbalmayo-fr.html	200	text/html
20201001180657	https://promouvoircompetences.com/entreprise-1506-orphelinat-nda-boan-fr.html	200	text/html
20251216205001	https://promouvoircompetences.com/entreprise-1528-sci-sotradic.html	200	text/html
20201001192046	https://promouvoircompetences.com/entreprise-1557-coe-centro-orientamento-educativo-cameroun-fr.html	200	text/html
20200920035131	https://promouvoircompetences.com/entreprise-1558-centre-de-promotion-sociale-cps-mbalmayo-fr.html	200	text/html
20250804223522	https://promouvoircompetences.com/entreprise-1601-cimencam-cimenteries-du-cameroun.html	200	text/html
20250913203006	https://promouvoircompetences.com/entreprise-1612-oms-organisation-mondiale-de-la-sante.html	200	text/html
20201001191956	https://promouvoircompetences.com/entreprise-1622-campost-cameroon-postal-services-mbalmayo-fr.html	200	text/html
20250118132030	https://promouvoircompetences.com/entreprise-1639-startimes-media-cameroun.html	200	text/html
20250912184010	https://promouvoircompetences.com/entreprise-1673-action-contre-la-faim-maroua-cameroun-action-contre-la-faim-maroua-cameroun.html	200	text/html
20250118132442	https://promouvoircompetences.com/entreprise-1688-centre-de-vaccinations-internationales-bertoua-fr.html	200	text/html
20250118144810	https://promouvoircompetences.com/entreprise-1690-centre-de-vaccinations-internationales-garoua-fr.html	200	text/html
20250912193234	https://promouvoircompetences.com/entreprise-172-cfophrga-centre-de-formation-professionnelle-en-hotellerie-restauration-le-gastronome.html	200	text/html
20250912200211	https://promouvoircompetences.com/entreprise-174-cpfpat-centre-prive-de-formation-professionnelle-en-agropastoral-de-trypano.html	200	text/html
20200929143457	https://promouvoircompetences.com/entreprise-1744-djabbama-dounia-sarl-mbalmayo-fr.html	200	text/html
20250804220146	https://promouvoircompetences.com/entreprise-1749-ljd-consulting.html	200	text/html
20210402014957	https://promouvoircompetences.com/entreprise-1751-sonatrel-societe-nationale-de-transport-de-lelectricite.html	200	text/html
20250804214137	https://promouvoircompetences.com/entreprise-1770-international-union-for-conservation-of-nature-iucn.html	200	text/html
20250907190217	https://promouvoircompetences.com/entreprise-1789-bassagal-consulting-africa.html	200	text/html
20250118144042	https://promouvoircompetences.com/entreprise-1793-groupe-arno.html	200	text/html
20201001180938	https://promouvoircompetences.com/entreprise-1807-usinor-sarl-mbalmayo-fr.html	200	text/html
20250910060858	https://promouvoircompetences.com/entreprise-1901-donsyl.html	200	text/html
20250117015804	https://promouvoircompetences.com/entreprise-1937-success-consults-garoua-fr.html	200	text/html
20250913202408	https://promouvoircompetences.com/entreprise-1938-clean-energy-services-sarl.html	200	text/html
20250118133734	https://promouvoircompetences.com/entreprise-1939-mamdeka-investment-advisory-services-fr.html	200	text/html
20250907002454	https://promouvoircompetences.com/entreprise-2048-world-vision-international-ndjamena-tchad.html	200	text/html
20250907190139	https://promouvoircompetences.com/entreprise-2052-fonds-national-de-l-eau-fne.html	200	text/html
20250914081327	https://promouvoircompetences.com/entreprise-2066-mkonsulting.html	200	text/html
20250213032314	https://promouvoircompetences.com/entreprise-2089-unesco-organisation-des-nations-unies-pour-l-education-la-science-et-la-culture-yaounde.html	200	text/html
20250907172702	https://promouvoircompetences.com/entreprise-2096-african-wildlife-foundation-awf.html	200	text/html
20200930223127	https://promouvoircompetences.com/entreprise-2133-centre-international-de-la-pomme-de-terre-cip.html	200	text/html
20200930222908	https://promouvoircompetences.com/entreprise-2134-nyanga-up.html	200	text/html
20200930220917	https://promouvoircompetences.com/entreprise-2136-gerdis-sarl.html	200	text/html
20250907193705	https://promouvoircompetences.com/entreprise-2147-right-performance.html	200	text/html
20250804214029	https://promouvoircompetences.com/entreprise-2153-polygenie-sarl.html	200	text/html
20200920225920	https://promouvoircompetences.com/entreprise-2164-association-culturelle-educative-et-sportive-aces.html	200	text/html
20200920231906	https://promouvoircompetences.com/entreprise-2165-mfl-paris.html	200	text/html
20200921001303	https://promouvoircompetences.com/entreprise-2166-croix-rouge-cameroun-maroua.html	200	text/html
20200920224428	https://promouvoircompetences.com/entreprise-2167-eco-food.html	200	text/html
20200930214359	https://promouvoircompetences.com/entreprise-2168-peacecorps.html	200	text/html
20201020052107	https://promouvoircompetences.com/entreprise-2187-cameroon-employment-services-cames-sarl.html	200	text/html
20201030131316	https://promouvoircompetences.com/entreprise-2188-consult-nature-entreprise-d-experts-consultant-faisant-le-montage-et-la-gestion-des-projets-agricoles-et-de-developpement.html	200	text/html
20201020062416	https://promouvoircompetences.com/entreprise-2189-adipster-tech-limited.html	200	text/html
20201030125020	https://promouvoircompetences.com/entreprise-2190-groupe-fokou.html	200	text/html
20201020053927	https://promouvoircompetences.com/entreprise-2191-creaconsult.html	200	text/html
20201128190529	https://promouvoircompetences.com/entreprise-2203-fisco-sarl.html	200	text/html
20201128202734	https://promouvoircompetences.com/entreprise-2204-innovation-africa.html	200	text/html
20201128185740	https://promouvoircompetences.com/entreprise-2205-getel.html	200	text/html
20201128190021	https://promouvoircompetences.com/entreprise-2206-giz-douala-cameroun.html	200	text/html
20201128193600	https://promouvoircompetences.com/entreprise-2207-giz-garoua-cameroun.html	200	text/html
20250804225657	https://promouvoircompetences.com/entreprise-2330-yaounde-school-of-economics-and-management.html	200	text/html
20250804222133	https://promouvoircompetences.com/entreprise-2332-compagnie-fermiere-camerounaise-cfc.html	200	text/html
20210301132504	https://promouvoircompetences.com/entreprise-2355-lycee-bilingue-de-djohong-government-bilingual-high-school-djohong.html	200	text/html
20210301124140	https://promouvoircompetences.com/entreprise-2356-sodiscam-sarl.html	200	text/html
20210301132445	https://promouvoircompetences.com/entreprise-2357-ecole-nationale-superieure-des-sciences-agro-industrielles-ensai.html	200	text/html
20210301134219	https://promouvoircompetences.com/entreprise-2358-ecima-consulting.html	200	text/html
20210301122337	https://promouvoircompetences.com/entreprise-2359-oereka-limited.html	200	text/html
20250907190444	https://promouvoircompetences.com/entreprise-2375-concept.html	200	text/html
20210517165054	https://promouvoircompetences.com/entreprise-2394-ticnov-sarl.html	200	text/html
20210517161758	https://promouvoircompetences.com/entreprise-2395-sejour-medical-tunisie.html	200	text/html
20210517164637	https://promouvoircompetences.com/entreprise-2397-unfpa-united-nations-fund-for-population-activities-fnuap-fonds-des-nations-unies-pour-la-population.html	200	text/html
20210517160735	https://promouvoircompetences.com/entreprise-2398-chirurgie-esthetique-en-tunisie.html	200	text/html
20210517162623	https://promouvoircompetences.com/entreprise-2399-aire-dh-canada.html	200	text/html
20210613082625	https://promouvoircompetences.com/entreprise-2411-cifac-conseils.html	200	text/html
20210613091038	https://promouvoircompetences.com/entreprise-2412-ets-nobisoft.html	200	text/html
20210613090132	https://promouvoircompetences.com/entreprise-2413-ongeek.html	200	text/html
20210613085824	https://promouvoircompetences.com/entreprise-2414-conids-sarl.html	200	text/html
20210613072407	https://promouvoircompetences.com/entreprise-2415-ets-clarisse.html	200	text/html
20250804225747	https://promouvoircompetences.com/entreprise-2431-saer-societe-africaine-detudes-et-de-realisations-emploi.html	200	text/html
20210731192915	https://promouvoircompetences.com/entreprise-2491-exco-fidaco-douala.html	200	text/html
20210731184331	https://promouvoircompetences.com/entreprise-2496-risk-data-consulting.html	200	text/html
20210731195835	https://promouvoircompetences.com/entreprise-2497-eneo-cameroon-sa-mbalmayo.html	200	text/html
20210731195807	https://promouvoircompetences.com/entreprise-2498-afd-petroleum.html	200	text/html
20210731175405	https://promouvoircompetences.com/entreprise-2499-ets-martins.html	200	text/html
20210920234742	https://promouvoircompetences.com/entreprise-2582-lycee-de-gunbela.html	200	text/html
20210920225428	https://promouvoircompetences.com/entreprise-2583-lycee-de-karna-manga.html	200	text/html
20210920235910	https://promouvoircompetences.com/entreprise-2584-african-wildlife-foundation-awf-yaounde.html	200	text/html
20210921001254	https://promouvoircompetences.com/entreprise-2589-ecole-normale-superieure-polytechnique-de-yaounde-enspy.html	200	text/html
20210920234441	https://promouvoircompetences.com/entreprise-2593-cloudover.html	200	text/html
20260610121227	https://promouvoircompetences.com/entreprise-2600-bouchard-cote-divoire.html	200	text/html
20260610115938	https://promouvoircompetences.com/entreprise-2604-alertguard.html	200	text/html
20260610122321	https://promouvoircompetences.com/entreprise-2606-giz-bamako.html	200	text/html
20260610123344	https://promouvoircompetences.com/entreprise-2607-care-mali.html	200	text/html
20260610121318	https://promouvoircompetences.com/entreprise-2608-breakthrough-action.html	200	text/html
20260610115326	https://promouvoircompetences.com/entreprise-2613-societe-le-grand-moulin-du-cameroun-sgmc.html	200	text/html
20220223172445	https://promouvoircompetences.com/entreprise-2619-kamix.html	200	text/html
20250906042342	https://promouvoircompetences.com/entreprise-2626-nhpc-nachtigal-hydro-power-company.html	200	text/html
20250213232507	https://promouvoircompetences.com/entreprise-7-africa-food-distribution.html	200	text/html
20260610130404	https://promouvoircompetences.com/entreprise-9381-fama-forces-armees-maliennes.html	200	text/html
20260610115426	https://promouvoircompetences.com/entreprise-9726-ensup-ecole-normale-superieure.html	200	text/html
20260610123759	https://promouvoircompetences.com/entreprise-9727-esg-ecole-superieure-de-gestion.html	200	text/html
20260610130704	https://promouvoircompetences.com/entreprise-9728-esgic-ecole-superieure-de-gestion-d-informatique-et-de-comptabilite.html	200	text/html
20260610120112	https://promouvoircompetences.com/entreprise-9729-esiau-ecole-superieure-dingenierie-darchtecture-et-durbanisme.html	200	text/html
20260610120736	https://promouvoircompetences.com/entreprise-9730-espace-education-ecole-internationale-kalanso.html	200	text/html
20230323020529	https://promouvoircompetences.com/entreprise.php?id=1105-acep-cameroun-yaounde	200	text/html
20250215235024	https://promouvoircompetences.com/entreprise.php?id=1113-cablyse-hotel-fr	200	text/html
20250212065934	https://promouvoircompetences.com/entreprise.php?id=1114-cameroon-hotel-fr	200	text/html
20250213224054	https://promouvoircompetences.com/entreprise.php?id=1118-centre-climatique-de-bandjoun-fr	200	text/html
20250212080842	https://promouvoircompetences.com/entreprise.php?id=1121-coco-beach-fr	200	text/html
20250215223438	https://promouvoircompetences.com/entreprise.php?id=1124-fatime-hotel-fr	200	text/html
20231210234600	https://promouvoircompetences.com/entreprise.php?id=1262-universite-des-montagnes-bangangte	200	text/html
20241203203108	https://promouvoircompetences.com/entreprise.php?id=12910-renfort-action-s-a-r-l-garoua-fr	200	text/html
20250213232131	https://promouvoircompetences.com/entreprise.php?id=1293-institut-de-formation-et-de-recherche-demographique-iford-yaounde-fr	200	text/html
20260611200140	https://promouvoircompetences.com/entreprise.php?id=12930-sonatam-societe-nationale-des-tabacs-et-allumettes-du-mali-sa	200	text/html
20251007221031	https://promouvoircompetences.com/entreprise.php?id=12935-cocodrilo-del-nilo	200	text/html
20250216001717	https://promouvoircompetences.com/entreprise.php?id=12935-cocodrilo-del-nilo-fr	200	text/html
20250210095338	https://promouvoircompetences.com/entreprise.php?id=12941-hope-africa-fr	200	text/html
20250210101108	https://promouvoircompetences.com/entreprise.php?id=12951-cga-gapssi-jm-fr	200	text/html
20250210090227	https://promouvoircompetences.com/entreprise.php?id=12961-ghs-international-logistics-fr	200	text/html
20231211001849	https://promouvoircompetences.com/entreprise.php?id=12965-norwegian-refugee-council-yaounde	200	text/html
20250912193510	https://promouvoircompetences.com/entreprise.php?id=12972-societe-des-mines-de-komana-smk-sa	200	text/html
20250216015643	https://promouvoircompetences.com/entreprise.php?id=12974-ilink-world-corporation-fr	200	text/html
20250118134351	https://promouvoircompetences.com/entreprise.php?id=12989-intersos-maroua	200	text/html
20250212083320	https://promouvoircompetences.com/entreprise.php?id=13002-center-for-health-promotion-and-research-bamenda-fr	200	text/html
20260610124001	https://promouvoircompetences.com/entreprise.php?id=13003-cameroon-events-and-expo-camexpo-fr	200	text/html
20250206163202	https://promouvoircompetences.com/entreprise.php?id=13012-mta-vhr-sa-fr	200	text/html
20250912192949	https://promouvoircompetences.com/entreprise.php?id=13013-carlcare-sarl	200	text/html
20260610130330	https://promouvoircompetences.com/entreprise.php?id=13015-oj-fitness-kinshasa-fr	200	text/html
20230323004551	https://promouvoircompetences.com/entreprise.php?id=13024-premiere-urgence-internationale-pui-ouest	200	text/html
20230323021528	https://promouvoircompetences.com/entreprise.php?id=13026-giz-batouri-cameroun	200	text/html
20241203210014	https://promouvoircompetences.com/entreprise.php?id=13026-giz-batouri-cameroun-fr	200	text/html
20230323011104	https://promouvoircompetences.com/entreprise.php?id=13027-societe-africaine-de-saveurs-sas-douala	200	text/html
20250210093121	https://promouvoircompetences.com/entreprise.php?id=13027-societe-africaine-de-saveurs-sas-douala-fr	200	text/html
20260610124138	https://promouvoircompetences.com/entreprise.php?id=13040-fema-femmes-et-enfants-des-communautes-minieres-artisanales-au-mali-fr	200	text/html
20250216000238	https://promouvoircompetences.com/entreprise.php?id=13046-pcs-cameroon-sarl-fr	200	text/html
20260610125743	https://promouvoircompetences.com/entreprise.php?id=13047-trel-trans-benin-fr	200	text/html
20260610125839	https://promouvoircompetences.com/entreprise.php?id=13049-soco-sarl-fr	200	text/html
20260610121137	https://promouvoircompetences.com/entreprise.php?id=13056-davca-sarl-fr	200	text/html
20260610125129	https://promouvoircompetences.com/entreprise.php?id=13057-sante-integre-conakry-fr	200	text/html
20231210231415	https://promouvoircompetences.com/entreprise.php?id=13058-association-camerounaise-pour-le-marketing-social-acms-bertoua	200	text/html
20260611195013	https://promouvoircompetences.com/entreprise.php?id=13064-ministere-des-postes-des-telecommunications-et-de-leconomie-numerique-guinee	200	text/html
20260610122838	https://promouvoircompetences.com/entreprise.php?id=13070-lithium-sa-fr	200	text/html
20260610124025	https://promouvoircompetences.com/entreprise.php?id=13071-wura-career-fr	200	text/html
20201030133844	https://promouvoircompetences.com/entreprise.php?id=1391-regionale-express-voyages-mbalmayo-fr	200	text/html
20201030131633	https://promouvoircompetences.com/entreprise.php?id=1393-sup-aime-voyages-mbalmayo-fr	200	text/html
20201031063751	https://promouvoircompetences.com/entreprise.php?id=1395-la-taniere-du-lion-mbalmayo-fr	200	text/html
20201030141415	https://promouvoircompetences.com/entreprise.php?id=1397-cameroun-bois-industriel-mbalmayo-fr	200	text/html
20201031062935	https://promouvoircompetences.com/entreprise.php?id=1398-centre-d-accueil-notre-dame-du-perpetuel-secours-mbalmayo-fr	200	text/html
20201031071020	https://promouvoircompetences.com/entreprise.php?id=1399-foyer-de-charite-l-horeb-de-mbalmayo-fr	200	text/html
20201030125344	https://promouvoircompetences.com/entreprise.php?id=1400-diocese-de-mbalmayo-fr	200	text/html
20250213023702	https://promouvoircompetences.com/entreprise.php?id=1403-centre-interuniversitaire-des-technologies-de-l-information-et-de-la-communication-citi-yaounde-fr	200	text/html
20250213023050	https://promouvoircompetences.com/entreprise.php?id=1406-centre-international-de-reference-chantal-biya-circb-yaounde-fr	200	text/html
20250213224436	https://promouvoircompetences.com/entreprise.php?id=1408-inc-institut-national-de-cartographie-yaounde-fr	200	text/html
20250213225330	https://promouvoircompetences.com/entreprise.php?id=1409-impm-institut-de-recherche-medicinale-et-d-etude-des-plantes-medicinales-yaounde-fr	200	text/html
20250213231322	https://promouvoircompetences.com/entreprise.php?id=1410-irgm-institut-de-recherche-geologique-et-miniere-yaounde-fr	200	text/html
20250213232757	https://promouvoircompetences.com/entreprise.php?id=1413-cndt-comite-national-de-developpement-des-technologies-yaounde-fr	200	text/html
20240225185859	https://promouvoircompetences.com/entreprise.php?id=1425-premiere-urgence-internationale-pui-maroua-extreme-nord-cameroun	200	text/html
20201031063239	https://promouvoircompetences.com/entreprise.php?id=1431-camex-cameroon-express-fr	200	text/html
20230323020340	https://promouvoircompetences.com/entreprise.php?id=1434-iita-institut-international-d-agriculture-tropicale	200	text/html
20251216143950	https://promouvoircompetences.com/entreprise.php?id=1446-g4s-cameroun	200	text/html
20231211002323	https://promouvoircompetences.com/entreprise.php?id=1455-success-consults	200	text/html
20250117020711	https://promouvoircompetences.com/entreprise.php?id=1479-world-food-programme-batouri	200	text/html
20241203210111	https://promouvoircompetences.com/entreprise.php?id=1479-world-food-programme-batouri-fr	200	text/html
20241203215125	https://promouvoircompetences.com/entreprise.php?id=1487-acafej-association-camerounaise-des-femmes-juristes-batouri-fr	200	text/html
20201030140136	https://promouvoircompetences.com/entreprise.php?id=1499-capam-centre-de-formation-agropastorale-de-mbalmayo-fr	200	text/html
20201030132313	https://promouvoircompetences.com/entreprise.php?id=1506-orphelinat-nda-boan-fr	200	text/html
20201030123842	https://promouvoircompetences.com/entreprise.php?id=1557-coe-centro-orientamento-educativo-cameroun-fr	200	text/html
20201031070831	https://promouvoircompetences.com/entreprise.php?id=1558-centre-de-promotion-sociale-cps-mbalmayo-fr	200	text/html
20250118130155	https://promouvoircompetences.com/entreprise.php?id=1581-plan-international-bertoua	200	text/html
20250215233525	https://promouvoircompetences.com/entreprise.php?id=160-ceffamak-centre-educatif-familial-de-formation-par-alternance-fr	200	text/html
20230323012856	https://promouvoircompetences.com/entreprise.php?id=1612-oms-organisation-mondiale-de-la-sante	200	text/html
20201030124833	https://promouvoircompetences.com/entreprise.php?id=1622-campost-cameroon-postal-services-mbalmayo-fr	200	text/html
20240225192938	https://promouvoircompetences.com/entreprise.php?id=1639-startimes-media-cameroun	200	text/html
20250804135345	https://promouvoircompetences.com/entreprise.php?id=166-centre-de-formation-professionnelle-batouri-pbf-academy-fr	200	text/html
20250117001346	https://promouvoircompetences.com/entreprise.php?id=1673-action-contre-la-faim-maroua-cameroun	200	text/html
20241203204830	https://promouvoircompetences.com/entreprise.php?id=1673-action-contre-la-faim-maroua-cameroun-fr	200	text/html
20241214064200	https://promouvoircompetences.com/entreprise.php?id=1689-centre-de-vaccinations-internationales-maroua-fr	200	text/html
20250215221024	https://promouvoircompetences.com/entreprise.php?id=1698-sodepa-societe-de-developpement-et-dexploitation-des-productions-animales-fr	200	text/html
20250215220203	https://promouvoircompetences.com/entreprise.php?id=1700-gbafrica-fr	200	text/html
20241203204253	https://promouvoircompetences.com/entreprise.php?id=171-centre-de-formation-professionnelle-en-menuiserie-abanda-abanda-fr	200	text/html
20250215233727	https://promouvoircompetences.com/entreprise.php?id=1713-tam-tam-technology-fr	200	text/html
20220226175705	https://promouvoircompetences.com/entreprise.php?id=1722-cicr-comite-international-de-la-croix-rouge-buea-fr	200	text/html
20220226175528	https://promouvoircompetences.com/entreprise.php?id=1726-irc-international-rescue-committee-buea-fr	200	text/html
20241203203816	https://promouvoircompetences.com/entreprise.php?id=173-cpfpad-centre-de-formation-professionnelle-en-agropastoral-de-djouth-fr	200	text/html
20250811180238	https://promouvoircompetences.com/entreprise.php?id=174-cpfpat-centre-prive-de-formation-professionnelle-en-agropastoral-de-trypano-fr	200	text/html
20201030124049	https://promouvoircompetences.com/entreprise.php?id=1744-djabbama-dounia-sarl-mbalmayo-fr	200	text/html
20250213224016	https://promouvoircompetences.com/entreprise.php?id=1747-centre-for-research-in-infectious-diseases-crid-fr	200	text/html
20241203211554	https://promouvoircompetences.com/entreprise.php?id=175-cpfpam-centre-prive-de-formation-professionnelle-en-agropastoral-de-mbounou-fr	200	text/html
20220226193113	https://promouvoircompetences.com/entreprise.php?id=1778-norwegian-refugee-council-buea-fr	200	text/html
20250216000355	https://promouvoircompetences.com/entreprise.php?id=178-cefophco-centre-de-formation-professionnelle-haute-couture-daco-fashion-academy-fr	200	text/html
20250215222934	https://promouvoircompetences.com/entreprise.php?id=1786-fortrans-sa-fr	200	text/html
20240617075839	https://promouvoircompetences.com/entreprise.php?id=1793-groupe-arno	200	text/html
20250215233609	https://promouvoircompetences.com/entreprise.php?id=1793-groupe-arno-fr	200	text/html
20220226193105	https://promouvoircompetences.com/entreprise.php?id=1803-world-wilde-fund-for-nature-wwf-buea-fr	200	text/html
20201031064442	https://promouvoircompetences.com/entreprise.php?id=1807-usinor-sarl-mbalmayo-fr	200	text/html
20220226175655	https://promouvoircompetences.com/entreprise.php?id=1827-oyesavings-fr	200	text/html
20250117004704	https://promouvoircompetences.com/entreprise.php?id=1884-si-solidarites-international-est-cameroun	200	text/html
20250215234559	https://promouvoircompetences.com/entreprise.php?id=189-cfpmtn-centre-de-formation-professionnelle-des-metiers-terre-et-nature-fr	200	text/html
20250213040052	https://promouvoircompetences.com/entreprise.php?id=1895-agence-universitaire-de-la-francophonie-fr	200	text/html
20220226175636	https://promouvoircompetences.com/entreprise.php?id=1924-medecins-sans-frontieres-doctors-without-borders-buea-cameroon-fr	200	text/html
20241214071106	https://promouvoircompetences.com/entreprise.php?id=1938-clean-energy-services-sarl-fr	200	text/html
20241203211354	https://promouvoircompetences.com/entreprise.php?id=1943-allianz-cameroun-assurances-maroua-fr	200	text/html
20231211001218	https://promouvoircompetences.com/entreprise.php?id=1947-action-contre-la-faim-batouri-cameroun	200	text/html
20241203201602	https://promouvoircompetences.com/entreprise.php?id=1947-action-contre-la-faim-batouri-cameroun-fr	200	text/html
20250215225034	https://promouvoircompetences.com/entreprise.php?id=2004-2mr-fr	200	text/html
20241214074920	https://promouvoircompetences.com/entreprise.php?id=2019-medecins-sans-frontieres-doctors-without-borders-maroua-fr	200	text/html
20220226193111	https://promouvoircompetences.com/entreprise.php?id=2025-kingston-financial-credit-plc-fr	200	text/html
20241203214611	https://promouvoircompetences.com/entreprise.php?id=2075-pnud-maroua-cameroun-fr	200	text/html
20220226193117	https://promouvoircompetences.com/entreprise.php?id=2079-group-pioneer-sarl-fr	200	text/html
20220226193103	https://promouvoircompetences.com/entreprise.php?id=2081-street-child-fr	200	text/html
20220226175653	https://promouvoircompetences.com/entreprise.php?id=2091-brite-academy-brite-fr	200	text/html
20220226175529	https://promouvoircompetences.com/entreprise.php?id=2123-da-jungle-group-limited-fr	200	text/html
20220226175540	https://promouvoircompetences.com/entreprise.php?id=2131-technical-shop-fr	200	text/html
20241214080329	https://promouvoircompetences.com/entreprise.php?id=2139-ste-bouasse-cie-sarl-maroua-fr	200	text/html
20241203211411	https://promouvoircompetences.com/entreprise.php?id=2166-croix-rouge-cameroun-maroua-fr	200	text/html
20250219154335	https://promouvoircompetences.com/entreprise.php?id=2170-repma-cameroon-fr	200	text/html
20241214062231	https://promouvoircompetences.com/entreprise.php?id=2185-transsion-holdings-maroua-fr	200	text/html
20220226175546	https://promouvoircompetences.com/entreprise.php?id=2288-doormesh-fr	200	text/html
20250117015638	https://promouvoircompetences.com/entreprise.php?id=2319-africa-food-distribution-bertoua	200	text/html
20231210234927	https://promouvoircompetences.com/entreprise.php?id=2320-unicef-yaounde-cameroun	200	text/html
20250804220008	https://promouvoircompetences.com/entreprise.php?id=2331-ong-japsso-jeunesse-active-pour-la-lutte-contre-la-pauvrete-le-vih-sida-et-ses-souffrances	200	text/html
20241203204614	https://promouvoircompetences.com/entreprise.php?id=2331-ong-japsso-jeunesse-active-pour-la-lutte-contre-la-pauvrete-le-vih-sida-et-ses-souffrances-fr	200	text/html
20220226175541	https://promouvoircompetences.com/entreprise.php?id=2381-ntarikon-credit-union-fr	200	text/html
20260611195800	https://promouvoircompetences.com/entreprise.php?id=2480-airedh	200	text/html
20260611201557	https://promouvoircompetences.com/entreprise.php?id=2498-afd-petroleum	200	text/html
20260611192349	https://promouvoircompetences.com/entreprise.php?id=2500-pnue	200	text/html
20260611202201	https://promouvoircompetences.com/entreprise.php?id=2532-airedh	200	text/html
20260611200840	https://promouvoircompetences.com/entreprise.php?id=2599-agritec-sa	200	text/html
20260611195416	https://promouvoircompetences.com/entreprise.php?id=2600-bouchard-cote-divoire	200	text/html
20260611200503	https://promouvoircompetences.com/entreprise.php?id=2604-alertguard	200	text/html
20260611194505	https://promouvoircompetences.com/entreprise.php?id=2606-giz-bamako	200	text/html
20260611200001	https://promouvoircompetences.com/entreprise.php?id=2607-care-mali	200	text/html
20260611191308	https://promouvoircompetences.com/entreprise.php?id=2608-breakthrough-action	200	text/html
20260611195441	https://promouvoircompetences.com/entreprise.php?id=2613-societe-le-grand-moulin-du-cameroun-sgmc	200	text/html
20250118142819	https://promouvoircompetences.com/entreprise.php?id=2618-fhi-360-maroua	200	text/html
20250804124601	https://promouvoircompetences.com/entreprise.php?id=2618-fhi-360-maroua-fr	200	text/html
20241203215713	https://promouvoircompetences.com/entreprise.php?id=2621-engeniering-development-sahel-solar-fr	200	text/html
20231210234244	https://promouvoircompetences.com/entreprise.php?id=2626-nhpc-nachtigal-hydro-power-company	200	text/html
20240617072705	https://promouvoircompetences.com/entreprise.php?id=2629-focep-s-a	200	text/html
20250215235454	https://promouvoircompetences.com/entreprise.php?id=2630-sgs-cameroun-sa-fr	200	text/html
20250215234639	https://promouvoircompetences.com/entreprise.php?id=279-institut-de-couture-abdel-fr	200	text/html
20250215223905	https://promouvoircompetences.com/entreprise.php?id=41-caa-centre-d-art-applique-fr	200	text/html
20231210233845	https://promouvoircompetences.com/entreprise.php?id=60-sodecoton-societe-de-developpement-du-coton	200	text/html
20250215234521	https://promouvoircompetences.com/entreprise.php?id=8-bidzoni-fr	200	text/html
20230323014727	https://promouvoircompetences.com/entreprise.php?id=8967-college-de-paris-paris-formations-douala	200	text/html
20241203204647	https://promouvoircompetences.com/entreprise.php?id=9031-me-elame-bea-mimosette-celestine-fr	200	text/html
20241203215235	https://promouvoircompetences.com/entreprise.php?id=9036-me-manfouo-jean-fr	200	text/html
20260611202619	https://promouvoircompetences.com/entreprise.php?id=9381-fama-forces-armees-maliennes	200	text/html
20200930211851	https://promouvoircompetences.com/entreprises-fr.html	200	text/html
20250623221144	https://promouvoircompetences.com/entreprises.html	200	text/html
20220226175558	https://promouvoircompetences.com/entreprises.php	200	text/html
20201030124446	https://promouvoircompetences.com/entreprises.php?l=fr	200	text/html
20260119082656	https://promouvoircompetences.com/entreprisesparactivite.php?id=1-agriculture	200	text/html
20250125081853	https://promouvoircompetences.com/entreprisesparactivite.php?id=10-arts-artisanat-culture-fr	200	text/html
20250125080314	https://promouvoircompetences.com/entreprisesparactivite.php?id=11-education-formation-fr	200	text/html
20250906225857	https://promouvoircompetences.com/entreprisesparactivite.php?id=12-administration-public-parapublic	200	text/html
20250125103544	https://promouvoircompetences.com/entreprisesparactivite.php?id=12-administration-public-parapublic-fr	200	text/html
20250907002235	https://promouvoircompetences.com/entreprisesparactivite.php?id=13-immobilier	200	text/html
20250125095617	https://promouvoircompetences.com/entreprisesparactivite.php?id=13-immobilier-fr	200	text/html
20250909163607	https://promouvoircompetences.com/entreprisesparactivite.php?id=14-btp-construction	200	text/html
20250125085222	https://promouvoircompetences.com/entreprisesparactivite.php?id=14-btp-construction-fr	200	text/html
20251216155755	https://promouvoircompetences.com/entreprisesparactivite.php?id=15&lettre=G	200	text/html
20250808144642	https://promouvoircompetences.com/entreprisesparactivite.php?id=15-securite-gardiennage-fr	200	text/html
20251118223932	https://promouvoircompetences.com/entreprisesparactivite.php?id=16-quincaillerie	200	text/html
20250804130400	https://promouvoircompetences.com/entreprisesparactivite.php?id=16-quincaillerie-fr	200	text/html
20250906235527	https://promouvoircompetences.com/entreprisesparactivite.php?id=17-aquaculture	200	text/html
20250125093626	https://promouvoircompetences.com/entreprisesparactivite.php?id=17-aquaculture-fr	200	text/html
20250907001547	https://promouvoircompetences.com/entreprisesparactivite.php?id=18-menuiserie-bois	200	text/html
20250125091639	https://promouvoircompetences.com/entreprisesparactivite.php?id=18-menuiserie-bois-fr	200	text/html
20250906215759	https://promouvoircompetences.com/entreprisesparactivite.php?id=19-tic	200	text/html
20250125100023	https://promouvoircompetences.com/entreprisesparactivite.php?id=19-tic-fr	200	text/html
20250215230504	https://promouvoircompetences.com/entreprisesparactivite.php?id=2&lettre=C&l=fr	200	text/html
20250906224524	https://promouvoircompetences.com/entreprisesparactivite.php?id=2-elevage	200	text/html
20250125101307	https://promouvoircompetences.com/entreprisesparactivite.php?id=2-elevage-fr	200	text/html
20250906234923	https://promouvoircompetences.com/entreprisesparactivite.php?id=20-sante-pharmacie	200	text/html
20250125085753	https://promouvoircompetences.com/entreprisesparactivite.php?id=20-sante-pharmacie-fr	200	text/html
20250213231438	https://promouvoircompetences.com/entreprisesparactivite.php?id=21&lettre=A&l=fr	200	text/html
20250215224703	https://promouvoircompetences.com/entreprisesparactivite.php?id=21&lettre=C&l=fr	200	text/html
20250213215624	https://promouvoircompetences.com/entreprisesparactivite.php?id=21&lettre=M&l=fr	200	text/html
20250213223032	https://promouvoircompetences.com/entreprisesparactivite.php?id=21&lettre=S&l=fr	200	text/html
20250907001744	https://promouvoircompetences.com/entreprisesparactivite.php?id=21-recherche	200	text/html
20250125102451	https://promouvoircompetences.com/entreprisesparactivite.php?id=21-recherche-fr	200	text/html
20250906223950	https://promouvoircompetences.com/entreprisesparactivite.php?id=23-design	200	text/html
20250125100606	https://promouvoircompetences.com/entreprisesparactivite.php?id=23-design-fr	200	text/html
20250125095130	https://promouvoircompetences.com/entreprisesparactivite.php?id=24-cosmetique-fr	200	text/html
20250216001030	https://promouvoircompetences.com/entreprisesparactivite.php?id=25&lettre=C&l=fr	200	text/html
20250215230112	https://promouvoircompetences.com/entreprisesparactivite.php?id=25&lettre=E&l=fr	200	text/html
20250215222716	https://promouvoircompetences.com/entreprisesparactivite.php?id=25&lettre=I&l=fr	200	text/html
20250906222607	https://promouvoircompetences.com/entreprisesparactivite.php?id=25-industrie-de-l-habillement	200	text/html
20250125081015	https://promouvoircompetences.com/entreprisesparactivite.php?id=25-industrie-de-l-habillement-fr	200	text/html
20251216214015	https://promouvoircompetences.com/entreprisesparactivite.php?id=26-coiffure	200	text/html
20250617170402	https://promouvoircompetences.com/entreprisesparactivite.php?id=26-coiffure-fr	200	text/html
20251213195042	https://promouvoircompetences.com/entreprisesparactivite.php?id=27-comptabilite	200	text/html
20250125093921	https://promouvoircompetences.com/entreprisesparactivite.php?id=27-comptabilite-fr	200	text/html
20251012104754	https://promouvoircompetences.com/entreprisesparactivite.php?id=28-social-humanitaire	200	text/html
20250125082826	https://promouvoircompetences.com/entreprisesparactivite.php?id=28-social-humanitaire-fr	200	text/html
20250213021930	https://promouvoircompetences.com/entreprisesparactivite.php?id=29&lettre=F&l=fr	200	text/html
20250215235102	https://promouvoircompetences.com/entreprisesparactivite.php?id=29&lettre=I&l=fr	200	text/html
20250213040011	https://promouvoircompetences.com/entreprisesparactivite.php?id=29&lettre=J&l=fr	200	text/html
20250213224245	https://promouvoircompetences.com/entreprisesparactivite.php?id=29&lettre=M&l=fr	200	text/html
20250906235411	https://promouvoircompetences.com/entreprisesparactivite.php?id=29-hebergement-restauration-hotellerie	200	text/html
20250125101017	https://promouvoircompetences.com/entreprisesparactivite.php?id=29-hebergement-restauration-hotellerie-fr	200	text/html
20250213021620	https://promouvoircompetences.com/entreprisesparactivite.php?id=29-hebergement-restauration-hotellerie-fr&page=2	200	text/html
20250213023322	https://promouvoircompetences.com/entreprisesparactivite.php?id=29-hebergement-restauration-hotellerie-fr&page=4	200	text/html
20250213030825	https://promouvoircompetences.com/entreprisesparactivite.php?id=29-hebergement-restauration-hotellerie-fr&page=7	200	text/html
20250215231747	https://promouvoircompetences.com/entreprisesparactivite.php?id=3&lettre=A&l=fr	200	text/html
20250215235728	https://promouvoircompetences.com/entreprisesparactivite.php?id=3&lettre=b&l=fr	200	text/html
20250215215728	https://promouvoircompetences.com/entreprisesparactivite.php?id=3&lettre=G&l=fr	200	text/html
20250215224805	https://promouvoircompetences.com/entreprisesparactivite.php?id=3&lettre=I&l=fr	200	text/html
20250215233648	https://promouvoircompetences.com/entreprisesparactivite.php?id=3&lettre=M&l=fr	200	text/html
20260119091237	https://promouvoircompetences.com/entreprisesparactivite.php?id=3-creation-graphique	200	text/html
20250125101803	https://promouvoircompetences.com/entreprisesparactivite.php?id=3-creation-graphique-fr	200	text/html
20250906234647	https://promouvoircompetences.com/entreprisesparactivite.php?id=30-securite-informatique	200	text/html
20250125084141	https://promouvoircompetences.com/entreprisesparactivite.php?id=30-securite-informatique-fr	200	text/html
20250906232243	https://promouvoircompetences.com/entreprisesparactivite.php?id=31-universites	200	text/html
20250125084844	https://promouvoircompetences.com/entreprisesparactivite.php?id=31-universites-fr	200	text/html
20251012104901	https://promouvoircompetences.com/entreprisesparactivite.php?id=32-grandes-ecoles-instituts	200	text/html
20250125092021	https://promouvoircompetences.com/entreprisesparactivite.php?id=32-grandes-ecoles-instituts-fr	200	text/html
20251213194638	https://promouvoircompetences.com/entreprisesparactivite.php?id=33-tourisme-loisirs	200	text/html
20250125093326	https://promouvoircompetences.com/entreprisesparactivite.php?id=33-tourisme-loisirs-fr	200	text/html
20250125093708	https://promouvoircompetences.com/entreprisesparactivite.php?id=34-transport-logistique-services-postaux-fr	200	text/html
20251216152920	https://promouvoircompetences.com/entreprisesparactivite.php?id=35-hygiene-et-salubrite	200	text/html
20250125083725	https://promouvoircompetences.com/entreprisesparactivite.php?id=35-hygiene-et-salubrite-fr	200	text/html
20250215224156	https://promouvoircompetences.com/entreprisesparactivite.php?id=36&lettre=A&l=fr	200	text/html
20250215224439	https://promouvoircompetences.com/entreprisesparactivite.php?id=36&lettre=F&l=fr	200	text/html
20260119093131	https://promouvoircompetences.com/entreprisesparactivite.php?id=36-import-export	200	text/html
20250125082342	https://promouvoircompetences.com/entreprisesparactivite.php?id=36-import-export-fr	200	text/html
20250125094719	https://promouvoircompetences.com/entreprisesparactivite.php?id=37-evenementiel-accueil-hotesses-fr	200	text/html
20250906235605	https://promouvoircompetences.com/entreprisesparactivite.php?id=38-automobile	200	text/html
20250907002015	https://promouvoircompetences.com/entreprisesparactivite.php?id=39-justice-droit	200	text/html
20250909165931	https://promouvoircompetences.com/entreprisesparactivite.php?id=4-agro-industrie	200	text/html
20251015175814	https://promouvoircompetences.com/entreprisesparactivite.php?id=4-agro-industrie-fr	200	text/html
20250617164041	https://promouvoircompetences.com/entreprisesparactivite.php?id=40-spiritualite-religion-fr	200	text/html
20251213195455	https://promouvoircompetences.com/entreprisesparactivite.php?id=41-energie	200	text/html
20250125085011	https://promouvoircompetences.com/entreprisesparactivite.php?id=41-energie-fr	200	text/html
20250912185825	https://promouvoircompetences.com/entreprisesparactivite.php?id=42&lettre=O	200	text/html
20251216152529	https://promouvoircompetences.com/entreprisesparactivite.php?id=42&lettre=V	200	text/html
20250906222125	https://promouvoircompetences.com/entreprisesparactivite.php?id=42-telephonie	200	text/html
20250125102614	https://promouvoircompetences.com/entreprisesparactivite.php?id=42-telephonie-fr	200	text/html
20250125102655	https://promouvoircompetences.com/entreprisesparactivite.php?id=43-ressources-humaines-fr	200	text/html
20250906233325	https://promouvoircompetences.com/entreprisesparactivite.php?id=44-audiovisuel	200	text/html
20250125085844	https://promouvoircompetences.com/entreprisesparactivite.php?id=44-audiovisuel-fr	200	text/html
20250909160128	https://promouvoircompetences.com/entreprisesparactivite.php?id=45-marketing	200	text/html
20250125085055	https://promouvoircompetences.com/entreprisesparactivite.php?id=45-marketing-fr	200	text/html
20251216222055	https://promouvoircompetences.com/entreprisesparactivite.php?id=46-mecanique	200	text/html
20250906230545	https://promouvoircompetences.com/entreprisesparactivite.php?id=47-traduction-interpretation	200	text/html
20250125091850	https://promouvoircompetences.com/entreprisesparactivite.php?id=47-traduction-interpretation-fr	200	text/html
20250907001939	https://promouvoircompetences.com/entreprisesparactivite.php?id=48-communication	200	text/html
20250125101510	https://promouvoircompetences.com/entreprisesparactivite.php?id=48-communication-fr	200	text/html
20250909164043	https://promouvoircompetences.com/entreprisesparactivite.php?id=49-diplomatie	200	text/html
20250125082734	https://promouvoircompetences.com/entreprisesparactivite.php?id=49-diplomatie-fr	200	text/html
20250906234839	https://promouvoircompetences.com/entreprisesparactivite.php?id=5-environnement	200	text/html
20250125094927	https://promouvoircompetences.com/entreprisesparactivite.php?id=5-environnement-fr	200	text/html
20250906221235	https://promouvoircompetences.com/entreprisesparactivite.php?id=50-e-commerce	200	text/html
20250125102213	https://promouvoircompetences.com/entreprisesparactivite.php?id=50-e-commerce-fr	200	text/html
20250906232008	https://promouvoircompetences.com/entreprisesparactivite.php?id=51-solutions-de-paiements	200	text/html
20250125093753	https://promouvoircompetences.com/entreprisesparactivite.php?id=51-solutions-de-paiements-fr	200	text/html
20250906221051	https://promouvoircompetences.com/entreprisesparactivite.php?id=52-industries-brassicoles	200	text/html
20250125083511	https://promouvoircompetences.com/entreprisesparactivite.php?id=52-industries-brassicoles-fr	200	text/html
20250909162805	https://promouvoircompetences.com/entreprisesparactivite.php?id=53-froid-et-climatisation	200	text/html
20250125084455	https://promouvoircompetences.com/entreprisesparactivite.php?id=53-froid-et-climatisation-fr	200	text/html
20250907002231	https://promouvoircompetences.com/entreprisesparactivite.php?id=54-fiscalite	200	text/html
20250125103259	https://promouvoircompetences.com/entreprisesparactivite.php?id=54-fiscalite-fr	200	text/html
20250906230404	https://promouvoircompetences.com/entreprisesparactivite.php?id=55-sport	200	text/html
20250811171103	https://promouvoircompetences.com/entreprisesparactivite.php?id=55-sport-fr	200	text/html
20250906224143	https://promouvoircompetences.com/entreprisesparactivite.php?id=56-mines	200	text/html
20250125084540	https://promouvoircompetences.com/entreprisesparactivite.php?id=56-mines-fr	200	text/html
20250906235336	https://promouvoircompetences.com/entreprisesparactivite.php?id=57-forces-de-defense	200	text/html
20250125094843	https://promouvoircompetences.com/entreprisesparactivite.php?id=57-forces-de-defense-fr	200	text/html
20250909165730	https://promouvoircompetences.com/entreprisesparactivite.php?id=58-services-aux-entreprises	200	text/html
20250906224031	https://promouvoircompetences.com/entreprisesparactivite.php?id=6-banques-finances-assurances	200	text/html
20250125083333	https://promouvoircompetences.com/entreprisesparactivite.php?id=6-banques-finances-assurances-fr	200	text/html
20250906223127	https://promouvoircompetences.com/entreprisesparactivite.php?id=7-commerce-general	200	text/html
20250125101058	https://promouvoircompetences.com/entreprisesparactivite.php?id=7-commerce-general-fr	200	text/html
20251118224348	https://promouvoircompetences.com/entreprisesparactivite.php?id=8-hebergement-web	200	text/html
20250125082917	https://promouvoircompetences.com/entreprisesparactivite.php?id=8-hebergement-web-fr	200	text/html
20250907002419	https://promouvoircompetences.com/entreprisesparactivite.php?id=9-imprimerie-edition	200	text/html
20250125102411	https://promouvoircompetences.com/entreprisesparactivite.php?id=9-imprimerie-edition-fr	200	text/html
20210815031646	https://promouvoircompetences.com/entreprisesparville-249869-wouro-kianda-fr.html	200	text/html
20210825121026	https://promouvoircompetences.com/entreprisesparville.php?id=249867-wouro-goulbe	200	text/html
20210825105435	https://promouvoircompetences.com/entreprisesparville.php?id=249870-wouro-kio	200	text/html
20220226175548	https://promouvoircompetences.com/entreprisesparville.php?id=305	200	text/html
20201001193836	https://promouvoircompetences.com/entreprisesparville.php?id=80	200	text/html
20201031073249	https://promouvoircompetences.com/epreuves-fr.html	200	text/html
20210228222004	https://promouvoircompetences.com/epreuves.html	200	text/html
20200921003636	https://promouvoircompetences.com/epreuves.html?l=fr	200	text/html
20230607084551	https://promouvoircompetences.com/epreuves.php	200	text/html
20260622153524	https://promouvoircompetences.com/epreuves.php?ide=8-epreuves-bepc-burkina-faso&idp=4	200	text/html
20210228214353	https://promouvoircompetences.com/er/	200	text/html
20250114195151	https://promouvoircompetences.com/er/activite-ville.php?ida=11&l=fr	200	text/html
20250219140500	https://promouvoircompetences.com/er/activite-ville.php?ida=12&l=fr	200	text/html
20250620191255	https://promouvoircompetences.com/er/activite-ville.php?ida=14&l=fr	200	text/html
20250114205625	https://promouvoircompetences.com/er/activite-ville.php?ida=17&l=fr	200	text/html
20250210105224	https://promouvoircompetences.com/er/activite-ville.php?ida=24&l=fr	200	text/html
20250218090058	https://promouvoircompetences.com/er/activite-ville.php?ida=26&l=fr	200	text/html
20250114205745	https://promouvoircompetences.com/er/activite-ville.php?ida=6&l=fr	200	text/html
20250209220427	https://promouvoircompetences.com/er/activite-ville.php?l=fr	200	text/html
20201128202118	https://promouvoircompetences.com/er/erythree.php	200	text/html
20230711183229	https://promouvoircompetences.com/er/langues.php?l=fr	200	text/html
20250623224509	https://promouvoircompetences.com/es/	200	text/html
20250912191056	https://promouvoircompetences.com/es/actualizacion.html	200	text/html
20210301124250	https://promouvoircompetences.com/et/	200	text/html
20250114193726	https://promouvoircompetences.com/et/activite-ville.php?ida=11&l=fr	200	text/html
20250219161559	https://promouvoircompetences.com/et/activite-ville.php?ida=12&l=fr	200	text/html
20250114021453	https://promouvoircompetences.com/et/activite-ville.php?ida=14&l=fr	200	text/html
20250114034123	https://promouvoircompetences.com/et/activite-ville.php?ida=15&l=fr	200	text/html
20250120032203	https://promouvoircompetences.com/et/activite-ville.php?ida=17&l=fr	200	text/html
20250212062834	https://promouvoircompetences.com/et/activite-ville.php?ida=19&l=fr	200	text/html
20250218083804	https://promouvoircompetences.com/et/activite-ville.php?ida=26&l=fr	200	text/html
20250120032408	https://promouvoircompetences.com/et/activite-ville.php?ida=6&l=fr	200	text/html
20250209215105	https://promouvoircompetences.com/et/activite-ville.php?l=fr	200	text/html
20201128203356	https://promouvoircompetences.com/et/ethiopie.php	200	text/html
20230711183229	https://promouvoircompetences.com/et/langues.php?l=fr	200	text/html
20250117021703	https://promouvoircompetences.com/ethnie.php?id=1-eton-fr	200	text/html
20250117011221	https://promouvoircompetences.com/ethnie.php?id=4-bafoun-fr	200	text/html
20250117011326	https://promouvoircompetences.com/ethnie.php?id=8-bagyeli-fr	200	text/html
20250623220303	https://promouvoircompetences.com/ethnies.html	200	text/html
20201020053707	https://promouvoircompetences.com/ethnies.php	200	text/html
20200920230501	https://promouvoircompetences.com/ethnies.php?l=fr	200	text/html
20250805161858	https://promouvoircompetences.com/examen-1-technical-and-vocational-education-examination-advanced-level-tvee-al.html	200	text/html
20251216155344	https://promouvoircompetences.com/examen-11-concours-ministere-de-la-sante-publique.html	200	text/html
20250805174115	https://promouvoircompetences.com/examen-12-probatoire-technique.html	200	text/html
20250805172132	https://promouvoircompetences.com/examen-13-cap.html	200	text/html
20250804225335	https://promouvoircompetences.com/examen-14-diplome-de-qualification-professionnelle-dqp.html	200	text/html
20250805172105	https://promouvoircompetences.com/examen-15-concours-ministere-de-la-defense-mindef.html	200	text/html
20251118050528	https://promouvoircompetences.com/examen-16-brevet-de-technicien.html	200	text/html
20250805165617	https://promouvoircompetences.com/examen-17-probatoire-de-brevet-de-technicien.html	200	text/html
20250805163227	https://promouvoircompetences.com/examen-18-brevet-de-technicien-stt.html	200	text/html
20250805165124	https://promouvoircompetences.com/examen-20-brevet-de-technicien-superieur-bts.html	200	text/html
20250805162854	https://promouvoircompetences.com/examen-21-certificat-d-aptitude-pedagogique-d-instituteurs-de-l-enseignement-technique-capiet.html	200	text/html
20250805171548	https://promouvoircompetences.com/examen-22-certificat-d-aptitude-pedagogique-d-instituteurs-de-l-enseignement-maternel-et-primaire-capiemp.html	200	text/html
20250805172805	https://promouvoircompetences.com/examen-23-concours-enseignement-superieur.html	200	text/html
20250805162451	https://promouvoircompetences.com/examen-24-common-entrance.html	200	text/html
20250805171336	https://promouvoircompetences.com/examen-25-brevet-de-fin-d-etudes-moyennes-bfem.html	200	text/html
20250805163656	https://promouvoircompetences.com/examen-26-concours-d-entree-en-6e.html	200	text/html
20250805162537	https://promouvoircompetences.com/examen-27-cep-certificat-d-etudes-primaires.html	200	text/html
20250805174423	https://promouvoircompetences.com/examen-28-fslc-first-school-leaving-certificate.html	200	text/html
20250805172739	https://promouvoircompetences.com/examen-29-cepe-certificat-d-etudes-primaire-et-elementaires.html	200	text/html
20250805170115	https://promouvoircompetences.com/examen-3-gce-ol-general-certificate-of-education-ordinary-level-general.html	200	text/html
20250805164837	https://promouvoircompetences.com/examen-30-eniet-ecole-normale-des-instituteurs-de-l-enseignement-technique.html	200	text/html
20250805173320	https://promouvoircompetences.com/examen-31-bepi-brevet-d-etudes-professionnelles-industrielles.html	200	text/html
20250805170703	https://promouvoircompetences.com/examen-32-bept-brevet-d-etudes-professionnelles-du-tertiaire.html	200	text/html
20250804213506	https://promouvoircompetences.com/examen-33-beptm4-brevet-d-etudes-professionnelles-du-tertiaire-modulaire.html	200	text/html
20250805175753	https://promouvoircompetences.com/examen-34-capi-certificat-d-aptitudes-professionnelles-industrielles.html	200	text/html
20250805171832	https://promouvoircompetences.com/examen-35-capc-certificat-d-aptitudes-professionnelles-commerciales.html	200	text/html
20250804222210	https://promouvoircompetences.com/examen-36-bp-brevet-professionnel-de-banque.html	200	text/html
20250805175851	https://promouvoircompetences.com/examen-38-psle-primary-school-leaving-examination.html	200	text/html
20250805163548	https://promouvoircompetences.com/examen-39-fastef-faculte-des-sciences-et-technologies-de-l-education-et-de-la-formation.html	200	text/html
20250805170743	https://promouvoircompetences.com/examen-4-gce-al-general-certificate-of-education-advanced-level-general.html	200	text/html
20251012114305	https://promouvoircompetences.com/examen-40-cepd-certificat-d-etudes-du-premier-degre.html	200	text/html
20250805171442	https://promouvoircompetences.com/examen-41-enieg.html	200	text/html
20250805162121	https://promouvoircompetences.com/examen-42-lpsce-liberia-primary-school-certificate-examination.html	200	text/html
20250804212904	https://promouvoircompetences.com/examen-43-liberia-junior-high-certificate-examination-ljhsce.html	200	text/html
20250805160937	https://promouvoircompetences.com/examen-44-the-liberia-senior-high-school-certificate-examination-lshsce.html	200	text/html
20250805164016	https://promouvoircompetences.com/examen-45-concours-eamau-ecole-africaine-des-metiers-de-l-architecture-et-de-l-urbanisme.html	200	text/html
20250805165247	https://promouvoircompetences.com/examen-47-concours-ens-ecole-normale-superieure.html	200	text/html
20250805175835	https://promouvoircompetences.com/examen-48-bachelor.html	200	text/html
20250805165027	https://promouvoircompetences.com/examen-49-nsc-national-senior-certificate.html	200	text/html
20250805172231	https://promouvoircompetences.com/examen-50-baccalaureat-pro.html	200	text/html
20250805175843	https://promouvoircompetences.com/examen-51-p6.html	200	text/html
20250805165459	https://promouvoircompetences.com/examen-52-s3.html	200	text/html
20250804221803	https://promouvoircompetences.com/examen-53-s6.html	200	text/html
20250805162322	https://promouvoircompetences.com/examen-54-def-diplome-d-etude-fondamentale.html	200	text/html
20250805162930	https://promouvoircompetences.com/examen-56-examen-d-etat.html	200	text/html
20250805162820	https://promouvoircompetences.com/examen-57-concours-iric.html	200	text/html
20250805174313	https://promouvoircompetences.com/examen-58-concours-enset.html	200	text/html
20250805161730	https://promouvoircompetences.com/examen-6-baccalaureat-technique.html	200	text/html
20250805182307	https://promouvoircompetences.com/examen-60-examen-des-techniciens-de-sante-ts.html	200	text/html
20250805165406	https://promouvoircompetences.com/examen-61-acsee-advanced-certificate-of-secondary-education-examination.html	200	text/html
20250805164504	https://promouvoircompetences.com/examen-62-concours-fama-forces-armees-maliennes.html	200	text/html
20250805172621	https://promouvoircompetences.com/examen-63-concours-eni.html	200	text/html
20250805170345	https://promouvoircompetences.com/examen-64-injs.html	200	text/html
20250805174216	https://promouvoircompetences.com/examen-65-concours-de-la-police.html	200	text/html
20250805164932	https://promouvoircompetences.com/examen-66-cafop.html	200	text/html
20250805172650	https://promouvoircompetences.com/examen-67-bep-brevet-d-etudes-professionnelles.html	200	text/html
20250805174156	https://promouvoircompetences.com/examen-68-concours-armee.html	200	text/html
20250805161019	https://promouvoircompetences.com/examen-69-concours-polytechnique.html	200	text/html
20250805172002	https://promouvoircompetences.com/examen-7-probatoire-general.html	200	text/html
20250805165151	https://promouvoircompetences.com/examen-70-concours-professionnel.html	200	text/html
20250805161228	https://promouvoircompetences.com/examen-71-concours-iut-institut-universitaire-de-technologie.html	200	text/html
20250805164103	https://promouvoircompetences.com/examen-72-concours-enspd.html	200	text/html
20250805173252	https://promouvoircompetences.com/examen-74-concours-esstic.html	200	text/html
20260611201631	https://promouvoircompetences.com/examen-75-concours-minepia.html	200	text/html
20250805172327	https://promouvoircompetences.com/examen-76-orientations-en-6e.html	200	text/html
20250805164214	https://promouvoircompetences.com/examen-77-bef-brevet-detudes-fondamentales.html	200	text/html
20250805164643	https://promouvoircompetences.com/examen-78-examen-de-sortie.html	200	text/html
20250805171156	https://promouvoircompetences.com/examen-80-concours-eamau.html	200	text/html
20250804221056	https://promouvoircompetences.com/examen-81-bt-agro.html	200	text/html
20250805164351	https://promouvoircompetences.com/examen-82-enastic-ecole-nationale-superieure-des-technologies-et-de-la-communication.html	200	text/html
20250805165552	https://promouvoircompetences.com/examen-9-enam.html	200	text/html
20250623213510	https://promouvoircompetences.com/examens.html	200	text/html
20260611190130	https://promouvoircompetences.com/examens.php?&page=2	200	text/html
20260611201938	https://promouvoircompetences.com/examens.php?&page=9	200	text/html
20200929141342	https://promouvoircompetences.com/exposition-fr.html	200	text/html
20250623224040	https://promouvoircompetences.com/exposition.php	200	text/html
20250117020509	https://promouvoircompetences.com/familles-langues.php?l=fr	200	text/html
20210614084419	https://promouvoircompetences.com/favicon.ico	200	image/x-icon
20250623214426	https://promouvoircompetences.com/formalites.html	200	text/html
20201020060311	https://promouvoircompetences.com/formalites.php	200	text/html
20201001193919	https://promouvoircompetences.com/formalites.php?l=fr	200	text/html
20200929135021	https://promouvoircompetences.com/ga/	200	text/html
20250114031531	https://promouvoircompetences.com/ga/activite-ville.php?ida=11&l=fr	200	text/html
20250219142654	https://promouvoircompetences.com/ga/activite-ville.php?ida=12&l=fr	200	text/html
20250120021227	https://promouvoircompetences.com/ga/activite-ville.php?ida=14&l=fr	200	text/html
20250120032613	https://promouvoircompetences.com/ga/activite-ville.php?ida=15&l=fr	200	text/html
20250114020511	https://promouvoircompetences.com/ga/activite-ville.php?ida=17&l=fr	200	text/html
20250216014457	https://promouvoircompetences.com/ga/activite-ville.php?ida=19&l=fr	200	text/html
20250216024951	https://promouvoircompetences.com/ga/activite-ville.php?ida=20&l=fr	200	text/html
20250206164008	https://promouvoircompetences.com/ga/activite-ville.php?ida=25&l=fr	200	text/html
20250218091115	https://promouvoircompetences.com/ga/activite-ville.php?ida=26&l=fr	200	text/html
20250216024100	https://promouvoircompetences.com/ga/activite-ville.php?ida=4&l=fr	200	text/html
20250114184223	https://promouvoircompetences.com/ga/activite-ville.php?ida=6&l=fr	200	text/html
20201127143842	https://promouvoircompetences.com/ga/gabon.php	200	text/html
20230711184732	https://promouvoircompetences.com/ga/langues.php?l=fr	200	text/html
20220829211442	https://promouvoircompetences.com/ga/result.php?id=28075-tous-les-resultats-en-pdf-des-orientations-en-6e-2022-au-gabon	200	text/html
20240507141936	https://promouvoircompetences.com/ga/ville.php?id=66547-mela	200	text/html
20240507141922	https://promouvoircompetences.com/ga/villes.php	200	text/html
20260611192757	https://promouvoircompetences.com/gastronomie-1-cameroun.html	200	text/html
20260611201358	https://promouvoircompetences.com/gastronomie-10-djibouti.html	200	text/html
20260611202636	https://promouvoircompetences.com/gastronomie-11-togo.html	200	text/html
20260611192323	https://promouvoircompetences.com/gastronomie-12-gambie.html	200	text/html
20260611190053	https://promouvoircompetences.com/gastronomie-13-ghana.html	200	text/html
20260611194806	https://promouvoircompetences.com/gastronomie-14-guinee.html	200	text/html
20260611202122	https://promouvoircompetences.com/gastronomie-15-guinee-bissau.html	200	text/html
20260611201310	https://promouvoircompetences.com/gastronomie-16-guinee-equatoriale.html	200	text/html
20260611195556	https://promouvoircompetences.com/gastronomie-17-mali.html	200	text/html
20260611195735	https://promouvoircompetences.com/gastronomie-18-mauritanie.html	200	text/html
20260611190438	https://promouvoircompetences.com/gastronomie-19-niger.html	200	text/html
20260611202226	https://promouvoircompetences.com/gastronomie-2-gabon.html	200	text/html
20260611192232	https://promouvoircompetences.com/gastronomie-20-nigeria.html	200	text/html
20260611200922	https://promouvoircompetences.com/gastronomie-21-rdc.html	200	text/html
20260611191931	https://promouvoircompetences.com/gastronomie-22-rwanda.html	200	text/html
20260611192929	https://promouvoircompetences.com/gastronomie-23-republique-centrafricaine.html	200	text/html
20260611191856	https://promouvoircompetences.com/gastronomie-24-sierra-leone.html	200	text/html
20260611185014	https://promouvoircompetences.com/gastronomie-25-senegal.html	200	text/html
20260611201415	https://promouvoircompetences.com/gastronomie-26-madagascar.html	200	text/html
20260611193537	https://promouvoircompetences.com/gastronomie-27-angola.html	200	text/html
20260611195712	https://promouvoircompetences.com/gastronomie-28-afrique-du-sud.html	200	text/html
20260611201656	https://promouvoircompetences.com/gastronomie-29-algerie.html	200	text/html
20260611201104	https://promouvoircompetences.com/gastronomie-3-tchad.html	200	text/html
20260611202148	https://promouvoircompetences.com/gastronomie-30-botswana.html	200	text/html
20260611191520	https://promouvoircompetences.com/gastronomie-31-comores.html	200	text/html
20260611202118	https://promouvoircompetences.com/gastronomie-32-egypte.html	200	text/html
20260611193611	https://promouvoircompetences.com/gastronomie-33-erythree.html	200	text/html
20260611194257	https://promouvoircompetences.com/gastronomie-34-ethiopie.html	200	text/html
20260611201024	https://promouvoircompetences.com/gastronomie-35-kenya.html	200	text/html
20260611202358	https://promouvoircompetences.com/gastronomie-36-lesotho.html	200	text/html
20260611195042	https://promouvoircompetences.com/gastronomie-37-liberia.html	200	text/html
20260611200711	https://promouvoircompetences.com/gastronomie-38-libye.html	200	text/html
20260611201220	https://promouvoircompetences.com/gastronomie-39-malawi.html	200	text/html
20260611195824	https://promouvoircompetences.com/gastronomie-4-burkina-faso.html	200	text/html
20260611192734	https://promouvoircompetences.com/gastronomie-40-maroc.html	200	text/html
20260611191426	https://promouvoircompetences.com/gastronomie-41-maurice.html	200	text/html
20260611193659	https://promouvoircompetences.com/gastronomie-42-mozambique.html	200	text/html
20260611193822	https://promouvoircompetences.com/gastronomie-43-namibie.html	200	text/html
20260611201044	https://promouvoircompetences.com/gastronomie-44-ouganda.html	200	text/html
20260611190335	https://promouvoircompetences.com/gastronomie-45-sao-tome-et-principe.html	200	text/html
20260611195911	https://promouvoircompetences.com/gastronomie-46-seychelles.html	200	text/html
20260611192953	https://promouvoircompetences.com/gastronomie-47-somalie.html	200	text/html
20260611191549	https://promouvoircompetences.com/gastronomie-48-soudan.html	200	text/html
20260611200251	https://promouvoircompetences.com/gastronomie-49-soudan-du-sud.html	200	text/html
20260611201123	https://promouvoircompetences.com/gastronomie-5-burundi.html	200	text/html
20260611200314	https://promouvoircompetences.com/gastronomie-50-eswatini-swaziland.html	200	text/html
20260611195233	https://promouvoircompetences.com/gastronomie-51-tanzanie.html	200	text/html
20260611194913	https://promouvoircompetences.com/gastronomie-52-tunisie.html	200	text/html
20260611192257	https://promouvoircompetences.com/gastronomie-53-zambie.html	200	text/html
20260611200817	https://promouvoircompetences.com/gastronomie-54-zimbabwe.html	200	text/html
20260611195847	https://promouvoircompetences.com/gastronomie-6-benin.html	200	text/html
20260611195622	https://promouvoircompetences.com/gastronomie-7-cap-vert.html	200	text/html
20260611191334	https://promouvoircompetences.com/gastronomie-8-congo.html	200	text/html
20260611185638	https://promouvoircompetences.com/gastronomie-9-cote-d-ivoire.html	200	text/html
20250623212731	https://promouvoircompetences.com/gastronomie.html	200	text/html
20201020063727	https://promouvoircompetences.com/gastronomie.php	200	text/html
20200920050838	https://promouvoircompetences.com/gastronomie.php?l=fr	200	text/html
20211104050943	https://promouvoircompetences.com/gestionnaire/ckeditor-ancien/ckeditor.js	200	application/javascript
20210812120612	https://promouvoircompetences.com/gestionnaire/ckeditor/ckeditor.js	200	application/javascript
20200929142140	https://promouvoircompetences.com/gh/	200	text/html
20250114034418	https://promouvoircompetences.com/gh/activite-ville.php?ida=11&l=fr	200	text/html
20250219145746	https://promouvoircompetences.com/gh/activite-ville.php?ida=12&l=fr	200	text/html
20250114195121	https://promouvoircompetences.com/gh/activite-ville.php?ida=14&l=fr	200	text/html
20250114184824	https://promouvoircompetences.com/gh/activite-ville.php?ida=15&l=fr	200	text/html
20250114022919	https://promouvoircompetences.com/gh/activite-ville.php?ida=17&l=fr	200	text/html
20250210103737	https://promouvoircompetences.com/gh/activite-ville.php?ida=25&l=fr	200	text/html
20250714062529	https://promouvoircompetences.com/gh/activite-ville.php?ida=4&l=fr	200	text/html
20250114023248	https://promouvoircompetences.com/gh/activite-ville.php?ida=6&l=fr	200	text/html
20250209203441	https://promouvoircompetences.com/gh/activite-ville.php?l=fr	200	text/html
20201127133359	https://promouvoircompetences.com/gh/ghana.php	200	text/html
20230711184733	https://promouvoircompetences.com/gh/langues.php?l=fr	200	text/html
20200929150853	https://promouvoircompetences.com/gm/	200	text/html
20250114183033	https://promouvoircompetences.com/gm/activite-ville.php?ida=11&l=fr	200	text/html
20250219153223	https://promouvoircompetences.com/gm/activite-ville.php?ida=12&l=fr	200	text/html
20250114034546	https://promouvoircompetences.com/gm/activite-ville.php?ida=14&l=fr	200	text/html
20250114192811	https://promouvoircompetences.com/gm/activite-ville.php?ida=15&l=fr	200	text/html
20250114030450	https://promouvoircompetences.com/gm/activite-ville.php?ida=17&l=fr	200	text/html
20250210092242	https://promouvoircompetences.com/gm/activite-ville.php?ida=20&l=fr	200	text/html
20250114030632	https://promouvoircompetences.com/gm/activite-ville.php?ida=6&l=fr	200	text/html
20250218091446	https://promouvoircompetences.com/gm/activite-ville.php?ida=7&l=fr	200	text/html
20250209210631	https://promouvoircompetences.com/gm/activite-ville.php?l=fr	200	text/html
20201127144925	https://promouvoircompetences.com/gm/gambie.php	200	text/html
20230711184731	https://promouvoircompetences.com/gm/langues.php?l=fr	200	text/html
20200929133452	https://promouvoircompetences.com/gn/	200	text/html
20250114203146	https://promouvoircompetences.com/gn/activite-ville.php?ida=1&idv=4618-ou-dormir-a-conakry	200	text/html
20250209211319	https://promouvoircompetences.com/gn/activite-ville.php?ida=1-ou-dormir-a	200	text/html
20250114185459	https://promouvoircompetences.com/gn/activite-ville.php?ida=10&idv=4618-banques-et-assurances-a-conakry	200	text/html
20250209204218	https://promouvoircompetences.com/gn/activite-ville.php?ida=10-banques-et-assurances-a	200	text/html
20250112205136	https://promouvoircompetences.com/gn/activite-ville.php?ida=11&idv=4618-entreprises-automobiles-a-conakry	200	text/html
20250114194840	https://promouvoircompetences.com/gn/activite-ville.php?ida=11&l=fr	200	text/html
20250209213230	https://promouvoircompetences.com/gn/activite-ville.php?ida=11-entreprises-automobiles-a	200	text/html
20250112201313	https://promouvoircompetences.com/gn/activite-ville.php?ida=12&idv=4618-ou-trouver-les-specialistes-de-l-art-et-de-l-artisanat-a-conakry	200	text/html
20250209200535	https://promouvoircompetences.com/gn/activite-ville.php?ida=12-ou-trouver-les-specialistes-de-l-art-et-de-l-artisanat-a	200	text/html
20250114192216	https://promouvoircompetences.com/gn/activite-ville.php?ida=13&idv=4618-ou-trouver-les-professionnels-de-l-habillement-a-conakry	200	text/html
20250209201545	https://promouvoircompetences.com/gn/activite-ville.php?ida=13-ou-trouver-les-professionnels-de-l-habillement-a	200	text/html
20250114205222	https://promouvoircompetences.com/gn/activite-ville.php?ida=14&idv=4618-entreprises-sociales-a-conakry	200	text/html
20250114022703	https://promouvoircompetences.com/gn/activite-ville.php?ida=14&l=fr	200	text/html
20250209200355	https://promouvoircompetences.com/gn/activite-ville.php?ida=14-entreprises-sociales-a	200	text/html
20250114035111	https://promouvoircompetences.com/gn/activite-ville.php?ida=15&l=fr	200	text/html
20250209195548	https://promouvoircompetences.com/gn/activite-ville.php?ida=15-ou-trouver-un-notaire-a	200	text/html
20250114195619	https://promouvoircompetences.com/gn/activite-ville.php?ida=17&idv=4618-entreprises-de-l-industrie-agroalimentaire-a-conakry	200	text/html
20250114041114	https://promouvoircompetences.com/gn/activite-ville.php?ida=17&l=fr	200	text/html
20250209211514	https://promouvoircompetences.com/gn/activite-ville.php?ida=17-entreprises-de-l-industrie-agroalimentaire-a	200	text/html
20250114203104	https://promouvoircompetences.com/gn/activite-ville.php?ida=18&idv=4618-entreprises-du-batiment-a-conakry	200	text/html
20250209214950	https://promouvoircompetences.com/gn/activite-ville.php?ida=18-entreprises-du-batiment-a	200	text/html
20250114203850	https://promouvoircompetences.com/gn/activite-ville.php?ida=19&idv=4618-entreprises-d-ingenierie-a-conakry	200	text/html
20250209205604	https://promouvoircompetences.com/gn/activite-ville.php?ida=19-entreprises-d-ingenierie-a	200	text/html
20250114205706	https://promouvoircompetences.com/gn/activite-ville.php?ida=2&idv=4618-ou-manger-a-conakry	200	text/html
20250209220821	https://promouvoircompetences.com/gn/activite-ville.php?ida=2-ou-manger-a	200	text/html
20250114194948	https://promouvoircompetences.com/gn/activite-ville.php?ida=20&idv=4618-entreprises-de-ressources-humaines-conakry	200	text/html
20250212075414	https://promouvoircompetences.com/gn/activite-ville.php?ida=20&l=fr	200	text/html
20250209203646	https://promouvoircompetences.com/gn/activite-ville.php?ida=20-entreprises-de-ressources-humaines	200	text/html
20250209210956	https://promouvoircompetences.com/gn/activite-ville.php?ida=21-entreprises-de-transport-et-logistique-a	200	text/html
20250114204600	https://promouvoircompetences.com/gn/activite-ville.php?ida=22&idv=4618-entreprises-specialisees-dans-le-demenagement-a-conakry	200	text/html
20250209215605	https://promouvoircompetences.com/gn/activite-ville.php?ida=22-entreprises-specialisees-dans-le-demenagement-a	200	text/html
20250114192645	https://promouvoircompetences.com/gn/activite-ville.php?ida=23&idv=4618-ou-trouver-les-entreprises-d-import-export-a-conakry	200	text/html
20250209212121	https://promouvoircompetences.com/gn/activite-ville.php?ida=23-ou-trouver-les-entreprises-d-import-export-a	200	text/html
20250114194237	https://promouvoircompetences.com/gn/activite-ville.php?ida=24&idv=4618-ou-trouver-des-entreprises-de-services-aux-entreprises-a-conakry	200	text/html
20250209201316	https://promouvoircompetences.com/gn/activite-ville.php?ida=24-ou-trouver-des-entreprises-de-services-aux-entreprises-a	200	text/html
20250114205941	https://promouvoircompetences.com/gn/activite-ville.php?ida=25&idv=4618-ou-trouver-des-entreprises-de-transit-maritime-a-conakry	200	text/html
20250209203119	https://promouvoircompetences.com/gn/activite-ville.php?ida=25-ou-trouver-des-entreprises-de-transit-maritime-a	200	text/html
20250114201426	https://promouvoircompetences.com/gn/activite-ville.php?ida=26&idv=4618-ou-trouver-un-huissier-de-justice-un-cabinet-d-avocats-ou-un-avocat-a-conakry	200	text/html
20250209204758	https://promouvoircompetences.com/gn/activite-ville.php?ida=26-ou-trouver-un-huissier-de-justice-un-cabinet-d-avocats-ou-un-avocat-a	200	text/html
20250114192906	https://promouvoircompetences.com/gn/activite-ville.php?ida=3&idv=4618-ou-boire-prendre-un-verre-a-conakry	200	text/html
20250209205925	https://promouvoircompetences.com/gn/activite-ville.php?ida=3-ou-boire-prendre-un-verre-a	200	text/html
20250114194314	https://promouvoircompetences.com/gn/activite-ville.php?ida=4&idv=4618-ou-danser-se-defouler-a-conakry	200	text/html
20250114193402	https://promouvoircompetences.com/gn/activite-ville.php?ida=5&idv=4618-ou-faire-le-marche-a-conakry	200	text/html
20250209205758	https://promouvoircompetences.com/gn/activite-ville.php?ida=5-ou-faire-le-marche-a	200	text/html
20250209215334	https://promouvoircompetences.com/gn/activite-ville.php?ida=6-ou-se-former-a	200	text/html
20250114193035	https://promouvoircompetences.com/gn/activite-ville.php?ida=7&idv=4618-ou-se-soigner-a-conakry	200	text/html
20250209205048	https://promouvoircompetences.com/gn/activite-ville.php?ida=7-ou-se-soigner-a	200	text/html
20250114200657	https://promouvoircompetences.com/gn/activite-ville.php?ida=8&idv=4618-ou-imprimer-des-documents-a-conakry	200	text/html
20250209204012	https://promouvoircompetences.com/gn/activite-ville.php?ida=8-ou-imprimer-des-documents-a	200	text/html
20250114192002	https://promouvoircompetences.com/gn/activite-ville.php?ida=9&idv=4618-specialistes-agriculture-a-conakry	200	text/html
20250209202006	https://promouvoircompetences.com/gn/activite-ville.php?ida=9-specialistes-agriculture-a	200	text/html
20250209213741	https://promouvoircompetences.com/gn/activite-ville.php?idm=1	200	text/html
20250209215411	https://promouvoircompetences.com/gn/activite-ville.php?idm=10	200	text/html
20250209195709	https://promouvoircompetences.com/gn/activite-ville.php?idm=12	200	text/html
20250209212237	https://promouvoircompetences.com/gn/activite-ville.php?idm=13	200	text/html
20250209203029	https://promouvoircompetences.com/gn/activite-ville.php?idm=14	200	text/html
20250209214408	https://promouvoircompetences.com/gn/activite-ville.php?idm=15	200	text/html
20250209220310	https://promouvoircompetences.com/gn/activite-ville.php?idm=17	200	text/html
20250209211200	https://promouvoircompetences.com/gn/activite-ville.php?idm=18	200	text/html
20250209201043	https://promouvoircompetences.com/gn/activite-ville.php?idm=19	200	text/html
20250209210138	https://promouvoircompetences.com/gn/activite-ville.php?idm=2	200	text/html
20250209212039	https://promouvoircompetences.com/gn/activite-ville.php?idm=20	200	text/html
20250209202935	https://promouvoircompetences.com/gn/activite-ville.php?idm=21	200	text/html
20250209214132	https://promouvoircompetences.com/gn/activite-ville.php?idm=22	200	text/html
20250209204706	https://promouvoircompetences.com/gn/activite-ville.php?idm=23	200	text/html
20250209220033	https://promouvoircompetences.com/gn/activite-ville.php?idm=24	200	text/html
20250209211119	https://promouvoircompetences.com/gn/activite-ville.php?idm=25	200	text/html
20250209200835	https://promouvoircompetences.com/gn/activite-ville.php?idm=26	200	text/html
20250209213149	https://promouvoircompetences.com/gn/activite-ville.php?idm=27	200	text/html
20250209203931	https://promouvoircompetences.com/gn/activite-ville.php?idm=28	200	text/html
20250209214753	https://promouvoircompetences.com/gn/activite-ville.php?idm=29	200	text/html
20250209202716	https://promouvoircompetences.com/gn/activite-ville.php?idm=3	200	text/html
20250209204616	https://promouvoircompetences.com/gn/activite-ville.php?idm=30	200	text/html
20250209215915	https://promouvoircompetences.com/gn/activite-ville.php?idm=31	200	text/html
20250209210834	https://promouvoircompetences.com/gn/activite-ville.php?idm=32	200	text/html
20250209200721	https://promouvoircompetences.com/gn/activite-ville.php?idm=33	200	text/html
20250209212355	https://promouvoircompetences.com/gn/activite-ville.php?idm=5	200	text/html
20250209204900	https://promouvoircompetences.com/gn/activite-ville.php?idm=6	200	text/html
20250209214714	https://promouvoircompetences.com/gn/activite-ville.php?idm=8	200	text/html
20250209211434	https://promouvoircompetences.com/gn/activite-ville.php?idm=9	200	text/html
20250210092321	https://promouvoircompetences.com/gn/activite-ville.php?idv=4618-ou-se-soigner-a-conakry&lettre=T&l=fr	200	text/html
20250212072404	https://promouvoircompetences.com/gn/activite-ville.php?idv=4618-ou-se-soigner-a-conakry&lettre=U&l=fr	200	text/html
20250209220110	https://promouvoircompetences.com/gn/activite-ville.php?l=fr	200	text/html
20250615205720	https://promouvoircompetences.com/gn/ajouterEntreprise.html	200	text/html
20250114202142	https://promouvoircompetences.com/gn/ambassades.php	200	text/html
20250117004938	https://promouvoircompetences.com/gn/annuaires.php?l=fr	200	text/html
20250114200157	https://promouvoircompetences.com/gn/avis.php?l=fr	200	text/html
20250114195254	https://promouvoircompetences.com/gn/bourses.php?id=fr	200	text/html
20250114193845	https://promouvoircompetences.com/gn/concours.php?id=fr	200	text/html
20250215235923	https://promouvoircompetences.com/gn/concours.php?l=fr	200	text/html
20250114195551	https://promouvoircompetences.com/gn/conditions.php?id=3-politique-confidentialite-fr	200	text/html
20250114201508	https://promouvoircompetences.com/gn/contact.php	200	text/html
20250114204851	https://promouvoircompetences.com/gn/contact.php?l=fr	200	text/html
20250215230208	https://promouvoircompetences.com/gn/correcteur.php	200	text/html
20250216001417	https://promouvoircompetences.com/gn/corrections.php?l=fr	200	text/html
20250114202546	https://promouvoircompetences.com/gn/cours.php?l=fr	200	text/html
20250617174344	https://promouvoircompetences.com/gn/cu.php	200	text/html
20250112201401	https://promouvoircompetences.com/gn/departement.php?id=786-conakry	200	text/html
20250114194622	https://promouvoircompetences.com/gn/departement.php?id=786-conakry&l=fr	200	text/html
20250114203349	https://promouvoircompetences.com/gn/departements.php	200	text/html
20250114205546	https://promouvoircompetences.com/gn/devenir-correcteur.php?l=fr	200	text/html
20231211000720	https://promouvoircompetences.com/gn/emploi.php?id=2249-gestionnaire-de-donnees-de-letude-rougeole	200	text/html
20240225185942	https://promouvoircompetences.com/gn/emploi.php?id=2254-responsable-commercial	200	text/html
20240225190849	https://promouvoircompetences.com/gn/emploi.php?id=2255-intervention-officer-sensibilisation	200	text/html
20240225174330	https://promouvoircompetences.com/gn/emploi.php?id=2257-prestataire-en-sante-maternelle-neonatale-et-infantile-smni	200	text/html
20240225192116	https://promouvoircompetences.com/gn/emploi.php?id=2258-coordinateur-administration-assistant-administration-et-moyens-generaux-coordinateur-administration-et-logistique-piia-assistant-logistique-et-chef-de-parc	200	text/html
20240225173824	https://promouvoircompetences.com/gn/emploi.php?id=2259-auditeur-trice-interne-pour-le-projet-dtfa-wardip	200	text/html
20240225191013	https://promouvoircompetences.com/gn/emploi.php?id=2260-specialiste-local-e-des-services-financiers-numeriques-pour-le-projet-dtfa-wardip	200	text/html
20240225190548	https://promouvoircompetences.com/gn/emploi.php?id=2261-plusieurs-poste-a-pourvoir	200	text/html
20240617072815	https://promouvoircompetences.com/gn/emploi.php?id=2262-controleur-financier-deputy-chief-of-party-program-specialiste-communication-specialiste-vih-controleur-interne	200	text/html
20240617071831	https://promouvoircompetences.com/gn/emploi.php?id=2264-assistant-e-projet-potenti-elles	200	text/html
20240507141946	https://promouvoircompetences.com/gn/emploi.php?id=2266-charge-de-support-administration-des-ventes	200	text/html
20240519144746	https://promouvoircompetences.com/gn/emploi.php?id=2267-professionnel-junior-en-communication	200	text/html
20240507142023	https://promouvoircompetences.com/gn/emplois.php	200	text/html
20250114193116	https://promouvoircompetences.com/gn/emplois.php?l=fr	200	text/html
20240225190202	https://promouvoircompetences.com/gn/entreprise.php?id=13051-rio-tinto-simfer-conakry	200	text/html
20250114194041	https://promouvoircompetences.com/gn/entreprise.php?id=13051-rio-tinto-simfer-conakry-fr	200	text/html
20250112195534	https://promouvoircompetences.com/gn/entreprise.php?id=13052-unfpa-fonds-des-nations-unies-pour-la-population-conakry-fr	200	text/html
20250112194941	https://promouvoircompetences.com/gn/entreprise.php?id=13053-tiast-group-conakry-fr	200	text/html
20250114204100	https://promouvoircompetences.com/gn/entreprise.php?id=13055-anies-agence-nationale-d-inclusion-economique-et-sociale-fr	200	text/html
20250114183854	https://promouvoircompetences.com/gn/entreprise.php?id=13057-sante-integre-conakry-fr	200	text/html
20231210235539	https://promouvoircompetences.com/gn/entreprise.php?id=13059-pregui-programme-de-recherche-guinee	200	text/html
20240225183645	https://promouvoircompetences.com/gn/entreprise.php?id=13060-gt-west-africa-conakry	200	text/html
20250114200846	https://promouvoircompetences.com/gn/entreprise.php?id=13060-gt-west-africa-conakry-fr	200	text/html
20240225190930	https://promouvoircompetences.com/gn/entreprise.php?id=13061-enabel-guinee-conakry	200	text/html
20240225194049	https://promouvoircompetences.com/gn/entreprise.php?id=13062-rti-international-conakry	200	text/html
20250114190228	https://promouvoircompetences.com/gn/entreprise.php?id=13062-rti-international-conakry-fr	200	text/html
20240225193601	https://promouvoircompetences.com/gn/entreprise.php?id=13063-plan-international-guinee-conakry	200	text/html
20250114193240	https://promouvoircompetences.com/gn/entreprise.php?id=13063-plan-international-guinee-conakry-fr	200	text/html
20240225184501	https://promouvoircompetences.com/gn/entreprise.php?id=13064-ministere-des-postes-des-telecommunications-et-de-leconomie-numerique-guinee	200	text/html
20250114204435	https://promouvoircompetences.com/gn/entreprise.php?id=13064-ministere-des-postes-des-telecommunications-et-de-leconomie-numerique-guinee-fr	200	text/html
20240617072039	https://promouvoircompetences.com/gn/entreprise.php?id=13065-plan-guinee	200	text/html
20250114195823	https://promouvoircompetences.com/gn/entreprise.php?id=13065-plan-guinee-fr	200	text/html
20240617074532	https://promouvoircompetences.com/gn/entreprise.php?id=13066-apip-agence-de-promotion-des-investissements-prives-guinee	200	text/html
20250112214653	https://promouvoircompetences.com/gn/entreprise.php?id=13066-apip-agence-de-promotion-des-investissements-prives-guinee-fr	200	text/html
20240519134834	https://promouvoircompetences.com/gn/entreprise.php?id=13067-deally-gn-sas	200	text/html
20240519133017	https://promouvoircompetences.com/gn/entreprise.php?id=13068-ifdc-conakry	200	text/html
20250114200935	https://promouvoircompetences.com/gn/entreprise.php?id=13068-ifdc-conakry-fr	200	text/html
20250112203954	https://promouvoircompetences.com/gn/entreprises.php	200	text/html
20250213024550	https://promouvoircompetences.com/gn/entreprises.php?lettre=C&l=fr	200	text/html
20250213034334	https://promouvoircompetences.com/gn/entreprises.php?lettre=E&l=fr	200	text/html
20250213023435	https://promouvoircompetences.com/gn/entreprises.php?lettre=R&l=fr	200	text/html
20250213222552	https://promouvoircompetences.com/gn/entreprises.php?lettre=U&l=fr	200	text/html
20250219134904	https://promouvoircompetences.com/gn/entreprisesparactivite.php?id=1-agriculture-fr	200	text/html
20250219142605	https://promouvoircompetences.com/gn/entreprisesparactivite.php?id=10-arts-artisanat-culture-fr	200	text/html
20250219161530	https://promouvoircompetences.com/gn/entreprisesparactivite.php?id=12-administration-public-parapublic-fr	200	text/html
20250219155533	https://promouvoircompetences.com/gn/entreprisesparactivite.php?id=13-immobilier-fr	200	text/html
20250219143008	https://promouvoircompetences.com/gn/entreprisesparactivite.php?id=14-btp-construction-fr	200	text/html
20250219153338	https://promouvoircompetences.com/gn/entreprisesparactivite.php?id=15-securite-gardiennage-fr	200	text/html
20250219152613	https://promouvoircompetences.com/gn/entreprisesparactivite.php?id=16-quincaillerie-fr	200	text/html
20250219151650	https://promouvoircompetences.com/gn/entreprisesparactivite.php?id=19-tic-fr	200	text/html
20250219155053	https://promouvoircompetences.com/gn/entreprisesparactivite.php?id=20-sante-pharmacie-fr	200	text/html
20250219160308	https://promouvoircompetences.com/gn/entreprisesparactivite.php?id=21-recherche-fr	200	text/html
20250219143526	https://promouvoircompetences.com/gn/entreprisesparactivite.php?id=23-design-fr	200	text/html
20250219160506	https://promouvoircompetences.com/gn/entreprisesparactivite.php?id=24-cosmetique-fr	200	text/html
20250219150717	https://promouvoircompetences.com/gn/entreprisesparactivite.php?id=25-industrie-de-l-habillement-fr	200	text/html
20250219154136	https://promouvoircompetences.com/gn/entreprisesparactivite.php?id=26-coiffure-fr	200	text/html
20250219141500	https://promouvoircompetences.com/gn/entreprisesparactivite.php?id=29-hebergement-restauration-hotellerie-fr	200	text/html
20250219143053	https://promouvoircompetences.com/gn/entreprisesparactivite.php?id=3-creation-graphique-fr	200	text/html
20250219153537	https://promouvoircompetences.com/gn/entreprisesparactivite.php?id=31-universites-fr	200	text/html
20250219161114	https://promouvoircompetences.com/gn/entreprisesparactivite.php?id=32-grandes-ecoles-instituts-fr	200	text/html
20250219144444	https://promouvoircompetences.com/gn/entreprisesparactivite.php?id=33-tourisme-loisirs-fr	200	text/html
20250219153900	https://promouvoircompetences.com/gn/entreprisesparactivite.php?id=34-transport-logistique-services-postaux-fr	200	text/html
20250219150850	https://promouvoircompetences.com/gn/entreprisesparactivite.php?id=35-hygiene-et-salubrite-fr	200	text/html
20250219161038	https://promouvoircompetences.com/gn/entreprisesparactivite.php?id=36-import-export-fr	200	text/html
20250219161743	https://promouvoircompetences.com/gn/entreprisesparactivite.php?id=37-evenementiel-accueil-hotesses-fr	200	text/html
20250219155610	https://promouvoircompetences.com/gn/entreprisesparactivite.php?id=38-automobile-fr	200	text/html
20250219152858	https://promouvoircompetences.com/gn/entreprisesparactivite.php?id=39-justice-droit-fr	200	text/html
20250219160059	https://promouvoircompetences.com/gn/entreprisesparactivite.php?id=40-spiritualite-religion-fr	200	text/html
20250620202742	https://promouvoircompetences.com/gn/entreprisesparactivite.php?id=41-energie-fr	200	text/html
20250219160428	https://promouvoircompetences.com/gn/entreprisesparactivite.php?id=43-ressources-humaines-fr	200	text/html
20250219151855	https://promouvoircompetences.com/gn/entreprisesparactivite.php?id=44-audiovisuel-fr	200	text/html
20250219152023	https://promouvoircompetences.com/gn/entreprisesparactivite.php?id=45-marketing-fr	200	text/html
20250219151022	https://promouvoircompetences.com/gn/entreprisesparactivite.php?id=46-mecanique-fr	200	text/html
20250219143812	https://promouvoircompetences.com/gn/entreprisesparactivite.php?id=47-traduction-interpretation-fr	200	text/html
20250219154413	https://promouvoircompetences.com/gn/entreprisesparactivite.php?id=48-communication-fr	200	text/html
20250219150143	https://promouvoircompetences.com/gn/entreprisesparactivite.php?id=49-diplomatie-fr	200	text/html
20250219154450	https://promouvoircompetences.com/gn/entreprisesparactivite.php?id=5-environnement-fr	200	text/html
20250219145248	https://promouvoircompetences.com/gn/entreprisesparactivite.php?id=50-e-commerce-fr	200	text/html
20250219161701	https://promouvoircompetences.com/gn/entreprisesparactivite.php?id=51-solutions-de-paiements-fr	200	text/html
20250714060456	https://promouvoircompetences.com/gn/entreprisesparactivite.php?id=52-industries-brassicoles-fr	200	text/html
20250219160016	https://promouvoircompetences.com/gn/entreprisesparactivite.php?id=53-froid-et-climatisation-fr	200	text/html
20250219154215	https://promouvoircompetences.com/gn/entreprisesparactivite.php?id=54-fiscalite-fr	200	text/html
20250219155810	https://promouvoircompetences.com/gn/entreprisesparactivite.php?id=55-sport-fr	200	text/html
20250219155010	https://promouvoircompetences.com/gn/entreprisesparactivite.php?id=57-forces-de-defense-fr	200	text/html
20250219155854	https://promouvoircompetences.com/gn/entreprisesparactivite.php?id=6-banques-finances-assurances-fr	200	text/html
20250219140610	https://promouvoircompetences.com/gn/entreprisesparactivite.php?id=7-commerce-general-fr	200	text/html
20250219152938	https://promouvoircompetences.com/gn/entreprisesparactivite.php?id=8-hebergement-web-fr	200	text/html
20250219143648	https://promouvoircompetences.com/gn/entreprisesparactivite.php?id=9-imprimerie-edition-fr	200	text/html
20250114195859	https://promouvoircompetences.com/gn/entreprisesparville.php?id=4618	200	text/html
20250213030903	https://promouvoircompetences.com/gn/entreprisesparville.php?id=4618-conakry-fr	200	text/html
20250213220316	https://promouvoircompetences.com/gn/entreprisesparville.php?id=77772-kaloum-fr	200	text/html
20250114200329	https://promouvoircompetences.com/gn/epreuves.php?id=fr	200	text/html
20250216000121	https://promouvoircompetences.com/gn/epreuves.php?ide=12-epreuves-probatoire-technique	200	text/html
20250216000200	https://promouvoircompetences.com/gn/epreuves.php?ide=14-epreuves-diplome-de-qualification-professionnelle-dqp	200	text/html
20250215232616	https://promouvoircompetences.com/gn/epreuves.php?ide=17-epreuves-probatoire-de-brevet-de-technicien	200	text/html
20250215232856	https://promouvoircompetences.com/gn/epreuves.php?ide=18-epreuves-brevet-de-technicien-stt	200	text/html
20250215232655	https://promouvoircompetences.com/gn/epreuves.php?ide=3-epreuves-gce-ol-general-certificate-of-education-ordinary-level-general	200	text/html
20250215221539	https://promouvoircompetences.com/gn/epreuves.php?ide=4-epreuves-gce-al-general-certificate-of-education-advanced-level-general	200	text/html
20250215234441	https://promouvoircompetences.com/gn/epreuves.php?ide=5-epreuves-baccalaureat-general	200	text/html
20250216000953	https://promouvoircompetences.com/gn/epreuves.php?ide=7-epreuves-probatoire-general	200	text/html
20250215220422	https://promouvoircompetences.com/gn/epreuves.php?ide=8-epreuves-bepc	200	text/html
20250215231030	https://promouvoircompetences.com/gn/epreuves.php?idm=12-epreuves-ecm-education-civique-et-morale	200	text/html
20250216001533	https://promouvoircompetences.com/gn/epreuves.php?idm=121-epreuves-mathematiques-financieres	200	text/html
20250216001454	https://promouvoircompetences.com/gn/epreuves.php?idm=122-epreuves-mecanique-appliquee	200	text/html
20250215222627	https://promouvoircompetences.com/gn/epreuves.php?idm=123-epreuves-essais-mesures	200	text/html
20250215223354	https://promouvoircompetences.com/gn/epreuves.php?idm=124-epreuves-communication-ecrite	200	text/html
20250215234402	https://promouvoircompetences.com/gn/epreuves.php?idm=126-epreuves-histoire-geographie	200	text/html
20250215231624	https://promouvoircompetences.com/gn/epreuves.php?idm=14-epreuves-litterature	200	text/html
20250215234833	https://promouvoircompetences.com/gn/epreuves.php?idm=15-epreuves-orthographe	200	text/html
20250215232116	https://promouvoircompetences.com/gn/epreuves.php?idm=18-epreuves-etude-de-texte	200	text/html
20250215223523	https://promouvoircompetences.com/gn/epreuves.php?idm=19-epreuves-arabe	200	text/html
20250215223310	https://promouvoircompetences.com/gn/epreuves.php?idm=2-epreuves-philosophie	200	text/html
20250215230941	https://promouvoircompetences.com/gn/epreuves.php?idm=24-epreuves-economie-d-entreprise	200	text/html
20250215225845	https://promouvoircompetences.com/gn/epreuves.php?idm=25-epreuves-esf-economie-sociale-et-familiale	200	text/html
20250215223608	https://promouvoircompetences.com/gn/epreuves.php?idm=26-epreuves-education-artistique-et-decorative	200	text/html
20250215235257	https://promouvoircompetences.com/gn/epreuves.php?idm=28-epreuves-linguistique	200	text/html
20250216001224	https://promouvoircompetences.com/gn/epreuves.php?idm=3-epreuves-svt-sciences-de-la-vie-et-de-la-terre	200	text/html
20250215223652	https://promouvoircompetences.com/gn/epreuves.php?idm=30-epreuves-sciences-physiques	200	text/html
20250215224117	https://promouvoircompetences.com/gn/epreuves.php?idm=35-epreuves-sciences-des-equipements-et-du-logement	200	text/html
20250215223051	https://promouvoircompetences.com/gn/epreuves.php?idm=37-epreuves-vie-sociale	200	text/html
20250215232244	https://promouvoircompetences.com/gn/epreuves.php?idm=39-epreuves-dessin-technique	200	text/html
20250215221819	https://promouvoircompetences.com/gn/epreuves.php?idm=41-epreuves-schema-electrique	200	text/html
20250216001303	https://promouvoircompetences.com/gn/epreuves.php?idm=42-epreuves-technologie	200	text/html
20250215223820	https://promouvoircompetences.com/gn/epreuves.php?idm=43-epreuves-epreuve-professionnelle-de-synthese-eps	200	text/html
20250215233209	https://promouvoircompetences.com/gn/epreuves.php?idm=46-epreuves-travaux-comptables-de-fin-d-exercice	200	text/html
20250215232936	https://promouvoircompetences.com/gn/epreuves.php?idm=49-epreuves-realisation-de-l-oeuvre	200	text/html
20250215220906	https://promouvoircompetences.com/gn/epreuves.php?idm=51-epreuves-organisation-du-travail-administratif	200	text/html
20250216001821	https://promouvoircompetences.com/gn/epreuves.php?idm=54-epreuves-legislation-du-travail	200	text/html
20250215231707	https://promouvoircompetences.com/gn/epreuves.php?idm=55-epreuves-hygiene	200	text/html
20250215231908	https://promouvoircompetences.com/gn/epreuves.php?idm=57-epreuves-geometrie-descriptive	200	text/html
20250215233132	https://promouvoircompetences.com/gn/epreuves.php?idm=59-epreuves-commerce	200	text/html
20250216001107	https://promouvoircompetences.com/gn/epreuves.php?idm=6-epreuves-geographie	200	text/html
20250216001856	https://promouvoircompetences.com/gn/epreuves.php?idm=61-epreuves-dessin-technologie	200	text/html
20250215234011	https://promouvoircompetences.com/gn/epreuves.php?idm=8-epreuves-espagnol	200	text/html
20250215233014	https://promouvoircompetences.com/gn/epreuves.php?idp=11-epreuves-togo	200	text/html
20250215230813	https://promouvoircompetences.com/gn/epreuves.php?idp=6-epreuves-benin	200	text/html
20250216001803	https://promouvoircompetences.com/gn/epreuves.php?idp=8-epreuves-congo	200	text/html
20250215233444	https://promouvoircompetences.com/gn/epreuves.php?idp=9-epreuves-cote-d-ivoire	200	text/html
20250620194537	https://promouvoircompetences.com/gn/ethnies.php?l=fr	200	text/html
20250114204643	https://promouvoircompetences.com/gn/exposition.php?l=fr	200	text/html
20250209211634	https://promouvoircompetences.com/gn/familles-langues.php?l=fr	200	text/html
20250114190508	https://promouvoircompetences.com/gn/formalites.php	200	text/html
20250114192421	https://promouvoircompetences.com/gn/gastronomie.php	200	text/html
20250114185906	https://promouvoircompetences.com/gn/gastronomie.php?l=fr	200	text/html
20201128191447	https://promouvoircompetences.com/gn/guinee.php	200	text/html
20230711183229	https://promouvoircompetences.com/gn/langues.php?l=fr	200	text/html
20250114201158	https://promouvoircompetences.com/gn/libre-parole.php?l=fr	200	text/html
20250114190915	https://promouvoircompetences.com/gn/login.php	200	text/html
20250114200628	https://promouvoircompetences.com/gn/metiers.php?l=fr	200	text/html
20250114182539	https://promouvoircompetences.com/gn/proposercours.php?l=fr	200	text/html
20250114185125	https://promouvoircompetences.com/gn/question.php?id=354-avez-vous-les-listes-des-candidats-admis-au-concours-d-entree-en-1ere-annee-de-l-iut-de-douala	200	text/html
20250114200316	https://promouvoircompetences.com/gn/question.php?id=355-a-quand-les-resultats-du-cap-et-bt-2024-au-mali	200	text/html
20250114190330	https://promouvoircompetences.com/gn/question.php?id=356-ou-consulter-les-resultats-du-concours-d-entree-en-6e-2024-au-senegal	200	text/html
20250114183403	https://promouvoircompetences.com/gn/question.php?id=357-ou-consulter-les-resultats-du-concours-d-entree-en-1re-annee-de-l-enastic-2024-au-tchad	200	text/html
20250114204931	https://promouvoircompetences.com/gn/question.php?id=358-ou-avoir-les-resultats-des-concours-d-entree-aux-enieg-et-eniet-au-cameroun	200	text/html
20250114192130	https://promouvoircompetences.com/gn/question.php?id=359-quel-est-le-calendrier-de-l-annee-scolaire-2024-2025-au-mali	200	text/html
20250114191222	https://promouvoircompetences.com/gn/question.php?id=360-quelles-est-la-situation-des-inondations-au-mali-et-de-l-assistance-aux-sinistres	200	text/html
20250114194655	https://promouvoircompetences.com/gn/question.php?id=361-quelles-sont-les-etapes-d-inscriptions-au-bepc-et-au-baccalaureat-2025-en-cote-d-ivoire	200	text/html
20250114194004	https://promouvoircompetences.com/gn/question.php?id=362-comment-verifier-son-orientation-2024-def-au-mali	200	text/html
20250114195018	https://promouvoircompetences.com/gn/question.php?id=363-vrai-ou-faux-que-le-president-paul-biya-distribue-de-l-argent-aux-camerounais-pour-noel	200	text/html
20250114202411	https://promouvoircompetences.com/gn/region.php?id=251-conakry	200	text/html
20250620195051	https://promouvoircompetences.com/gn/region.php?id=251-conakry&l=fr	200	text/html
20250114204141	https://promouvoircompetences.com/gn/region.php?id=253-kindia&l=fr	200	text/html
20250114190741	https://promouvoircompetences.com/gn/region.php?id=254-mamou&l=fr	200	text/html
20250114205423	https://promouvoircompetences.com/gn/region.php?id=255-faranah&l=fr	200	text/html
20250114201635	https://promouvoircompetences.com/gn/region.php?id=256-kankan&l=fr	200	text/html
20250114205140	https://promouvoircompetences.com/gn/region.php?id=257-labe&l=fr	200	text/html
20250114191701	https://promouvoircompetences.com/gn/region.php?id=258-nzerekore&l=fr	200	text/html
20250114203723	https://promouvoircompetences.com/gn/regions.php?l=fr	200	text/html
20220821133737	https://promouvoircompetences.com/gn/result.php?id=27835-resultats-du-bepc-2022-en-guinee-conakry	200	text/html
20220821133831	https://promouvoircompetences.com/gn/resultats-examens.php	200	text/html
20250114192514	https://promouvoircompetences.com/gn/resultats-examens.php?l=fr	200	text/html
20250114185028	https://promouvoircompetences.com/gn/rubrique.php?id=5-offres-d-emplois	200	text/html
20250114203510	https://promouvoircompetences.com/gn/rubrique.php?id=7-resultats-examens-et-concours	200	text/html
20250114204729	https://promouvoircompetences.com/gn/sites-touristiques.php?l=fr	200	text/html
20250114185639	https://promouvoircompetences.com/gn/symboles.php?id=1-devise-nationale-guinee	200	text/html
20250114202848	https://promouvoircompetences.com/gn/symboles.php?id=2-hymne-national-guinee	200	text/html
20250114185312	https://promouvoircompetences.com/gn/symboles.php?id=4-armoiries-guinee	200	text/html
20250114183622	https://promouvoircompetences.com/gn/symboles.php?id=5-gouvernement-guinee	200	text/html
20250114191444	https://promouvoircompetences.com/gn/symboles.php?id=6-assemblee-nationale-guinee	200	text/html
20250114193200	https://promouvoircompetences.com/gn/symboles.php?id=7-presidents-guinee	200	text/html
20250114192339	https://promouvoircompetences.com/gn/tge.php?l=fr	200	text/html
20250219154806	https://promouvoircompetences.com/gn/touteslesentreprisesparville.php?l=fr	200	text/html
20250114194427	https://promouvoircompetences.com/gn/tribus.php?l=fr	200	text/html
20250114191919	https://promouvoircompetences.com/gn/ville.php?id=4617-sansando	200	text/html
20231210231139	https://promouvoircompetences.com/gn/ville.php?id=4618-conakry	200	text/html
20250114210103	https://promouvoircompetences.com/gn/ville.php?id=77665-tountourou	200	text/html
20250112214051	https://promouvoircompetences.com/gn/ville.php?id=77771-dixinn	200	text/html
20250114193805	https://promouvoircompetences.com/gn/ville.php?id=77772-kaloum	200	text/html
20250114203020	https://promouvoircompetences.com/gn/ville.php?id=77773-matam	200	text/html
20250112210323	https://promouvoircompetences.com/gn/ville.php?id=77774-ratoma	200	text/html
20250114185550	https://promouvoircompetences.com/gn/ville.php?id=77775-matoto	200	text/html
20250617163214	https://promouvoircompetences.com/gn/?l=es	200	text/html
20250114202933	https://promouvoircompetences.com/gn/?l=fr	200	text/html
20200930222830	https://promouvoircompetences.com/gq/	200	text/html
20250114035849	https://promouvoircompetences.com/gq/activite-ville.php?ida=11&l=fr	200	text/html
20250219150630	https://promouvoircompetences.com/gq/activite-ville.php?ida=12&l=fr	200	text/html
20250114031553	https://promouvoircompetences.com/gq/activite-ville.php?ida=14&l=fr	200	text/html
20250114021741	https://promouvoircompetences.com/gq/activite-ville.php?ida=15&l=fr	200	text/html
20250120021357	https://promouvoircompetences.com/gq/activite-ville.php?ida=17&l=fr	200	text/html
20250216021942	https://promouvoircompetences.com/gq/activite-ville.php?ida=19&l=fr	200	text/html
20250216015550	https://promouvoircompetences.com/gq/activite-ville.php?ida=24&l=fr	200	text/html
20250218095016	https://promouvoircompetences.com/gq/activite-ville.php?ida=26&l=fr	200	text/html
20250114024041	https://promouvoircompetences.com/gq/activite-ville.php?ida=6&l=fr	200	text/html
20250209204335	https://promouvoircompetences.com/gq/activite-ville.php?l=fr	200	text/html
20250615213806	https://promouvoircompetences.com/gq/formalites.php?l=fr	200	text/html
20250714060352	https://promouvoircompetences.com/gq/gastronomie.php?l=fr	200	text/html
20201127141212	https://promouvoircompetences.com/gq/guinee-equatorial.php	200	text/html
20230711184731	https://promouvoircompetences.com/gq/langues.php?l=fr	200	text/html
20250117004052	https://promouvoircompetences.com/groupe-ethnique.php?id=18-groupe-beti	200	text/html
20250117021309	https://promouvoircompetences.com/groupe-ethnique.php?id=22-groupe-fang	200	text/html
20250117002843	https://promouvoircompetences.com/groupe-ethnique.php?id=23-groupe-bantou	200	text/html
20250623212105	https://promouvoircompetences.com/groupes-ethniques.html	200	text/html
20210301122535	https://promouvoircompetences.com/groupes-ethniques.php	200	text/html
20210301140059	https://promouvoircompetences.com/groupes-ethniques.php?l=fr	200	text/html
20200929134858	https://promouvoircompetences.com/gw/	200	text/html
20250114031358	https://promouvoircompetences.com/gw/activite-ville.php?ida=11&l=fr	200	text/html
20250219142231	https://promouvoircompetences.com/gw/activite-ville.php?ida=12&l=fr	200	text/html
20250114191836	https://promouvoircompetences.com/gw/activite-ville.php?ida=14&l=fr	200	text/html
20250114040346	https://promouvoircompetences.com/gw/activite-ville.php?ida=15&l=fr	200	text/html
20250114015937	https://promouvoircompetences.com/gw/activite-ville.php?ida=17&l=fr	200	text/html
20250617162947	https://promouvoircompetences.com/gw/activite-ville.php?ida=19&l=fr	200	text/html
20250210091433	https://promouvoircompetences.com/gw/activite-ville.php?ida=2&l=fr	200	text/html
20250206165107	https://promouvoircompetences.com/gw/activite-ville.php?ida=20&l=fr	200	text/html
20250206151232	https://promouvoircompetences.com/gw/activite-ville.php?ida=24&l=fr	200	text/html
20250218090753	https://promouvoircompetences.com/gw/activite-ville.php?ida=26&l=fr	200	text/html
20250114020615	https://promouvoircompetences.com/gw/activite-ville.php?ida=6&l=fr	200	text/html
20250714062358	https://promouvoircompetences.com/gw/activite-ville.php?idm=1	200	text/html
20250615213328	https://promouvoircompetences.com/gw/activite-ville.php?idm=11	200	text/html
20250714063105	https://promouvoircompetences.com/gw/activite-ville.php?idm=15	200	text/html
20250209220922	https://promouvoircompetences.com/gw/activite-ville.php?l=fr	200	text/html
20250714064246	https://promouvoircompetences.com/gw/contact.php?l=fr	200	text/html
20250617174137	https://promouvoircompetences.com/gw/coutumes.php?l=fr	200	text/html
20250617173227	https://promouvoircompetences.com/gw/epreuves.php?id=fr	200	text/html
20250620190528	https://promouvoircompetences.com/gw/groupes-ethniques.php	200	text/html
20201128193058	https://promouvoircompetences.com/gw/guinee-bissau.php	200	text/html
20230711183229	https://promouvoircompetences.com/gw/langues.php?l=fr	200	text/html
20230921114948	https://promouvoircompetences.com/gw/login.php	200	text/html
20250617164251	https://promouvoircompetences.com/gw/question.php?id=360-quelles-est-la-situation-des-inondations-au-mali-et-de-l-assistance-aux-sinistres	200	text/html
20230921125509	https://promouvoircompetences.com/gw/region.php?id=217-tombali&l=fr	200	text/html
20230921131332	https://promouvoircompetences.com/gw/regions.php?l=fr	200	text/html
20250615211751	https://promouvoircompetences.com/gw/resultats-examens.php?l=fr	200	text/html
20250615212826	https://promouvoircompetences.com/gw/rubrique.php?id=4-proposer-un-cours	200	text/html
20230921122459	https://promouvoircompetences.com/gw/tribus.php?l=fr	200	text/html
20201020061132	https://promouvoircompetences.com/hebergements.php	200	text/html
20201001194613	https://promouvoircompetences.com/hebergements.php?l=fr	200	text/html
20210812121005	https://promouvoircompetences.com/images/africauto/9ff_logo.svg.png	200	image/png
20210812120418	https://promouvoircompetences.com/images/africauto/logo.jpg	200	image/jpeg
20210107081517	https://promouvoircompetences.com/images/annuaires.jpg	200	image/jpeg
20210812120456	https://promouvoircompetences.com/images/auteurs-livres/image.jpg	200	image/jpeg
20210812120245	https://promouvoircompetences.com/images/benin.jpg	200	image/jpeg
20210614084354	https://promouvoircompetences.com/images/bourses.jpg	200	image/jpeg
20211021045137	https://promouvoircompetences.com/images/bubble.png	200	image/png
20210614084331	https://promouvoircompetences.com/images/cameroun.jpg	200	image/jpeg
20211106035437	https://promouvoircompetences.com/images/carte-region-adamaoua.jpg	200	image/jpeg
20211106044344	https://promouvoircompetences.com/images/carte-region-est.jpg	200	image/jpeg
20211106044553	https://promouvoircompetences.com/images/carte-region-littoral.jpg	200	image/jpeg
20210107081515	https://promouvoircompetences.com/images/centres-formation.jpg	200	image/jpeg
20210107081522	https://promouvoircompetences.com/images/concours.jpg	200	image/jpeg
20211020130641	https://promouvoircompetences.com/images/congo.jpg	200	image/jpeg
20210107081514	https://promouvoircompetences.com/images/cours.jpg	200	image/jpeg
20210614084357	https://promouvoircompetences.com/images/cours/1582028700-styles-paragraphes-word-fr.jpg	200	image/jpeg
20210614084356	https://promouvoircompetences.com/images/cours/1582815947-icone-pdf.png	200	image/png
20210614084413	https://promouvoircompetences.com/images/cours/1585243173-apn-camtel.jpg	200	image/jpeg
20210614084332	https://promouvoircompetences.com/images/cours/1586444304-Capture%20d%E2%80%99%C3%A9cran%2009-04-2020%2011.53.46.png	200	image/png
20210107081525	https://promouvoircompetences.com/images/cours/1587543069-malwares-android.jpg	200	image/jpeg
20210614084420	https://promouvoircompetences.com/images/cours/1597580629Capture%20d%E2%80%99%C3%A9cran%2016-08-2020%2013.21.32.jpg	200	image/jpeg
20210614084427	https://promouvoircompetences.com/images/cours/1598443677-forcer-redirection-http-vers-https.jpg	200	image/jpeg
20210614084355	https://promouvoircompetences.com/images/cours/1598984848-changer-moteur-stockage-phpmyadmin.jpg	200	image/jpeg
20220119102737	https://promouvoircompetences.com/images/cours/1640373063-windows11-desactiver-applis.jpg	200	image/jpeg
20220120000525	https://promouvoircompetences.com/images/cours/1641715798-suppression-donnees-navigation-google-chrome.jpg	200	image/jpeg
20221204115521	https://promouvoircompetences.com/images/cours/1646474206-python_strings_formating.jpg	200	image/jpeg
20221204115521	https://promouvoircompetences.com/images/cours/1646474728-python_square_root.jpg	200	image/jpeg
20221204115522	https://promouvoircompetences.com/images/cours/1646475344-python_input_function.jpg	200	image/jpeg
20221204115521	https://promouvoircompetences.com/images/cours/1646476011-python_abs_function.jpg	200	image/jpeg
20220420092543	https://promouvoircompetences.com/images/cours/1646664691-python_quadratic_equation.png	200	image/png
20220420092543	https://promouvoircompetences.com/images/cours/1646665200-python_random_numbers.png	200	image/png
20220420092551	https://promouvoircompetences.com/images/cours/1646675505-cache-vs-cookies.jpg	200	image/jpeg
20220420092547	https://promouvoircompetences.com/images/cours/1647465208-horizontal_icon_bar.png	200	image/png
20220420092625	https://promouvoircompetences.com/images/cours/1647465544-dropdown_button_thumb.png	200	image/png
20220703205018	https://promouvoircompetences.com/images/cours/1653745393-page_product.png	200	image/png
20230512024407	https://promouvoircompetences.com/images/cours/1681662355-images-%C3%A9crans-divisions-formation-7.jpg	200	image/jpeg
20210812120336	https://promouvoircompetences.com/images/cours/categories/1579877828langages-programmation.jpg	200	image/jpeg
20210812115913	https://promouvoircompetences.com/images/cours/categories/1579883810creation-site-web.jpg	200	image/jpeg
20210812115914	https://promouvoircompetences.com/images/cours/categories/1579885541logiciels.jpg	200	image/jpeg
20230523202809	https://promouvoircompetences.com/images/cours/categories/1580059372microsoft-word.jpg	200	image/jpeg
20230521222907	https://promouvoircompetences.com/images/cours/categories/1580062712logo-indesign-cc.jpg	200	image/jpeg
20230512030028	https://promouvoircompetences.com/images/cours/categories/1580107222excel.jpg	200	image/jpeg
20230521222142	https://promouvoircompetences.com/images/cours/categories/1581003185windows10.jpg	200	image/jpeg
20210812115912	https://promouvoircompetences.com/images/cours/categories/1585247940trucs-astuces.jpg	200	image/jpeg
20210812120339	https://promouvoircompetences.com/images/cours/categories/1588336424primaire-cours.jpg	200	image/jpeg
20210812120742	https://promouvoircompetences.com/images/cours/categories/1588336736secondaire-cours.jpg	200	image/jpeg
20210812120226	https://promouvoircompetences.com/images/cours/categories/1588338912secondaire-technique-cours.jpg	200	image/jpeg
20210812120243	https://promouvoircompetences.com/images/cours/categories/1622308991secondaire-cours.jpg	200	image/jpeg
20210812115911	https://promouvoircompetences.com/images/cours/categories/1622309049secondaire-cours.jpg	200	image/jpeg
20230512034659	https://promouvoircompetences.com/images/cours/categories/1640372523rien.png	200	image/png
20230512030656	https://promouvoircompetences.com/images/cours/categories/1641715446rien.png	200	image/png
20230827231351	https://promouvoircompetences.com/images/coutumes/2-ceremonie-de-lecture-de-coran-a-kerebadougou-1615105354.jpg	200	image/jpeg
20230827231350	https://promouvoircompetences.com/images/coutumes/3-gnangan-fete-de-la-nouvelle-recolte-a-motiamo-1615114252.jpg	200	image/jpeg
20211101003052	https://promouvoircompetences.com/images/coutumes/4-ngondo-1615119475.jpg	200	image/jpeg
20230827231350	https://promouvoircompetences.com/images/coutumes/le-songo-fete-du-mais-a-yezimala-1615030396.jpg	200	image/jpeg
20230827231357	https://promouvoircompetences.com/images/detailspays/armoiries-ci.jpg	200	image/jpeg
20230827232856	https://promouvoircompetences.com/images/detailspays/drapeau-ci.jpg	200	image/jpeg
20230827232847	https://promouvoircompetences.com/images/detailspays/logo-ministere-interieur-cote-ivoire.jpg	200	image/jpeg
20210107081515	https://promouvoircompetences.com/images/emplois.jpg	200	image/jpeg
20210614084336	https://promouvoircompetences.com/images/epreuves.jpg	200	image/jpeg
20260816062908	https://promouvoircompetences.com/images/galerie/clans-tribus.webp	200	image/webp
20250701185744	https://promouvoircompetences.com/images/galerie/ecoles.svg	200	image/svg+xml
20260816062908	https://promouvoircompetences.com/images/galerie/ecoles.webp	200	image/webp
20250701204013	https://promouvoircompetences.com/images/galerie/emplois.svg	200	image/svg+xml
20250701184850	https://promouvoircompetences.com/images/galerie/entreprises.svg	200	image/svg+xml
20250602161721	https://promouvoircompetences.com/images/galerie/image.svg	200	image/svg+xml
20260816062908	https://promouvoircompetences.com/images/galerie/metiers.webp	200	image/webp
20260816062908	https://promouvoircompetences.com/images/galerie/us-coutumes.svg	200	image/svg+xml
20210812120429	https://promouvoircompetences.com/images/icones/	200	text/html
20210107081452	https://promouvoircompetences.com/images/icones/aide.png	200	image/png
20210107081512	https://promouvoircompetences.com/images/icones/annuaires.png	200	image/png
20210107081452	https://promouvoircompetences.com/images/icones/auto.png	200	image/png
20210812120606	https://promouvoircompetences.com/images/icones/boutiques.png	200	image/png
20210107081600	https://promouvoircompetences.com/images/icones/cameroun.png	200	image/png
20210107081452	https://promouvoircompetences.com/images/icones/contact.png	200	image/png
20210107081507	https://promouvoircompetences.com/images/icones/cours.png	200	image/png
20210614084403	https://promouvoircompetences.com/images/icones/drapeau-afrique-du-sud.png	200	image/png
20210614084333	https://promouvoircompetences.com/images/icones/drapeau-algerie.png	200	image/png
20210107081537	https://promouvoircompetences.com/images/icones/drapeau-angola.png	200	image/png
20210614084341	https://promouvoircompetences.com/images/icones/drapeau-benin.png	200	image/png
20210614084401	https://promouvoircompetences.com/images/icones/drapeau-botswana.png	200	image/png
20210614084352	https://promouvoircompetences.com/images/icones/drapeau-burkina.png	200	image/png
20210107081530	https://promouvoircompetences.com/images/icones/drapeau-burundi.png	200	image/png
20210614084402	https://promouvoircompetences.com/images/icones/drapeau-capvert.png	200	image/png
20210107081530	https://promouvoircompetences.com/images/icones/drapeau-ci.png	200	image/png
20210614084357	https://promouvoircompetences.com/images/icones/drapeau-comores.png	200	image/png
20210614084446	https://promouvoircompetences.com/images/icones/drapeau-congo.png	200	image/png
20210614084327	https://promouvoircompetences.com/images/icones/drapeau-djibouti.png	200	image/png
20210107081531	https://promouvoircompetences.com/images/icones/drapeau-egypte.png	200	image/png
20210107081533	https://promouvoircompetences.com/images/icones/drapeau-erythree.png	200	image/png
20210107081533	https://promouvoircompetences.com/images/icones/drapeau-eswatini.png	200	image/png
20210107081532	https://promouvoircompetences.com/images/icones/drapeau-ethiopie.png	200	image/png
20210107081533	https://promouvoircompetences.com/images/icones/drapeau-gabon.png	200	image/png
20210107081535	https://promouvoircompetences.com/images/icones/drapeau-gambie.png	200	image/png
20210614084335	https://promouvoircompetences.com/images/icones/drapeau-ge.png	200	image/png
20210107081535	https://promouvoircompetences.com/images/icones/drapeau-ghana.png	200	image/png
20210107081537	https://promouvoircompetences.com/images/icones/drapeau-guinee-bisau.png	200	image/png
20210614084444	https://promouvoircompetences.com/images/icones/drapeau-guinee.png	200	image/png
20210614084326	https://promouvoircompetences.com/images/icones/drapeau-kenya.png	200	image/png
20210614084349	https://promouvoircompetences.com/images/icones/drapeau-lesotho.png	200	image/png
20210614084338	https://promouvoircompetences.com/images/icones/drapeau-liberia.png	200	image/png
20210614084402	https://promouvoircompetences.com/images/icones/drapeau-libye.png	200	image/png
20210107081508	https://promouvoircompetences.com/images/icones/drapeau-madagascar.png	200	image/png
20210614084332	https://promouvoircompetences.com/images/icones/drapeau-malawi.png	200	image/png
20210614084350	https://promouvoircompetences.com/images/icones/drapeau-mali.png	200	image/png
20210614084345	https://promouvoircompetences.com/images/icones/drapeau-maroc.png	200	image/png
20210614084349	https://promouvoircompetences.com/images/icones/drapeau-maurice.png	200	image/png
20210614084422	https://promouvoircompetences.com/images/icones/drapeau-mauritanie.png	200	image/png
20210614084347	https://promouvoircompetences.com/images/icones/drapeau-mozambique.png	200	image/png
20210614084329	https://promouvoircompetences.com/images/icones/drapeau-namibie.png	200	image/png
20210614084352	https://promouvoircompetences.com/images/icones/drapeau-niger.png	200	image/png
20210614084339	https://promouvoircompetences.com/images/icones/drapeau-nigeria.png	200	image/png
20210614084404	https://promouvoircompetences.com/images/icones/drapeau-ouganda.png	200	image/png
20210614084336	https://promouvoircompetences.com/images/icones/drapeau-rca.png	200	image/png
20210614084354	https://promouvoircompetences.com/images/icones/drapeau-rdc.png	200	image/png
20210614084329	https://promouvoircompetences.com/images/icones/drapeau-rwanda.png	200	image/png
20210614084415	https://promouvoircompetences.com/images/icones/drapeau-sao-tome-et-principe.png	200	image/png
20210614084344	https://promouvoircompetences.com/images/icones/drapeau-senegal.png	200	image/png
20210614084350	https://promouvoircompetences.com/images/icones/drapeau-seychelles.png	200	image/png
20210614084423	https://promouvoircompetences.com/images/icones/drapeau-sierra-leone.png	200	image/png
20210614084333	https://promouvoircompetences.com/images/icones/drapeau-somalie.png	200	image/png
20210107081509	https://promouvoircompetences.com/images/icones/drapeau-soudan-du-sud.png	200	image/png
20210107081509	https://promouvoircompetences.com/images/icones/drapeau-soudan.png	200	image/png
20210614084346	https://promouvoircompetences.com/images/icones/drapeau-tanzanie.png	200	image/png
20210614084404	https://promouvoircompetences.com/images/icones/drapeau-tchad.png	200	image/png
20210614084425	https://promouvoircompetences.com/images/icones/drapeau-togo.png	200	image/png
20210614084334	https://promouvoircompetences.com/images/icones/drapeau-tunisie.png	200	image/png
20210614084330	https://promouvoircompetences.com/images/icones/drapeau-zambie.png	200	image/png
20210107081510	https://promouvoircompetences.com/images/icones/drapeau-zimbabwe.png	200	image/png
20210107081453	https://promouvoircompetences.com/images/icones/emplois.png	200	image/png
20210614084339	https://promouvoircompetences.com/images/icones/epreuves.png	200	image/png
20210107081507	https://promouvoircompetences.com/images/icones/exposition.png	200	image/png
20210812120435	https://promouvoircompetences.com/images/icones/fonctionnement.png	200	image/png
20210107081445	https://promouvoircompetences.com/images/icones/home.png	200	image/png
20210107081508	https://promouvoircompetences.com/images/icones/linking.png	200	image/png
20220530012248	https://promouvoircompetences.com/images/icones/ma-passion.png	200	image/png
20210107081507	https://promouvoircompetences.com/images/icones/market.png	200	image/png
20210614084328	https://promouvoircompetences.com/images/icones/market2.png	200	image/png
20210107081507	https://promouvoircompetences.com/images/icones/parole-libre.png	200	image/png
20210614084351	https://promouvoircompetences.com/images/icones/premium-infos.png	200	image/png
20210812120554	https://promouvoircompetences.com/images/icones/prestataires.png	200	image/png
20210812120639	https://promouvoircompetences.com/images/icones/projets.png	200	image/png
20210107081445	https://promouvoircompetences.com/images/icones/questions.png	200	image/png
20210614084331	https://promouvoircompetences.com/images/icones/resultados.png	200	image/png
20210721052719	https://promouvoircompetences.com/images/icones/reviews.png	200	image/png
20210721042954	https://promouvoircompetences.com/images/icones/sports.png	200	image/png
20210812120608	https://promouvoircompetences.com/images/icones/succes.png	200	image/png
20230827232848	https://promouvoircompetences.com/images/images-pays/1--1658998992.jpg	200	image/jpeg
20231210181342	https://promouvoircompetences.com/images/images-pays/1-camp-de-refugies-de-farchana-tchad-1609414412.jpg	200	image/jpeg
20231211084635	https://promouvoircompetences.com/images/images-pays/1-ceremonie-de-funerailles-a-andji-1624435711.jpg	200	image/jpeg
20230827232851	https://promouvoircompetences.com/images/images-pays/1-ceremonie-de-lecture-coranique-a-kerebadougou-cote-d-ivoire-1614197266.jpg	200	image/jpeg
20230827231434	https://promouvoircompetences.com/images/images-pays/1-chateau-d-eau-de-sionfan-1646816704.jpg	200	image/jpeg
20231210181350	https://promouvoircompetences.com/images/images-pays/1-chorale-t-k-r-n-de-l-eglise-evangelique-de-andji-apres-un-culte-1624435591.jpg	200	image/jpeg
20211104072053	https://promouvoircompetences.com/images/images-pays/1-foyer-culturel-ebimimbang-en-construction-1622979499.jpg	200	image/jpeg
20230827231346	https://promouvoircompetences.com/images/images-pays/1-gbaka-reliant-alepe-a-abidjan-1678444835.jpg	200	image/jpeg
20230827232902	https://promouvoircompetences.com/images/images-pays/1-kobar-fleuve-de-purification-a-kerebadougou-cote-d-ivoire-1614333853.jpg	200	image/jpeg
20231210181409	https://promouvoircompetences.com/images/images-pays/1-le-chef-d-initiation-de-andji-avec-un-photographe-de-la-localite-1624435661.jpg	200	image/jpeg
20230710103048	https://promouvoircompetences.com/images/images-pays/1-le-chef-du-village-de-nkoekouk-accompagne-du-chef-du-village-abo-otomba-en-pleine-celebration-du11fevrier2023-1678701219.jpg	200	image/jpeg
20230827232903	https://promouvoircompetences.com/images/images-pays/1-mairie-de-gohitafla-1668332612.jpg	200	image/jpeg
20230407074402	https://promouvoircompetences.com/images/images-pays/1-palace-of-the-sultan-sokoto-nigeria-1611509354.jpg	200	image/jpeg
20231210181341	https://promouvoircompetences.com/images/images-pays/1-palais-du-sultan-du-madiagho-departement-du-chari-1618081663.jpg	200	image/jpeg
20211104114555	https://promouvoircompetences.com/images/images-pays/1-paroisse-sainte-marguerite-de-nkol-omang-zoetele-1610309123.jpg	200	image/jpeg
20230710103045	https://promouvoircompetences.com/images/images-pays/1-place-du-marche-periodique-ebimimbang-ocean-sud-cameroun-1622979051.jpg	200	image/jpeg
20230710104551	https://promouvoircompetences.com/images/images-pays/1-plaque-chefferie-traditionnelle-d-ebimimbang-1622978171.jpg	200	image/jpeg
20230827231347	https://promouvoircompetences.com/images/images-pays/1-plaque-du-lycee-moderne-de-tiapoum-1678512915.jpg	200	image/jpeg
20231210181341	https://promouvoircompetences.com/images/images-pays/1-un-natif-de-andji-devant-une-maison-1624364720.jpg	200	image/jpeg
20230827232902	https://promouvoircompetences.com/images/images-pays/1-une-vue-d-anyama-1644513250.jpg	200	image/jpeg
20230827232854	https://promouvoircompetences.com/images/images-pays/1-une-vue-d-anyama-1644513283.jpg	200	image/jpeg
20230827231458	https://promouvoircompetences.com/images/images-pays/1-une-vue-d-une-maison-a-sibably-1619546297.jpg	200	image/jpeg
20230827231457	https://promouvoircompetences.com/images/images-pays/1-une-vue-de-grabo-1659557739.jpg	200	image/jpeg
20230827231346	https://promouvoircompetences.com/images/images-pays/1-une-vue-de-kelindjan-lors-de-la-maouloud-fete-de-la-naissance-du-prophete-1631339988.jpg	200	image/jpeg
20230827231345	https://promouvoircompetences.com/images/images-pays/1-une-vue-de-l-abattoir-de-bonieredougou-1668519174.jpg	200	image/jpeg
20230827231346	https://promouvoircompetences.com/images/images-pays/1-une-vue-de-l-hotel-de-ville-de-borotou-1659855728.jpg	200	image/jpeg
20211104053602	https://promouvoircompetences.com/images/images-pays/1-une-vue-de-l-hotel-de-ville-de-ma-a-sud-cameroun-1618769185.jpg	200	image/jpeg
20230828071612	https://promouvoircompetences.com/images/images-pays/1-une-vue-de-la-sous-prefecture-de-namane-1658912793.jpg	200	image/jpeg
20230827231346	https://promouvoircompetences.com/images/images-pays/1-une-vue-de-mantongouine-1633506153.jpg	200	image/jpeg
20211104053548	https://promouvoircompetences.com/images/images-pays/1-une-vue-du-carrefour-zoetele-ville-1610307422.jpg	200	image/jpeg
20230827232848	https://promouvoircompetences.com/images/images-pays/1-une-vue-du-college-municipal-satama-sokoro-1668412817.jpg	200	image/jpeg
20230827232854	https://promouvoircompetences.com/images/images-pays/1-une-vue-du-lac-de-buyo-1633624950.jpg	200	image/jpeg
20211031090830	https://promouvoircompetences.com/images/images-pays/1-une-vue-du-mont-ngaoundere-cameroun-1613038425.jpg	200	image/jpeg
20211106035420	https://promouvoircompetences.com/images/images-pays/1-ville-de-banyo-1613035317.jpg	200	image/jpeg
20230827232847	https://promouvoircompetences.com/images/images-pays/1-vue-d-une-rue-de-gagnoa-1666956905.jpg	200	image/jpeg
20210614084327	https://promouvoircompetences.com/images/images-pays/image.jpg	200	image/jpeg
20211106060231	https://promouvoircompetences.com/images/images-pays/promouvoircompetences-1604524870.jpg	200	image/jpeg
20230710103047	https://promouvoircompetences.com/images/images-pays/promouvoircompetences-1604524902.jpg	200	image/jpeg
20211104053647	https://promouvoircompetences.com/images/images-pays/promouvoircompetences-1604524938.jpg	200	image/jpeg
20211106060228	https://promouvoircompetences.com/images/images-pays/promouvoircompetences-1604526057.jpg	200	image/jpeg
20211104053643	https://promouvoircompetences.com/images/images-pays/promouvoircompetences-1604527456.jpg	200	image/jpeg
20231211013010	https://promouvoircompetences.com/images/images-pays/promouvoircompetences-1604822775.jpg	200	image/jpeg
20231210181341	https://promouvoircompetences.com/images/images-pays/promouvoircompetences-1604823132.jpg	200	image/jpeg
20230827232850	https://promouvoircompetences.com/images/images-pays/promouvoircompetences-1605626642.jpg	200	image/jpeg
20211030221118	https://promouvoircompetences.com/images/images-pays/promouvoircompetences-1605826051.jpg	200	image/jpeg
20230827231345	https://promouvoircompetences.com/images/images-pays/promouvoircompetences-1606380333.jpg	200	image/jpeg
20230827232903	https://promouvoircompetences.com/images/images-pays/promouvoircompetences-1606380500.jpg	200	image/jpeg
20230827231433	https://promouvoircompetences.com/images/images-pays/promouvoircompetences-1606449164.jpg	200	image/jpeg
20230828070949	https://promouvoircompetences.com/images/images-pays/promouvoircompetences-1606449187.jpg	200	image/jpeg
20230827231415	https://promouvoircompetences.com/images/images-pays/promouvoircompetences-1606475970.jpg	200	image/jpeg
20220420092447	https://promouvoircompetences.com/images/infosexamens/BEPC_LITTORAL_WOURI.pdf	200	application/pdf
20220829205017	https://promouvoircompetences.com/images/infosexamens/fake-news-about-gce-2021-results.jpg	200	image/jpeg
20220829205933	https://promouvoircompetences.com/images/infosexamens/manuels-scolaires-2022-2023-cameroun.jpg	200	image/jpeg
20220829205934	https://promouvoircompetences.com/images/infosexamens/rentree-scolaire.jpg	200	image/jpeg
20220829205016	https://promouvoircompetences.com/images/infosexamens/WASSCE-certificate.jpg	200	image/jpeg
20231210181405	https://promouvoircompetences.com/images/livres/1-5b9e1-1696493822.jpg	200	image/jpeg
20210812120245	https://promouvoircompetences.com/images/livres/1-l-art-et-sa-symbolique-en-afrique-et-dans-le-monde-vecteurs-spatial-et-temporel-1608034336.jpg	200	image/jpeg
20210107081443	https://promouvoircompetences.com/images/logo.png	200	image/png
20231210181413	https://promouvoircompetences.com/images/logos/0123456789-Logo-WCS-TChad.jpg	200	image/jpeg
20231210181347	https://promouvoircompetences.com/images/logos/1234567890-acted.jpg	200	image/jpeg
20231210181348	https://promouvoircompetences.com/images/logos/1234567890-logo-african-spark.jpg	200	image/jpeg
20220226175546	https://promouvoircompetences.com/images/logos/1570533398logo-croix-rouge-cameroun.jpg	200	image/jpeg
20210812120813	https://promouvoircompetences.com/images/logos/1570533782logo-premiere-urgence-internationale.jpg	200	image/jpeg
20230710103046	https://promouvoircompetences.com/images/logos/1570861192giz-logo.jpg	200	image/jpeg
20230710103052	https://promouvoircompetences.com/images/logos/1570928574logo-fnec2.jpg	200	image/jpeg
20210812115916	https://promouvoircompetences.com/images/logos/1571113177logo-sofitoul.jpg	200	image/jpeg
20211106124804	https://promouvoircompetences.com/images/logos/1571140803logo-africa-food-distribution.jpg	200	image/jpeg
20220226175555	https://promouvoircompetences.com/images/logos/1571141216logosemagri.jpg	200	image/jpeg
20231009172408	https://promouvoircompetences.com/images/logos/1571206359logo-unicef.jpg	200	image/jpeg
20220226175634	https://promouvoircompetences.com/images/logos/1571253384logo-cca-bank.jpg	200	image/jpeg
20210812115938	https://promouvoircompetences.com/images/logos/1571295179logo-abb.jpg	200	image/jpeg
20231009180024	https://promouvoircompetences.com/images/logos/1571385424logo-success-consult.jpg	200	image/jpeg
20211022174037	https://promouvoircompetences.com/images/logos/1571463328logo-ucb.jpg	200	image/jpeg
20220523105439	https://promouvoircompetences.com/images/logos/1571464169groupe-cible.jpg	200	image/jpeg
20231009180019	https://promouvoircompetences.com/images/logos/1571466642logo-acms.jpg	200	image/jpeg
20231009175955	https://promouvoircompetences.com/images/logos/1571475562logo-sodecoton.jpg	200	image/jpeg
20231210181348	https://promouvoircompetences.com/images/logos/1571870635logo-coopi.jpg	200	image/jpeg
20211101003104	https://promouvoircompetences.com/images/logos/1571912049logo-acafej.jpg	200	image/jpeg
20211030221127	https://promouvoircompetences.com/images/logos/1572245862irc-International_Rescue_Committee_Logo.jpg	200	image/jpeg
20230407174052	https://promouvoircompetences.com/images/logos/1572330502hlog.jpg	200	image/jpeg
20211106125827	https://promouvoircompetences.com/images/logos/1572330821Plan_International_logo.jpg	200	image/jpeg
20220226175627	https://promouvoircompetences.com/images/logos/1572721881logo-scb-cameroun.jpg	200	image/jpeg
20211106062129	https://promouvoircompetences.com/images/logos/1572818528logo-solidarites-international.jpg	200	image/jpeg
20211106124756	https://promouvoircompetences.com/images/logos/1572910921WWF_3.jpg	200	image/jpeg
20230512041908	https://promouvoircompetences.com/images/logos/1573429284logo_rp-login.jpg	200	image/jpeg
20211030221132	https://promouvoircompetences.com/images/logos/1573500165msf.jpg	200	image/jpeg
20211104053643	https://promouvoircompetences.com/images/logos/1573864760advanceit-small-logo.jpg	200	image/jpeg
20220226192929	https://promouvoircompetences.com/images/logos/1573865351logo-ma-sante.jpg	200	image/jpeg
20220829205947	https://promouvoircompetences.com/images/logos/1574316669dohone-logo.jpg	200	image/jpeg
20210812120348	https://promouvoircompetences.com/images/logos/1574576324logo-3t-cameroun.jpg	200	image/jpeg
20240507142231	https://promouvoircompetences.com/images/logos/1574628907startimes.jpg	200	image/jpeg
20220226175545	https://promouvoircompetences.com/images/logos/1574666373nrc-logo.png	200	image/png
20220829204931	https://promouvoircompetences.com/images/logos/1574921431paris-formations.jpg	200	image/jpeg
20211106062127	https://promouvoircompetences.com/images/logos/1576904498action-contre-la-faim.jpg	200	image/jpeg
20220226192934	https://promouvoircompetences.com/images/logos/1579349016logo-university-buea.jpg	200	image/jpeg
20210812120400	https://promouvoircompetences.com/images/logos/1579349608logo-abega-computers.jpg	200	image/jpeg
20211104074755	https://promouvoircompetences.com/images/logos/1579362057logo-eduformatel.jpg	200	image/jpeg
20220226175556	https://promouvoircompetences.com/images/logos/1579759402logo-clinton-healthcare-access-initiative.jpg	200	image/jpeg
20211106035435	https://promouvoircompetences.com/images/logos/1580971595iucn-logo.jpg	200	image/jpeg
20210812120239	https://promouvoircompetences.com/images/logos/1581066425sorepco.jpg	200	image/jpeg
20211106062131	https://promouvoircompetences.com/images/logos/1581519574logo-apdel.jpg	200	image/jpeg
20220226193123	https://promouvoircompetences.com/images/logos/1582178286logo-sotti-sarl.jpg	200	image/jpeg
20211104062551	https://promouvoircompetences.com/images/logos/1582320170logo-officiel-eneo-cameroon-sa.jpg	200	image/jpeg
20211104051112	https://promouvoircompetences.com/images/logos/1583305364logo-wcs.jpg	200	image/jpeg
20231210181333	https://promouvoircompetences.com/images/logos/1585120075giz-logo.jpg	200	image/jpeg
20231210181408	https://promouvoircompetences.com/images/logos/1585214683logo-n-consulting-tchad.jpg	200	image/jpeg
20231210181408	https://promouvoircompetences.com/images/logos/1585378356logo-premiere-urgence-internationale.jpg	200	image/jpeg
20231210181334	https://promouvoircompetences.com/images/logos/1585470980logo-atw.jpg	200	image/jpeg
20211104074753	https://promouvoircompetences.com/images/logos/1587215928essfar.jpg	200	image/jpeg
20231210181334	https://promouvoircompetences.com/images/logos/1587556812logo-foi-et-joie-tchad.jpg	200	image/jpeg
20231210181348	https://promouvoircompetences.com/images/logos/1588173690Concern-worldwide.jpg	200	image/jpeg
20211106120359	https://promouvoircompetences.com/images/logos/1588478513logo-egpaidsfoundation.jpg	200	image/jpeg
20211104065913	https://promouvoircompetences.com/images/logos/1588920803banque-atlantique.jpg	200	image/jpeg
20231210181333	https://promouvoircompetences.com/images/logos/1589806775logo-solidarites-international.jpg	200	image/jpeg
20231210181347	https://promouvoircompetences.com/images/logos/1589807615usa-embassy.jpg	200	image/jpeg
20210812120839	https://promouvoircompetences.com/images/logos/1591808397logo-mobile.png	200	image/png
20230207110451	https://promouvoircompetences.com/images/logos/1591938591logo-intersos.jpg	200	image/jpeg
20211031090624	https://promouvoircompetences.com/images/logos/1592125549Logo%20Groupe%20bon.png	200	image/png
20220226193114	https://promouvoircompetences.com/images/logos/1592535725ca-global.jpg	200	image/jpeg
20231210181348	https://promouvoircompetences.com/images/logos/1592563241logo-Carter-Center.jpg	200	image/jpeg
20231210181343	https://promouvoircompetences.com/images/logos/1592575099irc-International_Rescue_Committee_Logo.jpg	200	image/jpeg
20231210181347	https://promouvoircompetences.com/images/logos/1592739815logo-FHI360.jpg	200	image/jpeg
20231210181348	https://promouvoircompetences.com/images/logos/1593057742logo-fonds-national-eau-tchad.jpg	200	image/jpeg
20231210181348	https://promouvoircompetences.com/images/logos/1593059869logo-care-international.jpg	200	image/jpeg
20231211084634	https://promouvoircompetences.com/images/logos/1593328261logo-Jhpiego.jpg	200	image/jpeg
20231210181333	https://promouvoircompetences.com/images/logos/1593328912logo-CEA-International.jpg	200	image/jpeg
20231210181350	https://promouvoircompetences.com/images/logos/1593330374logo-handicap-international.jpg	200	image/jpeg
20230512015319	https://promouvoircompetences.com/images/logos/1594375667Logo-UNESCO.jpg	200	image/jpeg
20211031090557	https://promouvoircompetences.com/images/logos/1595057063logo-African-Wildlife-Foundation-AWF.jpg	200	image/jpeg
20211031090628	https://promouvoircompetences.com/images/logos/1599298410Camwater_logo.jpg	200	image/jpeg
20231210181334	https://promouvoircompetences.com/images/logos/1603787115logo-hias.jpg	200	image/jpeg
20231210181334	https://promouvoircompetences.com/images/logos/1603787499logo-croix-rouge-francaise.jpg	200	image/jpeg
20210812120254	https://promouvoircompetences.com/images/logos/1606635798ab-aviation-logo.png	200	image/png
20231210181333	https://promouvoircompetences.com/images/logos/1609426158logo-federation-lutherienne-mondiale.png	200	image/png
20230828071006	https://promouvoircompetences.com/images/logos/1609429487irc-International_Rescue_Committee_Logo.jpg	200	image/jpeg
20210812120241	https://promouvoircompetences.com/images/logos/1610088288logo-cenc-cameroun.jpg	200	image/jpeg
20211031090554	https://promouvoircompetences.com/images/logos/1610777476logo-bicec.jpg	200	image/jpeg
20220523105437	https://promouvoircompetences.com/images/logos/1617354615logo-synthexis.jpg	200	image/jpeg
20220523105502	https://promouvoircompetences.com/images/logos/1617785099oapi-logo.jpg	200	image/jpeg
20220226193050	https://promouvoircompetences.com/images/logos/1617944907hope-for-childen-logo.jpg	200	image/jpeg
20231210181334	https://promouvoircompetences.com/images/logos/1617952417ceni-tchad.jpg	200	image/jpeg
20211106125838	https://promouvoircompetences.com/images/logos/1618564780logo-tractafric-motors-cameroun.jpg	200	image/jpeg
20211104060616	https://promouvoircompetences.com/images/logos/1620016406unfpa-logo.jpg	200	image/jpeg
20211106044551	https://promouvoircompetences.com/images/logos/1620970678logo-lapasta.jpg	200	image/jpeg
20211104062602	https://promouvoircompetences.com/images/logos/1621525363logo.jpg	200	image/jpeg
20211106125834	https://promouvoircompetences.com/images/logos/1621937644cifac.jpg	200	image/jpeg
20211031090558	https://promouvoircompetences.com/images/logos/1621952150logo%20ISGI.png	200	image/png
20210614084333	https://promouvoircompetences.com/images/logos/1623482660logo-FHI360.jpg	200	image/jpeg
20210614084346	https://promouvoircompetences.com/images/logos/1623484385foza-logo.jpg	200	image/jpeg
20230827232848	https://promouvoircompetences.com/images/logos/1623680776logo-apm.jpg	200	image/jpeg
20230827232855	https://promouvoircompetences.com/images/logos/1623681842hbs-group-ci-logo.jpg	200	image/jpeg
20230813194756	https://promouvoircompetences.com/images/logos/1624184785shed-eu-logo.jpg	200	image/jpeg
20230813194756	https://promouvoircompetences.com/images/logos/1624196737lonestar-cell-mtn-logo.png	200	image/png
20230813194756	https://promouvoircompetences.com/images/logos/1624197897gurus-hr-logo-1.png	200	image/png
20211031090617	https://promouvoircompetences.com/images/logos/1624270466afrilux-logo.jpg	200	image/jpeg
20211022164016	https://promouvoircompetences.com/images/logos/1624272424mdholding-logo.jpg	200	image/jpeg
20211106124652	https://promouvoircompetences.com/images/logos/1624519254logo-oryx-consulting.png	200	image/png
20230828071612	https://promouvoircompetences.com/images/logos/1624524130IUGB-logo.jpg	200	image/jpeg
20230827231422	https://promouvoircompetences.com/images/logos/1624524635a2i-logo.jpg	200	image/jpeg
20230827231346	https://promouvoircompetences.com/images/logos/1624525878Logo-BCP-EMPLOI.jpg	200	image/jpeg
20230408023252	https://promouvoircompetences.com/images/logos/1624693428agra-logo.jpg	200	image/jpeg
20211106120307	https://promouvoircompetences.com/images/logos/1625300031seinova-logo.jpg	200	image/jpeg
20211104055734	https://promouvoircompetences.com/images/logos/1625300405medicassure-logo.jpg	200	image/jpeg
20211104072046	https://promouvoircompetences.com/images/logos/1625467079panafrican-loans-services-logo.jpg	200	image/jpeg
20230827232855	https://promouvoircompetences.com/images/logos/1625469351logo-rmo-cote-ivoire.jpg	200	image/jpeg
20211030220721	https://promouvoircompetences.com/images/logos/1625634385logo-exco-Afrique.jpg	200	image/jpeg
20230827232856	https://promouvoircompetences.com/images/logos/1625636832logo-technoserv.jpg	200	image/jpeg
20211104062545	https://promouvoircompetences.com/images/logos/1625733609risk-data-consulting-logo.jpg	200	image/jpeg
20211031090611	https://promouvoircompetences.com/images/logos/1628244542Prix-cameroun-logo-2-1024x1024.png	200	image/png
20211021014548	https://promouvoircompetences.com/images/logos/1629992818logo-polytechnique.jpg	200	image/jpeg
20211021185838	https://promouvoircompetences.com/images/logos/1630220843logo-cloudover.jpg	200	image/jpeg
20211022005727	https://promouvoircompetences.com/images/logos/1630223322logo-bipsun-securite-1.jpg	200	image/jpeg
20211021185041	https://promouvoircompetences.com/images/logos/1632832227logo4.jpg	200	image/jpeg
20211021014547	https://promouvoircompetences.com/images/logos/1633158337logo-sonamines.jpg	200	image/jpeg
20211106115114	https://promouvoircompetences.com/images/logos/1635798444Logo-OMS.jpg	200	image/jpeg
20211104053619	https://promouvoircompetences.com/images/logos/1635799213logo-giz.jpg	200	image/jpeg
20211104053618	https://promouvoircompetences.com/images/logos/1635800304logo-care-international.jpg	200	image/jpeg
20211106115116	https://promouvoircompetences.com/images/logos/1635800617logo-breakthrough-action.jpg	200	image/jpeg
20220829204931	https://promouvoircompetences.com/images/logos/1643989292logo-grand-moulin-cameroun-sgmc.jpg	200	image/jpeg
20230710110107	https://promouvoircompetences.com/images/logos/1644082225logo-smart-consulting-group.jpg	200	image/jpeg
20220523105544	https://promouvoircompetences.com/images/logos/1644480136logo-cdim-sarl.jpg	200	image/jpeg
20220223172422	https://promouvoircompetences.com/images/logos/1644992867logo-kamix.jpg	200	image/jpeg
20220223172419	https://promouvoircompetences.com/images/logos/1645250968119671848_919506255243870_6165569929968156919_n.jpg	200	image/jpeg
20220523105543	https://promouvoircompetences.com/images/logos/1645598339logo-groupe-nsia-assurances.jpg	200	image/jpeg
20220223172417	https://promouvoircompetences.com/images/logos/1645633995logo-cac-international.jpg	200	image/jpeg
20231210181337	https://promouvoircompetences.com/images/logos/1645740455logo-nhpc.jpg	200	image/jpeg
20220523105547	https://promouvoircompetences.com/images/logos/1646209566focep.jpg	200	image/jpeg
20220829204931	https://promouvoircompetences.com/images/logos/1646994204logo-dangote-cement-cameroon.jpg	200	image/jpeg
20220523105551	https://promouvoircompetences.com/images/logos/1646996761logo-itgstore-consulting.jpg	200	image/jpeg
20231210181334	https://promouvoircompetences.com/images/logos/1649878308logo-onecs-tchad.jpg	200	image/jpeg
20231210181335	https://promouvoircompetences.com/images/logos/1649879581logo-cefod-business-school.jpg	200	image/jpeg
20220420092550	https://promouvoircompetences.com/images/logos/1650279984hytechs-design-sarl-logo.jpg	200	image/jpeg
20220420092546	https://promouvoircompetences.com/images/logos/1650281487house-techniq-logo.jpg	200	image/jpeg
20220420092556	https://promouvoircompetences.com/images/logos/1650283243omes-logo.jpg	200	image/jpeg
20220420092607	https://promouvoircompetences.com/images/logos/1650367777sis-networking-logo.jpg	200	image/jpeg
20220523105553	https://promouvoircompetences.com/images/logos/1651571044logo-handling-transport.jpg	200	image/jpeg
20220523105550	https://promouvoircompetences.com/images/logos/1651647601FB_IMG_1651647557680.jpg	200	image/jpeg
20220523105548	https://promouvoircompetences.com/images/logos/1652137834jmg-consulting-logo.jpg	200	image/jpeg
20230827232855	https://promouvoircompetences.com/images/logos/1652423807civotech-logo.jpg	200	image/jpeg
20220523105551	https://promouvoircompetences.com/images/logos/1652864485sunda-logo.jpg	200	image/jpeg
20230829053249	https://promouvoircompetences.com/images/logos/1653082009arielle-tours-logo.jpg	200	image/jpeg
20220829205947	https://promouvoircompetences.com/images/logos/1653295666logo-ib-bank.jpg	200	image/jpeg
20220829205947	https://promouvoircompetences.com/images/logos/1654602959solutions-rhplus-emploi_logo.jpg	200	image/jpeg
20230827232856	https://promouvoircompetences.com/images/logos/1655099111logo-adea.jpg	200	image/jpeg
20220829205947	https://promouvoircompetences.com/images/logos/1655366592logo-mk-wbc.jpg	200	image/jpeg
20220703205014	https://promouvoircompetences.com/images/logos/1656841832logo-chambre-nationale-notaires-cameroun.jpg	200	image/jpeg
20230827231355	https://promouvoircompetences.com/images/logos/1667929239armoiries-ci.jpg	200	image/jpeg
20221204115532	https://promouvoircompetences.com/images/logos/1668928757logo_renfort-action-plus.jpg	200	image/jpeg
20221204115532	https://promouvoircompetences.com/images/logos/1669189713logo-teugnology.jpg	200	image/jpeg
20221204115532	https://promouvoircompetences.com/images/logos/1669280061logo-davca-cm.jpg	200	image/jpeg
20221204115453	https://promouvoircompetences.com/images/logos/1669634634iplans-logo.jpg	200	image/jpeg
20221204115456	https://promouvoircompetences.com/images/logos/1669801443logo-cordaid.jpg	200	image/jpeg
20221204115456	https://promouvoircompetences.com/images/logos/1669802770logo-onudi.jpg	200	image/jpeg
20221204115456	https://promouvoircompetences.com/images/logos/1669804062logo-hodari.jpg	200	image/jpeg
20221204115456	https://promouvoircompetences.com/images/logos/1669806114logo-tk-holdings-group-rdc.jpg	200	image/jpeg
20221204115456	https://promouvoircompetences.com/images/logos/1669807251logo-sesomo-services.jpg	200	image/jpeg
20221204115456	https://promouvoircompetences.com/images/logos/1669822660logo-tdesign-mali.jpeg	200	image/jpeg
20221204115456	https://promouvoircompetences.com/images/logos/1669823713logo-jiri.jpg	200	image/jpeg
20221204115456	https://promouvoircompetences.com/images/logos/1669911614logo-international-medical-corps-IMC.jpg	200	image/jpeg
20240507141942	https://promouvoircompetences.com/images/logos/1671297122logo-groupe-arno.jpg	200	image/jpeg
20230407174053	https://promouvoircompetences.com/images/logos/1671530547logo-matrix-telecoms.jpg	200	image/jpeg
20230710103045	https://promouvoircompetences.com/images/logos/1673143347logo-sprint-pay.jpg	200	image/jpeg
20230710103048	https://promouvoircompetences.com/images/logos/1673355225biomedsup-express-sarl.jpg	200	image/jpeg
20230512013807	https://promouvoircompetences.com/images/logos/1673420295logo-n2m-group.jpg	200	image/jpeg
20230710103045	https://promouvoircompetences.com/images/logos/1674332155logo-cga-gapssi-jm.jpg	200	image/jpeg
20230710103048	https://promouvoircompetences.com/images/logos/1674571440logo-ghs-logistics.jpg	200	image/jpeg
20230710103046	https://promouvoircompetences.com/images/logos/1674573343logo-bi-services.jpg	200	image/jpeg
20230710103046	https://promouvoircompetences.com/images/logos/1674580288logo-forest-4-future.jpg	200	image/jpeg
20230710103048	https://promouvoircompetences.com/images/logos/1674635757logo-prolac.jpg	200	image/jpeg
20230710103048	https://promouvoircompetences.com/images/logos/1674899450conseil-danois-refugies-norvegian-council-refugee-logo.png	200	image/png
20230706085821	https://promouvoircompetences.com/images/logos/1675068311logo-fekola.jpg	200	image/jpeg
20230408010352	https://promouvoircompetences.com/images/logos/1675085522logo-unops.jpg	200	image/jpeg
20230710103041	https://promouvoircompetences.com/images/logos/1675318258logo-ilink-corporation.png	200	image/png
20230407174052	https://promouvoircompetences.com/images/logos/1675325425logo-saer-emploi-mali.jpg	200	image/jpeg
20231009180013	https://promouvoircompetences.com/images/logos/1675350056logo-umo-interim.jpg	200	image/jpeg
20230207110450	https://promouvoircompetences.com/images/logos/1675355746lithium-du-mali-logo.jpg	200	image/jpeg
20230207110539	https://promouvoircompetences.com/images/logos/1675498628save-the-children-logo.jpg	200	image/jpeg
20230207110459	https://promouvoircompetences.com/images/logos/1675503759cabinet-cei-bamako-mali.jpg	200	image/jpeg
20230207110459	https://promouvoircompetences.com/images/logos/1675506044cpu-net-logo.jpg	200	image/jpeg
20230207110504	https://promouvoircompetences.com/images/logos/1675506954avsf-logo.jpg	200	image/jpeg
20230207110451	https://promouvoircompetences.com/images/logos/1675535508irc-International_Rescue_Committee_Logo.jpg	200	image/jpeg
20230207110451	https://promouvoircompetences.com/images/logos/1675538781drc-logo.jpg	200	image/jpeg
20230207110450	https://promouvoircompetences.com/images/logos/1675631308centre-medical-diamant-logo.jpg	200	image/jpeg
20230710103048	https://promouvoircompetences.com/images/logos/1676447446cmic-sa-douala-logo.jpg	200	image/jpeg
20230710103048	https://promouvoircompetences.com/images/logos/1677580080CGI_SARL_logo.jpg	200	image/jpeg
20230710103045	https://promouvoircompetences.com/images/logos/1677663577Reach-Out_logo.jpg	200	image/jpeg
20230710103047	https://promouvoircompetences.com/images/logos/1678176332mta-afrique_logo.jpeg	200	image/jpeg
20230710103052	https://promouvoircompetences.com/images/logos/1678208529carlcare_logo.jpg	200	image/jpeg
20230827231354	https://promouvoircompetences.com/images/logos/1678438343adevy-ci_logo.jpg	200	image/jpeg
20230710103047	https://promouvoircompetences.com/images/logos/1678802070aura-cameroun_logo.jpg	200	image/jpeg
20230407174053	https://promouvoircompetences.com/images/logos/1679733591medecins-du-monde_logo.jpg	200	image/jpeg
20230407174052	https://promouvoircompetences.com/images/logos/1679993997unhcr-logo-2.jpg	200	image/jpeg
20230827231356	https://promouvoircompetences.com/images/logos/1680138132Artboard%201.png	200	image/png
20230407174052	https://promouvoircompetences.com/images/logos/1680161283lodjea-sarl_logo.jpg	200	image/jpeg
20230407174052	https://promouvoircompetences.com/images/logos/1680336073fema-mali-logo.jpg	200	image/jpeg
20230407174052	https://promouvoircompetences.com/images/logos/1680408963hemle-care-sarl-cameroun_logo.jpg	200	image/jpeg
20230407174052	https://promouvoircompetences.com/images/logos/1680574724electram_logo.jpg	200	image/jpeg
20230408010352	https://promouvoircompetences.com/images/logos/1680798253logo-croix-rouge-malienne.jpg	200	image/jpeg
20230408010352	https://promouvoircompetences.com/images/logos/1680799237ICRISAT_logo.jpg	200	image/jpeg
20230512003232	https://promouvoircompetences.com/images/logos/1681717805fairmed_logo.jpg	200	image/jpeg
20230512004302	https://promouvoircompetences.com/images/logos/1681896666lycee-francais-dominique-savio_logo.jpeg	200	image/jpeg
20230706091811	https://promouvoircompetences.com/images/logos/1686953054IMG-20230228-WA0073.jpg	200	image/jpeg
20230710103040	https://promouvoircompetences.com/images/logos/1688883350fhi360-bamako.jpg	200	image/jpeg
20230710103045	https://promouvoircompetences.com/images/logos/1688967324rio-tinto-simfer.jpeg	200	image/jpeg
20230813194801	https://promouvoircompetences.com/images/logos/1689057307logo_unfpa.jpg	200	image/jpeg
20230813194801	https://promouvoircompetences.com/images/logos/1689062184logo_tiast-guinee.jpg	200	image/jpeg
20230813194801	https://promouvoircompetences.com/images/logos/1691931244striving-for-all_logo.jpg	200	image/jpeg
20231009172414	https://promouvoircompetences.com/images/logos/1695793469sante-integre_logo.jpg	200	image/jpeg
20231009180002	https://promouvoircompetences.com/images/logos/1696394354universite-des-montagnes_logo.jpg	200	image/jpeg
20231009180011	https://promouvoircompetences.com/images/logos/1696827622pregui_logo.jpg	200	image/jpeg
20240507142150	https://promouvoircompetences.com/images/logos/1705563744rti-international_logo.jpg	200	image/jpeg
20240507142020	https://promouvoircompetences.com/images/logos/1705571357Plan_International_logo.png	200	image/png
20240507141941	https://promouvoircompetences.com/images/logos/1706165602sceau_guinee.jpg	200	image/jpeg
20240507141957	https://promouvoircompetences.com/images/logos/1708406121Plan_International_logo.jpg	200	image/jpeg
20240507142111	https://promouvoircompetences.com/images/logos/1708926814logo_apip.jpg	200	image/jpeg
20240507141955	https://promouvoircompetences.com/images/logos/1713336690deally-ng-sas_logo.jpg	200	image/jpeg
20240507141953	https://promouvoircompetences.com/images/logos/1713337876ifdc_logo.png	200	image/png
20210614084343	https://promouvoircompetences.com/images/logos/logo.jpg	200	image/jpeg
20230207110453	https://promouvoircompetences.com/images/mapassion/1670942553ou-va-ton-apres-la-mort.jpg	200	image/jpeg
20230207110450	https://promouvoircompetences.com/images/mapassion/1670973716la-vie-est-la-chance-paresseux.jpg	200	image/jpeg
20230408065924	https://promouvoircompetences.com/images/mapassion/1677834390image-anciens-billets.jpg	200	image/jpeg
20230512001644	https://promouvoircompetences.com/images/mapassion/1683230037association-jeunes-parieurs-cameroun__.jpg	200	image/jpeg
20230813194801	https://promouvoircompetences.com/images/mapassion/1689845244trouver-emploi-serpent-de-mer.jpg	200	image/jpeg
20210107081521	https://promouvoircompetences.com/images/metiers.jpg	200	image/jpeg
20210107081453	https://promouvoircompetences.com/images/prestataires.jpg	200	image/jpeg
20210812120609	https://promouvoircompetences.com/images/pro/categories/autres-services.png	200	image/png
20210812120431	https://promouvoircompetences.com/images/pro/categories/creation-graphique.png	200	image/png
20210812121104	https://promouvoircompetences.com/images/pro/categories/langages-programmation.jpg	200	image/jpeg
20210812121101	https://promouvoircompetences.com/images/pro/categories/services-a-la-personne.png	200	image/png
20210812120437	https://promouvoircompetences.com/images/pro/categories/webmarketing.png	200	image/png
20210812120443	https://promouvoircompetences.com/images/produits/ampoule-led-50-60hz.jpg	200	image/jpeg
20220119211203	https://promouvoircompetences.com/images/produits/Appareil-Photo-Hybride-Canon-EOS-R6-1.jpg	200	image/jpeg
20221204115525	https://promouvoircompetences.com/images/produits/Appareil-Photo-Hybride-Canon-EOS-R6-2.jpg	200	image/jpeg
20210812120934	https://promouvoircompetences.com/images/produits/Appareil-Photo-Hybride-Canon-EOS-R6-3.jpg	200	image/jpeg
20230409045701	https://promouvoircompetences.com/images/produits/Appareil-Photo-Hybride-Canon-EOS-R6-4.jpg	200	image/jpeg
20220530051007	https://promouvoircompetences.com/images/produits/Appareil-Photo-Hybride-Canon-EOS-R6-5.jpg	200	image/jpeg
20221204115523	https://promouvoircompetences.com/images/produits/canon-eos-5d-mark-iv_1.jpg	200	image/jpeg
20211104062654	https://promouvoircompetences.com/images/produits/canon-eos-5d-mark-iv_2.jpg	200	image/jpeg
20220530051008	https://promouvoircompetences.com/images/produits/canon-eos-5d-mark-iv_3.jpg	200	image/jpeg
20210812120433	https://promouvoircompetences.com/images/produits/canon-eos-5d-mark-iv_4.jpg	200	image/jpeg
20230409045700	https://promouvoircompetences.com/images/produits/canon-powershot-sx620_1.jpg	200	image/jpeg
20221204115523	https://promouvoircompetences.com/images/produits/canon-powershot-sx620_4.jpg	200	image/jpeg
20210812120118	https://promouvoircompetences.com/images/produits/canon-powershot-sx620_5.jpg	200	image/jpeg
20211022024635	https://promouvoircompetences.com/images/produits/canon-powershot-sx620_6.jpg	200	image/jpeg
20220530051008	https://promouvoircompetences.com/images/produits/canon-powershot-sx620_7.jpg	200	image/jpeg
20210812120417	https://promouvoircompetences.com/images/produits/hp-903xl-jaune.jpg	200	image/jpeg
20230813194755	https://promouvoircompetences.com/images/produits/hp-903xl-magenta-2.jpg	200	image/jpeg
20230828070949	https://promouvoircompetences.com/images/produits/hp-903xl-magenta.jpg	200	image/jpeg
20231211084632	https://promouvoircompetences.com/images/produits/hp-903xl-noir-2.jpg	200	image/jpeg
20230710110102	https://promouvoircompetences.com/images/produits/hp-tango_1.jpg	200	image/jpeg
20210812121001	https://promouvoircompetences.com/images/produits/hp62-cyan-magenta-jaune.jpg	200	image/jpeg
20230207110508	https://promouvoircompetences.com/images/produits/hp62xl-noir.jpg	200	image/jpeg
20231211084632	https://promouvoircompetences.com/images/produits/hpxl953-jaune.jpg	200	image/jpeg
20230408152205	https://promouvoircompetences.com/images/produits/hpxl953-magenta.jpg	200	image/jpeg
20211020132520	https://promouvoircompetences.com/images/produits/Imprimante-couleur-multifonctions-A3-HP-OfficeJet-Pro-7740_1.jpg	200	image/jpeg
20231211084633	https://promouvoircompetences.com/images/produits/imprimante-hp-color-laserjet-enterprise-m455dn_2.jpg	200	image/jpeg
20210812120417	https://promouvoircompetences.com/images/produits/imprimante-hp-color-laserjet-pro-m255dw_2.jpg	200	image/jpeg
20230813194755	https://promouvoircompetences.com/images/produits/imprimante-hp-designjet-studio-5hb14a_3.jpg	200	image/jpeg
20230408152203	https://promouvoircompetences.com/images/produits/imprimante-hp-designjet-t630_1.jpg	200	image/jpeg
20230207110509	https://promouvoircompetences.com/images/produits/imprimante-hp-designjet-t630_2.jpg	200	image/jpeg
20221204115524	https://promouvoircompetences.com/images/produits/imprimante-hp-envy-photo-6230_1.jpg	200	image/jpeg
20230207110507	https://promouvoircompetences.com/images/produits/imprimante-hp-laser-jet-pro-m404dw_2.jpg	200	image/jpeg
20230827231357	https://promouvoircompetences.com/images/produits/imprimante-hp-laserjet-pro-m203fw_2.jpg	200	image/jpeg
20211104065915	https://promouvoircompetences.com/images/produits/imprimante-hp-laserjet-pro-m227fdn_2.jpg	200	image/jpeg
20221204115523	https://promouvoircompetences.com/images/produits/imprimante-hp-laserjet-pro-m404dn_2.jpg	200	image/jpeg
20220119211204	https://promouvoircompetences.com/images/produits/imprimante-hp-laserjet-pro-m428dw_3.jpg	200	image/jpeg
20211104062615	https://promouvoircompetences.com/images/produits/imprimante-hp-laserjet-pro-m454dn_1.jpg	200	image/jpeg
20221204115522	https://promouvoircompetences.com/images/produits/imprimante-hp-officejet-8022e_2.jpg	200	image/jpeg
20211104065917	https://promouvoircompetences.com/images/produits/imprimante-hp-officejet-pro-8730_1.jpg	200	image/jpeg
20211021225159	https://promouvoircompetences.com/images/produits/imprimante-laserjet-pro-m102w_2.jpg	200	image/jpeg
20221204115523	https://promouvoircompetences.com/images/produits/imprimante-multi-fonction-hp-laserjet-enterprise-m430f_1.jpg	200	image/jpeg
20231211084633	https://promouvoircompetences.com/images/produits/imprimante-multifonction-hp-laserjet-m234sdw_1.jpg	200	image/jpeg
20230813194755	https://promouvoircompetences.com/images/produits/imprimante-multifonction-hp-laserjet-m443nda_1.jpg	200	image/jpeg
20230827232849	https://promouvoircompetences.com/images/produits/imprimante-multifonction-hp-laserjet-pro-m148fdw_1.jpg	200	image/jpeg
20210812120112	https://promouvoircompetences.com/images/produits/imprimante-multifonction-hp-laserjet-pro-m183fw_2.jpg	200	image/jpeg
20221204115523	https://promouvoircompetences.com/images/produits/imprimante-multifonction-hp-laserjet-pro-m234sdwe_1.jpg	200	image/jpeg
20211021050900	https://promouvoircompetences.com/images/produits/imprimante-multifonction-hp-laserjet-pro-m234sdwe_2.jpg	200	image/jpeg
20211021051537	https://promouvoircompetences.com/images/produits/imprimante-tout-en-un-hp-officejet-pro-9019_2.jpg	200	image/jpeg
20211021182359	https://promouvoircompetences.com/images/produits/lenovo-v14-iil-14-1.jpg	200	image/jpeg
20210812120931	https://promouvoircompetences.com/images/produits/mangeoire_1.jpg	200	image/jpeg
20230207110507	https://promouvoircompetences.com/images/produits/pack-hp-953-noir-magenta-cyan-jaune.jpg	200	image/jpeg
20210812120347	https://promouvoircompetences.com/images/produits/refrigerateur-combine-hisense_RB390N4AF10_34_right.png	200	image/png
20211021195109	https://promouvoircompetences.com/images/produits/refrigerateur-combine-hisense_RB390N4AF10_front_close-2.png	200	image/png
20210812120114	https://promouvoircompetences.com/images/produits/Smartphone%20Huawei%20Y8s%20-%206,5%20Pouces%20-%204G%20-%204Go%20Ram%20-%2064Go%20Rom%20-%2048%20MP.jpg	200	image/jpeg
20221204115524	https://promouvoircompetences.com/images/produits/Smartphone%20Samsung%20Galaxy%20A21S%20-%204G%20-%206.5%20pouces%20-%204Go%20RAM%20-%20128Go%20ROM%20-%2013Mpx%20-%20Bleu.jpg	200	image/jpeg
20211030221015	https://promouvoircompetences.com/images/produits/Smartphone%20Samsung%20Galaxy%20A31%20-%20Dual%20Sim%20-%206.4%20pouces%20-%2048%20Mpx%20-%206Go%20RAM%20-%20128Go%20ROM%20-%205000mAh%20-%20Noir(1).jpg	200	image/jpeg
20231211084633	https://promouvoircompetences.com/images/produits/Smartphone%20Samsung%20Galaxy%20A31%20-%20Dual%20Sim%20-%206.4%20Pouces%20-%2048Mpx%20-%20128GB%20ROM%20-%206GB%20RAM%20-%205000mAh%20-%20Bleu.jpg	200	image/jpeg
20211031090630	https://promouvoircompetences.com/images/produits/Smartphone%20Samsung%20Galaxy%20A71%20-%204G%20-%206.7%20pouces%20-%206%20Go%20RAM%20-%20128Go%20ROM%20-%2064Mpx%20-%20Gris(1).jpg	200	image/jpeg
20230827231358	https://promouvoircompetences.com/images/produits/Smartphone%20Samsung%20Galaxy%20A71%20-%204G%20-%206.7%20pouces%20-%206%20Go%20RAM%20-%20128Go%20ROM%20-%2064Mpx%20-%20Gris.jpg	200	image/jpeg
20230409072920	https://promouvoircompetences.com/images/produits/smartphone-xiaomi-mi-2a-4.5-pouces-8-mp+2-mp-1-gb-ram-16-gb-rom-2030-mah.jpg	200	image/jpeg
20230828070949	https://promouvoircompetences.com/images/produits/smartphone-xiaomi-redmi-4.7-pouces-1.3-mp+8-mp-1-gb-ram-4-gb-rom-2000-mah.jpg	200	image/jpeg
20221204115524	https://promouvoircompetences.com/images/produits/SmartphoneAcerLiquid-3.5pouces-5MP-256MoRAM-512Mo-1350mAh(4).jpg	200	image/jpeg
20230813194756	https://promouvoircompetences.com/images/produits/SmartphoneAcerLiquidGallantDuo-4.3pouces-5MP-4GoROM-1GoRAM-1500mAh(3).jpg	200	image/jpeg
20230710110102	https://promouvoircompetences.com/images/produits/SmartphoneAcerLiquidGallantDuo-4.3pouces-5MP-4GoROM-1GoRAM-1500mAh.png	200	image/png
20211021195107	https://promouvoircompetences.com/images/produits/SmartphoneAcerLiquidJade-5pouces-13MP+2MP-8GoROM-1GoRAM-LiquidJade-16GoROM-2GoRAM-LiquidJadePlus-2100mAh(3).jpg	200	image/jpeg
20210812120110	https://promouvoircompetences.com/images/produits/SmartphoneSamsungGalaxyA225G-6.6pouces-3x48MP+8MP-64Go4GoRAM-128Go4GoRAM-128Go6GoRAM-128Go8GoRAM-5000mAh(3).jpg	200	image/jpeg
20230813194755	https://promouvoircompetences.com/images/produits/SmartphoneSamsungGalaxyA3(2016)-4.7pouces-13MP+5MP-16Go1.5GoRAM-2300mAh(4).jpg	200	image/jpeg
20211021111924	https://promouvoircompetences.com/images/produits/SmartphoneSamsungGalaxyA31-6.4pouces-48MP+8MP+5MP+5MP+20MP-64Go4GoRAM-128Go4GoRAM-128Go6GoRAM-5000mAh.jpg	200	image/jpeg
20210812121003	https://promouvoircompetences.com/images/produits/SmartphoneSamsungGalaxyA40-5.9pouces-16MP+5MP+25MP-64Go4GoRAM-3100mAh.jpg	200	image/jpeg
20230710110102	https://promouvoircompetences.com/images/produits/SmartphoneSamsungGalaxyA50-6.4pouces-25MP+8MP+5MP+25MP-64-128Go-4-6GoRAM-4000mAh(3).jpg	200	image/jpeg
20230207110508	https://promouvoircompetences.com/images/produits/SmartphoneSamsungGalaxyA515G-6.5pouces-48MP+12MP+5MP+5MP+32MP-128Go6GoRAM-128Go8GoRAM-4500mAh(1).jpg	200	image/jpeg
20230207110507	https://promouvoircompetences.com/images/produits/SmartphoneSamsungGalaxyA70-6.7pouces-32MP+8MP+5MP+32MP-128Go6-8GoRAM-4500mAh(5).jpg	200	image/jpeg
20211104072049	https://promouvoircompetences.com/images/produits/SmartphoneSamsungGalaxyA70s-6.7pouces-64MP+8MP+5MP+32MP-128Go6GoRAM-128Go8GoRAM-4500mAh(2).jpg	200	image/jpeg
20230827231354	https://promouvoircompetences.com/images/produits/SmartphoneSamsungGalaxyA71-6.7pouces-64MP+12MP+5MP+5MP+32MP-128Go6GoRAM-128Go8GoRAM-4500mAh(1).jpg	200	image/jpeg
20230207110502	https://promouvoircompetences.com/images/produits/SmartphoneSamsungGalaxyA715GUW-6.7pouces-64MP+12MP+5MP+5MP+32MP-128Go6GoRAM-4500mAh(2).jpg	200	image/jpeg
20211020172119	https://promouvoircompetences.com/images/produits/SmartphoneSamsungGalaxyA8(2016)-5.7pouces-16MP+8MP-32Go3GoRAM-3300mAh(2).jpg	200	image/jpeg
20221204115525	https://promouvoircompetences.com/images/produits/SmartphoneSamsungGalaxyA8(2018)-5.6pouces-16MP+16MP+8MP-32-64Go4GoRAM-3000mAh(3).jpg	200	image/jpeg
20231211084632	https://promouvoircompetences.com/images/produits/SmartphoneSamsungGalaxyA8-5.7pouces-16MP+5MP-32GoROM2GoRAM-3050mAh(1).jpg	200	image/jpeg
20230827232850	https://promouvoircompetences.com/images/produits/SmartphoneSamsungGalaxyA8s-6.4pouces-24MP+10MP+5MP+24MP-128Go6-8GoRAM-3400mAh(2).jpg	200	image/jpeg
20230827232850	https://promouvoircompetences.com/images/produits/SmartphoneSamsungGalaxyC5Pro-5.2pouces-16MP+16MP-64Go4GoRAM-2600mAh(5).jpg	200	image/jpeg
20230813194755	https://promouvoircompetences.com/images/produits/SmartphoneSamsungGalaxyC7Pro-5.7pouces-16MP+16MP-64Go4GoRAM-3300mAh(1).jpg	200	image/jpeg
20211104074749	https://promouvoircompetences.com/images/produits/SmartphoneSamsungGalaxyJ3(2018)-5pouces-8MP+5MP-16Go2GoRAM-2600mAh(2).jpg	200	image/jpeg
20211020082922	https://promouvoircompetences.com/images/produits/SmartphoneSamsungGalaxyJ4Core-6pouces-8MP+5MP-16Go1GoRAM-3300mAh(3).png	200	image/png
20210812120117	https://promouvoircompetences.com/images/produits/SmartphoneSamsungGalaxyJ4Core-6pouces-8MP+5MP-16Go1GoRAM-3300mAh(4).png	200	image/png
20210812120441	https://promouvoircompetences.com/images/produits/SmartphoneSamsungGalaxyJ5(2016)-5.2pouces-13MP+5MP-16Go2GoRAM-3100mAh.jpg	200	image/jpeg
20230710110102	https://promouvoircompetences.com/images/produits/SmartphoneSamsungGalaxyJ5(2017)-5.2pouces-13MP+13MP-16Go2GoRAM-32Go2-3GoRAM-3000mAh(4).jpg	200	image/jpeg
20230409072919	https://promouvoircompetences.com/images/produits/SmartphoneSamsungGalaxyM12-6.5pouces-48MP+5MP+2MP+2MP+8MP-64Go4GoRAM-128Go6GoRAM-6000mAh(4).jpg	200	image/jpeg
20230813194755	https://promouvoircompetences.com/images/produits/SmartphoneSamsungGalaxyM30s-6.4pouces-48MP+8MP+5MP+24MP-64Go4GoRAM-128Go6GoRAM-6000mAh(4).png	200	image/png
20230710110102	https://promouvoircompetences.com/images/produits/SmartphoneSamsungGalaxyM31s-6.5pouces-64MP+12MP+5MP+5MP+32MP-128Go6GoRAM-128Go8GoRAM-6000mAh(5).jpg	200	image/jpeg
20231211084634	https://promouvoircompetences.com/images/produits/SmartphoneSamsungGalaxyM40-6.3pouces-32MP+8MP+5MP+16MP-128Go6GoRAM-64Go4GoRAM-3500mAh(1).png	200	image/png
20211030221017	https://promouvoircompetences.com/images/produits/SmartphoneSamsungGalaxyM62-6.7pouces-64MP+12MP+5MP+5MP+32MP-128Go8GoRAM-256Go8GoRAM-7000mAh.jpg	200	image/jpeg
20230207110507	https://promouvoircompetences.com/images/produits/SmartphoneSamsungGalaxyNote20-6.7pouces-12MP+64MP+12MP+10MP-256Go8GoRAM-4300mAh.jpg	200	image/jpeg
20220119211158	https://promouvoircompetences.com/images/produits/SmartphoneSamsungGalaxyNote5(CDMA)-5.7pouces-16MP+5MP-32-64Go4GoRAM-3000mAh.jpg	200	image/jpeg
20221204115524	https://promouvoircompetences.com/images/produits/SmartphoneSamsungGalaxyOn5Pro-5pouces-8MP+5MP-16Go2GoRAM-2600mAh(5).jpg	200	image/jpeg
20230409045701	https://promouvoircompetences.com/images/produits/SmartphoneSamsungGalaxyOn5Pro-5pouces-8MP+5MP-16Go2GoRAM-2600mAh.jpg	200	image/jpeg
20211020101858	https://promouvoircompetences.com/images/produits/SmartphoneSamsungGalaxyS10Plus-6.4pouces-16MP+12MP+12MP+10MP+8MP-1To12GoRAM-128-512Go8GoRAM-4100mAh(4).jpg	200	image/jpeg
20221204115523	https://promouvoircompetences.com/images/produits/SmartphoneSamsungGalaxyS20Ultra-4G-6,7pouces-12GoRam-128Go-DoubleNanoSIM-Noir(2).jpg	200	image/jpeg
20230409072919	https://promouvoircompetences.com/images/produits/SmartphoneSamsungGalaxyS6-5.1pouces-16MP+5MP-32-64-128Go3GoRAM-2550mAh.jpg	200	image/jpeg
20220119211201	https://promouvoircompetences.com/images/produits/SmartphoneSamsungGalaxyS6edge-5.1pouces-16MP+5MP-32-64-128Go3GoRAM-2600mAh(2).jpg	200	image/jpeg
20220119211427	https://promouvoircompetences.com/images/produits/SmartphoneSamsungGalaxyS7edge(CDMA)-5.5pouces-12MP+5MP-32Go4GoRAM-3600mAh(1).jpg	200	image/jpeg
20230207110507	https://promouvoircompetences.com/images/produits/SmartphoneSamsungGalaxyS9Plus-6.2pouces-12MP+12MP+8MP-64-128-256Go6GoRAM-3500mAh(5).jpg	200	image/jpeg
20230710110102	https://promouvoircompetences.com/images/produits/SmartphoneSamsungGalaxyVPlus-4pouces-3.15MP-4Go512MooRAM-1500mAh.jpg	200	image/jpeg
20231211084633	https://promouvoircompetences.com/images/produits/SmartphoneSamsungGalaxyXcover4-5pouces-13MP+5MP-16Go2GoRAM-2800mAh(1).jpg	200	image/jpeg
20230813194755	https://promouvoircompetences.com/images/produits/SmartphoneSamsungGalaxyXcover5-5.3pouces-16MP+5MP-64Go4GoRAM-3000mAh(4).jpg	200	image/jpeg
20230409072919	https://promouvoircompetences.com/images/produits/SmartphoneSamsungGalaxyZFold25G-7.6pouces-12MP+12MP+12MP+10MP256Go12GoRAM-512Go12GoRAM-4500mAh.jpg	200	image/jpeg
20220530051007	https://promouvoircompetences.com/images/produits/SmartphoneSamsungZ3CorporateEdition-5pouces-8MP+5MP-8Go1GoRAM-2600mAh(1).jpg	200	image/jpeg
20211030221020	https://promouvoircompetences.com/images/produits/toner-hp-131a-jaune.jpg	200	image/jpeg
20230813194755	https://promouvoircompetences.com/images/produits/toner-hp-201a-magenta.jpg	200	image/jpeg
20230408152206	https://promouvoircompetences.com/images/produits/toner-hp-201x-jaune.jpg	200	image/jpeg
20231211084632	https://promouvoircompetences.com/images/produits/toner-hp-203a-cyan.jpg	200	image/jpeg
20220119211425	https://promouvoircompetences.com/images/produits/toner-hp-203x-jaune.jpg	200	image/jpeg
20230409072919	https://promouvoircompetences.com/images/produits/toner-hp-205a-magenta.jpg	200	image/jpeg
20210812120346	https://promouvoircompetences.com/images/produits/toner-hp-26a-noir.jpg	200	image/jpeg
20230710110102	https://promouvoircompetences.com/images/produits/toner-hp-410-cyan.jpg	200	image/jpeg
20230813194755	https://promouvoircompetences.com/images/produits/toner-hp-410-jaune.jpg	200	image/jpeg
20230827231354	https://promouvoircompetences.com/images/produits/toner-hp-410x-pack-3-cartouches-cyan-jaune-magenta.jpg	200	image/jpeg
20231211084631	https://promouvoircompetences.com/images/produits/XIAOMI%20Poco%20M3%20-%206.53%20pouces%20FHD+%20-%204GB%20ROM%20-%2064GB%20RAM%20-%2048MP%20-%20Bleu(4).jpg	200	image/jpeg
20210107081452	https://promouvoircompetences.com/images/projets.jpg	200	image/jpeg
20210107081517	https://promouvoircompetences.com/images/questions.jpg	200	image/jpeg
20210614084410	https://promouvoircompetences.com/images/questions/1617594582codes-courts-orange-cameroun.jpg	200	image/jpeg
20210614084331	https://promouvoircompetences.com/images/questions/1617698004facebook-pirate.jpg	200	image/jpeg
20210812120318	https://promouvoircompetences.com/images/questions/1628407934comment-arreter-immediatement-maux-de-tete.jpg	200	image/jpeg
20210812115833	https://promouvoircompetences.com/images/questions/1628414916tableau-noir.jpg	200	image/jpeg
20210812120001	https://promouvoircompetences.com/images/questions/1628425608fichier-indd.jpg	200	image/jpeg
20210812115855	https://promouvoircompetences.com/images/questions/1628493306OFFICEDUBAC.jpg	200	image/jpeg
20210812115924	https://promouvoircompetences.com/images/questions/1628494087OFFICEDUBAC.jpg	200	image/jpeg
20210812120408	https://promouvoircompetences.com/images/questions/1628495976infos-bac-senegal.jpg	200	image/jpeg
20210812120432	https://promouvoircompetences.com/images/questions/1628590912comment-gagner-argent-sur-internet-web.jpg	200	image/jpeg
20210812120455	https://promouvoircompetences.com/images/questions/1628723800dgsn.png	200	image/png
20210905135319	https://promouvoircompetences.com/images/questions/1629821364acces-internet-bloque.jpg	200	image/jpeg
20210905132607	https://promouvoircompetences.com/images/questions/1629898613rentree-scolaire.jpg	200	image/jpeg
20210905135449	https://promouvoircompetences.com/images/questions/1630009609procedure-passeport-biometrique.jpg	200	image/jpeg
20210905135432	https://promouvoircompetences.com/images/questions/1630141976jours-feries-2022.jpg	200	image/jpeg
20210905135322	https://promouvoircompetences.com/images/questions/1630842474jours-feries-2022.jpg	200	image/jpeg
20211019213349	https://promouvoircompetences.com/images/questions/1631350618Capture%20d%E2%80%99%C3%A9cran%2011-09-2021%2009.16.34.jpg	200	image/jpeg
20211020144135	https://promouvoircompetences.com/images/questions/1632851954rentree-scolaire.jpg	200	image/jpeg
20220821133904	https://promouvoircompetences.com/images/questions/1632968949resultats-bac-2021-comores.jpg	200	image/jpeg
20211020135433	https://promouvoircompetences.com/images/questions/1633210620Capture%20d%E2%80%99%C3%A9cran%2002-10-2021%2022.04.59.jpg	200	image/jpeg
20211020181552	https://promouvoircompetences.com/images/questions/1633272303resultats-bepc-2021-comores.jpg	200	image/jpeg
20241221194457	https://promouvoircompetences.com/images/questions/1633365588probleme-connexion-whatsapp.jpg	200	image/jpeg
20241221200903	https://promouvoircompetences.com/images/questions/163378815342-45-77-mauvais-jours-de-l-annee.png	200	image/png
20211106111931	https://promouvoircompetences.com/images/questions/1635832375cni-cameroun.jpg	200	image/jpeg
20220119042529	https://promouvoircompetences.com/images/questions/1638863503inscription-en-ligne-police.jpg	200	image/jpeg
20220119211031	https://promouvoircompetences.com/images/questions/1638940118online-registration-procedure-police-competetive-examination.jpg	200	image/jpeg
20220119215846	https://promouvoircompetences.com/images/questions/1640861371online-registration-procedure-police-competetive-examination.jpg	200	image/jpeg
20220119042530	https://promouvoircompetences.com/images/questions/1641057909logo-injs-mali.jpg	200	image/jpeg
20220119092043	https://promouvoircompetences.com/images/questions/1641060541logo-injs-cote-ivoire.png	200	image/png
20220119215849	https://promouvoircompetences.com/images/questions/1642358755post-facebook-gendarmerie-nationale-cameroun.jpg	200	image/jpeg
20220119084620	https://promouvoircompetences.com/images/questions/1642407531Ena-Sn-logo.png	200	image/png
20220821150129	https://promouvoircompetences.com/images/questions/1648045223arnaque-irdop.jpg	200	image/jpeg
20220821150139	https://promouvoircompetences.com/images/questions/164831443350go-whatsapp-fraude.jpg	200	image/jpeg
20220821150110	https://promouvoircompetences.com/images/questions/1650046902manuels-scolaires-2022-2023-cameroun.jpg	200	image/jpeg
20220821133833	https://promouvoircompetences.com/images/questions/1653904264permis-de-construire.jpg	200	image/jpeg
20220821133832	https://promouvoircompetences.com/images/questions/1654350180resultats-2022-togo.jpg	200	image/jpeg
20220821133805	https://promouvoircompetences.com/images/questions/1654532616cafop-2022-1er-tour-resultats.jpg	200	image/jpeg
20220821133802	https://promouvoircompetences.com/images/questions/1655465056xgestedu.png	200	image/png
20220821133824	https://promouvoircompetences.com/images/questions/1655631133resultats-bepc-guinee-2022.jpg	200	image/jpeg
20220821133746	https://promouvoircompetences.com/images/questions/1655729061xgestedu.png	200	image/png
20220821133744	https://promouvoircompetences.com/images/questions/1656512643date-resultats-def-2022-mali3.jpg	200	image/jpeg
20220821133901	https://promouvoircompetences.com/images/questions/1656542044plateforme-resultats-cep-2022-benin.jpg	200	image/jpeg
20220821133903	https://promouvoircompetences.com/images/questions/1656831951resultats-bepc-2022-benin.jpg	200	image/jpeg
20220821133816	https://promouvoircompetences.com/images/questions/1656835039resultats-bacc-2022-congo-brazza.jpg	200	image/jpeg
20220821133833	https://promouvoircompetences.com/images/questions/1657454841bacc-2022-tchad.jpg	200	image/jpeg
20220821133749	https://promouvoircompetences.com/images/questions/1657804686resultats-bac2-2022-togo.jpg	200	image/jpeg
20230710103039	https://promouvoircompetences.com/images/questions/1658329322cepe2022-cg.png	200	image/png
20220821133830	https://promouvoircompetences.com/images/questions/1658333492bet-bac-2022-cg.png	200	image/png
20220821133824	https://promouvoircompetences.com/images/questions/1658514231resultats-bepc-2022-niger.jpg	200	image/jpeg
20220821133912	https://promouvoircompetences.com/images/questions/1658666239epimexam-obc_Page_1.jpg	200	image/jpeg
20220821133849	https://promouvoircompetences.com/images/questions/1658725976resultats-bac-2022-cote-d-ivoire.jpg	200	image/jpeg
20220821133841	https://promouvoircompetences.com/images/questions/1658764858fausses-infos-stats-bac-cameroun-2022.jpg	200	image/jpeg
20220821133912	https://promouvoircompetences.com/images/questions/1659210465resultats-definitifs-cafop-ci-2022.jpg	200	image/jpeg
20220821134157	https://promouvoircompetences.com/images/questions/1659380199bac-2022-ng.png	200	image/png
20220821134412	https://promouvoircompetences.com/images/questions/1659392753bac-mali-est-il-disponible.jpg	200	image/jpeg
20220821134158	https://promouvoircompetences.com/images/questions/1659473963resultats-probatoire-technique-2022-cameroun.jpg	200	image/jpeg
20220821133829	https://promouvoircompetences.com/images/questions/1659779434orientations-6e-gabon.jpg	200	image/jpeg
20220821133819	https://promouvoircompetences.com/images/questions/1659795328orientations-6e-gabon.jpg	200	image/jpeg
20220829211522	https://promouvoircompetences.com/images/questions/1660720379resultats-cepe-concours-2022-comores.jpg	200	image/jpeg
20230517084214	https://promouvoircompetences.com/images/questions/1661709245resultats-concours-enspy-2022.jpg	200	image/jpeg
20230517165911	https://promouvoircompetences.com/images/questions/1661781440a-quand-les-resultats-cap-bt1-bt-2022-mali.jpg	200	image/jpeg
20230521095318	https://promouvoircompetences.com/images/questions/1661794949resultats-concours-gendarmerie-2022-burkina.jpg	200	image/jpeg
20221204115536	https://promouvoircompetences.com/images/questions/1666712461qui-remplacera-homme-le-plus-sale-au-monde.jpg	200	image/jpeg
20221204115448	https://promouvoircompetences.com/images/questions/1667891163processus-deroulement-pre-inscription-bepc-bac-2023-ci.jpg	200	image/jpeg
20221204115447	https://promouvoircompetences.com/images/questions/1668167855whatsapp-payant-vrai-ou-faux.jpg	200	image/jpeg
20221204115448	https://promouvoircompetences.com/images/questions/1668365409resultats-loterie-americaine.jpg	200	image/jpeg
20221204115444	https://promouvoircompetences.com/images/questions/1668433387excellence-minesec.jpg	200	image/jpeg
20221204115445	https://promouvoircompetences.com/images/questions/1668505380gagnants-coupe-du-monde-football.jpg	200	image/jpeg
20221204115448	https://promouvoircompetences.com/images/questions/1668963002foot_but_ballon.jpg	200	image/jpeg
20221204115449	https://promouvoircompetences.com/images/questions/1669140640jours-feries-2023-cameroun.jpg	200	image/jpeg
20221204115448	https://promouvoircompetences.com/images/questions/16692965492022-Qatar-World-Cup-Trophy.jpg	200	image/jpeg
20221207142047	https://promouvoircompetences.com/images/questions/1670249691arretes-nouveaux-concours-2023-police-cameroun.jpg	200	image/jpeg
20230207110447	https://promouvoircompetences.com/images/questions/1671023045resultats-admissibilites-enam-2023.jpg	200	image/jpeg
20230207110450	https://promouvoircompetences.com/images/questions/1673542821minfopra.png	200	image/png
20230207110447	https://promouvoircompetences.com/images/questions/1673547061composition-dossier-recrutement-fonction-publique.jpg	200	image/jpeg
20230207110448	https://promouvoircompetences.com/images/questions/1674206316liste-cni-dsiponibles-ce.jpg	200	image/jpeg
20230207110447	https://promouvoircompetences.com/images/questions/1675330326billets-euro-grille-salaire-acf.jpg	200	image/jpeg
20230408065925	https://promouvoircompetences.com/images/questions/1678196761scam-piratage-vol-informations.jpg	200	image/jpeg
20230408065924	https://promouvoircompetences.com/images/questions/1680332057eso-banankoro_.jpg	200	image/jpeg
20230407183205	https://promouvoircompetences.com/images/questions/1680452319Capture%20d%E2%80%99%C3%A9cran%2002-04-2023%2017.18.06.jpg	200	image/jpeg
20230408021303	https://promouvoircompetences.com/images/questions/1680619085logo-mtfp.png	200	image/png
20230512002652	https://promouvoircompetences.com/images/questions/1681283650convocation-examens-2023-deco.jpg	200	image/jpeg
20230512023556	https://promouvoircompetences.com/images/questions/1681718962minesup.jpg	200	image/jpeg
20230512014518	https://promouvoircompetences.com/images/questions/1681749276concours-ebad-ucad-2023.jpg	200	image/jpeg
20230512024159	https://promouvoircompetences.com/images/questions/1682236931a-quand-resultats-concours-police-2023-cameroun.jpg	200	image/jpeg
20230512042622	https://promouvoircompetences.com/images/questions/1682440779operation-mode-avion-cameroun4.jpg	200	image/jpeg
20230512032706	https://promouvoircompetences.com/images/questions/1683087301impression-correcteurs-cafop-ia.jpg	200	image/jpeg
20230512002936	https://promouvoircompetences.com/images/questions/1683816693resultats-concours-entree-6e-1ere-annee-2023-cameroun.jpg	200	image/jpeg
20230706205924	https://promouvoircompetences.com/images/questions/1684172270horaires-examens-bepc-cap-capiet-capiem-2023-cameroun.jpg	200	image/jpeg
20230706085008	https://promouvoircompetences.com/images/questions/1685294661pourcentage-cep-2023-gabon.png	200	image/png
20230706085902	https://promouvoircompetences.com/images/questions/1685383050resultats-examens-2023-gabon.jpg	200	image/jpeg
20230706090522	https://promouvoircompetences.com/images/questions/1686994581resultats-bepc-2023-gabon-disponibles.jpg	200	image/jpeg
20230706091201	https://promouvoircompetences.com/images/questions/1687529173resultats-def-2023-mali-date-ok.jpg	200	image/jpeg
20230710103044	https://promouvoircompetences.com/images/questions/1687774811resultats-bepc-2023--cameroun.jpg	200	image/jpeg
20230706085459	https://promouvoircompetences.com/images/questions/1687778472quand-la-publication-resultats-bac-2023-mali.jpg	200	image/jpeg
20230706145125	https://promouvoircompetences.com/images/questions/1688195032formulaire-bepc-2023.jpg	200	image/jpeg
20230706094012	https://promouvoircompetences.com/images/questions/1688245171resultats-orientations-en-6e-2023-gabon.jpg	200	image/jpeg
20230706090531	https://promouvoircompetences.com/images/questions/1688284273date-resultats-bac-tchad-2023.jpg	200	image/jpeg
20230710103041	https://promouvoircompetences.com/images/questions/1688648845when-will-2023-gce-results-released.jpg	200	image/jpeg
20230710103044	https://promouvoircompetences.com/images/questions/1688827472bepc-2023-benin-eresultats.jpg	200	image/jpeg
20230710103039	https://promouvoircompetences.com/images/questions/1688827580resultats-bepc-togo-2023.jpg	200	image/jpeg
20230711183229	https://promouvoircompetences.com/images/questions/1689050163consulter-resultats-bepc-madagascar.jpg	200	image/jpeg
20230712104053	https://promouvoircompetences.com/images/questions/1689143768date-publication-resultats-bac-technique-congo-2023.jpg	200	image/jpeg
20230724012302	https://promouvoircompetences.com/images/questions/1689423336ou-telecharger-resultats-bts-2023-cameroun2.jpg	200	image/jpeg
20230813194801	https://promouvoircompetences.com/images/questions/1689697901ou-telecharger-resultats-bac-general-2023-congo.jpg	200	image/jpeg
20230813194759	https://promouvoircompetences.com/images/questions/1689787322ou-telecharger-consulter-resultats-bac-general-2023-cameroun.jpg	200	image/jpeg
20230813194759	https://promouvoircompetences.com/images/questions/1689933216fake-news-resultats-bac-mali-2023.jpg	200	image/jpeg
20230813194756	https://promouvoircompetences.com/images/questions/1690005496ou-telecharger-resultats-cfee-concours-en-6e-2023-senegal.jpg	200	image/jpeg
20230813194756	https://promouvoircompetences.com/images/questions/1690318106ou-telecharger-resultats-bef-bet-bep-2023-congo.jpg	200	image/jpeg
20230729172257	https://promouvoircompetences.com/images/questions/1690453418ou-consulter-bac-general-2023-resultats.jpg	200	image/jpeg
20230729172303	https://promouvoircompetences.com/images/questions/1690557220pourquoi-retard-resultats-bac-2023-mali.jpg	200	image/jpeg
20230729172256	https://promouvoircompetences.com/images/questions/1690573592ou-telecharger-listes-admis-2e-session-bac-2023-tchad.jpg	200	image/jpeg
20230813194755	https://promouvoircompetences.com/images/questions/1691037300a-quand-resultats-bac-2023-mali.jpg	200	image/jpeg
20230813194759	https://promouvoircompetences.com/images/questions/1691420385a-quand-proclamation-resultats-cap-bt1-bt2-2023-mali.jpg	200	image/jpeg
20230813194759	https://promouvoircompetences.com/images/questions/1691583923ou-consulter-resultats-bepc-2023-congo-brazza.jpg	200	image/jpeg
20230827231345	https://promouvoircompetences.com/images/questions/1692021333comment-consulter-resultats-bts-2023-niger.jpg	200	image/jpeg
20230827231345	https://promouvoircompetences.com/images/questions/1692084265resultats-bac-2023-madagascar-statistiques.jpg	200	image/jpeg
20230827231344	https://promouvoircompetences.com/images/questions/1692878847ecoles-primaires-fermees-2023-2024-cameroun.jpg	200	image/jpeg
20231009175944	https://promouvoircompetences.com/images/questions/1696309562a-quand-resultats-orientation-def-2023.jpg	200	image/jpeg
20231009172358	https://promouvoircompetences.com/images/questions/1696397639resultats-concours-iut-bois-mbalmayo-uy1-2023-2024.jpg	200	image/jpeg
20231210181334	https://promouvoircompetences.com/images/questions/1698479445orientation-def-2023-mali.jpg	200	image/jpeg
20231210181335	https://promouvoircompetences.com/images/questions/1698586967concours-2023-infas.jpg	200	image/jpeg
20231210181335	https://promouvoircompetences.com/images/questions/1700476740procedure-transfert-mali-2023-2.jpg	200	image/jpeg
20231210181335	https://promouvoircompetences.com/images/questions/1700820208resultats-definitifs-concours-police-2023-cameroun.jpg	200	image/jpeg
20231210181337	https://promouvoircompetences.com/images/questions/1701929825conditions_programme_concours_police_2023-2024_cameroun.jpg	200	image/jpeg
20240203122231	https://promouvoircompetences.com/images/questions/1703630330resultats-admissibilites-concours-gendarmerie-2023-cameroun.png	200	image/png
20240203122232	https://promouvoircompetences.com/images/questions/1704352103resultats-concours-minfopra-2023-cameroun-disponibles.jpg	200	image/jpeg
20240203122253	https://promouvoircompetences.com/images/questions/1706127877joueurs-cameroun-jubilant-match-contre-gambie.jpg	200	image/jpeg
20240507141953	https://promouvoircompetences.com/images/questions/1713110540calendrier-examens-2023-2024-mali.jpg	200	image/jpeg
20240507142003	https://promouvoircompetences.com/images/questions/1713117151resultats-depouillements-armee-2023-mali.jpg	200	image/jpeg
20240507141950	https://promouvoircompetences.com/images/questions/1713255796concours-eso-mali-2024.jpg	200	image/jpeg
20240507141938	https://promouvoircompetences.com/images/questions/1713430507calendrier-examens-2024-gabon.jpg	200	image/jpeg
20240507141953	https://promouvoircompetences.com/images/questions/1713445546conditions-concours-gendarmerie-senegal-2024.jpg	200	image/jpeg
20240507141957	https://promouvoircompetences.com/images/questions/1713448801composition-dossier-concours-gendarmerie-sn-2024.jpg	200	image/jpeg
20240507141933	https://promouvoircompetences.com/images/questions/1714118461nouvelle_grille_salaire_cameroun.jpg	200	image/jpeg
20240507141945	https://promouvoircompetences.com/images/questions/1714559458calendrier-examens-nationaux-2024-guinee.jpg	200	image/jpeg
20240507142017	https://promouvoircompetences.com/images/questions/1714715698admissibilites-concours-police-2024-cameroun.jpg	200	image/jpeg
20240507141957	https://promouvoircompetences.com/images/questions/1714891674ena_ci.jpg	200	image/jpeg
20240602021546	https://promouvoircompetences.com/images/questions/1715234095arnaque-fonds-national-autonomisation-jeunesse.jpg	200	image/jpeg
20240601194334	https://promouvoircompetences.com/images/questions/1717226918liste_officielle_manuels_scolaires-2024-2025.jpg	200	image/jpeg
20240620020912	https://promouvoircompetences.com/images/questions/1717377629bac-2024-impression-convocation-ci.png	200	image/png
20240620071906	https://promouvoircompetences.com/images/questions/1718021108quand-publication-resultats-def-2024-mali.jpg	200	image/jpeg
20240620014508	https://promouvoircompetences.com/images/questions/1718312133programme_bac_2024_ci.jpg	200	image/jpeg
20240620015108	https://promouvoircompetences.com/images/questions/1718690027Capture%20d'%C3%A9cran%202024-06-18%20065310.png	200	image/png
20240620021948	https://promouvoircompetences.com/images/questions/1718690390Capture%20d'%C3%A9cran%202024-06-18%20065931.png	200	image/png
20240620020146	https://promouvoircompetences.com/images/questions/1718720015r%C3%A9sultats-bepc-2024-ci.png	200	image/png
20240626033641	https://promouvoircompetences.com/images/questions/1719088612r%C3%A9sultats-bac-1er-tour-2024-gabon-xgest.png	200	image/png
20240703131055	https://promouvoircompetences.com/images/questions/1719596200r%C3%A9sultats-bac-2nd-tour-2024-gabon-xgest-min.png	200	image/png
20240705195808	https://promouvoircompetences.com/images/questions/1719687765consultation-bac-2024-niger-1er-groupe-min.png	200	image/png
20240703135729	https://promouvoircompetences.com/images/questions/1719836649consultation-cep-2024-b%C3%A9nin-min.png	200	image/png
20240703132437	https://promouvoircompetences.com/images/questions/1719998816concours_emia-2024-mali.jpg	200	image/jpeg
20240707080346	https://promouvoircompetences.com/images/questions/1720133472date_proclamation_cepe_2024_congo.jpg	200	image/jpeg
20240711152821	https://promouvoircompetences.com/images/questions/1720467259consultation-r%C3%A9sultats-bac-2024-ci-1.png	200	image/png
20240711152820	https://promouvoircompetences.com/images/questions/1720547368resultats_bac_2e_tour_djibouti.jpg	200	image/jpeg
20240711072059	https://promouvoircompetences.com/images/questions/1720596411consultation-bepc-2024-b%C3%A9nin-promouvoircompetences-com.png	200	image/png
20240711062650	https://promouvoircompetences.com/images/questions/1720618275resultats_bepc-2024-madagascar.jpg	200	image/jpeg
20240804135011	https://promouvoircompetences.com/images/questions/1720618362resultats_cee-2024_guinee.jpg	200	image/jpeg
20240804211201	https://promouvoircompetences.com/images/questions/1720883548mtfp.png	200	image/png
20240804155808	https://promouvoircompetences.com/images/questions/1720909615consultation-bepc-2024-1.png	200	image/png
20240804183350	https://promouvoircompetences.com/images/questions/1720910093consultation-cee-2024-1.png	200	image/png
20240721071104	https://promouvoircompetences.com/images/questions/1721414128resultats-bac-general-2024-cameroun.jpg	200	image/jpeg
20240721085048	https://promouvoircompetences.com/images/questions/1721504143consultation-cepe-2024-comores-min.png	200	image/png
20240804135539	https://promouvoircompetences.com/images/questions/1721804850resultats_bac-2024_guinee.jpg	200	image/jpeg
20240804134459	https://promouvoircompetences.com/images/questions/1721811816resultats_probatoire-general_2024_cameroun.jpg	200	image/jpeg
20240804171449	https://promouvoircompetences.com/images/questions/1722363485subventions_minesec_2024_beneficiaires.jpg	200	image/jpeg
20240805225000	https://promouvoircompetences.com/images/questions/1722368773date_resultats_bac-2024_mali.jpg	200	image/jpeg
20240910235911	https://promouvoircompetences.com/images/questions/1722950024resultats-bac-mali-2024-dispo.jpg	200	image/jpeg
20241115204327	https://promouvoircompetences.com/images/questions/1723047647date_resultats_bac-2024-mali.png	200	image/png
20240911015630	https://promouvoircompetences.com/images/questions/1724009370ecolesaucameroun_2.jpg	200	image/jpeg
20240911122348	https://promouvoircompetences.com/images/questions/1724192369resultats-concours-iut-douala.png	200	image/png
20241116135210	https://promouvoircompetences.com/images/questions/1724278589resultats_cfee_senegal-2024.jpg	200	image/jpeg
20240911023815	https://promouvoircompetences.com/images/questions/1724312090date_resultats-cap-bt-2024-mali.jpg	200	image/jpeg
20241117162747	https://promouvoircompetences.com/images/questions/1725886714inondation-mali-2024.jpeg	200	image/jpeg
20241113050300	https://promouvoircompetences.com/images/questions/1731363108lien-orientation.jpg	200	image/jpeg
20241221204852	https://promouvoircompetences.com/images/questions/1733433535site-cybercriminels.png	200	image/png
20250219050418	https://promouvoircompetences.com/images/questions/1738425516verifier-cni-2025-cameroun.jpg	200	image/jpeg
20250219050507	https://promouvoircompetences.com/images/questions/1738572256liste_candidats-admissibles-eso-2024-mali.png	200	image/png
20250219050710	https://promouvoircompetences.com/images/questions/1738825668communiques_visites-med_eso.png	200	image/png
20250220123611	https://promouvoircompetences.com/images/questions/1739740094idcam-procedure.jpg	200	image/jpeg
20250219050405	https://promouvoircompetences.com/images/questions/1739879626communique-fama-mis.png	200	image/png
20240711073016	https://promouvoircompetences.com/images/questions/cisco-bepc-2024-min.png	200	image/png
20240717060851	https://promouvoircompetences.com/images/questions/communiqu%C3%A9-r%C3%A9sultats-def-2024.jpg	200	image/jpeg
20231210181339	https://promouvoircompetences.com/images/questions/communique-transfert-mali-2023.jpg	200	image/jpeg
20240925213947	https://promouvoircompetences.com/images/questions/communique_date_resultats_bac2024.jpg	200	image/jpeg
20230706155557	https://promouvoircompetences.com/images/questions/conssultation-cepe-2023-ci.png	200	image/png
20230724011955	https://promouvoircompetences.com/images/questions/consultation-bact-2023-cg-2.png	200	image/png
20230724011927	https://promouvoircompetences.com/images/questions/consultation-bact-2023-cg.png	200	image/png
20230710103046	https://promouvoircompetences.com/images/questions/consultation-bepc-2023-ci.png	200	image/png
20230813194809	https://promouvoircompetences.com/images/questions/consultation-bepc-2023-comores.png	200	image/png
20240711063336	https://promouvoircompetences.com/images/questions/consultation-bepc-2024-1-min.png	200	image/png
20240711061643	https://promouvoircompetences.com/images/questions/consultation-bepc-2024-2-min.png	200	image/png
20240711152823	https://promouvoircompetences.com/images/questions/consultation-bepc-2024-b%C3%A9nin-promouvoircompetences-com.png	200	image/png
20240711074130	https://promouvoircompetences.com/images/questions/consultation-bepc-2024-nom-min.png	200	image/png
20240704030934	https://promouvoircompetences.com/images/questions/consultation-cep-2024-b%C3%A9nin-min.png	200	image/png
20240721075457	https://promouvoircompetences.com/images/questions/consultation-cepe-2024-comores-min.png	200	image/png
20240711152821	https://promouvoircompetences.com/images/questions/consultation-r%C3%A9sultats-bac-2024-ci-1.png	200	image/png
20240626033646	https://promouvoircompetences.com/images/questions/consultation-r%C3%A9sultats-bac-gen-2024-gabon-xgest.png	200	image/png
20240626033647	https://promouvoircompetences.com/images/questions/consultation-r%C3%A9sultats-bac-tech-pro-2024-gabon-xgest.png	200	image/png
20230710103046	https://promouvoircompetences.com/images/questions/consultation-resultats-bepc-2023-bj-1.png	200	image/png
20230710103044	https://promouvoircompetences.com/images/questions/consultation-resultats-bepc-2023-bj-2.png	200	image/png
20230710103044	https://promouvoircompetences.com/images/questions/consultation-resultats-bepc-2023-bj-3.png	200	image/png
20230710103046	https://promouvoircompetences.com/images/questions/consultation-resultats-bepc-2023-tg-1.png	200	image/png
20230710103047	https://promouvoircompetences.com/images/questions/consultation-resultats-bepc-2023-tg-2.png	200	image/png
20230710103042	https://promouvoircompetences.com/images/questions/consultation-resultats-bepc-2023-tg-3.png	200	image/png
20230710103044	https://promouvoircompetences.com/images/questions/consultation-resultats-bepc-2023-tg-4.png	200	image/png
20230710103041	https://promouvoircompetences.com/images/questions/consulter-cep-2023-benin.png	200	image/png
20230710103040	https://promouvoircompetences.com/images/questions/consulter-resultats-cepe-2023-cg-1.png	200	image/png
20230710103039	https://promouvoircompetences.com/images/questions/consulter-resultats-cepe-2023-cg-2.png	200	image/png
20230710103038	https://promouvoircompetences.com/images/questions/consulter-resultats-cepe-2023-cg-3.png	200	image/png
20230710103040	https://promouvoircompetences.com/images/questions/consulter-resultats-cepe-2023-cg-4.png	200	image/png
20230710103039	https://promouvoircompetences.com/images/questions/consulter-resultats-cepe-2023-cg-5.png	200	image/png
20230710103038	https://promouvoircompetences.com/images/questions/consulter-resultats-cepe-2023-cg-6.png	200	image/png
20230710103040	https://promouvoircompetences.com/images/questions/consulter-resultats-cepe-2023-cg-7.png	200	image/png
20231210181334	https://promouvoircompetences.com/images/questions/formulaire.jpg	200	image/jpeg
20230710103040	https://promouvoircompetences.com/images/questions/googleplay-recherche-digidec.png	200	image/png
20231210181335	https://promouvoircompetences.com/images/questions/lien-orientation.jpg	200	image/jpeg
20231210181335	https://promouvoircompetences.com/images/questions/portail-education-mali.jpg	200	image/jpeg
20231210181339	https://promouvoircompetences.com/images/questions/procedure-transfert-mali-2023-1.jpg	200	image/jpeg
20231210181340	https://promouvoircompetences.com/images/questions/procedure-transfert-mali-2023-2.jpg	200	image/jpeg
20240626033637	https://promouvoircompetences.com/images/questions/r%C3%A9sultats-bac-1er-tour-2024-gabon-xgest.png	200	image/png
20240626033657	https://promouvoircompetences.com/images/questions/r%C3%A9sultats-bac-1er-tour-2024-gabon.png	200	image/png
20210905132626	https://promouvoircompetences.com/images/questions/School-reopens-Sept-2021.pdf	200	application/pdf
20230827232901	https://promouvoircompetences.com/images/questions/stats-bac-2023-madagascar-antsiranana.jpg	200	image/jpeg
20230827232900	https://promouvoircompetences.com/images/questions/stats-bac-2023-madagascar-fianarantsoa.jpg	200	image/jpeg
20230827232900	https://promouvoircompetences.com/images/questions/stats-bac-2023-madagascar-mahajanga.jpg	200	image/jpeg
20240727164615	https://promouvoircompetences.com/images/questions/stats-bac-2024-guinee.jpg	200	image/jpeg
20240716121634	https://promouvoircompetences.com/images/questions/stats-bepc-2024.jpg	200	image/jpeg
20240716131020	https://promouvoircompetences.com/images/questions/stats-cee-2024.jpg	200	image/jpeg
20231210181341	https://promouvoircompetences.com/images/questions/transfert-etape-1.png	200	image/png
20231210181340	https://promouvoircompetences.com/images/questions/transfert-etape-2.png	200	image/png
20231210181340	https://promouvoircompetences.com/images/questions/transfert-etape-3.png	200	image/png
20231210181339	https://promouvoircompetences.com/images/questions/transfert-etape-4.png	200	image/png
20231210181339	https://promouvoircompetences.com/images/questions/validation-transfert-1.png	200	image/png
20231210181340	https://promouvoircompetences.com/images/questions/validation-transfert-2.png	200	image/png
20231210181339	https://promouvoircompetences.com/images/questions/validation-transfert-3.png	200	image/png
20210107081516	https://promouvoircompetences.com/images/recruteurs.jpg	200	image/jpeg
20210107081523	https://promouvoircompetences.com/images/resultats.jpg	200	image/jpeg
20220829204927	https://promouvoircompetences.com/images/resultats/1658514160-resultats-bepc-2022-niger.jpg	200	image/jpeg
20220821133851	https://promouvoircompetences.com/images/resultats/1658668027-resultats-def-mali-2022.jpg	200	image/jpeg
20220829210019	https://promouvoircompetences.com/images/resultats/1658759801-statistiques-bac-2-togo-2022.jpg	200	image/jpeg
20220821133800	https://promouvoircompetences.com/images/resultats/1658961096-bac-2022-cameroun.jpg	200	image/jpeg
20220821133819	https://promouvoircompetences.com/images/resultats/1658964858-bac-2022-cameroun.jpg	200	image/jpeg
20220829210019	https://promouvoircompetences.com/images/resultats/1659190196-admis-2e-tour-bac-tchad-2022.jpg	200	image/jpeg
20220821133735	https://promouvoircompetences.com/images/resultats/1659194241-images_youtube.jpg	200	image/jpeg
20220829204929	https://promouvoircompetences.com/images/resultats/1659282630-resultats-definitifs-recrutement-armee-2022-benin.jpg	200	image/jpeg
20220829204925	https://promouvoircompetences.com/images/resultats/1659473945-resultats-probatoire-technique-2022-cameroun.jpg	200	image/jpeg
20220829204455	https://promouvoircompetences.com/images/resultats/1659628191-resultats-probatoire-general-2022-cameroun.jpg	200	image/jpeg
20220829211451	https://promouvoircompetences.com/images/resultats/1659809470-resultats-orientations-6e-gabon-2022.jpg	200	image/jpeg
20220821133816	https://promouvoircompetences.com/images/resultats/1660174779-resultats-concours-police-2021-2022-cameroun.jpg	200	image/jpeg
20220829204927	https://promouvoircompetences.com/images/resultats/1660322597-resultats-bepc-2022-congo-brazza.jpg	200	image/jpeg
20220821133823	https://promouvoircompetences.com/images/resultats/1660812103-resultats-bac-2022-mali.jpg	200	image/jpeg
20220821133910	https://promouvoircompetences.com/images/resultats/1660980457-all-2022-gce-results.jpg	200	image/jpeg
20220829204402	https://promouvoircompetences.com/images/resultats/1661080158-resultats-probatoire-2022-lycee-bilingue-mbalmayo.jpg	200	image/jpeg
20220829204402	https://promouvoircompetences.com/images/resultats/1661241644-resultats-bac-2022-madagascar.jpg	200	image/jpeg
20220829204401	https://promouvoircompetences.com/images/resultats/1661241699-statistiques-resultats-bac-2022-madagascar.jpg	200	image/jpeg
20220829204402	https://promouvoircompetences.com/images/resultats/1661687602-resultats-concours-enspy-2022.jpg	200	image/jpeg
20220829204401	https://promouvoircompetences.com/images/resultats/1661793995-resultats-concours-gendarmerie-2022-burkina.jpg	200	image/jpeg
20230517214048	https://promouvoircompetences.com/images/resultats/1662643802-a-quand-les-resultats-cap-bt1-bt-2022-mali.jpg	200	image/jpeg
20230128232008	https://promouvoircompetences.com/images/resultats/1671023777-resultats-admissibilites-enam-2023.jpg	200	image/jpeg
20230202231539	https://promouvoircompetences.com/images/resultats/1671023877-resultats-admissibilites-enam-2023.jpg	200	image/jpeg
20230202200114	https://promouvoircompetences.com/images/resultats/1673509055-recrutement-minsante.jpg	200	image/jpeg
20230207110445	https://promouvoircompetences.com/images/resultats/1673975186-listes-matricules-laureats-2022-ens-enset-cameroun.jpg	200	image/jpeg
20230408015845	https://promouvoircompetences.com/images/resultats/1678126711-image-resultats-dqp-2022.jpg	200	image/jpeg
20230517131949	https://promouvoircompetences.com/images/resultats/1684089511-resultats-concours-entree-6e-2023-college-jean-tabi.jpg	200	image/jpeg
20230706155654	https://promouvoircompetences.com/images/resultats/1687527818-resultats-def-2023-mali.jpg	200	image/jpeg
20230706090652	https://promouvoircompetences.com/images/resultats/1687690510-resultats-bac-2023-guinee-conakry.jpg	200	image/jpeg
20230706095806	https://promouvoircompetences.com/images/resultats/1687774627-resultats-bepc-2023--cameroun.jpg	200	image/jpeg
20230706030652	https://promouvoircompetences.com/images/resultats/1687780451-resultats-bac-2023-mali.jpg	200	image/jpeg
20230706030826	https://promouvoircompetences.com/images/resultats/1687787791-resultats-bepc-2023-guinee.jpg	200	image/jpeg
20230706102933	https://promouvoircompetences.com/images/resultats/1688053072-statistiques-resultats-cee-2023-guinee.jpg	200	image/jpeg
20230706031008	https://promouvoircompetences.com/images/resultats/1688283999-resultats-bac-2023-tchad.jpg	200	image/jpeg
20230706221437	https://promouvoircompetences.com/images/resultats/1688650378-gce-2023-results-cameroon2.jpg	200	image/jpeg
20230710103037	https://promouvoircompetences.com/images/resultats/1688813237-resultats-2023-examen-sortie-guinee.jpg	200	image/jpeg
20230710103047	https://promouvoircompetences.com/images/resultats/1688901096-resultats-bac-2023-djibouti.jpg	200	image/jpeg
20230724021426	https://promouvoircompetences.com/images/resultats/1689143690-resultats-bac-technique-congo-2023.jpg	200	image/jpeg
20230725162204	https://promouvoircompetences.com/images/resultats/1690000490-resultats-cfee-entree-en-6e-2023-senegal.jpg	200	image/jpeg
20230726104238	https://promouvoircompetences.com/images/resultats/1690318012-resultats-brevets-2023-congo.jpg	200	image/jpeg
20230813194802	https://promouvoircompetences.com/images/resultats/1690453716-bac-2023-resultats.jpg	200	image/jpeg
20230813194802	https://promouvoircompetences.com/images/resultats/1690571334-resultats-bac-2023-tchad-2e-serie.jpg	200	image/jpeg
20230813194802	https://promouvoircompetences.com/images/resultats/1691075807-resultats-probatoire-general-2023-cameroun.jpg	200	image/jpeg
20230813194801	https://promouvoircompetences.com/images/resultats/1691076519-resultats-probatoire-technique-2023-cameroun2.jpg	200	image/jpeg
20230813194801	https://promouvoircompetences.com/images/resultats/1691419182-resultats-cap-bt1-bt2-2023-mali.jpg	200	image/jpeg
20230813194756	https://promouvoircompetences.com/images/resultats/1691583847-resultats-bepc-2023-congo-brazza.jpg	200	image/jpeg
20230827232846	https://promouvoircompetences.com/images/resultats/1692022200-resultats-bts-2023-niger.jpg	200	image/jpeg
20231009180014	https://promouvoircompetences.com/images/resultats/1694231853-resultats-ifm-2023-mali.jpg	200	image/jpeg
20231009172424	https://promouvoircompetences.com/images/resultats/1694231867-resultats-bt-agro-2023-mali.jpg	200	image/jpeg
20231009180051	https://promouvoircompetences.com/images/resultats/1694327848-resultats-concours-police-gabon-2023.jpg	200	image/jpeg
20231009180038	https://promouvoircompetences.com/images/resultats/1696309587-resultats-orientation-def-2023.jpg	200	image/jpeg
20231009172421	https://promouvoircompetences.com/images/resultats/1696397414-resultats-concours-iut-bois-mbalmayo-uy1-2023-2024.jpg	200	image/jpeg
20231009180044	https://promouvoircompetences.com/images/resultats/1696570188-resultats-admissibilites-concours-police-2023-cameroun.jpg	200	image/jpeg
20240507141959	https://promouvoircompetences.com/images/resultats/1704351704-resultats-concours-minfopra-2023-cameroun.jpg	200	image/jpeg
20240507141954	https://promouvoircompetences.com/images/resultats/1707982897-resultats-dqp-2023-cameroun2.jpg	200	image/jpeg
20240507142042	https://promouvoircompetences.com/images/resultats/1713117167-resultats-depouillements-armee-2023-mali.jpg	200	image/jpeg
20240602060724	https://promouvoircompetences.com/images/resultats/1716577861-resultats_cep_2024_gabon.jpg	200	image/jpeg
20240705090517	https://promouvoircompetences.com/images/resultats/1720135117-resultats_cepe_2024_congo.jpg	200	image/jpeg
20240711063307	https://promouvoircompetences.com/images/resultats/1720547324-resultats_bac_2e_tour_djibouti.jpg	200	image/jpeg
20240714191416	https://promouvoircompetences.com/images/resultats/1720617852-resultats_cee-2024_guinee.jpg	200	image/jpeg
20240715181751	https://promouvoircompetences.com/images/resultats/1720823159-resultats_bepc-2024_guinee-conakry.jpg	200	image/jpeg
20240714171046	https://promouvoircompetences.com/images/resultats/1720966661-resultats_bac-2024_tchad.jpg	200	image/jpeg
20240727175818	https://promouvoircompetences.com/images/resultats/1721804818-resultats_bac-2024_guinee2.jpg	200	image/jpeg
20240807015351	https://promouvoircompetences.com/images/resultats/1722367078-resultats_bac-2024_mali.jpg	200	image/jpeg
20241117124353	https://promouvoircompetences.com/images/resultats/1724696953-etat-major-armee-senegal.png	200	image/png
20241117023611	https://promouvoircompetences.com/images/resultats/1724930328-resultats-enieg-eniet_2024.jpg	200	image/jpeg
20250219050405	https://promouvoircompetences.com/images/resultats/1738571614-resultats-concours-eso-2024.png	200	image/png
20230828095303	https://promouvoircompetences.com/images/resultats/consulter-resultats-bts-2023-niger.jpg	200	image/jpeg
20210918121813	https://promouvoircompetences.com/images/resultats/resultat.jpg	200	image/jpeg
20220821133803	https://promouvoircompetences.com/images/resultats/resultats-du-bac-technique-2022-au-cameroun-Array	200	unk
20230710103039	https://promouvoircompetences.com/images/resultats/resultats-examen-de-sortie-2023-option-ADMINISTRATION-GENERALE-promouvoircompetences-com.pdf	200	application/pdf
20230710103038	https://promouvoircompetences.com/images/resultats/resultats-examen-de-sortie-2023-option-AGENT-COMPTABLE-GESTIONNAIRE-promouvoircompetences-com.pdf	200	application/pdf
20230710103040	https://promouvoircompetences.com/images/resultats/resultats-examen-de-sortie-2023-option-AGENT-TECHNIQUE-TELECOMMUNICATION-promouvoircompetences-com.pdf	200	application/pdf
20230710103039	https://promouvoircompetences.com/images/resultats/resultats-examen-de-sortie-2023-option-AIDE-COMPTABLE-promouvoircompetences-com.pdf	200	application/pdf
20230710103039	https://promouvoircompetences.com/images/resultats/resultats-examen-de-sortie-2023-option-APPUI-CONSEIL-promouvoircompetences-com.pdf	200	application/pdf
20230710103039	https://promouvoircompetences.com/images/resultats/resultats-examen-de-sortie-2023-option-BEP-ACTION-COMMERCIALE-promouvoircompetences-com.pdf	200	application/pdf
20230710103039	https://promouvoircompetences.com/images/resultats/resultats-examen-de-sortie-2023-option-BEP-BANQUE-ASSURANCE-promouvoircompetences-com.pdf	200	application/pdf
20230710103041	https://promouvoircompetences.com/images/resultats/resultats-examen-de-sortie-2023-option-BEP-COMPTABILITE-promouvoircompetences-com.pdf	200	application/pdf
20230710103038	https://promouvoircompetences.com/images/resultats/resultats-examen-de-sortie-2023-option-BEP-CUISINE-PATISSERIE-promouvoircompetences-com.pdf	200	application/pdf
20230710103037	https://promouvoircompetences.com/images/resultats/resultats-examen-de-sortie-2023-option-BEP-HEBERGEMENT-promouvoircompetences-com.pdf	200	application/pdf
20230710103037	https://promouvoircompetences.com/images/resultats/resultats-examen-de-sortie-2023-option-BEP-INFORMATIQUE-promouvoircompetences-com.pdf	200	application/pdf
20230710103037	https://promouvoircompetences.com/images/resultats/resultats-examen-de-sortie-2023-option-BEP-RESTAURANT-BAR-promouvoircompetences-com.pdf	200	application/pdf
20230710103037	https://promouvoircompetences.com/images/resultats/resultats-examen-de-sortie-2023-option-BEP-SCB-promouvoircompetences-com.pdf	200	application/pdf
20230710103037	https://promouvoircompetences.com/images/resultats/resultats-examen-de-sortie-2023-option-BEP-TRANSIT-DOUANE-promouvoircompetences-com.pdf	200	application/pdf
20230710103038	https://promouvoircompetences.com/images/resultats/resultats-examen-de-sortie-2023-option-BT-COMPTABILITE-GESTION-promouvoircompetences-com.pdf	200	application/pdf
20230710103038	https://promouvoircompetences.com/images/resultats/resultats-examen-de-sortie-2023-option-BT-ELCTROTECHNIQUE-APC-promouvoircompetences-com.pdf	200	application/pdf
20230710103038	https://promouvoircompetences.com/images/resultats/resultats-examen-de-sortie-2023-option-BT-ELECTRICITE-INDUSTRIELLE-promouvoircompetences-com.pdf	200	application/pdf
20230710103038	https://promouvoircompetences.com/images/resultats/resultats-examen-de-sortie-2023-option-BT-FINANCE-BANQUE-promouvoircompetences-com.pdf	200	application/pdf
20230710103038	https://promouvoircompetences.com/images/resultats/resultats-examen-de-sortie-2023-option-BT-MAINTENANCE-ELECTRONIQUE-INFORMATIQUE-promouvoircompetences-com.pdf	200	application/pdf
20230710103040	https://promouvoircompetences.com/images/resultats/resultats-examen-de-sortie-2023-option-BT-MECANIQUE-AUTO-promouvoircompetences-com.pdf	200	application/pdf
20230710103037	https://promouvoircompetences.com/images/resultats/resultats-examen-de-sortie-2023-option-BT-MECANIQUE-GENERALE-promouvoircompetences-com.pdf	200	application/pdf
20230710103038	https://promouvoircompetences.com/images/resultats/resultats-examen-de-sortie-2023-option-BTS-ADMINISTRATION-DES-AFFAIRES-promouvoircompetences-com.pdf	200	application/pdf
20230710103037	https://promouvoircompetences.com/images/resultats/resultats-examen-de-sortie-2023-option-BTS-BANQUE-ASSURANCE-promouvoircompetences-com.pdf	200	application/pdf
20230710103037	https://promouvoircompetences.com/images/resultats/resultats-examen-de-sortie-2023-option-BTS-BATIMENT-promouvoircompetences-com.pdf	200	application/pdf
20230710103038	https://promouvoircompetences.com/images/resultats/resultats-examen-de-sortie-2023-option-BTS-COMTABILITE-GESTION-promouvoircompetences-com.pdf	200	application/pdf
20230710103037	https://promouvoircompetences.com/images/resultats/resultats-examen-de-sortie-2023-option-BTS-ELCTROTECHNIQUE-APC-promouvoircompetences-com.pdf	200	application/pdf
20230710103038	https://promouvoircompetences.com/images/resultats/resultats-examen-de-sortie-2023-option-BTS-ELECTRICITE-INDUSTRIELLE-promouvoircompetences-com.pdf	200	application/pdf
20230710103038	https://promouvoircompetences.com/images/resultats/resultats-examen-de-sortie-2023-option-BTS-ELECTRICITE-PHOTOVOLTAIQUE-promouvoircompetences-com.pdf	200	application/pdf
20230710103038	https://promouvoircompetences.com/images/resultats/resultats-examen-de-sortie-2023-option-BTS-ELECTROMECANIQUE-promouvoircompetences-com.pdf	200	application/pdf
20230710103038	https://promouvoircompetences.com/images/resultats/resultats-examen-de-sortie-2023-option-BTS-ELECTRONIQUE-DES-SYSTEMES-EMBARQUES-promouvoircompetences-com.pdf	200	application/pdf
20230710103039	https://promouvoircompetences.com/images/resultats/resultats-examen-de-sortie-2023-option-BTS-ENVIRONNEMENT-promouvoircompetences-com.pdf	200	application/pdf
20230710103040	https://promouvoircompetences.com/images/resultats/resultats-examen-de-sortie-2023-option-BTS-FINANCE-COMPTABILITE-promouvoircompetences-com.pdf	200	application/pdf
20230710103041	https://promouvoircompetences.com/images/resultats/resultats-examen-de-sortie-2023-option-BTS-FROID-INDUSTRIEL-promouvoircompetences-com.pdf	200	application/pdf
20230710103040	https://promouvoircompetences.com/images/resultats/resultats-examen-de-sortie-2023-option-BTS-GENIE-INFORMATIQUE-promouvoircompetences-com.pdf	200	application/pdf
20230710103039	https://promouvoircompetences.com/images/resultats/resultats-examen-de-sortie-2023-option-BTS-GEOLOGIE-MINIERE-promouvoircompetences-com.pdf	200	application/pdf
20230710103038	https://promouvoircompetences.com/images/resultats/resultats-examen-de-sortie-2023-option-BTS-INFORMATIQUE-DE-GESTION-promouvoircompetences-com.pdf	200	application/pdf
20230710103039	https://promouvoircompetences.com/images/resultats/resultats-examen-de-sortie-2023-option-BTS-LOGISTIQUE-ET-TRANSPORT-promouvoircompetences-com.pdf	200	application/pdf
20230710103039	https://promouvoircompetences.com/images/resultats/resultats-examen-de-sortie-2023-option-BTS-MAINTENANCE-RESEAU-INFORMATIQUE-promouvoircompetences-com.pdf	200	application/pdf
20230710103039	https://promouvoircompetences.com/images/resultats/resultats-examen-de-sortie-2023-option-BTS-MARKETING-promouvoircompetences-com.pdf	200	application/pdf
20230710103038	https://promouvoircompetences.com/images/resultats/resultats-examen-de-sortie-2023-option-BTS-MECANIQUE-AUTO-promouvoircompetences-com.pdf	200	application/pdf
20230710103039	https://promouvoircompetences.com/images/resultats/resultats-examen-de-sortie-2023-option-BTS-MECANIQUE-GENERALE-MAINTENANCE-promouvoircompetences-com.pdf	200	application/pdf
20230710103038	https://promouvoircompetences.com/images/resultats/resultats-examen-de-sortie-2023-option-BTS-MINES-promouvoircompetences-com.pdf	200	application/pdf
20230710103038	https://promouvoircompetences.com/images/resultats/resultats-examen-de-sortie-2023-option-BTS-OPERATEUR-MINIER-promouvoircompetences-com.pdf	200	application/pdf
20230710103038	https://promouvoircompetences.com/images/resultats/resultats-examen-de-sortie-2023-option-BTS-RADIO-TELEVISION-promouvoircompetences-com.pdf	200	application/pdf
20230710103040	https://promouvoircompetences.com/images/resultats/resultats-examen-de-sortie-2023-option-BTS-RESEAU-COMMUTATION-promouvoircompetences-com.pdf	200	application/pdf
20230710103038	https://promouvoircompetences.com/images/resultats/resultats-examen-de-sortie-2023-option-BTS-SCB-promouvoircompetences-com.pdf	200	application/pdf
20230710103037	https://promouvoircompetences.com/images/resultats/resultats-examen-de-sortie-2023-option-BTS-TELECOMMUNICATION-promouvoircompetences-com.pdf	200	application/pdf
20230710103038	https://promouvoircompetences.com/images/resultats/resultats-examen-de-sortie-2023-option-BTS-TOPOGRAPHIE-promouvoircompetences-com.pdf	200	application/pdf
20230710103038	https://promouvoircompetences.com/images/resultats/resultats-examen-de-sortie-2023-option-BTS-TRANSIT-COMMERCE-INTERNATIONAL-promouvoircompetences-com.pdf	200	application/pdf
20230710103039	https://promouvoircompetences.com/images/resultats/resultats-examen-de-sortie-2023-option-BTS-TRANSMISSION-promouvoircompetences-com.pdf	200	application/pdf
20230710103038	https://promouvoircompetences.com/images/resultats/resultats-examen-de-sortie-2023-option-BTS-TRAVAUX-PUBLICS-promouvoircompetences-com.pdf	200	application/pdf
20230710103037	https://promouvoircompetences.com/images/resultats/resultats-examen-de-sortie-2023-option-CAP-CUISINE-PATISSERIE-PPO-promouvoircompetences-com.pdf	200	application/pdf
20230710103037	https://promouvoircompetences.com/images/resultats/resultats-examen-de-sortie-2023-option-CAP-OPERATEURS-MINIERS-APC-promouvoircompetences-com.pdf	200	application/pdf
20230710103038	https://promouvoircompetences.com/images/resultats/resultats-examen-de-sortie-2023-option-CAP-RESTAURANT-BAR-PPO-promouvoircompetences-com.pdf	200	application/pdf
20230710103039	https://promouvoircompetences.com/images/resultats/resultats-examen-de-sortie-2023-option-CHAUDRONNERIE-PPO-promouvoircompetences-com.pdf	200	application/pdf
20230710103039	https://promouvoircompetences.com/images/resultats/resultats-examen-de-sortie-2023-option-CONDUCTEUR-DES-TRAVAUX-promouvoircompetences-com.pdf	200	application/pdf
20230710103040	https://promouvoircompetences.com/images/resultats/resultats-examen-de-sortie-2023-option-CONDUITE-LOCOMOTIVE-promouvoircompetences-com.pdf	200	application/pdf
20230710103041	https://promouvoircompetences.com/images/resultats/resultats-examen-de-sortie-2023-option-CONSTRUCTION-NAVALE-promouvoircompetences-com.pdf	200	application/pdf
20230710103042	https://promouvoircompetences.com/images/resultats/resultats-examen-de-sortie-2023-option-CUISINE-PATISSERIE-APC-promouvoircompetences-com.pdf	200	application/pdf
20230710103042	https://promouvoircompetences.com/images/resultats/resultats-examen-de-sortie-2023-option-ELECTRICITE-BATIMENT-PPO-promouvoircompetences-com.pdf	200	application/pdf
20230710103039	https://promouvoircompetences.com/images/resultats/resultats-examen-de-sortie-2023-option-ELECTRICITE-INDUSTRIELLE-APC-promouvoircompetences-com.pdf	200	application/pdf
20230710103042	https://promouvoircompetences.com/images/resultats/resultats-examen-de-sortie-2023-option-ELECTROPNEUMATIQUE-promouvoircompetences-com.pdf	200	application/pdf
20230710103043	https://promouvoircompetences.com/images/resultats/resultats-examen-de-sortie-2023-option-ENATEF-MAMOU-promouvoircompetences-com.pdf	200	application/pdf
20230710103041	https://promouvoircompetences.com/images/resultats/resultats-examen-de-sortie-2023-option-ENI-ENSEIGNEMENT-GENERAL-promouvoircompetences-com.pdf	200	application/pdf
20230710103041	https://promouvoircompetences.com/images/resultats/resultats-examen-de-sortie-2023-option-EXPLOITANT-AGRICOLE-promouvoircompetences-com.pdf	200	application/pdf
20230710103041	https://promouvoircompetences.com/images/resultats/resultats-examen-de-sortie-2023-option-EXPLOITATION-FERROVIAIRE-promouvoircompetences-com.pdf	200	application/pdf
20230710103042	https://promouvoircompetences.com/images/resultats/resultats-examen-de-sortie-2023-option-FABRICATION-ENSEMBLE-METALLIQUE-APC-promouvoircompetences-com.pdf	200	application/pdf
20230710103043	https://promouvoircompetences.com/images/resultats/resultats-examen-de-sortie-2023-option-FRANCO-ARABE-promouvoircompetences-com.pdf	200	application/pdf
20230710103042	https://promouvoircompetences.com/images/resultats/resultats-examen-de-sortie-2023-option-FROID-CLIMATISATION-APC-promouvoircompetences-com.pdf	200	application/pdf
20230710103042	https://promouvoircompetences.com/images/resultats/resultats-examen-de-sortie-2023-option-GESTION-DE-LA-RESTAURATION-promouvoircompetences-com.pdf	200	application/pdf
20230710103042	https://promouvoircompetences.com/images/resultats/resultats-examen-de-sortie-2023-option-GESTION-ENTREPRISE-TOURISME-promouvoircompetences-com.pdf	200	application/pdf
20230710103040	https://promouvoircompetences.com/images/resultats/resultats-examen-de-sortie-2023-option-GESTION-HOTELIERE-promouvoircompetences-com.pdf	200	application/pdf
20230710103039	https://promouvoircompetences.com/images/resultats/resultats-examen-de-sortie-2023-option-HEBERGEMENT-APC-promouvoircompetences-com.pdf	200	application/pdf
20230710103041	https://promouvoircompetences.com/images/resultats/resultats-examen-de-sortie-2023-option-IMAGERIE-MEDICALE-promouvoircompetences-com.pdf	200	application/pdf
20230710103042	https://promouvoircompetences.com/images/resultats/resultats-examen-de-sortie-2023-option-INFIRMIER-DETAT-1-promouvoircompetences-com.pdf	200	application/pdf
20230710103039	https://promouvoircompetences.com/images/resultats/resultats-examen-de-sortie-2023-option-MACONNERIE-APC-promouvoircompetences-com.pdf	200	application/pdf
20230710103044	https://promouvoircompetences.com/images/resultats/resultats-examen-de-sortie-2023-option-MACONNERIE-PPO-promouvoircompetences-com.pdf	200	application/pdf
20230710103042	https://promouvoircompetences.com/images/resultats/resultats-examen-de-sortie-2023-option-MAEUTICIEN-1-promouvoircompetences-com.pdf	200	application/pdf
20230710103040	https://promouvoircompetences.com/images/resultats/resultats-examen-de-sortie-2023-option-MAINTENANCE-VEHICULES-LEGERS-APC-promouvoircompetences-com.pdf	200	application/pdf
20230710103043	https://promouvoircompetences.com/images/resultats/resultats-examen-de-sortie-2023-option-MECANIQUE-AUTO-PPO-promouvoircompetences-com.pdf	200	application/pdf
20230710103044	https://promouvoircompetences.com/images/resultats/resultats-examen-de-sortie-2023-option-MECANIQUE-DIESEL-promouvoircompetences-com.pdf	200	application/pdf
20230710103040	https://promouvoircompetences.com/images/resultats/resultats-examen-de-sortie-2023-option-MECANIQUE-GENERALE-PPO-promouvoircompetences-com.pdf	200	application/pdf
20230710103044	https://promouvoircompetences.com/images/resultats/resultats-examen-de-sortie-2023-option-MECANIQUE-MARINE-promouvoircompetences-com.pdf	200	application/pdf
20230710103039	https://promouvoircompetences.com/images/resultats/resultats-examen-de-sortie-2023-option-MENUISERIE-APC-promouvoircompetences-com.pdf	200	application/pdf
20230710103042	https://promouvoircompetences.com/images/resultats/resultats-examen-de-sortie-2023-option-MENUISERIE-PPO-promouvoircompetences-com.pdf	200	application/pdf
20230710103039	https://promouvoircompetences.com/images/resultats/resultats-examen-de-sortie-2023-option-NAVIGATION-PECHE-promouvoircompetences-com.pdf	200	application/pdf
20230710103043	https://promouvoircompetences.com/images/resultats/resultats-examen-de-sortie-2023-option-PLOMBERIE-SANITAIRE-APC-promouvoircompetences-com.pdf	200	application/pdf
20230710103043	https://promouvoircompetences.com/images/resultats/resultats-examen-de-sortie-2023-option-PLOMBERIE-SANITAIRE-PPO-promouvoircompetences-com.pdf	200	application/pdf
20230710103041	https://promouvoircompetences.com/images/resultats/resultats-examen-de-sortie-2023-option-PREPARATEUR-EN-PHERMACIE-promouvoircompetences-com.pdf	200	application/pdf
20230710103041	https://promouvoircompetences.com/images/resultats/resultats-examen-de-sortie-2023-option-PRESCOLAIRE-1-promouvoircompetences-com.pdf	200	application/pdf
20230710103042	https://promouvoircompetences.com/images/resultats/resultats-examen-de-sortie-2023-option-PROFESSIONNEL-NURSING-promouvoircompetences-com.pdf	200	application/pdf
20230710103043	https://promouvoircompetences.com/images/resultats/resultats-examen-de-sortie-2023-option-RESTAURANT-BAR-APC-promouvoircompetences-com.pdf	200	application/pdf
20230710103043	https://promouvoircompetences.com/images/resultats/resultats-examen-de-sortie-2023-option-SAGE-FEMME-1-promouvoircompetences-com.pdf	200	application/pdf
20230710103043	https://promouvoircompetences.com/images/resultats/resultats-examen-de-sortie-2023-option-SANTE-PUBLIQUE-1-promouvoircompetences-com.pdf	200	application/pdf
20230710103044	https://promouvoircompetences.com/images/resultats/resultats-examen-de-sortie-2023-option-SOINS-DE-SANTE-COMMUNAUTAIRE-promouvoircompetences-com.pdf	200	application/pdf
20230710103040	https://promouvoircompetences.com/images/resultats/resultats-examen-de-sortie-2023-option-TECHNICIEN-DE-LABORATOIRE-promouvoircompetences-com.pdf	200	application/pdf
20230710103042	https://promouvoircompetences.com/images/resultats/resultats-examen-de-sortie-2023-option-TECHNICIEN-DENTISTE-promouvoircompetences-com.pdf	200	application/pdf
20231210181338	https://promouvoircompetences.com/images/resultats/resultats-infas-2023.png	200	image/png
20220829205933	https://promouvoircompetences.com/images/resultats/resultats-VOIE-ET-BATIMENT-2022-guinee-promouvoircompetences-com.pdf	200	application/pdf
20220829204927	https://promouvoircompetences.com/images/resultats/resultats_bac_ss-fa-2022-promouvoircompetences-com.pdf	200	application/pdf
20230828070948	https://promouvoircompetences.com/images/resultats/statistique-jury-1-bts-23-ifutur.jpeg	200	image/jpeg
20230828070953	https://promouvoircompetences.com/images/resultats/statistique-jury-10-bts-23-ifutur.jpeg	200	image/jpeg
20230828070952	https://promouvoircompetences.com/images/resultats/statistique-jury-11-bts-23-ifutur.jpeg	200	image/jpeg
20230828095303	https://promouvoircompetences.com/images/resultats/statistique-jury-12-bts-23-ifutur.jpeg	200	image/jpeg
20230828095303	https://promouvoircompetences.com/images/resultats/statistique-jury-13-bts-23-ifutur.jpeg	200	image/jpeg
20230828095304	https://promouvoircompetences.com/images/resultats/statistique-jury-14-bts-23-ifutur.jpeg	200	image/jpeg
20230828070947	https://promouvoircompetences.com/images/resultats/statistique-jury-2-bts-23-ifutur.jpeg	200	image/jpeg
20230828070948	https://promouvoircompetences.com/images/resultats/statistique-jury-3-bts-23-ifutur.jpeg	200	image/jpeg
20230828070948	https://promouvoircompetences.com/images/resultats/statistique-jury-4-bts-23-ifutur.jpeg	200	image/jpeg
20230828070948	https://promouvoircompetences.com/images/resultats/statistique-jury-5-bts-23-ifutur.jpeg	200	image/jpeg
20230828070953	https://promouvoircompetences.com/images/resultats/statistique-jury-6-bts-23-ifutur.jpeg	200	image/jpeg
20230828070953	https://promouvoircompetences.com/images/resultats/statistique-jury-7-bts-23-ifutur.jpeg	200	image/jpeg
20230828070955	https://promouvoircompetences.com/images/resultats/statistique-jury-8-bts-23-ifutur%20(2).jpeg	200	image/jpeg
20230828071008	https://promouvoircompetences.com/images/resultats/statistique-jury-9-bts-23-ifutur.jpeg	200	image/jpeg
20220716000404	https://promouvoircompetences.com/images/resultats/suite-cap-stt-2022-centre_01-promouvoircompetences-com.mp3	200	audio/mpeg
20221204115453	https://promouvoircompetences.com/images/soudan-du-sud.jpg	200	image/jpeg
20221021032010	https://promouvoircompetences.com/images/sports/1625563207sports.png	200	image/png
20210614084346	https://promouvoircompetences.com/images/sujets/corruption.jpg	200	image/jpeg
20210614084349	https://promouvoircompetences.com/images/tourisme/1598104393Chutes_de_la_Lobe-wikipedia.jpg	200	image/jpeg
20210614084332	https://promouvoircompetences.com/images/tourisme/1598106116musee-national-yaounde-cameroun.jpg	200	image/jpeg
20210614084338	https://promouvoircompetences.com/images/tourisme/1598106374monument-de-la-reunification.jpg	200	image/jpeg
20251211085106	https://promouvoircompetences.com/images/tourisme/1604573557lac-togo.jpeg	200	image/jpeg
20211030221107	https://promouvoircompetences.com/images/tourisme/1631848079elephants-parc-benoue.jpg	200	image/jpeg
20210107081523	https://promouvoircompetences.com/images/tourisme/image-tourisme.jpg	200	image/jpeg
20211104112901	https://promouvoircompetences.com/images/tourisme/papillon-ebogo.jpg	200	image/jpeg
20210614084353	https://promouvoircompetences.com/img/a22.png	200	image/png
20210614084402	https://promouvoircompetences.com/img/b05.png	200	image/png
20220223172456	https://promouvoircompetences.com/img/d21.png	200	image/png
20210614084343	https://promouvoircompetences.com/img/loading.gif	200	image/gif
20230407013548	https://promouvoircompetences.com/img/n05.png	200	image/png
20221204115502	https://promouvoircompetences.com/img/next-horizontal.png	200	image/png
20211021155941	https://promouvoircompetences.com/img/prev-horizontal.png	200	image/png
20211023031715	https://promouvoircompetences.com/img/prev-vertical.png	200	image/png
20250615204623	https://promouvoircompetences.com/infos-examens.php	200	text/html
20220829204923	https://promouvoircompetences.com/infos-examens.php?l=fr	200	text/html
20200930205127	https://promouvoircompetences.com/inscription.html	200	text/html
20201127142813	https://promouvoircompetences.com/inscription.php	200	text/html
20221204115444	https://promouvoircompetences.com/jquery.datetimepicker.css	200	text/css
20230710103038	https://promouvoircompetences.com/jquery.js	200	application/javascript
20210614084407	https://promouvoircompetences.com/js/acmeticker.js	200	application/javascript
20210812120636	https://promouvoircompetences.com/js/jquery-1.8.3.min.js	200	application/javascript
20210614084403	https://promouvoircompetences.com/js/jquery-3.5.1.min.js	200	application/javascript
20210107081434	https://promouvoircompetences.com/js/jquery-ui.js	200	application/javascript
20230710103037	https://promouvoircompetences.com/js/jquery.datetimepicker.full.js	200	application/javascript
20210614084358	https://promouvoircompetences.com/js/jquery.gScrollingCarousel.js	200	application/javascript
20210107081434	https://promouvoircompetences.com/js/jquery.jcarousel.min.js	200	application/javascript
20210812121000	https://promouvoircompetences.com/js/jquery.js	200	application/javascript
20210107081435	https://promouvoircompetences.com/js/jquery.min.1.8.3.js	200	application/javascript
20210812120344	https://promouvoircompetences.com/js/jquery.min.js	200	application/javascript
20210614084338	https://promouvoircompetences.com/js/jssor.slider-23.1.0.min.js	200	application/javascript
20210812120414	https://promouvoircompetences.com/js/ma5-menu.min.js	200	application/javascript
20210614084356	https://promouvoircompetences.com/js/prebid-ads.js	200	application/javascript
20210812120435	https://promouvoircompetences.com/js/site.min.js	200	application/javascript
20210228224841	https://promouvoircompetences.com/ke/	200	text/html
20250114041612	https://promouvoircompetences.com/ke/activite-ville.php?ida=11&l=fr	200	text/html
20250219152737	https://promouvoircompetences.com/ke/activite-ville.php?ida=12&l=fr	200	text/html
20250120030607	https://promouvoircompetences.com/ke/activite-ville.php?ida=14&l=fr	200	text/html
20250120021313	https://promouvoircompetences.com/ke/activite-ville.php?ida=15&l=fr	200	text/html
20250114030043	https://promouvoircompetences.com/ke/activite-ville.php?ida=17&l=fr	200	text/html
20250212065231	https://promouvoircompetences.com/ke/activite-ville.php?ida=20&l=fr	200	text/html
20250620194410	https://promouvoircompetences.com/ke/activite-ville.php?ida=24&l=fr	200	text/html
20250212062719	https://promouvoircompetences.com/ke/activite-ville.php?ida=4&l=fr	200	text/html
20250114030230	https://promouvoircompetences.com/ke/activite-ville.php?ida=6&l=fr	200	text/html
20250209210302	https://promouvoircompetences.com/ke/activite-ville.php?l=fr	200	text/html
20250620190327	https://promouvoircompetences.com/ke/coutumes.php?l=fr	200	text/html
20201127132327	https://promouvoircompetences.com/ke/kenya.php	200	text/html
20210301131039	https://promouvoircompetences.com/km/	200	text/html
20250216021305	https://promouvoircompetences.com/km/activite-ville.php?ida=10-banques-et-assurances-a	200	text/html
20250120024947	https://promouvoircompetences.com/km/activite-ville.php?ida=11&l=fr	200	text/html
20250219143400	https://promouvoircompetences.com/km/activite-ville.php?ida=12&l=fr	200	text/html
20250120022052	https://promouvoircompetences.com/km/activite-ville.php?ida=14&l=fr	200	text/html
20250114041033	https://promouvoircompetences.com/km/activite-ville.php?ida=15&l=fr	200	text/html
20250212065449	https://promouvoircompetences.com/km/activite-ville.php?ida=15-ou-trouver-un-notaire-a	200	text/html
20250114185222	https://promouvoircompetences.com/km/activite-ville.php?ida=17&l=fr	200	text/html
20250212070645	https://promouvoircompetences.com/km/activite-ville.php?ida=19&l=fr	200	text/html
20250212074542	https://promouvoircompetences.com/km/activite-ville.php?ida=19-entreprises-d-ingenierie-a	200	text/html
20250212064506	https://promouvoircompetences.com/km/activite-ville.php?ida=2-ou-manger-a	200	text/html
20250617162112	https://promouvoircompetences.com/km/activite-ville.php?ida=24&l=fr	200	text/html
20250218091810	https://promouvoircompetences.com/km/activite-ville.php?ida=26&l=fr	200	text/html
20250210101302	https://promouvoircompetences.com/km/activite-ville.php?ida=3-ou-boire-prendre-un-verre-a	200	text/html
20250114021120	https://promouvoircompetences.com/km/activite-ville.php?ida=6&l=fr	200	text/html
20250210095258	https://promouvoircompetences.com/km/activite-ville.php?ida=8-ou-imprimer-des-documents-a	200	text/html
20250210103320	https://promouvoircompetences.com/km/activite-ville.php?idm=13	200	text/html
20250212083010	https://promouvoircompetences.com/km/activite-ville.php?idm=15	200	text/html
20250212074822	https://promouvoircompetences.com/km/activite-ville.php?idm=2	200	text/html
20250210094029	https://promouvoircompetences.com/km/activite-ville.php?idm=21	200	text/html
20250210103700	https://promouvoircompetences.com/km/activite-ville.php?idm=27	200	text/html
20250206160602	https://promouvoircompetences.com/km/activite-ville.php?idm=28	200	text/html
20250216021817	https://promouvoircompetences.com/km/activite-ville.php?idm=30	200	text/html
20250210102111	https://promouvoircompetences.com/km/activite-ville.php?idm=32	200	text/html
20250216025611	https://promouvoircompetences.com/km/activite-ville.php?idm=5	200	text/html
20250212083243	https://promouvoircompetences.com/km/activite-ville.php?idm=8	200	text/html
20250216030741	https://promouvoircompetences.com/km/ambassades.php	200	text/html
20250620200954	https://promouvoircompetences.com/km/avis.php?l=fr	200	text/html
20250210105324	https://promouvoircompetences.com/km/centres-formation-pro.php?l=fr	200	text/html
20201128192514	https://promouvoircompetences.com/km/comores.php	200	text/html
20250216022956	https://promouvoircompetences.com/km/concours.php?id=fr	200	text/html
20250212080048	https://promouvoircompetences.com/km/conditions.php?id=3-politique-confidentialite-fr	200	text/html
20250620201128	https://promouvoircompetences.com/km/epreuves.php?id=fr	200	text/html
20250216024253	https://promouvoircompetences.com/km/ethnies.php?l=fr	200	text/html
20250206160906	https://promouvoircompetences.com/km/formalites.php?l=fr	200	text/html
20250206155029	https://promouvoircompetences.com/km/gastronomie.php?l=fr	200	text/html
20250206154834	https://promouvoircompetences.com/km/groupes-ethniques.php?l=fr	200	text/html
20250216024757	https://promouvoircompetences.com/km/langues.php	200	text/html
20250210104820	https://promouvoircompetences.com/km/langues.php?l=fr	200	text/html
20250212081353	https://promouvoircompetences.com/km/libre-parole.php?l=fr	200	text/html
20250615212935	https://promouvoircompetences.com/km/micro-entreprises.php?l=fr	200	text/html
20241221201940	https://promouvoircompetences.com/km/question.php?id=221-resultats-def-2023-au-mali-publication-et-listes-pdf	200	text/html
20250206154519	https://promouvoircompetences.com/km/question.php?id=354-avez-vous-les-listes-des-candidats-admis-au-concours-d-entree-en-1ere-annee-de-l-iut-de-douala	200	text/html
20250212081000	https://promouvoircompetences.com/km/question.php?id=355-a-quand-les-resultats-du-cap-et-bt-2024-au-mali	200	text/html
20250216023551	https://promouvoircompetences.com/km/question.php?id=362-comment-verifier-son-orientation-2024-def-au-mali	200	text/html
20250615205952	https://promouvoircompetences.com/km/question.php?id=366-quelles-sont-les-dates-des-visites-medicales-aux-concours-eso-au-mali-fevrier-2025	200	text/html
20241221193606	https://promouvoircompetences.com/km/question.php?id=47-comment-consulter-les-resultats-du-bepc-2021-aux-comores&l=fr	200	text/html
20241221195612	https://promouvoircompetences.com/km/questions.php	200	text/html
20250617171542	https://promouvoircompetences.com/km/questions.php?l=fr	200	text/html
20250212081048	https://promouvoircompetences.com/km/resultats-examens.php?id=fr	200	text/html
20250206160820	https://promouvoircompetences.com/km/rubrique.php?id=1-generalites	200	text/html
20250206171640	https://promouvoircompetences.com/km/rubrique.php?id=6-mise-en-relation-prestataires-clients-et-vice-versa	200	text/html
20250714063844	https://promouvoircompetences.com/km/rubrique.php?id=7-resultats-examens-et-concours	200	text/html
20250206164202	https://promouvoircompetences.com/km/rubrique.php?id=9-correction-d-epreuves-d-examens-et-concours	200	text/html
20250212073617	https://promouvoircompetences.com/km/tge.php?l=fr	200	text/html
20250206155557	https://promouvoircompetences.com/km/tribus.php	200	text/html
20250210101731	https://promouvoircompetences.com/km/tribus.php?l=fr	200	text/html
20250210094840	https://promouvoircompetences.com/km/?l=es	200	text/html
20250615220303	https://promouvoircompetences.com/km/?l=fr	200	text/html
20241203202341	https://promouvoircompetences.com/langue.php?id=2-adamawa-fulfulde&l=fr	200	text/html
20250623224342	https://promouvoircompetences.com/langues.html	200	text/html
20210301133103	https://promouvoircompetences.com/langues.php	200	text/html
20210301132358	https://promouvoircompetences.com/langues.php?l=fr	200	text/html
20200930212932	https://promouvoircompetences.com/libre-parole-fr.html	200	text/html
20200921002657	https://promouvoircompetences.com/login.html	200	text/html
20201031082606	https://promouvoircompetences.com/login.php	200	text/html
20210228211830	https://promouvoircompetences.com/lr/	200	text/html
20250114023918	https://promouvoircompetences.com/lr/activite-ville.php?ida=11&l=fr	200	text/html
20250114020045	https://promouvoircompetences.com/lr/activite-ville.php?ida=14&l=fr	200	text/html
20250114032201	https://promouvoircompetences.com/lr/activite-ville.php?ida=15&l=fr	200	text/html
20250120031041	https://promouvoircompetences.com/lr/activite-ville.php?ida=17&l=fr	200	text/html
20250216031735	https://promouvoircompetences.com/lr/activite-ville.php?ida=19&l=fr	200	text/html
20250210095858	https://promouvoircompetences.com/lr/activite-ville.php?ida=20&l=fr	200	text/html
20250714052057	https://promouvoircompetences.com/lr/activite-ville.php?ida=23&l=fr	200	text/html
20250216025804	https://promouvoircompetences.com/lr/activite-ville.php?ida=24&l=fr	200	text/html
20250218104258	https://promouvoircompetences.com/lr/activite-ville.php?ida=26&l=fr	200	text/html
20250114034951	https://promouvoircompetences.com/lr/activite-ville.php?ida=6&l=fr	200	text/html
20250714062140	https://promouvoircompetences.com/lr/activite-ville.php?l=fr	200	text/html
20221004011207	https://promouvoircompetences.com/lr/aide.php?l=fr	200	text/html
20221004003504	https://promouvoircompetences.com/lr/ambassades.php	200	text/html
20230813194801	https://promouvoircompetences.com/lr/ambassades.php?l=fr	200	text/html
20230813194754	https://promouvoircompetences.com/lr/annuaires.php?l=fr	200	text/html
20230813200305	https://promouvoircompetences.com/lr/avis.php?l=fr	200	text/html
20230813200320	https://promouvoircompetences.com/lr/bourses.php?id=fr	200	text/html
20230813194824	https://promouvoircompetences.com/lr/centres-formation-pro.php?l=fr	200	text/html
20221003234932	https://promouvoircompetences.com/lr/concours.php?id=fr	200	text/html
20230813194755	https://promouvoircompetences.com/lr/conditions.php?id=3-politique-confidentialite-fr	200	text/html
20230813194758	https://promouvoircompetences.com/lr/contact.php?l=fr	200	text/html
20221003233748	https://promouvoircompetences.com/lr/cookies.php	200	text/html
20221004010111	https://promouvoircompetences.com/lr/cours.php?id=fr	200	text/html
20230813194803	https://promouvoircompetences.com/lr/cours.php?l=fr	200	text/html
20221004002525	https://promouvoircompetences.com/lr/coutumes.php	200	text/html
20221004002558	https://promouvoircompetences.com/lr/coutumes.php?l=fr	200	text/html
20221004004224	https://promouvoircompetences.com/lr/cu.php	200	text/html
20230813194750	https://promouvoircompetences.com/lr/departement.php?id=4103-nyenebo&l=fr&&page=1	200	text/html
20230813194800	https://promouvoircompetences.com/lr/departement.php?id=4103-nyenebo&l=fr&&page=2	200	text/html
20230813194755	https://promouvoircompetences.com/lr/departement.php?id=4103-nyenebo&l=fr&&page=3	200	text/html
20230813194755	https://promouvoircompetences.com/lr/departement.php?id=4033-chedepo&l=fr	200	text/html
20230813194809	https://promouvoircompetences.com/lr/departement.php?id=4059-gbeapo&l=fr	200	text/html
20230813200311	https://promouvoircompetences.com/lr/departement.php?id=4066-glaro&l=fr	200	text/html
20230813200313	https://promouvoircompetences.com/lr/departement.php?id=4081-karforh&l=fr	200	text/html
20230813194813	https://promouvoircompetences.com/lr/departement.php?id=4098-nanee&l=fr	200	text/html
20230813200319	https://promouvoircompetences.com/lr/departement.php?id=4102-nyenawliken	200	text/html
20230813194756	https://promouvoircompetences.com/lr/departement.php?id=4102-nyenawliken&l=fr	200	text/html
20230813194756	https://promouvoircompetences.com/lr/departement.php?id=4103-nyenebo&l=fr	200	text/html
20230813194820	https://promouvoircompetences.com/lr/departement.php?id=4104-nyorken	200	text/html
20230813200306	https://promouvoircompetences.com/lr/departement.php?id=4110-potupo&l=fr	200	text/html
20230813194757	https://promouvoircompetences.com/lr/departement.php?id=4122-sarbo&l=fr	200	text/html
20230813200314	https://promouvoircompetences.com/lr/departement.php?id=4134-tuobo&l=fr	200	text/html
20230813194826	https://promouvoircompetences.com/lr/departements.php	200	text/html
20221004010942	https://promouvoircompetences.com/lr/devenir-correcteur.php?l=fr	200	text/html
20230813194803	https://promouvoircompetences.com/lr/emplois.php	200	text/html
20230813194800	https://promouvoircompetences.com/lr/emplois.php?l=fr	200	text/html
20230813194758	https://promouvoircompetences.com/lr/entreprises.php?l=fr	200	text/html
20230813194758	https://promouvoircompetences.com/lr/epreuves.php?id=fr	200	text/html
20230813194759	https://promouvoircompetences.com/lr/epreuves.php?l=fr	200	text/html
20230813200310	https://promouvoircompetences.com/lr/ethnies.php	200	text/html
20230813194757	https://promouvoircompetences.com/lr/ethnies.php?l=fr	200	text/html
20230813194757	https://promouvoircompetences.com/lr/exposition.php?l=fr	200	text/html
20230813200310	https://promouvoircompetences.com/lr/formalites.php	200	text/html
20230813194802	https://promouvoircompetences.com/lr/formalites.php?l=fr	200	text/html
20221003233703	https://promouvoircompetences.com/lr/gastronomie.php	200	text/html
20230813200320	https://promouvoircompetences.com/lr/gastronomie.php?l=fr	200	text/html
20230813194754	https://promouvoircompetences.com/lr/groupes-ethniques.php	200	text/html
20230813194754	https://promouvoircompetences.com/lr/groupes-ethniques.php?l=fr	200	text/html
20230813200318	https://promouvoircompetences.com/lr/inscription.php	200	text/html
20230813200312	https://promouvoircompetences.com/lr/langues.php	200	text/html
20230711184731	https://promouvoircompetences.com/lr/langues.php?l=fr	200	text/html
20201127133923	https://promouvoircompetences.com/lr/liberia.php	200	text/html
20230813194754	https://promouvoircompetences.com/lr/liberia.php?l=fr	200	text/html
20230813194759	https://promouvoircompetences.com/lr/libre-parole.php?l=fr	200	text/html
20230813194755	https://promouvoircompetences.com/lr/login.php	200	text/html
20230813194754	https://promouvoircompetences.com/lr/market.php?l=fr	200	text/html
20221004001945	https://promouvoircompetences.com/lr/metiers.php?l=fr	200	text/html
20230813200315	https://promouvoircompetences.com/lr/micro-entreprises.php?l=fr	200	text/html
20230813194810	https://promouvoircompetences.com/lr/pme.php?l=fr	200	text/html
20230813194810	https://promouvoircompetences.com/lr/premium-infos.php?l=fr	200	text/html
20230813194757	https://promouvoircompetences.com/lr/proposercours.php?l=fr	200	text/html
20221003234335	https://promouvoircompetences.com/lr/publicite.php?l=fr	200	text/html
20221004012526	https://promouvoircompetences.com/lr/question.php?id=159-comment-faire-une-demande-d-extrait-d-acte-de-naissance-au-mali	200	text/html
20221004012929	https://promouvoircompetences.com/lr/question.php?id=161-ou-consulter-les-resultats-du-concours-de-la-police-2021-au-cameroun	200	text/html
20221003233440	https://promouvoircompetences.com/lr/question.php?id=163-comment-etablir-un-extrait-d-acte-de-mariage-au-mali	200	text/html
20221003234552	https://promouvoircompetences.com/lr/question.php?id=164-comment-proceder-a-une-demande-de-divorce-au-mali	200	text/html
20221004011120	https://promouvoircompetences.com/lr/question.php?id=166-quelle-est-la-procedure-d-inscription-a-l-eamau-pour-l-annee-academique-2022-2023	200	text/html
20221004004740	https://promouvoircompetences.com/lr/question.php?id=167-ou-consulter-les-resultats-du-concours-d-entree-en-6eme-et-du-cepe-2022-aux-comores	200	text/html
20230813194759	https://promouvoircompetences.com/lr/question.php?id=260-resultats-du-bac-2023-au-mali-y-a-t-il-des-fake-news	200	text/html
20230813194805	https://promouvoircompetences.com/lr/question.php?id=261-ou-consulter-telecharger-les-resultats-du-cfee-et-du-concours-d-entree-en-6e-2023-au-senegal	200	text/html
20230813194754	https://promouvoircompetences.com/lr/question.php?id=262-ou-et-comment-consulter-les-resultats-du-bac-2023-en-cote-d-ivoire	200	text/html
20230813194806	https://promouvoircompetences.com/lr/question.php?id=263-ou-consulter-les-resultats-des-brevets-btf-bet-et-bep-2023-au-congo-brazzaville	200	text/html
20230813194800	https://promouvoircompetences.com/lr/question.php?id=264-ou-consulter-les-resultats-du-bac-2023-aux-comores	200	text/html
20230813200307	https://promouvoircompetences.com/lr/question.php?id=265-pourquoi-les-resultats-du-bac-2023-au-mali-tardent-a-etre-proclames	200	text/html
20230813194758	https://promouvoircompetences.com/lr/question.php?id=266-ou-telecharger-les-resultats-de-la-deuxieme-serie-du-bac2023-au-tchad	200	text/html
20230813194808	https://promouvoircompetences.com/lr/question.php?id=267-ou-et-comment-consulter-les-resultats-du-bepc-2023-aux-comores	200	text/html
20230813194758	https://promouvoircompetences.com/lr/question.php?id=268-a-quand-la-proclamation-des-resultats-des-cap-bt1-et-bt2-2023-au-mali	200	text/html
20230813194823	https://promouvoircompetences.com/lr/question.php?id=269-ou-consulter-les-resultats-du-bepc-2023-au-congo-brazzaville	200	text/html
20221003234720	https://promouvoircompetences.com/lr/questions.php?l=fr	200	text/html
20221003235711	https://promouvoircompetences.com/lr/region.php?id=516-bomi&l=fr	200	text/html
20230813194758	https://promouvoircompetences.com/lr/region.php?id=517-bong&l=fr	200	text/html
20230813200312	https://promouvoircompetences.com/lr/region.php?id=518-gbarpolu&l=fr	200	text/html
20230813194800	https://promouvoircompetences.com/lr/region.php?id=519-grand-bassa&l=fr	200	text/html
20221004013445	https://promouvoircompetences.com/lr/region.php?id=520-grand-cape-mount&l=fr	200	text/html
20230813194802	https://promouvoircompetences.com/lr/region.php?id=521-grand-gedeh&l=fr	200	text/html
20221003233250	https://promouvoircompetences.com/lr/region.php?id=522-grand-kru&l=fr	200	text/html
20221003234507	https://promouvoircompetences.com/lr/region.php?id=523-lofa&l=fr	200	text/html
20230813194802	https://promouvoircompetences.com/lr/region.php?id=524-margibi&l=fr	200	text/html
20230813194755	https://promouvoircompetences.com/lr/region.php?id=525-maryland&l=fr	200	text/html
20230813200309	https://promouvoircompetences.com/lr/region.php?id=526-montserrado&l=fr	200	text/html
20221003232617	https://promouvoircompetences.com/lr/region.php?id=527-nimba&l=fr	200	text/html
20230813194755	https://promouvoircompetences.com/lr/region.php?id=528-river-gee&l=fr	200	text/html
20230813194803	https://promouvoircompetences.com/lr/region.php?id=529-rivercess&l=fr	200	text/html
20230813194757	https://promouvoircompetences.com/lr/region.php?id=530-sinoe&l=fr	200	text/html
20230813200305	https://promouvoircompetences.com/lr/regions.php	200	text/html
20230813200307	https://promouvoircompetences.com/lr/regions.php?l=fr	200	text/html
20230813200303	https://promouvoircompetences.com/lr/resultats-examens.php?id=fr	200	text/html
20221003233848	https://promouvoircompetences.com/lr/resultats-examens.php?l=fr	200	text/html
20221003232313	https://promouvoircompetences.com/lr/rubrique.php?id=1-generalites	200	text/html
20230813194809	https://promouvoircompetences.com/lr/rubrique.php?id=2-avantages-d-avoir-un-compte	200	text/html
20230813200323	https://promouvoircompetences.com/lr/rubrique.php?id=3-annuaires	200	text/html
20230813194807	https://promouvoircompetences.com/lr/rubrique.php?id=4-proposer-un-cours	200	text/html
20230813194757	https://promouvoircompetences.com/lr/rubrique.php?id=5-offres-d-emplois	200	text/html
20230813194758	https://promouvoircompetences.com/lr/rubrique.php?id=6-mise-en-relation-prestataires-clients-et-vice-versa	200	text/html
20221004004334	https://promouvoircompetences.com/lr/rubrique.php?id=7-resultats-examens-et-concours	200	text/html
20230813194808	https://promouvoircompetences.com/lr/rubrique.php?id=8-compte-pro	200	text/html
20230813194811	https://promouvoircompetences.com/lr/rubrique.php?id=9-correction-d-epreuves-d-examens-et-concours	200	text/html
20230813194812	https://promouvoircompetences.com/lr/sites-touristiques.php	200	text/html
20221004005832	https://promouvoircompetences.com/lr/sites-touristiques.php?l=fr	200	text/html
20221004012027	https://promouvoircompetences.com/lr/symboles.php?id=1-devise-nationale-liberia	200	text/html
20230813194756	https://promouvoircompetences.com/lr/symboles.php?id=2-hymne-national-liberia	200	text/html
20230813194804	https://promouvoircompetences.com/lr/symboles.php?id=3-drapeau-liberia	200	text/html
20230813194802	https://promouvoircompetences.com/lr/symboles.php?id=4-armoiries-liberia	200	text/html
20230813194758	https://promouvoircompetences.com/lr/symboles.php?id=5-gouvernement-liberia	200	text/html
20230813194800	https://promouvoircompetences.com/lr/symboles.php?id=6-assemblee-nationale-liberia	200	text/html
20221004012141	https://promouvoircompetences.com/lr/symboles.php?id=7-presidents-liberia	200	text/html
20230813194756	https://promouvoircompetences.com/lr/tge.php?l=fr	200	text/html
20230813194808	https://promouvoircompetences.com/lr/tribus.php	200	text/html
20230813194757	https://promouvoircompetences.com/lr/tribus.php?l=fr	200	text/html
20221004002854	https://promouvoircompetences.com/lr/videos.php	200	text/html
20230813194809	https://promouvoircompetences.com/lr/ville.php?id=213485-dweso	200	text/html
20230813194755	https://promouvoircompetences.com/lr/ville.php?id=213520-dougboken	200	text/html
20230813194807	https://promouvoircompetences.com/lr/ville.php?id=213525-himmie-baker	200	text/html
20230813194800	https://promouvoircompetences.com/lr/ville.php?id=213554-bleyeken	200	text/html
20230813194801	https://promouvoircompetences.com/lr/ville.php?id=213566-bettyken	200	text/html
20230813194811	https://promouvoircompetences.com/lr/ville.php?id=213584-cheboken	200	text/html
20230813194755	https://promouvoircompetences.com/lr/ville.php?id=213585-chegboken-1	200	text/html
20230813194759	https://promouvoircompetences.com/lr/ville.php?id=213589-charles-william-s	200	text/html
20230813194800	https://promouvoircompetences.com/lr/ville.php?id=213593-gbawalaken	200	text/html
20230813194812	https://promouvoircompetences.com/lr/ville.php?id=213597-jlatoken	200	text/html
20221004010653	https://promouvoircompetences.com/lr/villes.php	200	text/html
20230813194756	https://promouvoircompetences.com/lr/villes.php?l=fr	200	text/html
20230813194825	https://promouvoircompetences.com/lr/?l=en	200	text/html
20230813194758	https://promouvoircompetences.com/lr/?l=es	200	text/html
20230813194803	https://promouvoircompetences.com/lr/?l=fr	200	text/html
20210301132612	https://promouvoircompetences.com/ls/	200	text/html
20250114034502	https://promouvoircompetences.com/ls/activite-ville.php?ida=11&l=fr	200	text/html
20250114030342	https://promouvoircompetences.com/ls/activite-ville.php?ida=14&l=fr	200	text/html
20250120013126	https://promouvoircompetences.com/ls/activite-ville.php?ida=15&l=fr	200	text/html
20250120015759	https://promouvoircompetences.com/ls/activite-ville.php?ida=17&l=fr	200	text/html
20250212072743	https://promouvoircompetences.com/ls/activite-ville.php?ida=19&l=fr	200	text/html
20250210094249	https://promouvoircompetences.com/ls/activite-ville.php?ida=2&l=fr	200	text/html
20250114191400	https://promouvoircompetences.com/ls/activite-ville.php?ida=6&l=fr	200	text/html
20250209203526	https://promouvoircompetences.com/ls/activite-ville.php?l=fr	200	text/html
20230711184731	https://promouvoircompetences.com/ls/langues.php?l=fr	200	text/html
20201127142553	https://promouvoircompetences.com/ls/lesotho.php	200	text/html
20210301125315	https://promouvoircompetences.com/ly/	200	text/html
20250114030154	https://promouvoircompetences.com/ly/activite-ville.php?ida=11&l=fr	200	text/html
20250219140355	https://promouvoircompetences.com/ly/activite-ville.php?ida=12&l=fr	200	text/html
20250114041154	https://promouvoircompetences.com/ly/activite-ville.php?ida=17&l=fr	200	text/html
20250218085627	https://promouvoircompetences.com/ly/activite-ville.php?ida=26&l=fr	200	text/html
20250120033711	https://promouvoircompetences.com/ly/activite-ville.php?ida=6&l=fr	200	text/html
20250218101352	https://promouvoircompetences.com/ly/activite-ville.php?ida=7&l=fr	200	text/html
20250209220350	https://promouvoircompetences.com/ly/activite-ville.php?l=fr	200	text/html
20250714051837	https://promouvoircompetences.com/ly/gastronomie.php?l=fr	200	text/html
20230711184731	https://promouvoircompetences.com/ly/langues.php?l=fr	200	text/html
20201128191014	https://promouvoircompetences.com/ly/libye.php	200	text/html
20250615213154	https://promouvoircompetences.com/ly/premium-infos.php?l=fr	200	text/html
20210301135335	https://promouvoircompetences.com/ma/	200	text/html
20240225192823	https://promouvoircompetences.com/ma-passion.php?id=fr	200	text/html
20220829204431	https://promouvoircompetences.com/ma-passion.php?l=fr	200	text/html
20250219152453	https://promouvoircompetences.com/ma/activite-ville.php?ida=12&l=fr	200	text/html
20250114034248	https://promouvoircompetences.com/ma/activite-ville.php?ida=14&l=fr	200	text/html
20250114191749	https://promouvoircompetences.com/ma/activite-ville.php?ida=15&l=fr	200	text/html
20221021032011	https://promouvoircompetences.com/ma/activite-ville.php?ida=2&idv=258104-ou-manger-a-aoufous	200	text/html
20250216022914	https://promouvoircompetences.com/ma/activite-ville.php?ida=2&l=fr	200	text/html
20250218100545	https://promouvoircompetences.com/ma/activite-ville.php?ida=26&l=fr	200	text/html
20221021032015	https://promouvoircompetences.com/ma/activite-ville.php?ida=3&idv=258104-ou-boire-prendre-un-verre-a-aoufous	200	text/html
20221021032010	https://promouvoircompetences.com/ma/activite-ville.php?ida=4&idv=258104-ou-danser-se-defouler-a-aoufous	200	text/html
20221021032015	https://promouvoircompetences.com/ma/activite-ville.php?ida=5&idv=258104-ou-faire-le-marche-a-aoufous	200	text/html
20250120022917	https://promouvoircompetences.com/ma/activite-ville.php?ida=6&l=fr	200	text/html
20220530051000	https://promouvoircompetences.com/ma/activite-ville.php?ida=7&idv=258104-ou-se-soigner-a-aoufous	200	text/html
20250209210055	https://promouvoircompetences.com/ma/activite-ville.php?l=fr	200	text/html
20221021032014	https://promouvoircompetences.com/ma/ambassades.php	200	text/html
20221021032010	https://promouvoircompetences.com/ma/ambassades.php?l=fr	200	text/html
20220530051035	https://promouvoircompetences.com/ma/annuaires.php?l=fr	200	text/html
20221021032010	https://promouvoircompetences.com/ma/avis.php?l=fr	200	text/html
20221021032011	https://promouvoircompetences.com/ma/centres-formation-pro.php?l=fr	200	text/html
20221021032011	https://promouvoircompetences.com/ma/conditions.php?id=3-politique-confidentialite-fr	200	text/html
20220530051000	https://promouvoircompetences.com/ma/contact.php	200	text/html
20220530051008	https://promouvoircompetences.com/ma/contact.php?l=fr	200	text/html
20221021032013	https://promouvoircompetences.com/ma/cours.php?id=fr	200	text/html
20221021032010	https://promouvoircompetences.com/ma/coutumes.php	200	text/html
20221021032010	https://promouvoircompetences.com/ma/departement.php?id=4756-errachidia	200	text/html
20221021032010	https://promouvoircompetences.com/ma/departement.php?id=4757-ouarzazate&l=fr	200	text/html
20221021032010	https://promouvoircompetences.com/ma/departement.php?id=4758-midelt&l=fr	200	text/html
20220530051001	https://promouvoircompetences.com/ma/departement.php?id=4760-zagora&l=fr	200	text/html
20221021032014	https://promouvoircompetences.com/ma/emplois.php	200	text/html
20221021032011	https://promouvoircompetences.com/ma/entreprises.php?l=fr	200	text/html
20221021032011	https://promouvoircompetences.com/ma/ethnies.php	200	text/html
20221021032010	https://promouvoircompetences.com/ma/ethnies.php?l=fr	200	text/html
20221021032011	https://promouvoircompetences.com/ma/exposition.php?l=fr	200	text/html
20221021032014	https://promouvoircompetences.com/ma/formalites.php?l=fr	200	text/html
20220530051004	https://promouvoircompetences.com/ma/groupes-ethniques.php	200	text/html
20220530051000	https://promouvoircompetences.com/ma/langues.php	200	text/html
20221021032011	https://promouvoircompetences.com/ma/langues.php?l=fr	200	text/html
20221021032012	https://promouvoircompetences.com/ma/login.php	200	text/html
20220530051000	https://promouvoircompetences.com/ma/market.php?l=fr	200	text/html
20201127141907	https://promouvoircompetences.com/ma/maroc.php	200	text/html
20221021032010	https://promouvoircompetences.com/ma/metiers.php?l=fr	200	text/html
20220530051000	https://promouvoircompetences.com/ma/micro-entreprises.php?l=fr	200	text/html
20221021032013	https://promouvoircompetences.com/ma/pme.php?l=fr	200	text/html
20220530051036	https://promouvoircompetences.com/ma/publicite.php?l=fr	200	text/html
20221021032010	https://promouvoircompetences.com/ma/question.php?id=89-quelle-est-la-date-des-epreuves-d-admissibilite-au-concours-d-entree-a-la-police-2022-en-cote-d-ivoire	200	text/html
20221021032010	https://promouvoircompetences.com/ma/question.php?id=91-le-fonds-national-d-autonomisation-des-jeunes-2022-est-il-une-arnaque	200	text/html
20220530052507	https://promouvoircompetences.com/ma/question.php?id=93-ou-telecharger-la-liste-officielle-des-manuels-scolaires-2022-2023-enseignement-general-minesec-cameroun	200	text/html
20221021032012	https://promouvoircompetences.com/ma/question.php?id=95-ou-trouver-les-resultats-apres-entretien-ace-2022-en-cote-d-ivoire	200	text/html
20221021032014	https://promouvoircompetences.com/ma/question.php?id=96-comment-faire-l-impression-des-convocations-et-listings-au-bac-2022-en-cote-d-ivoire	200	text/html
20221021032010	https://promouvoircompetences.com/ma/question.php?id=98-ou-consulter-les-resultats-des-concours-du-mindef-publies-le-24-mai-2022	200	text/html
20220530051043	https://promouvoircompetences.com/ma/questions.php?l=fr	200	text/html
20221021032010	https://promouvoircompetences.com/ma/region.php?id=643-oriental&l=fr	200	text/html
20220530051002	https://promouvoircompetences.com/ma/region.php?id=645-rabat-sale-kenitra&l=fr	200	text/html
20221021032014	https://promouvoircompetences.com/ma/region.php?id=646-beni-mellal-khenifra&l=fr	200	text/html
20221021032010	https://promouvoircompetences.com/ma/region.php?id=648-marrakech-safi&l=fr	200	text/html
20220530051000	https://promouvoircompetences.com/ma/region.php?id=649-draa-tafilalet	200	text/html
20221021032014	https://promouvoircompetences.com/ma/region.php?id=650-souss-massa&l=fr	200	text/html
20221021032010	https://promouvoircompetences.com/ma/region.php?id=652-laayoune-sakia-el-hamra&l=fr	200	text/html
20220530051024	https://promouvoircompetences.com/ma/region.php?id=653-dakhla-oued-ed-dahab&l=fr	200	text/html
20220530050959	https://promouvoircompetences.com/ma/regions.php?l=fr	200	text/html
20221021032010	https://promouvoircompetences.com/ma/rubrique.php?id=1-generalites	200	text/html
20221021032010	https://promouvoircompetences.com/ma/rubrique.php?id=3-annuaires	200	text/html
20220530051033	https://promouvoircompetences.com/ma/rubrique.php?id=4-proposer-un-cours	200	text/html
20220530051027	https://promouvoircompetences.com/ma/rubrique.php?id=5-offres-d-emplois	200	text/html
20221021032011	https://promouvoircompetences.com/ma/rubrique.php?id=7-resultats-examens-et-concours	200	text/html
20221021032011	https://promouvoircompetences.com/ma/rubrique.php?id=9-correction-d-epreuves-d-examens-et-concours	200	text/html
20221021032013	https://promouvoircompetences.com/ma/sites-touristiques.php	200	text/html
20220530050959	https://promouvoircompetences.com/ma/sites-touristiques.php?l=fr	200	text/html
20221021032013	https://promouvoircompetences.com/ma/symboles.php?id=2-hymne-national-maroc	200	text/html
20220530051002	https://promouvoircompetences.com/ma/symboles.php?id=4-armoiries-maroc	200	text/html
20221021032015	https://promouvoircompetences.com/ma/symboles.php?id=5-gouvernement-maroc	200	text/html
20220530051011	https://promouvoircompetences.com/ma/symboles.php?id=6-assemblee-nationale-maroc	200	text/html
20221021032012	https://promouvoircompetences.com/ma/tge.php?l=fr	200	text/html
20221021032014	https://promouvoircompetences.com/ma/tribus.php	200	text/html
20220530051000	https://promouvoircompetences.com/ma/tribus.php?l=fr	200	text/html
20221021032013	https://promouvoircompetences.com/ma/videos.php	200	text/html
20221021032012	https://promouvoircompetences.com/ma/ville.php?id=258088-arfoud	200	text/html
20221021032010	https://promouvoircompetences.com/ma/ville.php?id=258089-boudnib	200	text/html
20220530051006	https://promouvoircompetences.com/ma/ville.php?id=258091-jorf	200	text/html
20220530051000	https://promouvoircompetences.com/ma/ville.php?id=258093-tinejdad	200	text/html
20221021032010	https://promouvoircompetences.com/ma/ville.php?id=258097-aarab-sebbah-gheris	200	text/html
20220530051014	https://promouvoircompetences.com/ma/ville.php?id=258098-fezna	200	text/html
20220530051000	https://promouvoircompetences.com/ma/ville.php?id=258101-es-sfalat	200	text/html
20220530012246	https://promouvoircompetences.com/ma/ville.php?id=258104-aoufous	200	text/html
20220530051004	https://promouvoircompetences.com/ma/ville.php?id=258105-er-rteb	200	text/html
20220530051013	https://promouvoircompetences.com/ma/ville.php?id=258106-oued-naam	200	text/html
20220530051017	https://promouvoircompetences.com/ma/ville.php?id=258108-chorfa-m-daghra	200	text/html
20221021032010	https://promouvoircompetences.com/ma/ville.php?id=258111-gheris	200	text/html
20221021032010	https://promouvoircompetences.com/ma/ville.php?id=258112-gheris-es-soufli	200	text/html
20221021032014	https://promouvoircompetences.com/ma/ville.php?id=258113-gheris-el-ouloui	200	text/html
20220530051024	https://promouvoircompetences.com/ma/ville.php?id=258114-tadighoust	200	text/html
20220530051048	https://promouvoircompetences.com/ma/ville.php?id=258117-ferkla-es-soufla	200	text/html
20241215093014	https://promouvoircompetences.com/ma/villes.php	200	text/html
20230813194808	https://promouvoircompetences.com/maintenance.php	200	text/html
20250710160540	https://promouvoircompetences.com/maj.html	200	text/html
20200929125844	https://promouvoircompetences.com/market-fr.html	200	text/html
20260611195530	https://promouvoircompetences.com/metier-19-agriculteur.html	200	text/html
20260611200942	https://promouvoircompetences.com/metier-194-agent-agente-de-transit.html	200	text/html
20260611200227	https://promouvoircompetences.com/metier-42-agent-de-transit.html	200	text/html
20260611192821	https://promouvoircompetences.com/metier-67-administrateur-administratrice-reseaux.html	200	text/html
20260611201840	https://promouvoircompetences.com/metier-75-accessoiriste.html	200	text/html
20260611200336	https://promouvoircompetences.com/metier-76-accoucheur-euse-sage-femme.html	200	text/html
20260611185311	https://promouvoircompetences.com/metier-77-acousticien-ne-ingenieur-ingenieure-en-acoustique.html	200	text/html
20260611190519	https://promouvoircompetences.com/metier-78-acteur-actrice.html	200	text/html
20260611202205	https://promouvoircompetences.com/metier-79-actuaire.html	200	text/html
20260611191452	https://promouvoircompetences.com/metier-81-administrateur-administratrice-de-base-de-donnees.html	200	text/html
20260611202335	https://promouvoircompetences.com/metier-82-aerodynamicien-aerodynamicienne-en-aeronautique.html	200	text/html
20260611200755	https://promouvoircompetences.com/metier-83-affreteur-euse-agent-agente-de-transit.html	200	text/html
20260611191053	https://promouvoircompetences.com/metier-84-agent-immobilier-agente-immobiliere.html	200	text/html
20260611191214	https://promouvoircompetences.com/metier-93-agent-d-entretien-technicien-de-surface.html	200	text/html
20260611193249	https://promouvoircompetences.com/metier-94-agriculteur-agricultrice.html	200	text/html
20201020065204	https://promouvoircompetences.com/metiers-fr.html	200	text/html
20250623212030	https://promouvoircompetences.com/metiers.html	200	text/html
20200920232400	https://promouvoircompetences.com/metiers.html?l=fr	200	text/html
20260611191708	https://promouvoircompetences.com/metiers.php?&page=19	200	text/html
20260611194129	https://promouvoircompetences.com/metiers.php?&page=3	200	text/html
20260611190013	https://promouvoircompetences.com/metiers.php?&page=4	200	text/html
20260611195348	https://promouvoircompetences.com/metiers.php?&page=5	200	text/html
20260611190746	https://promouvoircompetences.com/metiers.php?&page=6	200	text/html
20260611200419	https://promouvoircompetences.com/metiers.php?&page=7	200	text/html
20201030141551	https://promouvoircompetences.com/metiers.php?l=fr	200	text/html
20260611190922	https://promouvoircompetences.com/metiers.php?lettre=A	200	text/html
20260611191800	https://promouvoircompetences.com/metiers.php?lettre=B	200	text/html
20260611192905	https://promouvoircompetences.com/metiers.php?lettre=C	200	text/html
20260611193851	https://promouvoircompetences.com/metiers.php?lettre=D	200	text/html
20260611195110	https://promouvoircompetences.com/metiers.php?lettre=E	200	text/html
20260611200053	https://promouvoircompetences.com/metiers.php?lettre=F	200	text/html
20260611201003	https://promouvoircompetences.com/metiers.php?lettre=G	200	text/html
20260611201648	https://promouvoircompetences.com/metiers.php?lettre=H	200	text/html
20260611202720	https://promouvoircompetences.com/metiers.php?lettre=I	200	text/html
20260611190233	https://promouvoircompetences.com/metiers.php?lettre=J	200	text/html
20260611191147	https://promouvoircompetences.com/metiers.php?lettre=K	200	text/html
20260611192004	https://promouvoircompetences.com/metiers.php?lettre=L	200	text/html
20260611193018	https://promouvoircompetences.com/metiers.php?lettre=M	200	text/html
20260611194200	https://promouvoircompetences.com/metiers.php?lettre=N	200	text/html
20260611195324	https://promouvoircompetences.com/metiers.php?lettre=O	200	text/html
20260611200358	https://promouvoircompetences.com/metiers.php?lettre=P	200	text/html
20260611201815	https://promouvoircompetences.com/metiers.php?lettre=R	200	text/html
20260611185444	https://promouvoircompetences.com/metiers.php?lettre=S	200	text/html
20260611190304	https://promouvoircompetences.com/metiers.php?lettre=T	200	text/html
20260611191400	https://promouvoircompetences.com/metiers.php?lettre=U	200	text/html
20260611192205	https://promouvoircompetences.com/metiers.php?lettre=V	200	text/html
20260611193230	https://promouvoircompetences.com/metiers.php?lettre=W	200	text/html
20260611200607	https://promouvoircompetences.com/metiers.php?lettre=Z	200	text/html
20200929141438	https://promouvoircompetences.com/mg/	200	text/html
20250216025257	https://promouvoircompetences.com/mg/activite-ville.php?ida=1-ou-dormir-a	200	text/html
20250114033949	https://promouvoircompetences.com/mg/activite-ville.php?ida=11&l=fr	200	text/html
20250206170953	https://promouvoircompetences.com/mg/activite-ville.php?ida=11-entreprises-automobiles-a	200	text/html
20250219144621	https://promouvoircompetences.com/mg/activite-ville.php?ida=12&l=fr	200	text/html
20250216015813	https://promouvoircompetences.com/mg/activite-ville.php?ida=13-ou-trouver-les-professionnels-de-l-habillement-a	200	text/html
20250114194349	https://promouvoircompetences.com/mg/activite-ville.php?ida=14&l=fr	200	text/html
20250210093500	https://promouvoircompetences.com/mg/activite-ville.php?ida=14-entreprises-sociales-a	200	text/html
20250617163719	https://promouvoircompetences.com/mg/activite-ville.php?ida=15-ou-trouver-un-notaire-a	200	text/html
20250114022209	https://promouvoircompetences.com/mg/activite-ville.php?ida=17&l=fr	200	text/html
20250210094433	https://promouvoircompetences.com/mg/activite-ville.php?ida=19&l=fr	200	text/html
20250615214042	https://promouvoircompetences.com/mg/activite-ville.php?ida=19-entreprises-d-ingenierie-a	200	text/html
20250212071359	https://promouvoircompetences.com/mg/activite-ville.php?ida=2&l=fr	200	text/html
20250212064418	https://promouvoircompetences.com/mg/activite-ville.php?ida=22-entreprises-specialisees-dans-le-demenagement-a	200	text/html
20250216023944	https://promouvoircompetences.com/mg/activite-ville.php?ida=23&l=fr	200	text/html
20250212065618	https://promouvoircompetences.com/mg/activite-ville.php?ida=24&l=fr	200	text/html
20250218093527	https://promouvoircompetences.com/mg/activite-ville.php?ida=26&l=fr	200	text/html
20250206165501	https://promouvoircompetences.com/mg/activite-ville.php?ida=4&l=fr	200	text/html
20250114190651	https://promouvoircompetences.com/mg/activite-ville.php?ida=6&l=fr	200	text/html
20250206152334	https://promouvoircompetences.com/mg/activite-ville.php?ida=6-ou-se-former-a	200	text/html
20250216023358	https://promouvoircompetences.com/mg/activite-ville.php?ida=7-ou-se-soigner-a	200	text/html
20250615210540	https://promouvoircompetences.com/mg/activite-ville.php?ida=9-specialistes-agriculture-a	200	text/html
20250216012109	https://promouvoircompetences.com/mg/activite-ville.php?idm=10	200	text/html
20250212075927	https://promouvoircompetences.com/mg/activite-ville.php?idm=11	200	text/html
20250210104037	https://promouvoircompetences.com/mg/activite-ville.php?idm=13	200	text/html
20250216021219	https://promouvoircompetences.com/mg/activite-ville.php?idm=14	200	text/html
20250210101453	https://promouvoircompetences.com/mg/activite-ville.php?idm=16	200	text/html
20250210091644	https://promouvoircompetences.com/mg/activite-ville.php?idm=17	200	text/html
20250216024913	https://promouvoircompetences.com/mg/activite-ville.php?idm=18	200	text/html
20250617164143	https://promouvoircompetences.com/mg/activite-ville.php?idm=19	200	text/html
20250216024446	https://promouvoircompetences.com/mg/activite-ville.php?idm=2	200	text/html
20250210103927	https://promouvoircompetences.com/mg/activite-ville.php?idm=20	200	text/html
20250620190158	https://promouvoircompetences.com/mg/activite-ville.php?idm=24	200	text/html
20250206165146	https://promouvoircompetences.com/mg/activite-ville.php?idm=25	200	text/html
20250212082408	https://promouvoircompetences.com/mg/activite-ville.php?idm=27	200	text/html
20250210102712	https://promouvoircompetences.com/mg/activite-ville.php?idm=32	200	text/html
20250210090838	https://promouvoircompetences.com/mg/activite-ville.php?idm=4	200	text/html
20250216030511	https://promouvoircompetences.com/mg/activite-ville.php?idm=5	200	text/html
20250212074705	https://promouvoircompetences.com/mg/activite-ville.php?idm=6	200	text/html
20250714055738	https://promouvoircompetences.com/mg/ajouterEntreprise.php?l=fr	200	text/html
20250216031657	https://promouvoircompetences.com/mg/ambassades.php	200	text/html
20250210105343	https://promouvoircompetences.com/mg/ambassades.php?l=fr	200	text/html
20250216025106	https://promouvoircompetences.com/mg/bourses.php?id=fr	200	text/html
20250620201400	https://promouvoircompetences.com/mg/conditions.php?id=3-politique-confidentialite-fr	200	text/html
20250210091146	https://promouvoircompetences.com/mg/cours.php?id=fr	200	text/html
20250714064225	https://promouvoircompetences.com/mg/cours.php?l=fr	200	text/html
20250206171725	https://promouvoircompetences.com/mg/cu.php	200	text/html
20250620195700	https://promouvoircompetences.com/mg/emplois.php?l=fr	200	text/html
20250216022316	https://promouvoircompetences.com/mg/ethnies.php	200	text/html
20250615203332	https://promouvoircompetences.com/mg/exposition.php?l=fr	200	text/html
20250212072908	https://promouvoircompetences.com/mg/formalites.php	200	text/html
20250212072055	https://promouvoircompetences.com/mg/groupes-ethniques.php	200	text/html
20250210094920	https://promouvoircompetences.com/mg/groupes-ethniques.php?l=fr	200	text/html
20250210103813	https://promouvoircompetences.com/mg/langues.php	200	text/html
20230711183229	https://promouvoircompetences.com/mg/langues.php?l=fr	200	text/html
20201127132019	https://promouvoircompetences.com/mg/madagascar.php	200	text/html
20250620185703	https://promouvoircompetences.com/mg/madagascar.php?l=fr	200	text/html
20250216025218	https://promouvoircompetences.com/mg/premium-infos.php?l=fr	200	text/html
20250615205145	https://promouvoircompetences.com/mg/proposercours.php?l=fr	200	text/html
20250617172519	https://promouvoircompetences.com/mg/publicite.php?l=fr	200	text/html
20250210094335	https://promouvoircompetences.com/mg/question.php?id=354-avez-vous-les-listes-des-candidats-admis-au-concours-d-entree-en-1ere-annee-de-l-iut-de-douala	200	text/html
20250615203637	https://promouvoircompetences.com/mg/question.php?id=358-ou-avoir-les-resultats-des-concours-d-entree-aux-enieg-et-eniet-au-cameroun	200	text/html
20250216022635	https://promouvoircompetences.com/mg/question.php?id=359-quel-est-le-calendrier-de-l-annee-scolaire-2024-2025-au-mali	200	text/html
20250617170319	https://promouvoircompetences.com/mg/question.php?id=360-quelles-est-la-situation-des-inondations-au-mali-et-de-l-assistance-aux-sinistres	200	text/html
20250212080559	https://promouvoircompetences.com/mg/question.php?id=363-vrai-ou-faux-que-le-president-paul-biya-distribue-de-l-argent-aux-camerounais-pour-noel	200	text/html
20250615214011	https://promouvoircompetences.com/mg/questions.php?l=fr	200	text/html
20250615204537	https://promouvoircompetences.com/mg/rubrique.php?id=2-avantages-d-avoir-un-compte	200	text/html
20250206164406	https://promouvoircompetences.com/mg/rubrique.php?id=4-proposer-un-cours	200	text/html
20250212071918	https://promouvoircompetences.com/mg/rubrique.php?id=5-offres-d-emplois	200	text/html
20250210085621	https://promouvoircompetences.com/mg/rubrique.php?id=6-mise-en-relation-prestataires-clients-et-vice-versa	200	text/html
20250617175116	https://promouvoircompetences.com/mg/rubrique.php?id=8-compte-pro	200	text/html
20250620185914	https://promouvoircompetences.com/mg/sites-touristiques.php?l=fr	200	text/html
20250615213534	https://promouvoircompetences.com/mg/tge.php?l=fr	200	text/html
20250206164832	https://promouvoircompetences.com/mg/tribus.php?l=fr	200	text/html
20250206171146	https://promouvoircompetences.com/mg/videos.php	200	text/html
20250216021600	https://promouvoircompetences.com/mg/villes.php?l=fr	200	text/html
20250620194246	https://promouvoircompetences.com/mg/?l=es	200	text/html
20250714064428	https://promouvoircompetences.com/mg/?l=fr	200	text/html
20201020064413	https://promouvoircompetences.com/micro-entreprises-fr.html	200	text/html
20250623222238	https://promouvoircompetences.com/micro-entreprises.html	200	text/html
20260610125854	https://promouvoircompetences.com/micro-entreprises.php?&page=3	200	text/html
20260610113422	https://promouvoircompetences.com/micro-entreprises.php?&page=320	200	text/html
20260610125659	https://promouvoircompetences.com/micro-entreprises.php?&page=4	200	text/html
20260610125322	https://promouvoircompetences.com/micro-entreprises.php?&page=5	200	text/html
20260610124951	https://promouvoircompetences.com/micro-entreprises.php?&page=6	200	text/html
20260610124430	https://promouvoircompetences.com/micro-entreprises.php?&page=7	200	text/html
20260610120212	https://promouvoircompetences.com/micro-entreprises.php?lettre=2	200	text/html
20260610125237	https://promouvoircompetences.com/micro-entreprises.php?lettre=3	200	text/html
20260610125106	https://promouvoircompetences.com/micro-entreprises.php?lettre=5	200	text/html
20260610125016	https://promouvoircompetences.com/micro-entreprises.php?lettre=7	200	text/html
20260610115714	https://promouvoircompetences.com/micro-entreprises.php?lettre=@	200	text/html
20260610124519	https://promouvoircompetences.com/micro-entreprises.php?lettre=A	200	text/html
20260610115356	https://promouvoircompetences.com/micro-entreprises.php?lettre=B	200	text/html
20260610124320	https://promouvoircompetences.com/micro-entreprises.php?lettre=C	200	text/html
20260610115224	https://promouvoircompetences.com/micro-entreprises.php?lettre=D	200	text/html
20260610124203	https://promouvoircompetences.com/micro-entreprises.php?lettre=E	200	text/html
20260610115012	https://promouvoircompetences.com/micro-entreprises.php?lettre=F	200	text/html
20260610124048	https://promouvoircompetences.com/micro-entreprises.php?lettre=G	200	text/html
20260610114827	https://promouvoircompetences.com/micro-entreprises.php?lettre=H	200	text/html
20260610123843	https://promouvoircompetences.com/micro-entreprises.php?lettre=I	200	text/html
20260610114747	https://promouvoircompetences.com/micro-entreprises.php?lettre=J	200	text/html
20260610123724	https://promouvoircompetences.com/micro-entreprises.php?lettre=K	200	text/html
20260610114634	https://promouvoircompetences.com/micro-entreprises.php?lettre=L	200	text/html
20260610123605	https://promouvoircompetences.com/micro-entreprises.php?lettre=M	200	text/html
20260610114559	https://promouvoircompetences.com/micro-entreprises.php?lettre=N	200	text/html
20260610123439	https://promouvoircompetences.com/micro-entreprises.php?lettre=O	200	text/html
20260610114449	https://promouvoircompetences.com/micro-entreprises.php?lettre=P	200	text/html
20260610123411	https://promouvoircompetences.com/micro-entreprises.php?lettre=Q	200	text/html
20260610114320	https://promouvoircompetences.com/micro-entreprises.php?lettre=R	200	text/html
20260610123214	https://promouvoircompetences.com/micro-entreprises.php?lettre=S	200	text/html
20260610113925	https://promouvoircompetences.com/micro-entreprises.php?lettre=T	200	text/html
20260610122934	https://promouvoircompetences.com/micro-entreprises.php?lettre=U	200	text/html
20260610131613	https://promouvoircompetences.com/micro-entreprises.php?lettre=V	200	text/html
20260610122800	https://promouvoircompetences.com/micro-entreprises.php?lettre=W	200	text/html
20260610131429	https://promouvoircompetences.com/micro-entreprises.php?lettre=X	200	text/html
20260610122654	https://promouvoircompetences.com/micro-entreprises.php?lettre=Y	200	text/html
20260610131257	https://promouvoircompetences.com/micro-entreprises.php?lettre=Z	200	text/html
20200929150126	https://promouvoircompetences.com/ml/	200	text/html
20250114205824	https://promouvoircompetences.com/ml/activite-ville.php?ida=11&l=fr	200	text/html
20250219152238	https://promouvoircompetences.com/ml/activite-ville.php?ida=12&l=fr	200	text/html
20250212074300	https://promouvoircompetences.com/ml/activite-ville.php?ida=12-ou-trouver-les-specialistes-de-l-art-et-de-l-artisanat-a	200	text/html
20250114202457	https://promouvoircompetences.com/ml/activite-ville.php?ida=14&l=fr	200	text/html
20250210100538	https://promouvoircompetences.com/ml/activite-ville.php?ida=15-ou-trouver-un-notaire-a	200	text/html
20250120022655	https://promouvoircompetences.com/ml/activite-ville.php?ida=17&l=fr	200	text/html
20250212062245	https://promouvoircompetences.com/ml/activite-ville.php?ida=17-entreprises-de-l-industrie-agroalimentaire-a	200	text/html
20250210094116	https://promouvoircompetences.com/ml/activite-ville.php?ida=18-entreprises-du-batiment-a	200	text/html
20250216031321	https://promouvoircompetences.com/ml/activite-ville.php?ida=19-entreprises-d-ingenierie-a	200	text/html
20250206152914	https://promouvoircompetences.com/ml/activite-ville.php?ida=20&l=fr	200	text/html
20250210102558	https://promouvoircompetences.com/ml/activite-ville.php?ida=20-entreprises-de-ressources-humaines	200	text/html
20250212064019	https://promouvoircompetences.com/ml/activite-ville.php?ida=23-ou-trouver-les-entreprises-d-import-export-a	200	text/html
20250218100345	https://promouvoircompetences.com/ml/activite-ville.php?ida=26&l=fr	200	text/html
20250212083048	https://promouvoircompetences.com/ml/activite-ville.php?ida=3-ou-boire-prendre-un-verre-a	200	text/html
20250114025856	https://promouvoircompetences.com/ml/activite-ville.php?ida=6&l=fr	200	text/html
20250218090910	https://promouvoircompetences.com/ml/activite-ville.php?ida=7&l=fr	200	text/html
20250216030628	https://promouvoircompetences.com/ml/activite-ville.php?ida=7-ou-se-soigner-a	200	text/html
20220801015343	https://promouvoircompetences.com/ml/activite-ville.php?ida=9&idv=3867-specialistes-agriculture-a-segala	200	text/html
20250617164709	https://promouvoircompetences.com/ml/activite-ville.php?idm=10	200	text/html
20250206154558	https://promouvoircompetences.com/ml/activite-ville.php?idm=15	200	text/html
20250206170601	https://promouvoircompetences.com/ml/activite-ville.php?idm=16	200	text/html
20250216031546	https://promouvoircompetences.com/ml/activite-ville.php?idm=2	200	text/html
20250216023120	https://promouvoircompetences.com/ml/activite-ville.php?idm=26	200	text/html
20250212080718	https://promouvoircompetences.com/ml/activite-ville.php?idm=28	200	text/html
20250617172835	https://promouvoircompetences.com/ml/activite-ville.php?idm=3	200	text/html
20250216032124	https://promouvoircompetences.com/ml/activite-ville.php?idm=32	200	text/html
20250206160736	https://promouvoircompetences.com/ml/activite-ville.php?idm=4	200	text/html
20250210084357	https://promouvoircompetences.com/ml/activite-ville.php?idm=9	200	text/html
20250206162236	https://promouvoircompetences.com/ml/aide.php?l=fr	200	text/html
20250210105420	https://promouvoircompetences.com/ml/bourses.php?id=fr	200	text/html
20250615220434	https://promouvoircompetences.com/ml/concours.php?id=fr	200	text/html
20250212065005	https://promouvoircompetences.com/ml/coutumes.php	200	text/html
20250210091600	https://promouvoircompetences.com/ml/coutumes.php?l=fr	200	text/html
20250714055351	https://promouvoircompetences.com/ml/devenir-correcteur.php?l=fr	200	text/html
20250213222828	https://promouvoircompetences.com/ml/emploi.php?id=2121-infirmier-essai-clinique	200	text/html
20230323012453	https://promouvoircompetences.com/ml/emploi.php?id=2182-assistant-administratif	200	text/html
20230323012657	https://promouvoircompetences.com/ml/emploi.php?id=2183-logistique-achat-buyer	200	text/html
20231211002205	https://promouvoircompetences.com/ml/emploi.php?id=2241-directeur-adjoint-de-mine	200	text/html
20240225175901	https://promouvoircompetences.com/ml/emploi.php?id=2252-assistant-e-des-ressources-humaines-generaliste	200	text/html
20230323022155	https://promouvoircompetences.com/ml/entreprise.php?id=12978-umo-interim-bamako	200	text/html
20230323010143	https://promouvoircompetences.com/ml/entreprise.php?id=12986-cabinet-cei-sarl	200	text/html
20240225173344	https://promouvoircompetences.com/ml/entreprise.php?id=12996-save-the-children-bamako	200	text/html
20250615214604	https://promouvoircompetences.com/ml/formalites.php	200	text/html
20250212075652	https://promouvoircompetences.com/ml/groupes-ethniques.php?l=fr	200	text/html
20250216022516	https://promouvoircompetences.com/ml/inscription.php	200	text/html
20250210090028	https://promouvoircompetences.com/ml/langues.php	200	text/html
20201127142952	https://promouvoircompetences.com/ml/mali.php	200	text/html
20250212082044	https://promouvoircompetences.com/ml/micro-entreprises.php?l=fr	200	text/html
20250206150327	https://promouvoircompetences.com/ml/pme.php?l=fr	200	text/html
20250216032312	https://promouvoircompetences.com/ml/premium-infos.php?l=fr	200	text/html
20250212082327	https://promouvoircompetences.com/ml/publicite.php?l=fr	200	text/html
20220821134426	https://promouvoircompetences.com/ml/question.php	200	text/html
20220821133921	https://promouvoircompetences.com/ml/question.php?id=151-les-resultats-du-baccalaureat-2022-au-mali-sont-ils-deja-disponibles&l=fr	200	text/html
20241222063021	https://promouvoircompetences.com/ml/question.php?id=221-resultats-def-2023-au-mali-publication-et-listes-pdf	200	text/html
20250206163846	https://promouvoircompetences.com/ml/question.php?id=354-avez-vous-les-listes-des-candidats-admis-au-concours-d-entree-en-1ere-annee-de-l-iut-de-douala	200	text/html
20250212063832	https://promouvoircompetences.com/ml/question.php?id=355-a-quand-les-resultats-du-cap-et-bt-2024-au-mali	200	text/html
20250206165342	https://promouvoircompetences.com/ml/question.php?id=360-quelles-est-la-situation-des-inondations-au-mali-et-de-l-assistance-aux-sinistres	200	text/html
20241221195241	https://promouvoircompetences.com/ml/question.php?id=40-quelle-est-la-date-de-la-rentree-scolaire-2021-2022-au-mali	200	text/html
20250206154636	https://promouvoircompetences.com/ml/regions.php?l=fr	200	text/html
20220821133753	https://promouvoircompetences.com/ml/result.php?id=28034-resultats-du-def-2022-au-mali	200	text/html
20220821133723	https://promouvoircompetences.com/ml/result.php?id=28083-tous-les-resultats-du-bac-2022-au-mali	200	text/html
20211028074603	https://promouvoircompetences.com/ml/result.php?id=8866-resultats-du-def-2021-au-mali	200	text/html
20211019165917	https://promouvoircompetences.com/ml/result.php?id=8981-resultats-du-bt-brevet-de-technicien-2021-au-mali	200	text/html
20241221200751	https://promouvoircompetences.com/ml/result.php?id=8992-resultats-des-admis-au-cap-2021-mali-bamako-rive-droite	200	text/html
20241221195738	https://promouvoircompetences.com/ml/result.php?id=8996-resultats-listes-des-candidats-admis-au-cap-academie-de-douentza-session-2021	200	text/html
20241221193108	https://promouvoircompetences.com/ml/result.php?id=8997-resultats-listes-des-candidats-admis-au-bt2-academie-de-koutiala-session-2021	200	text/html
20241221195723	https://promouvoircompetences.com/ml/result.php?id=8998-resultats-listes-des-candidats-admis-au-cap-academie-de-koutiala-session-2021	200	text/html
20241221200825	https://promouvoircompetences.com/ml/result.php?id=8999-resultats-listes-des-candidats-admis-au-cap-pole-de-correction-de-kita-session-2021	200	text/html
20241221210733	https://promouvoircompetences.com/ml/result.php?id=9000-resultats-listes-des-candidats-admis-au-bt2-pole-de-correction-de-kita-session-2021	200	text/html
20241222140052	https://promouvoircompetences.com/ml/result.php?id=9001-resultats-listes-des-candidats-admis-au-cap-et-bt1-academies-de-gao-san-segou-tombouctou-session-2021	200	text/html
20241221193753	https://promouvoircompetences.com/ml/result.php?id=9002-resultats-listes-des-candidats-admis-au-cap-academie-de-mopti-session-2021	200	text/html
20241221220247	https://promouvoircompetences.com/ml/result.php?id=9003-resultats-listes-des-candidats-admis-au-bt1-academie-de-mopti-session-2021	200	text/html
20241221193249	https://promouvoircompetences.com/ml/result.php?id=9004-resultats-listes-des-candidats-admis-au-bt1-academie-de-bougouni-session-2021	200	text/html
20241222135430	https://promouvoircompetences.com/ml/result.php?id=9005-resultats-listes-des-candidats-admis-au-bt1-academie-de-sikasso-session-2021	200	text/html
20241221193728	https://promouvoircompetences.com/ml/result.php?id=9006-resultats-listes-des-candidats-admis-au-bt2-academie-de-bougouni-session-2021	200	text/html
20241221195030	https://promouvoircompetences.com/ml/result.php?id=9007-resultats-listes-des-candidats-admis-au-bt2-academie-de-sikasso-session-2021	200	text/html
20241221193241	https://promouvoircompetences.com/ml/result.php?id=9008-resultats-listes-des-candidats-admis-au-cap-academie-de-bougouni-session-2021	200	text/html
20241221193743	https://promouvoircompetences.com/ml/result.php?id=9009-resultats-listes-des-candidats-admis-au-cap-academie-de-sikasso-session-2021	200	text/html
20241221193152	https://promouvoircompetences.com/ml/result.php?id=9014-resultats-bt2-mali-2021-bamako-rive-gauche-batiment	200	text/html
20241221194322	https://promouvoircompetences.com/ml/result.php?id=9015-resultats-bt2-mali-2021-chimie-bamako-rive-gauche	200	text/html
20241221194909	https://promouvoircompetences.com/ml/result.php?id=9016-resultats-bt1-mali-2021-chimie-bamako-rive-gauche	200	text/html
20241221193621	https://promouvoircompetences.com/ml/result.php?id=9017-resultats-bt1-mali-2021-construction-metallique-bamako-rive-gauche	200	text/html
20241221202313	https://promouvoircompetences.com/ml/result.php?id=9018-resultats-bt2-mali-2021-construction-metallique-bamako-rive-gauche	200	text/html
20241221210824	https://promouvoircompetences.com/ml/result.php?id=9019-resultats-bt2-mali-2021-dessin-batiment-bamako-rive-gauche	200	text/html
20241221193016	https://promouvoircompetences.com/ml/result.php?id=9020-resultats-bt1-mali-2021-dessin-batiment-bamako-rive-gauche	200	text/html
20241221193009	https://promouvoircompetences.com/ml/result.php?id=9021-resultats-bt2-mali-2021-douanes-bamako-rive-gauche	200	text/html
20241221193838	https://promouvoircompetences.com/ml/result.php?id=9022-resultats-bt2-mali-2021-electromecanique-bamako-rive-gauche	200	text/html
20241221193900	https://promouvoircompetences.com/ml/result.php?id=9023-resultats-bt2-mali-2021-electronique-audiovisuelle-bamako-rive-gauche	200	text/html
20241221203011	https://promouvoircompetences.com/ml/result.php?id=9024-resultats-bt1-mali-2021-froid-bamako-rive-gauche	200	text/html
20241221195900	https://promouvoircompetences.com/ml/result.php?id=9025-resultats-bt1-mali-2021-geologie-bamako-rive-gauche	200	text/html
20241221195847	https://promouvoircompetences.com/ml/result.php?id=9026-resultats-bt2-mali-2021-geologie-bamako-rive-gauche	200	text/html
20241221202043	https://promouvoircompetences.com/ml/result.php?id=9027-resultats-bt1-mali-2021-geometre-bamako-rive-gauche	200	text/html
20241221193418	https://promouvoircompetences.com/ml/result.php?id=9028-resultats-bt2-mali-2021-hydraulique-bamako-rive-gauche	200	text/html
20241221200542	https://promouvoircompetences.com/ml/result.php?id=9029-resultats-bt1-mali-2021-hydraulique-bamako-rive-gauche	200	text/html
20241221194544	https://promouvoircompetences.com/ml/result.php?id=9031-resultats-bt1-mali-2021-maintenance-bamako-rive-gauche	200	text/html
20241221194825	https://promouvoircompetences.com/ml/result.php?id=9033-resultats-bt1-mali-2021-secratariat-de-direction-bamako-rive-gauche	200	text/html
20241221201730	https://promouvoircompetences.com/ml/result.php?id=9034-resultats-bt1-mali-2021-technique-comptable	200	text/html
20220821133803	https://promouvoircompetences.com/ml/resultats-examens.php	200	text/html
20250210104708	https://promouvoircompetences.com/ml/rubrique.php?id=4-proposer-un-cours	200	text/html
20250615203732	https://promouvoircompetences.com/ml/rubrique.php?id=8-compte-pro	200	text/html
20250212083518	https://promouvoircompetences.com/ml/rubrique.php?id=9-correction-d-epreuves-d-examens-et-concours	200	text/html
20250216020810	https://promouvoircompetences.com/ml/sites-touristiques.php?l=fr	200	text/html
20250216030316	https://promouvoircompetences.com/ml/tge.php?l=fr	200	text/html
20250212080248	https://promouvoircompetences.com/ml/tribus.php	200	text/html
20230323013239	https://promouvoircompetences.com/ml/ville.php?id=3577-bamako	200	text/html
20250212080445	https://promouvoircompetences.com/ml/villes.php?l=fr	200	text/html
20250714052844	https://promouvoircompetences.com/ml/?l=fr	200	text/html
20200929141246	https://promouvoircompetences.com/mr/	200	text/html
20250216025143	https://promouvoircompetences.com/mr/activite-ville.php?ida=1-ou-dormir-a	200	text/html
20250114202236	https://promouvoircompetences.com/mr/activite-ville.php?ida=11&l=fr	200	text/html
20250206170914	https://promouvoircompetences.com/mr/activite-ville.php?ida=11-entreprises-automobiles-a	200	text/html
20250714053332	https://promouvoircompetences.com/mr/activite-ville.php?ida=12&l=fr	200	text/html
20250114194157	https://promouvoircompetences.com/mr/activite-ville.php?ida=14&l=fr	200	text/html
20250114014657	https://promouvoircompetences.com/mr/activite-ville.php?ida=15&l=fr	200	text/html
20250210104929	https://promouvoircompetences.com/mr/activite-ville.php?ida=16-ou-aller-a-l-ecole-a	200	text/html
20250216025415	https://promouvoircompetences.com/mr/activite-ville.php?ida=17-entreprises-de-l-industrie-agroalimentaire-a	200	text/html
20250216011316	https://promouvoircompetences.com/mr/activite-ville.php?ida=18-entreprises-du-batiment-a	200	text/html
20250615204355	https://promouvoircompetences.com/mr/activite-ville.php?ida=2-ou-manger-a	200	text/html
20250206165030	https://promouvoircompetences.com/mr/activite-ville.php?ida=21-entreprises-de-transport-et-logistique-a	200	text/html
20250206163646	https://promouvoircompetences.com/mr/activite-ville.php?ida=23&l=fr	200	text/html
20250216024410	https://promouvoircompetences.com/mr/activite-ville.php?ida=3-ou-boire-prendre-un-verre-a	200	text/html
20250206164244	https://promouvoircompetences.com/mr/activite-ville.php?ida=5-ou-faire-le-marche-a	200	text/html
20250114022257	https://promouvoircompetences.com/mr/activite-ville.php?ida=6&l=fr	200	text/html
20250218104143	https://promouvoircompetences.com/mr/activite-ville.php?ida=7&l=fr	200	text/html
20250620195552	https://promouvoircompetences.com/mr/activite-ville.php?ida=7-ou-se-soigner-a	200	text/html
20250210100021	https://promouvoircompetences.com/mr/activite-ville.php?ida=8-ou-imprimer-des-documents-a	200	text/html
20250216014821	https://promouvoircompetences.com/mr/activite-ville.php?idm=12	200	text/html
20250617174905	https://promouvoircompetences.com/mr/activite-ville.php?idm=13	200	text/html
20250210091516	https://promouvoircompetences.com/mr/activite-ville.php?idm=17	200	text/html
20250212080639	https://promouvoircompetences.com/mr/activite-ville.php?idm=18	200	text/html
20250206164525	https://promouvoircompetences.com/mr/activite-ville.php?idm=2	200	text/html
20250206170206	https://promouvoircompetences.com/mr/activite-ville.php?idm=20	200	text/html
20250210105307	https://promouvoircompetences.com/mr/activite-ville.php?idm=22	200	text/html
20250216013118	https://promouvoircompetences.com/mr/activite-ville.php?idm=24	200	text/html
20250210102749	https://promouvoircompetences.com/mr/activite-ville.php?idm=25	200	text/html
20250206154715	https://promouvoircompetences.com/mr/activite-ville.php?idm=26	200	text/html
20250210104415	https://promouvoircompetences.com/mr/activite-ville.php?idm=27	200	text/html
20250216021647	https://promouvoircompetences.com/mr/activite-ville.php?idm=28	200	text/html
20250615210929	https://promouvoircompetences.com/mr/activite-ville.php?idm=3	200	text/html
20250212074223	https://promouvoircompetences.com/mr/activite-ville.php?idm=30	200	text/html
20250206163042	https://promouvoircompetences.com/mr/activite-ville.php?idm=6	200	text/html
20250615215031	https://promouvoircompetences.com/mr/activite-ville.php?idm=9	200	text/html
20250209202444	https://promouvoircompetences.com/mr/activite-ville.php?l=fr	200	text/html
20250714060132	https://promouvoircompetences.com/mr/annuaires.php?l=fr	200	text/html
20250206170006	https://promouvoircompetences.com/mr/avis.php?l=fr	200	text/html
20250212080800	https://promouvoircompetences.com/mr/bourses.php?id=fr	200	text/html
20250615202829	https://promouvoircompetences.com/mr/centres-formation-pro.php?l=fr	200	text/html
20250210102148	https://promouvoircompetences.com/mr/concours.php?id=fr	200	text/html
20250212064109	https://promouvoircompetences.com/mr/contact.php?l=fr	200	text/html
20250216022833	https://promouvoircompetences.com/mr/cookies.php	200	text/html
20250210091016	https://promouvoircompetences.com/mr/cours.php?id=fr	200	text/html
20250210105118	https://promouvoircompetences.com/mr/cours.php?l=fr	200	text/html
20250615215734	https://promouvoircompetences.com/mr/coutumes.php	200	text/html
20250615215902	https://promouvoircompetences.com/mr/coutumes.php?l=fr	200	text/html
20250615221217	https://promouvoircompetences.com/mr/cu.php	200	text/html
20250206164912	https://promouvoircompetences.com/mr/entreprises.php?l=fr	200	text/html
20250206160953	https://promouvoircompetences.com/mr/gastronomie.php?l=fr	200	text/html
20250620192636	https://promouvoircompetences.com/mr/groupes-ethniques.php	200	text/html
20250620191549	https://promouvoircompetences.com/mr/inscription.php	200	text/html
20230711184731	https://promouvoircompetences.com/mr/langues.php?l=fr	200	text/html
20250216030704	https://promouvoircompetences.com/mr/libre-parole.php?l=fr	200	text/html
20201128204727	https://promouvoircompetences.com/mr/mauritanie.php	200	text/html
20250216030354	https://promouvoircompetences.com/mr/metiers.php?l=fr	200	text/html
20250212074743	https://promouvoircompetences.com/mr/micro-entreprises.php?l=fr	200	text/html
20211201130858	https://promouvoircompetences.com/mr/premium-infos.php?l=fr	200	text/html
20250216023824	https://promouvoircompetences.com/mr/publicite.php?l=fr	200	text/html
20250216024643	https://promouvoircompetences.com/mr/question.php?id=363-vrai-ou-faux-que-le-president-paul-biya-distribue-de-l-argent-aux-camerounais-pour-noel	200	text/html
20240507141804	https://promouvoircompetences.com/mr/region.php?id=249-tiris-zemmour&l=en&&page=123	200	text/html
20240507234413	https://promouvoircompetences.com/mr/region.php?id=249-tiris-zemmour&l=en&&page=70	200	text/html
20240507141822	https://promouvoircompetences.com/mr/regions.php	200	text/html
20250212062022	https://promouvoircompetences.com/mr/regions.php?l=fr	200	text/html
20250210101230	https://promouvoircompetences.com/mr/resultats-examens.php?l=fr	200	text/html
20250615204500	https://promouvoircompetences.com/mr/rubrique.php?id=2-avantages-d-avoir-un-compte	200	text/html
20250212075847	https://promouvoircompetences.com/mr/rubrique.php?id=3-annuaires	200	text/html
20250620192251	https://promouvoircompetences.com/mr/rubrique.php?id=5-offres-d-emplois	200	text/html
20250216011044	https://promouvoircompetences.com/mr/rubrique.php?id=6-mise-en-relation-prestataires-clients-et-vice-versa	200	text/html
20250216032141	https://promouvoircompetences.com/mr/rubrique.php?id=7-resultats-examens-et-concours	200	text/html
20250617173729	https://promouvoircompetences.com/mr/rubrique.php?id=9-correction-d-epreuves-d-examens-et-concours	200	text/html
20240507234406	https://promouvoircompetences.com/mr/touteslesentreprisesparville.php	200	text/html
20240507234441	https://promouvoircompetences.com/mr/touteslesentreprisesparville.php?lettre=H&l=es	200	text/html
20240508183321	https://promouvoircompetences.com/mr/ville.php?id=126142-azib-guelb-el&l=en	200	text/html
20240507141847	https://promouvoircompetences.com/mr/ville.php?id=135327-oumm-roueissine	200	text/html
20240507141825	https://promouvoircompetences.com/mr/villes.php	200	text/html
20250620193613	https://promouvoircompetences.com/mr/villes.php?l=fr	200	text/html
20250620194156	https://promouvoircompetences.com/mr/?l=es	200	text/html
20250615221031	https://promouvoircompetences.com/mr/?l=fr	200	text/html
20210228225726	https://promouvoircompetences.com/mu/	200	text/html
20250114184331	https://promouvoircompetences.com/mu/activite-ville.php?ida=11&l=fr	200	text/html
20250219153743	https://promouvoircompetences.com/mu/activite-ville.php?ida=12&l=fr	200	text/html
20250114035231	https://promouvoircompetences.com/mu/activite-ville.php?ida=14&l=fr	200	text/html
20250114024541	https://promouvoircompetences.com/mu/activite-ville.php?ida=15&l=fr	200	text/html
20250210105154	https://promouvoircompetences.com/mu/activite-ville.php?ida=23&l=fr	200	text/html
20250206152558	https://promouvoircompetences.com/mu/activite-ville.php?ida=25&l=fr	200	text/html
20250114031152	https://promouvoircompetences.com/mu/activite-ville.php?ida=6&l=fr	200	text/html
20250218092107	https://promouvoircompetences.com/mu/activite-ville.php?ida=7&l=fr	200	text/html
20250209211240	https://promouvoircompetences.com/mu/activite-ville.php?l=fr	200	text/html
20220125043915	https://promouvoircompetences.com/mu/cours.php?l=fr	200	text/html
20220125042700	https://promouvoircompetences.com/mu/coutumes.php?l=fr	200	text/html
20220125044457	https://promouvoircompetences.com/mu/cu.php	200	text/html
20220125040432	https://promouvoircompetences.com/mu/entreprises.php?l=fr	200	text/html
20220125041832	https://promouvoircompetences.com/mu/epreuves.php?id=fr	200	text/html
20220125051917	https://promouvoircompetences.com/mu/epreuves.php?l=fr	200	text/html
20220125040602	https://promouvoircompetences.com/mu/ethnies.php?l=fr	200	text/html
20220125055121	https://promouvoircompetences.com/mu/formalites.php?l=fr	200	text/html
20230711184732	https://promouvoircompetences.com/mu/langues.php?l=fr	200	text/html
20201127133005	https://promouvoircompetences.com/mu/maurice.php	200	text/html
20220125042144	https://promouvoircompetences.com/mu/metiers.php?l=fr	200	text/html
20220125060900	https://promouvoircompetences.com/mu/question.php?id=61-quelles-sont-les-differentes-etapes-pour-postuler-au-concours-national-de-la-police-2021-au-cameroun	200	text/html
20220125061138	https://promouvoircompetences.com/mu/question.php?id=66-pouvez-vous-me-donner-la-liste-pdf-des-candidats-admis-au-concours-d-entree-a-l-ecole-des-sous-officiers-de-banankoro-session-d-aout-2021	200	text/html
20220125050548	https://promouvoircompetences.com/mu/region.php?id=606-outer-islands&l=fr	200	text/html
20220125044915	https://promouvoircompetences.com/mu/regions.php?l=fr	200	text/html
20220125042101	https://promouvoircompetences.com/mu/resultats-examens.php?id=fr	200	text/html
20220125060313	https://promouvoircompetences.com/mu/resultats-examens.php?l=fr	200	text/html
20220125044541	https://promouvoircompetences.com/mu/rubrique.php?id=7-resultats-examens-et-concours	200	text/html
20220125045035	https://promouvoircompetences.com/mu/sites-touristiques.php	200	text/html
20220125043312	https://promouvoircompetences.com/mu/symboles.php?id=1-devise-nationale-maurice	200	text/html
20220125054551	https://promouvoircompetences.com/mu/tribus.php	200	text/html
20220125040259	https://promouvoircompetences.com/mu/tribus.php?l=fr	200	text/html
20210301135211	https://promouvoircompetences.com/mw/	200	text/html
20250114041513	https://promouvoircompetences.com/mw/activite-ville.php?ida=11&l=fr	200	text/html
20250219152109	https://promouvoircompetences.com/mw/activite-ville.php?ida=12&l=fr	200	text/html
20250114034037	https://promouvoircompetences.com/mw/activite-ville.php?ida=14&l=fr	200	text/html
20250114023624	https://promouvoircompetences.com/mw/activite-ville.php?ida=15&l=fr	200	text/html
20250114025557	https://promouvoircompetences.com/mw/activite-ville.php?ida=17&l=fr	200	text/html
20250206170755	https://promouvoircompetences.com/mw/activite-ville.php?ida=23&l=fr	200	text/html
20250212073115	https://promouvoircompetences.com/mw/activite-ville.php?ida=24&l=fr	200	text/html
20250120022803	https://promouvoircompetences.com/mw/activite-ville.php?ida=6&l=fr	200	text/html
20250209205844	https://promouvoircompetences.com/mw/activite-ville.php?l=fr	200	text/html
20230711184731	https://promouvoircompetences.com/mw/langues.php?l=fr	200	text/html
20201128192314	https://promouvoircompetences.com/mw/malawi.php	200	text/html
20250620202213	https://promouvoircompetences.com/mw/micro-entreprises.php?l=fr	200	text/html
20210228212225	https://promouvoircompetences.com/mz/	200	text/html
20250114024147	https://promouvoircompetences.com/mz/activite-ville.php?ida=11&l=fr	200	text/html
20250114020854	https://promouvoircompetences.com/mz/activite-ville.php?ida=14&l=fr	200	text/html
20250114032731	https://promouvoircompetences.com/mz/activite-ville.php?ida=15&l=fr	200	text/html
20250114204222	https://promouvoircompetences.com/mz/activite-ville.php?ida=17&l=fr	200	text/html
20250210095134	https://promouvoircompetences.com/mz/activite-ville.php?ida=25&l=fr	200	text/html
20250218104638	https://promouvoircompetences.com/mz/activite-ville.php?ida=26&l=fr	200	text/html
20250212072445	https://promouvoircompetences.com/mz/activite-ville.php?ida=4&l=fr	200	text/html
20250120031705	https://promouvoircompetences.com/mz/activite-ville.php?ida=6&l=fr	200	text/html
20250218095939	https://promouvoircompetences.com/mz/activite-ville.php?ida=7&l=fr	200	text/html
20250209214601	https://promouvoircompetences.com/mz/activite-ville.php?l=fr	200	text/html
20230711183229	https://promouvoircompetences.com/mz/langues.php?l=fr	200	text/html
20201127141300	https://promouvoircompetences.com/mz/mozambique.php	200	text/html
20210228213027	https://promouvoircompetences.com/na/	200	text/html
20250114024624	https://promouvoircompetences.com/na/activite-ville.php?ida=11&l=fr	200	text/html
20250219161425	https://promouvoircompetences.com/na/activite-ville.php?ida=12&l=fr	200	text/html
20250114185404	https://promouvoircompetences.com/na/activite-ville.php?ida=14&l=fr	200	text/html
20250114033903	https://promouvoircompetences.com/na/activite-ville.php?ida=15&l=fr	200	text/html
20250114040059	https://promouvoircompetences.com/na/activite-ville.php?ida=17&l=fr	200	text/html
20250615213458	https://promouvoircompetences.com/na/activite-ville.php?ida=20&l=fr	200	text/html
20250206170714	https://promouvoircompetences.com/na/activite-ville.php?ida=24&l=fr	200	text/html
20250212073033	https://promouvoircompetences.com/na/activite-ville.php?ida=25&l=fr	200	text/html
20250218082720	https://promouvoircompetences.com/na/activite-ville.php?ida=26&l=fr	200	text/html
20250114040220	https://promouvoircompetences.com/na/activite-ville.php?ida=6&l=fr	200	text/html
20250218100302	https://promouvoircompetences.com/na/activite-ville.php?ida=7&l=fr	200	text/html
20250209214910	https://promouvoircompetences.com/na/activite-ville.php?l=fr	200	text/html
20230711183229	https://promouvoircompetences.com/na/langues.php?l=fr	200	text/html
20201127135147	https://promouvoircompetences.com/na/namibie.php	200	text/html
20200929125302	https://promouvoircompetences.com/ne/	200	text/html
20250114022616	https://promouvoircompetences.com/ne/activite-ville.php?ida=11&l=fr	200	text/html
20250219155456	https://promouvoircompetences.com/ne/activite-ville.php?ida=12&l=fr	200	text/html
20250617171205	https://promouvoircompetences.com/ne/activite-ville.php?ida=15&l=fr	200	text/html
20250114033255	https://promouvoircompetences.com/ne/activite-ville.php?ida=17&l=fr	200	text/html
20250114033633	https://promouvoircompetences.com/ne/activite-ville.php?ida=6&l=fr	200	text/html
20250218094612	https://promouvoircompetences.com/ne/activite-ville.php?ida=7&l=fr	200	text/html
20250209212944	https://promouvoircompetences.com/ne/activite-ville.php?l=fr	200	text/html
20230711184731	https://promouvoircompetences.com/ne/langues.php?l=fr	200	text/html
20201127142739	https://promouvoircompetences.com/ne/niger.php	200	text/html
20200929124042	https://promouvoircompetences.com/ng/	200	text/html
20230406195422	https://promouvoircompetences.com/ng/activite-ville.php?ida=1&idv=102085-ou-dormir-a-nabayi	200	text/html
20230712094833	https://promouvoircompetences.com/ng/activite-ville.php?ida=1&idv=18198-ou-dormir-a-awbana-river	200	text/html
20230407013552	https://promouvoircompetences.com/ng/activite-ville.php?ida=10&idv=102085-banques-et-assurances-a-nabayi	200	text/html
20230712094401	https://promouvoircompetences.com/ng/activite-ville.php?ida=10&idv=18198-banques-et-assurances-a-awbana-river	200	text/html
20230406153550	https://promouvoircompetences.com/ng/activite-ville.php?ida=11&idv=102085-entreprises-automobiles-a-nabayi	200	text/html
20230712094520	https://promouvoircompetences.com/ng/activite-ville.php?ida=11&idv=18198-entreprises-automobiles-a-awbana-river	200	text/html
20250120013703	https://promouvoircompetences.com/ng/activite-ville.php?ida=11&l=fr	200	text/html
20230407110205	https://promouvoircompetences.com/ng/activite-ville.php?ida=12&idv=102085-ou-trouver-les-specialistes-de-l-art-et-de-l-artisanat-a-nabayi	200	text/html
20230712094335	https://promouvoircompetences.com/ng/activite-ville.php?ida=12&idv=18198-ou-trouver-les-specialistes-de-l-art-et-de-l-artisanat-a-awbana-river	200	text/html
20250219154254	https://promouvoircompetences.com/ng/activite-ville.php?ida=12&l=fr	200	text/html
20230406195421	https://promouvoircompetences.com/ng/activite-ville.php?ida=13&idv=102085-ou-trouver-les-professionnels-de-l-habillement-a-nabayi	200	text/html
20230712094833	https://promouvoircompetences.com/ng/activite-ville.php?ida=13&idv=18198-ou-trouver-les-professionnels-de-l-habillement-a-awbana-river	200	text/html
20230406091155	https://promouvoircompetences.com/ng/activite-ville.php?ida=14&idv=102085-entreprises-sociales-a-nabayi	200	text/html
20230712092307	https://promouvoircompetences.com/ng/activite-ville.php?ida=14&idv=18198-entreprises-sociales-a-awbana-river	200	text/html
20250114035933	https://promouvoircompetences.com/ng/activite-ville.php?ida=14&l=fr	200	text/html
20230407025859	https://promouvoircompetences.com/ng/activite-ville.php?ida=15&idv=102085-ou-trouver-un-notaire-a-nabayi	200	text/html
20230712094319	https://promouvoircompetences.com/ng/activite-ville.php?ida=15&idv=18198-ou-trouver-un-notaire-a-awbana-river	200	text/html
20250114025240	https://promouvoircompetences.com/ng/activite-ville.php?ida=15&l=fr	200	text/html
20230407013548	https://promouvoircompetences.com/ng/activite-ville.php?ida=16&idv=102085-ou-aller-a-l-ecole-a-nabayi	200	text/html
20230712094358	https://promouvoircompetences.com/ng/activite-ville.php?ida=16&idv=18198-ou-aller-a-l-ecole-a-awbana-river	200	text/html
20230406153550	https://promouvoircompetences.com/ng/activite-ville.php?ida=17&idv=102085-entreprises-de-l-industrie-agroalimentaire-a-nabayi	200	text/html
20230712094519	https://promouvoircompetences.com/ng/activite-ville.php?ida=17&idv=18198-entreprises-de-l-industrie-agroalimentaire-a-awbana-river	200	text/html
20250114031705	https://promouvoircompetences.com/ng/activite-ville.php?ida=17&l=fr	200	text/html
20230407110215	https://promouvoircompetences.com/ng/activite-ville.php?ida=18&idv=102085-entreprises-du-batiment-a-nabayi	200	text/html
20230712094334	https://promouvoircompetences.com/ng/activite-ville.php?ida=18&idv=18198-entreprises-du-batiment-a-awbana-river	200	text/html
20230406195418	https://promouvoircompetences.com/ng/activite-ville.php?ida=19&idv=102085-entreprises-d-ingenierie-a-nabayi	200	text/html
20230712094834	https://promouvoircompetences.com/ng/activite-ville.php?ida=19&idv=18198-entreprises-d-ingenierie-a-awbana-river	200	text/html
20230406091153	https://promouvoircompetences.com/ng/activite-ville.php?ida=2&idv=102085-ou-manger-a-nabayi	200	text/html
20230712092309	https://promouvoircompetences.com/ng/activite-ville.php?ida=2&idv=18198-ou-manger-a-awbana-river	200	text/html
20230406092656	https://promouvoircompetences.com/ng/activite-ville.php?ida=20&idv=102085-entreprises-de-ressources-humaines-nabayi	200	text/html
20230712092307	https://promouvoircompetences.com/ng/activite-ville.php?ida=20&idv=18198-entreprises-de-ressources-humaines-awbana-river	200	text/html
20230407025854	https://promouvoircompetences.com/ng/activite-ville.php?ida=21&idv=102085-entreprises-de-transport-et-logistique-a-nabayi	200	text/html
20230712094315	https://promouvoircompetences.com/ng/activite-ville.php?ida=21&idv=18198-entreprises-de-transport-et-logistique-a-awbana-river	200	text/html
20230407013548	https://promouvoircompetences.com/ng/activite-ville.php?ida=22&idv=102085-entreprises-specialisees-dans-le-demenagement-a-nabayi	200	text/html
20230712094358	https://promouvoircompetences.com/ng/activite-ville.php?ida=22&idv=18198-entreprises-specialisees-dans-le-demenagement-a-awbana-river	200	text/html
20230406153550	https://promouvoircompetences.com/ng/activite-ville.php?ida=23&idv=102085-ou-trouver-les-entreprises-d-import-export-a-nabayi	200	text/html
20230712094520	https://promouvoircompetences.com/ng/activite-ville.php?ida=23&idv=18198-ou-trouver-les-entreprises-d-import-export-a-awbana-river	200	text/html
20230407110205	https://promouvoircompetences.com/ng/activite-ville.php?ida=24&idv=102085-ou-trouver-des-entreprises-de-services-aux-entreprises-a-nabayi	200	text/html
20230712094335	https://promouvoircompetences.com/ng/activite-ville.php?ida=24&idv=18198-ou-trouver-des-entreprises-de-services-aux-entreprises-a-awbana-river	200	text/html
20230406195419	https://promouvoircompetences.com/ng/activite-ville.php?ida=25&idv=102085-ou-trouver-des-entreprises-de-transit-maritime-a-nabayi	200	text/html
20230712094834	https://promouvoircompetences.com/ng/activite-ville.php?ida=25&idv=18198-ou-trouver-des-entreprises-de-transit-maritime-a-awbana-river	200	text/html
20230406091156	https://promouvoircompetences.com/ng/activite-ville.php?ida=26&idv=102085-ou-trouver-un-huissier-de-justice-un-cabinet-d-avocats-ou-un-avocat-a-nabayi	200	text/html
20230712092307	https://promouvoircompetences.com/ng/activite-ville.php?ida=26&idv=18198-ou-trouver-un-huissier-de-justice-un-cabinet-d-avocats-ou-un-avocat-a-awbana-river	200	text/html
20230407025858	https://promouvoircompetences.com/ng/activite-ville.php?ida=3&idv=102085-ou-boire-prendre-un-verre-a-nabayi	200	text/html
20230712094315	https://promouvoircompetences.com/ng/activite-ville.php?ida=3&idv=18198-ou-boire-prendre-un-verre-a-awbana-river	200	text/html
20230407013551	https://promouvoircompetences.com/ng/activite-ville.php?ida=4&idv=102085-ou-danser-se-defouler-a-nabayi	200	text/html
20230712094358	https://promouvoircompetences.com/ng/activite-ville.php?ida=4&idv=18198-ou-danser-se-defouler-a-awbana-river	200	text/html
20250216013341	https://promouvoircompetences.com/ng/activite-ville.php?ida=4&l=fr	200	text/html
20230406153549	https://promouvoircompetences.com/ng/activite-ville.php?ida=5&idv=102085-ou-faire-le-marche-a-nabayi	200	text/html
20230712094518	https://promouvoircompetences.com/ng/activite-ville.php?ida=5&idv=18198-ou-faire-le-marche-a-awbana-river	200	text/html
20230407110205	https://promouvoircompetences.com/ng/activite-ville.php?ida=6&idv=102085-ou-se-former-a-nabayi	200	text/html
20230712094334	https://promouvoircompetences.com/ng/activite-ville.php?ida=6&idv=18198-ou-se-former-a-awbana-river	200	text/html
20250114031834	https://promouvoircompetences.com/ng/activite-ville.php?ida=6&l=fr	200	text/html
20230406195417	https://promouvoircompetences.com/ng/activite-ville.php?ida=7&idv=102085-ou-se-soigner-a-nabayi	200	text/html
20230712094834	https://promouvoircompetences.com/ng/activite-ville.php?ida=7&idv=18198-ou-se-soigner-a-awbana-river	200	text/html
20230406092655	https://promouvoircompetences.com/ng/activite-ville.php?ida=8&idv=102085-ou-imprimer-des-documents-a-nabayi	200	text/html
20230712093016	https://promouvoircompetences.com/ng/activite-ville.php?ida=8&idv=18198-ou-imprimer-des-documents-a-awbana-river	200	text/html
20230407025854	https://promouvoircompetences.com/ng/activite-ville.php?ida=9&idv=102085-specialistes-agriculture-a-nabayi	200	text/html
20230712094318	https://promouvoircompetences.com/ng/activite-ville.php?ida=9&idv=18198-specialistes-agriculture-a-awbana-river	200	text/html
20250209211716	https://promouvoircompetences.com/ng/activite-ville.php?l=fr	200	text/html
20230407110204	https://promouvoircompetences.com/ng/aide.php?l=fr	200	text/html
20230406091156	https://promouvoircompetences.com/ng/ambassades.php	200	text/html
20230407013550	https://promouvoircompetences.com/ng/ambassades.php?l=fr	200	text/html
20230407025853	https://promouvoircompetences.com/ng/annuaires.php?l=fr	200	text/html
20230406153548	https://promouvoircompetences.com/ng/avis.php?l=fr	200	text/html
20230406091159	https://promouvoircompetences.com/ng/bourses.php?id=fr	200	text/html
20230407110219	https://promouvoircompetences.com/ng/centres-formation-pro.php?l=fr	200	text/html
20230406195419	https://promouvoircompetences.com/ng/concours.php?id=fr	200	text/html
20230407025901	https://promouvoircompetences.com/ng/conditions.php?id=3-politique-confidentialite-fr	200	text/html
20230407110205	https://promouvoircompetences.com/ng/contact.php	200	text/html
20230407013547	https://promouvoircompetences.com/ng/contact.php?l=fr	200	text/html
20230406195424	https://promouvoircompetences.com/ng/cookies.php	200	text/html
20230406153554	https://promouvoircompetences.com/ng/cours.php?id=fr	200	text/html
20230407025855	https://promouvoircompetences.com/ng/cours.php?l=fr	200	text/html
20230407013549	https://promouvoircompetences.com/ng/coutumes.php	200	text/html
20230407110206	https://promouvoircompetences.com/ng/coutumes.php?l=fr	200	text/html
20230406091158	https://promouvoircompetences.com/ng/cu.php	200	text/html
20230712094833	https://promouvoircompetences.com/ng/departement.php?id=1118-aboh-mbaise&l=fr	200	text/html
20230712093018	https://promouvoircompetences.com/ng/departement.php?id=1119-ahiazu-mbaise&l=fr	200	text/html
20230712094315	https://promouvoircompetences.com/ng/departement.php?id=1120-ehime-mbano&l=fr	200	text/html
20230712094400	https://promouvoircompetences.com/ng/departement.php?id=1121-ezinihitte&l=fr	200	text/html
20230712094520	https://promouvoircompetences.com/ng/departement.php?id=1122-ideato-north&l=fr	200	text/html
20230712094335	https://promouvoircompetences.com/ng/departement.php?id=1123-ideato-south&l=fr	200	text/html
20230712094835	https://promouvoircompetences.com/ng/departement.php?id=1124-ihitte-uboma&l=fr	200	text/html
20230712092307	https://promouvoircompetences.com/ng/departement.php?id=1125-ikeduru&l=fr	200	text/html
20230712094317	https://promouvoircompetences.com/ng/departement.php?id=1126-isiala-mbano&l=fr	200	text/html
20230712094404	https://promouvoircompetences.com/ng/departement.php?id=1127-isu&l=fr	200	text/html
20230712094519	https://promouvoircompetences.com/ng/departement.php?id=1128-mbaitoli&l=fr	200	text/html
20230712094337	https://promouvoircompetences.com/ng/departement.php?id=1129-ngor-okpala&l=fr	200	text/html
20230712094834	https://promouvoircompetences.com/ng/departement.php?id=1130-njaba&l=fr	200	text/html
20230712092311	https://promouvoircompetences.com/ng/departement.php?id=1131-nkwerre&l=fr	200	text/html
20230712094318	https://promouvoircompetences.com/ng/departement.php?id=1132-nwangele&l=fr	200	text/html
20230712094400	https://promouvoircompetences.com/ng/departement.php?id=1133-obowo&l=fr	200	text/html
20230712094518	https://promouvoircompetences.com/ng/departement.php?id=1134-oguta	200	text/html
20230712094518	https://promouvoircompetences.com/ng/departement.php?id=1134-oguta&l=fr	200	text/html
20230712094336	https://promouvoircompetences.com/ng/departement.php?id=1135-ohaji-egbema&l=fr	200	text/html
20230712094836	https://promouvoircompetences.com/ng/departement.php?id=1136-okigwe&l=fr	200	text/html
20230712092310	https://promouvoircompetences.com/ng/departement.php?id=1137-orlu&l=fr	200	text/html
20230712094316	https://promouvoircompetences.com/ng/departement.php?id=1138-orsu&l=fr	200	text/html
20230712094403	https://promouvoircompetences.com/ng/departement.php?id=1139-oru-east&l=fr	200	text/html
20230712094521	https://promouvoircompetences.com/ng/departement.php?id=1140-oru-west&l=fr	200	text/html
20230712094335	https://promouvoircompetences.com/ng/departement.php?id=1141-owerri-municipal&l=fr	200	text/html
20230712094833	https://promouvoircompetences.com/ng/departement.php?id=1142-owerri-north&l=fr	200	text/html
20230712092312	https://promouvoircompetences.com/ng/departement.php?id=1143-owerri-west&l=fr	200	text/html
20230712094317	https://promouvoircompetences.com/ng/departement.php?id=1144-unuimo&l=fr	200	text/html
20230406091155	https://promouvoircompetences.com/ng/departement.php?id=917-alkaleri&l=fr	200	text/html
20230407025853	https://promouvoircompetences.com/ng/departement.php?id=918-bauchi&l=fr	200	text/html
20230407013553	https://promouvoircompetences.com/ng/departement.php?id=919-bogoro&l=fr	200	text/html
20230406153549	https://promouvoircompetences.com/ng/departement.php?id=920-damban&l=fr	200	text/html
20230407110205	https://promouvoircompetences.com/ng/departement.php?id=921-darazo&l=fr	200	text/html
20230406195419	https://promouvoircompetences.com/ng/departement.php?id=922-dass&l=fr	200	text/html
20230406091156	https://promouvoircompetences.com/ng/departement.php?id=923-gamawa&l=fr	200	text/html
20230406195417	https://promouvoircompetences.com/ng/departement.php?id=924-ganjuwa	200	text/html
20230407025855	https://promouvoircompetences.com/ng/departement.php?id=925-giade&l=fr	200	text/html
20230407013554	https://promouvoircompetences.com/ng/departement.php?id=926-itas-gadau&l=fr	200	text/html
20230406153548	https://promouvoircompetences.com/ng/departement.php?id=927-jama-are&l=fr	200	text/html
20230407110220	https://promouvoircompetences.com/ng/departement.php?id=928-katagum&l=fr	200	text/html
20230406195421	https://promouvoircompetences.com/ng/departement.php?id=929-kirfi&l=fr	200	text/html
20230406091154	https://promouvoircompetences.com/ng/departement.php?id=930-misau&l=fr	200	text/html
20230407032932	https://promouvoircompetences.com/ng/departement.php?id=931-ningi&l=fr	200	text/html
20230407013549	https://promouvoircompetences.com/ng/departement.php?id=932-shira&l=fr	200	text/html
20230406153550	https://promouvoircompetences.com/ng/departement.php?id=933-tafawa-balewa&l=fr	200	text/html
20230407110206	https://promouvoircompetences.com/ng/departement.php?id=934-toro&l=fr	200	text/html
20230406195420	https://promouvoircompetences.com/ng/departement.php?id=935-warji&l=fr	200	text/html
20230406091153	https://promouvoircompetences.com/ng/departement.php?id=936-zaki&l=fr	200	text/html
20230407110204	https://promouvoircompetences.com/ng/departements.php	200	text/html
20230407013552	https://promouvoircompetences.com/ng/devenir-correcteur.php?l=fr	200	text/html
20230406160556	https://promouvoircompetences.com/ng/emplois.php	200	text/html
20230406195417	https://promouvoircompetences.com/ng/emplois.php?l=fr	200	text/html
20230406153549	https://promouvoircompetences.com/ng/entreprises.php?l=fr	200	text/html
20230407110221	https://promouvoircompetences.com/ng/epreuves.php?id=fr	200	text/html
20230406153548	https://promouvoircompetences.com/ng/epreuves.php?l=fr	200	text/html
20230406195418	https://promouvoircompetences.com/ng/ethnies.php	200	text/html
20230406153551	https://promouvoircompetences.com/ng/ethnies.php?l=fr	200	text/html
20230406153547	https://promouvoircompetences.com/ng/exposition.php?l=fr	200	text/html
20230711184801	https://promouvoircompetences.com/ng/familles-langues.php?l=fr	200	text/html
20230407110207	https://promouvoircompetences.com/ng/formalites.php	200	text/html
20230407110207	https://promouvoircompetences.com/ng/formalites.php?l=fr	200	text/html
20230406091155	https://promouvoircompetences.com/ng/gastronomie.php	200	text/html
20230406202427	https://promouvoircompetences.com/ng/gastronomie.php?l=fr	200	text/html
20230407031401	https://promouvoircompetences.com/ng/groupes-ethniques.php	200	text/html
20230406091153	https://promouvoircompetences.com/ng/groupes-ethniques.php?l=fr	200	text/html
20230406195418	https://promouvoircompetences.com/ng/inscription.php	200	text/html
20230711184821	https://promouvoircompetences.com/ng/langue.php?id=100-hausa&l=fr	200	text/html
20230711184751	https://promouvoircompetences.com/ng/langue.php?id=101-hdi&l=fr	200	text/html
20230711184744	https://promouvoircompetences.com/ng/langue.php?id=103-hya&l=fr	200	text/html
20230711184800	https://promouvoircompetences.com/ng/langue.php?id=104-iceve-maci&l=fr	200	text/html
20230711184801	https://promouvoircompetences.com/ng/langue.php?id=108-iyive&l=fr	200	text/html
20230711183229	https://promouvoircompetences.com/ng/langue.php?id=111-jukun-takum&l=fr	200	text/html
20230711184822	https://promouvoircompetences.com/ng/langue.php?id=123-koma&l=fr	200	text/html
20230711184748	https://promouvoircompetences.com/ng/langue.php?id=125-korop&l=fr	200	text/html
20230711184744	https://promouvoircompetences.com/ng/langue.php?id=130-kutep&l=fr	200	text/html
20230711184801	https://promouvoircompetences.com/ng/langue.php?id=139-lamnso&l=fr	200	text/html
20230711184731	https://promouvoircompetences.com/ng/langue.php?id=1393-manga-kanuri&l=fr	200	text/html
20230711183329	https://promouvoircompetences.com/ng/langue.php?id=1396-tawallammat-tamajaq&l=fr	200	text/html
20230711184802	https://promouvoircompetences.com/ng/langue.php?id=142-lidzonka&l=fr	200	text/html
20230711184738	https://promouvoircompetences.com/ng/langue.php?id=143-limbum&l=fr	200	text/html
20230711183322	https://promouvoircompetences.com/ng/langue.php?id=147-mafa&l=fr	200	text/html
20230711184750	https://promouvoircompetences.com/ng/langue.php?id=161-mbongno&l=fr	200	text/html
20230711184818	https://promouvoircompetences.com/ng/langue.php?id=1700-jenaama-bozo&l=fr	200	text/html
20230711184811	https://promouvoircompetences.com/ng/langue.php?id=1725-abanyom&l=fr	200	text/html
20230711184744	https://promouvoircompetences.com/ng/langue.php?id=1726-abon&l=fr	200	text/html
20230711184742	https://promouvoircompetences.com/ng/langue.php?id=1727-abua&l=fr	200	text/html
20230711184735	https://promouvoircompetences.com/ng/langue.php?id=1728-abureni&l=fr	200	text/html
20230711184752	https://promouvoircompetences.com/ng/langue.php?id=1729-adara&l=fr	200	text/html
20230711183317	https://promouvoircompetences.com/ng/langue.php?id=1730-aduge&l=fr	200	text/html
20230711184746	https://promouvoircompetences.com/ng/langue.php?id=1731-agatu&l=fr	200	text/html
20230711184802	https://promouvoircompetences.com/ng/langue.php?id=1732-agoi&l=fr	200	text/html
20230711184740	https://promouvoircompetences.com/ng/langue.php?id=1733-agwagwune&l=fr	200	text/html
20230711184733	https://promouvoircompetences.com/ng/langue.php?id=1734-ahan&l=fr	200	text/html
20230711184753	https://promouvoircompetences.com/ng/langue.php?id=1735-ahwai&l=fr	200	text/html
20230711184816	https://promouvoircompetences.com/ng/langue.php?id=1736-ajawa&l=fr	200	text/html
20230711184804	https://promouvoircompetences.com/ng/langue.php?id=1737-ake&l=fr	200	text/html
20230711184737	https://promouvoircompetences.com/ng/langue.php?id=1738-akpa&l=fr	200	text/html
20230711184738	https://promouvoircompetences.com/ng/langue.php?id=1739-akpes&l=fr	200	text/html
20230711183239	https://promouvoircompetences.com/ng/langue.php?id=1740-akuku&l=fr	200	text/html
20230711184753	https://promouvoircompetences.com/ng/langue.php?id=1741-alago&l=fr	200	text/html
20230711184749	https://promouvoircompetences.com/ng/langue.php?id=1742-alege&l=fr	200	text/html
20230711183253	https://promouvoircompetences.com/ng/langue.php?id=1743-alumu-tesu&l=fr	200	text/html
20230711184740	https://promouvoircompetences.com/ng/langue.php?id=1744-ambo&l=fr	200	text/html
20230711184807	https://promouvoircompetences.com/ng/langue.php?id=1745-amo&l=fr	200	text/html
20230711184732	https://promouvoircompetences.com/ng/langue.php?id=1746-anaang&l=fr	200	text/html
20230711183329	https://promouvoircompetences.com/ng/langue.php?id=1747-anca&l=fr	200	text/html
20230711184811	https://promouvoircompetences.com/ng/langue.php?id=1748-arigidi&l=fr	200	text/html
20230711183301	https://promouvoircompetences.com/ng/langue.php?id=1749-ashe&l=fr	200	text/html
20230711183235	https://promouvoircompetences.com/ng/langue.php?id=1750-asu-nigeria&l=fr	200	text/html
20230711184739	https://promouvoircompetences.com/ng/langue.php?id=1751-atsam&l=fr	200	text/html
20230711184733	https://promouvoircompetences.com/ng/langue.php?id=1752-awak&l=fr	200	text/html
20230711184817	https://promouvoircompetences.com/ng/langue.php?id=1753-ayere&l=fr	200	text/html
20230711183317	https://promouvoircompetences.com/ng/langue.php?id=1754-ayu&l=fr	200	text/html
20230711184812	https://promouvoircompetences.com/ng/langue.php?id=1755-baan&l=fr	200	text/html
20230711184803	https://promouvoircompetences.com/ng/langue.php?id=1756-baangi&l=fr	200	text/html
20230711183241	https://promouvoircompetences.com/ng/langue.php?id=1757-bacama&l=fr	200	text/html
20230711184739	https://promouvoircompetences.com/ng/langue.php?id=1758-bada-nigeria&l=fr	200	text/html
20230711183323	https://promouvoircompetences.com/ng/langue.php?id=1759-bade&l=fr	200	text/html
20230711184811	https://promouvoircompetences.com/ng/langue.php?id=1760-baissa-fali&l=fr	200	text/html
20230711184805	https://promouvoircompetences.com/ng/langue.php?id=1761-bakpinka&l=fr	200	text/html
20230711184734	https://promouvoircompetences.com/ng/langue.php?id=1762-bali-nigeria&l=fr	200	text/html
20230711183241	https://promouvoircompetences.com/ng/langue.php?id=1763-bangwinji&l=fr	200	text/html
20230711183324	https://promouvoircompetences.com/ng/langue.php?id=1765-barikanchi&l=fr	200	text/html
20230711183310	https://promouvoircompetences.com/ng/langue.php?id=1766-basa-nigeria&l=fr	200	text/html
20230711183302	https://promouvoircompetences.com/ng/langue.php?id=1767-basa-gumna&l=fr	200	text/html
20230711184737	https://promouvoircompetences.com/ng/langue.php?id=1768-basa-gurmana&l=fr	200	text/html
20230711184748	https://promouvoircompetences.com/ng/langue.php?id=1769-bassa-kontagora&l=fr	200	text/html
20230711184734	https://promouvoircompetences.com/ng/langue.php?id=1770-batu&l=fr	200	text/html
20230711184753	https://promouvoircompetences.com/ng/langue.php?id=1771-bauchi&l=fr	200	text/html
20230711184750	https://promouvoircompetences.com/ng/langue.php?id=1772-beele&l=fr	200	text/html
20230711183303	https://promouvoircompetences.com/ng/langue.php?id=1773-bekwarra&l=fr	200	text/html
20230711183244	https://promouvoircompetences.com/ng/langue.php?id=1774-bena-nigeria&l=fr	200	text/html
20230711184807	https://promouvoircompetences.com/ng/langue.php?id=1775-berom&l=fr	200	text/html
20230711184823	https://promouvoircompetences.com/ng/langue.php?id=1777-bete-bendi&l=fr	200	text/html
20230711183318	https://promouvoircompetences.com/ng/langue.php?id=1778-bile&l=fr	200	text/html
20230711183254	https://promouvoircompetences.com/ng/langue.php?id=1779-bina-nigeria&l=fr	200	text/html
20230711184757	https://promouvoircompetences.com/ng/langue.php?id=1780-bini&l=fr	200	text/html
20230711184739	https://promouvoircompetences.com/ng/langue.php?id=1781-biseni&l=fr	200	text/html
20230711183228	https://promouvoircompetences.com/ng/langue.php?id=1782-bo-rukul&l=fr	200	text/html
20230711184754	https://promouvoircompetences.com/ng/langue.php?id=1783-boga&l=fr	200	text/html
20230711183311	https://promouvoircompetences.com/ng/langue.php?id=1784-boghom&l=fr	200	text/html
20230711184754	https://promouvoircompetences.com/ng/langue.php?id=1785-bokobaru&l=fr	200	text/html
20230711183245	https://promouvoircompetences.com/ng/langue.php?id=1786-bole&l=fr	200	text/html
20230711184749	https://promouvoircompetences.com/ng/langue.php?id=1787-bu&l=fr	200	text/html
20230711184756	https://promouvoircompetences.com/ng/langue.php?id=1788-bukwen&l=fr	200	text/html
20230711183330	https://promouvoircompetences.com/ng/langue.php?id=1789-bumaji&l=fr	200	text/html
20230711183318	https://promouvoircompetences.com/ng/langue.php?id=1790-bura-pabir&l=fr	200	text/html
20230711183303	https://promouvoircompetences.com/ng/langue.php?id=1791-burak&l=fr	200	text/html
20230711184744	https://promouvoircompetences.com/ng/langue.php?id=1792-bure&l=fr	200	text/html
20230711184804	https://promouvoircompetences.com/ng/langue.php?id=1793-buru-nigeria&l=fr	200	text/html
20230711184732	https://promouvoircompetences.com/ng/langue.php?id=1794-busa&l=fr	200	text/html
20230711184753	https://promouvoircompetences.com/ng/langue.php?id=1795-c-lela&l=fr	200	text/html
20230711183319	https://promouvoircompetences.com/ng/langue.php?id=1796-cakfem-mushere&l=fr	200	text/html
20230711184747	https://promouvoircompetences.com/ng/langue.php?id=1797-cara&l=fr	200	text/html
20230711183236	https://promouvoircompetences.com/ng/langue.php?id=1798-ca-hungwa-rya&l=fr	200	text/html
20230711184805	https://promouvoircompetences.com/ng/langue.php?id=1799-cen&l=fr	200	text/html
20230711184740	https://promouvoircompetences.com/ng/langue.php?id=1800-centuum&l=fr	200	text/html
20230711184755	https://promouvoircompetences.com/ng/langue.php?id=1801-che&l=fr	200	text/html
20230711184752	https://promouvoircompetences.com/ng/langue.php?id=1802-cibak&l=fr	200	text/html
20230711184812	https://promouvoircompetences.com/ng/langue.php?id=1803-cicipu&l=fr	200	text/html
20230711183237	https://promouvoircompetences.com/ng/langue.php?id=1804-cinda-regi-tiyal&l=fr	200	text/html
20230711183242	https://promouvoircompetences.com/ng/langue.php?id=1805-cineni&l=fr	200	text/html
20230711183229	https://promouvoircompetences.com/ng/langue.php?id=1806-cishingini&l=fr	200	text/html
20230711184755	https://promouvoircompetences.com/ng/langue.php?id=1807-ciwogai&l=fr	200	text/html
20230711184818	https://promouvoircompetences.com/ng/langue.php?id=1808-como-karim&l=fr	200	text/html
20230711183255	https://promouvoircompetences.com/ng/langue.php?id=1809-cori&l=fr	200	text/html
20230711183245	https://promouvoircompetences.com/ng/langue.php?id=1810-cross-river-mbembe&l=fr	200	text/html
20230711184749	https://promouvoircompetences.com/ng/langue.php?id=1811-dadiya&l=fr	200	text/html
20230711184734	https://promouvoircompetences.com/ng/langue.php?id=1812-damakawa&l=fr	200	text/html
20230711184818	https://promouvoircompetences.com/ng/langue.php?id=1813-dass&l=fr	200	text/html
20230711184817	https://promouvoircompetences.com/ng/langue.php?id=1814-defaka&l=fr	200	text/html
20230711184748	https://promouvoircompetences.com/ng/langue.php?id=1815-degema&l=fr	200	text/html
20230711184745	https://promouvoircompetences.com/ng/langue.php?id=1816-deno&l=fr	200	text/html
20230711184805	https://promouvoircompetences.com/ng/langue.php?id=1817-dera-nigeria&l=fr	200	text/html
20230711184734	https://promouvoircompetences.com/ng/langue.php?id=1818-dghwede&l=fr	200	text/html
20230711184823	https://promouvoircompetences.com/ng/langue.php?id=1819-dibo&l=fr	200	text/html
20230711184811	https://promouvoircompetences.com/ng/langue.php?id=182-mom-jango&l=fr	200	text/html
20230711184753	https://promouvoircompetences.com/ng/langue.php?id=1820-dijim-bwilim&l=fr	200	text/html
20230711184806	https://promouvoircompetences.com/ng/langue.php?id=1821-diri&l=fr	200	text/html
20230711184804	https://promouvoircompetences.com/ng/langue.php?id=1822-dirim&l=fr	200	text/html
20230711184802	https://promouvoircompetences.com/ng/langue.php?id=1823-doka&l=fr	200	text/html
20230711184740	https://promouvoircompetences.com/ng/langue.php?id=1824-doko-uyanga&l=fr	200	text/html
20230711183324	https://promouvoircompetences.com/ng/langue.php?id=1825-dong&l=fr	200	text/html
20230711184749	https://promouvoircompetences.com/ng/langue.php?id=1826-duguri&l=fr	200	text/html
20230711183304	https://promouvoircompetences.com/ng/langue.php?id=1827-duhwa&l=fr	200	text/html
20230711184737	https://promouvoircompetences.com/ng/langue.php?id=1828-dulbu&l=fr	200	text/html
20230711184745	https://promouvoircompetences.com/ng/langue.php?id=1829-dungu&l=fr	200	text/html
20230711184734	https://promouvoircompetences.com/ng/langue.php?id=1830-duwai&l=fr	200	text/html
20230711184827	https://promouvoircompetences.com/ng/langue.php?id=1831-du-ya&l=fr	200	text/html
20230711183312	https://promouvoircompetences.com/ng/langue.php?id=1832-dza&l=fr	200	text/html
20230711184755	https://promouvoircompetences.com/ng/langue.php?id=1833-eastern-acipa&l=fr	200	text/html
20230711184740	https://promouvoircompetences.com/ng/langue.php?id=1834-ebira&l=fr	200	text/html
20230711184740	https://promouvoircompetences.com/ng/langue.php?id=1835-ebughu&l=fr	200	text/html
20230711184756	https://promouvoircompetences.com/ng/langue.php?id=1836-efai&l=fr	200	text/html
20230711184823	https://promouvoircompetences.com/ng/langue.php?id=1837-efik&l=fr	200	text/html
20230711184819	https://promouvoircompetences.com/ng/langue.php?id=1838-efutop&l=fr	200	text/html
20230711184806	https://promouvoircompetences.com/ng/langue.php?id=1839-eggon&l=fr	200	text/html
20230711184759	https://promouvoircompetences.com/ng/langue.php?id=1840-ehueun&l=fr	200	text/html
20230711183257	https://promouvoircompetences.com/ng/langue.php?id=1841-ekajuk&l=fr	200	text/html
20230711184732	https://promouvoircompetences.com/ng/langue.php?id=1842-eki&l=fr	200	text/html
20230711184824	https://promouvoircompetences.com/ng/langue.php?id=1843-ekit&l=fr	200	text/html
20230711183320	https://promouvoircompetences.com/ng/langue.php?id=1844-ekpeye&l=fr	200	text/html
20230711184755	https://promouvoircompetences.com/ng/langue.php?id=1845-eleme&l=fr	200	text/html
20230711184758	https://promouvoircompetences.com/ng/langue.php?id=1846-eloyi&l=fr	200	text/html
20230711184806	https://promouvoircompetences.com/ng/langue.php?id=1847-emai-iuleha-ora&l=fr	200	text/html
20230711184736	https://promouvoircompetences.com/ng/langue.php?id=1848-engenni&l=fr	200	text/html
20230711184828	https://promouvoircompetences.com/ng/langue.php?id=1849-enwan-akwa-ibom-state&l=fr	200	text/html
20230711184817	https://promouvoircompetences.com/ng/langue.php?id=1850-enwan-edu-state&l=fr	200	text/html
20230711183304	https://promouvoircompetences.com/ng/langue.php?id=1851-epie&l=fr	200	text/html
20230711183246	https://promouvoircompetences.com/ng/langue.php?id=1852-eruwa&l=fr	200	text/html
20230711183227	https://promouvoircompetences.com/ng/langue.php?id=1853-esan&l=fr	200	text/html
20230711184740	https://promouvoircompetences.com/ng/langue.php?id=1854-etebi&l=fr	200	text/html
20230711184757	https://promouvoircompetences.com/ng/langue.php?id=1855-eten&l=fr	200	text/html
20230711184818	https://promouvoircompetences.com/ng/langue.php?id=1856-etkywan&l=fr	200	text/html
20230711184750	https://promouvoircompetences.com/ng/langue.php?id=1857-etulo&l=fr	200	text/html
20230711184812	https://promouvoircompetences.com/ng/langue.php?id=1858-ezaa&l=fr	200	text/html
20230711183246	https://promouvoircompetences.com/ng/langue.php?id=1859-fali&l=fr	200	text/html
20230711184741	https://promouvoircompetences.com/ng/langue.php?id=1860-fam&l=fr	200	text/html
20230711184735	https://promouvoircompetences.com/ng/langue.php?id=1861-firan&l=fr	200	text/html
20230711183325	https://promouvoircompetences.com/ng/langue.php?id=1862-fum&l=fr	200	text/html
20230711184750	https://promouvoircompetences.com/ng/langue.php?id=1863-fungwa&l=fr	200	text/html
20230711184813	https://promouvoircompetences.com/ng/langue.php?id=1864-fyam&l=fr	200	text/html
20230711183247	https://promouvoircompetences.com/ng/langue.php?id=1865-fyer&l=fr	200	text/html
20230711184807	https://promouvoircompetences.com/ng/langue.php?id=1866-ga-anda&l=fr	200	text/html
20230711184757	https://promouvoircompetences.com/ng/langue.php?id=1867-gaa&l=fr	200	text/html
20230711183325	https://promouvoircompetences.com/ng/langue.php?id=1868-gade&l=fr	200	text/html
20230711184818	https://promouvoircompetences.com/ng/langue.php?id=1869-galambu&l=fr	200	text/html
20230711184812	https://promouvoircompetences.com/ng/langue.php?id=1870-gamo-ningi&l=fr	200	text/html
20230711184738	https://promouvoircompetences.com/ng/langue.php?id=1871-ganang&l=fr	200	text/html
20230711184740	https://promouvoircompetences.com/ng/langue.php?id=1872-gbagyi&l=fr	200	text/html
20230711184733	https://promouvoircompetences.com/ng/langue.php?id=1873-gbari&l=fr	200	text/html
20230711184828	https://promouvoircompetences.com/ng/langue.php?id=1874-gbiri-niragu&l=fr	200	text/html
20230711184819	https://promouvoircompetences.com/ng/langue.php?id=1875-geji&l=fr	200	text/html
20230711184814	https://promouvoircompetences.com/ng/langue.php?id=1876-gengle&l=fr	200	text/html
20230711184741	https://promouvoircompetences.com/ng/langue.php?id=1877-gera&l=fr	200	text/html
20230711184750	https://promouvoircompetences.com/ng/langue.php?id=1878-geruma&l=fr	200	text/html
20230711184734	https://promouvoircompetences.com/ng/langue.php?id=1879-ghotuo&l=fr	200	text/html
20230711184819	https://promouvoircompetences.com/ng/langue.php?id=1880-gibanawa&l=fr	200	text/html
20230711184753	https://promouvoircompetences.com/ng/langue.php?id=1881-giiwo&l=fr	200	text/html
20230711184748	https://promouvoircompetences.com/ng/langue.php?id=1882-goemai&l=fr	200	text/html
20230711184804	https://promouvoircompetences.com/ng/langue.php?id=1883-gokana&l=fr	200	text/html
20230711184741	https://promouvoircompetences.com/ng/langue.php?id=1884-gudu&l=fr	200	text/html
20230711184737	https://promouvoircompetences.com/ng/langue.php?id=1885-guduf-gava&l=fr	200	text/html
20230711184756	https://promouvoircompetences.com/ng/langue.php?id=1886-gupa-abawa&l=fr	200	text/html
20230711184751	https://promouvoircompetences.com/ng/langue.php?id=1887-gurmana&l=fr	200	text/html
20230711183305	https://promouvoircompetences.com/ng/langue.php?id=1888-guruntum-mbaaru&l=fr	200	text/html
20230711184738	https://promouvoircompetences.com/ng/langue.php?id=1889-gwa&l=fr	200	text/html
20230711184741	https://promouvoircompetences.com/ng/langue.php?id=1890-gwak&l=fr	200	text/html
20230711184734	https://promouvoircompetences.com/ng/langue.php?id=1891-gwamhi-wuri&l=fr	200	text/html
20230711184819	https://promouvoircompetences.com/ng/langue.php?id=1892-gwandara&l=fr	200	text/html
20230711183320	https://promouvoircompetences.com/ng/langue.php?id=1893-gyem&l=fr	200	text/html
20230711184745	https://promouvoircompetences.com/ng/langue.php?id=1894-hasha&l=fr	200	text/html
20230711184735	https://promouvoircompetences.com/ng/langue.php?id=1895-hausa-sign-language&l=fr	200	text/html
20230711184742	https://promouvoircompetences.com/ng/langue.php?id=1896-holma&l=fr	200	text/html
20230711184758	https://promouvoircompetences.com/ng/langue.php?id=1897-hone&l=fr	200	text/html
20230711184820	https://promouvoircompetences.com/ng/langue.php?id=1898-horom&l=fr	200	text/html
20230711184751	https://promouvoircompetences.com/ng/langue.php?id=1899-huba&l=fr	200	text/html
20230711184745	https://promouvoircompetences.com/ng/langue.php?id=1900-hun-saare&l=fr	200	text/html
20230711183237	https://promouvoircompetences.com/ng/langue.php?id=1901-hwana&l=fr	200	text/html
20230711184741	https://promouvoircompetences.com/ng/langue.php?id=1902-hyam&l=fr	200	text/html
20230711184734	https://promouvoircompetences.com/ng/langue.php?id=1903-ibani&l=fr	200	text/html
20230711183326	https://promouvoircompetences.com/ng/langue.php?id=1904-ibibio&l=fr	200	text/html
20230711184754	https://promouvoircompetences.com/ng/langue.php?id=1905-ibino&l=fr	200	text/html
20230711184813	https://promouvoircompetences.com/ng/langue.php?id=1906-ibuoro&l=fr	200	text/html
20230711184746	https://promouvoircompetences.com/ng/langue.php?id=1907-idere&l=fr	200	text/html
20230711184803	https://promouvoircompetences.com/ng/langue.php?id=1908-idesa&l=fr	200	text/html
20230711184735	https://promouvoircompetences.com/ng/langue.php?id=1909-idoma&l=fr	200	text/html
20230711184829	https://promouvoircompetences.com/ng/langue.php?id=1910-idon&l=fr	200	text/html
20230711184813	https://promouvoircompetences.com/ng/langue.php?id=1911-igala&l=fr	200	text/html
20230711184807	https://promouvoircompetences.com/ng/langue.php?id=1912-igbo&l=fr	200	text/html
20230711183248	https://promouvoircompetences.com/ng/langue.php?id=1913-igede&l=fr	200	text/html
20230711184742	https://promouvoircompetences.com/ng/langue.php?id=1914-iguta&l=fr	200	text/html
20230711184733	https://promouvoircompetences.com/ng/langue.php?id=1915-igwe&l=fr	200	text/html
20230711184823	https://promouvoircompetences.com/ng/langue.php?id=1916-ihievbe&l=fr	200	text/html
20230711184750	https://promouvoircompetences.com/ng/langue.php?id=1917-ija-zuba&l=fr	200	text/html
20230711184746	https://promouvoircompetences.com/ng/langue.php?id=1918-ika&l=fr	200	text/html
20230711183248	https://promouvoircompetences.com/ng/langue.php?id=1919-iko&l=fr	200	text/html
20230711184803	https://promouvoircompetences.com/ng/langue.php?id=1920-ikpeshi&l=fr	200	text/html
20230711183231	https://promouvoircompetences.com/ng/langue.php?id=1921-iku-gora-ankwa&l=fr	200	text/html
20230711184756	https://promouvoircompetences.com/ng/langue.php?id=1922-ikulu&l=fr	200	text/html
20230711183321	https://promouvoircompetences.com/ng/langue.php?id=1923-ikwere&l=fr	200	text/html
20230711184813	https://promouvoircompetences.com/ng/langue.php?id=1924-ikwo&l=fr	200	text/html
20230711184735	https://promouvoircompetences.com/ng/langue.php?id=1925-ilue&l=fr	200	text/html
20230711184751	https://promouvoircompetences.com/ng/langue.php?id=1926-isekiri&l=fr	200	text/html
20230711184741	https://promouvoircompetences.com/ng/langue.php?id=1927-isoko&l=fr	200	text/html
20230711184824	https://promouvoircompetences.com/ng/langue.php?id=1928-ito&l=fr	200	text/html
20230711184754	https://promouvoircompetences.com/ng/langue.php?id=1929-itu-mbon-uzo&l=fr	200	text/html
20230711184747	https://promouvoircompetences.com/ng/langue.php?id=1930-ivbie-north-okpela-arhe&l=fr	200	text/html
20230711184800	https://promouvoircompetences.com/ng/langue.php?id=1931-iyayu&l=fr	200	text/html
20230711184743	https://promouvoircompetences.com/ng/langue.php?id=1932-izere&l=fr	200	text/html
20230711184736	https://promouvoircompetences.com/ng/langue.php?id=1933-izii&l=fr	200	text/html
20230711183326	https://promouvoircompetences.com/ng/langue.php?id=1934-izon&l=fr	200	text/html
20230711184814	https://promouvoircompetences.com/ng/langue.php?id=1935-izora&l=fr	200	text/html
20230711183306	https://promouvoircompetences.com/ng/langue.php?id=1936-janji&l=fr	200	text/html
20230711183249	https://promouvoircompetences.com/ng/langue.php?id=1937-jara&l=fr	200	text/html
20230711184808	https://promouvoircompetences.com/ng/langue.php?id=1938-jere&l=fr	200	text/html
20230711184759	https://promouvoircompetences.com/ng/langue.php?id=1939-jiba&l=fr	200	text/html
20230711184824	https://promouvoircompetences.com/ng/langue.php?id=1940-jibu&l=fr	200	text/html
20230711184755	https://promouvoircompetences.com/ng/langue.php?id=1941-jilbe&l=fr	200	text/html
20230711184814	https://promouvoircompetences.com/ng/langue.php?id=1942-jimi-nigeria&l=fr	200	text/html
20230711184759	https://promouvoircompetences.com/ng/langue.php?id=1943-jiru&l=fr	200	text/html
20230711184809	https://promouvoircompetences.com/ng/langue.php?id=1944-jju&l=fr	200	text/html
20230711184737	https://promouvoircompetences.com/ng/langue.php?id=1945-jorto&l=fr	200	text/html
20230711184824	https://promouvoircompetences.com/ng/langue.php?id=1946-ju&l=fr	200	text/html
20230711183313	https://promouvoircompetences.com/ng/langue.php?id=1947-kaan&l=fr	200	text/html
20230711184814	https://promouvoircompetences.com/ng/langue.php?id=1948-kagoma&l=fr	200	text/html
20230711184746	https://promouvoircompetences.com/ng/langue.php?id=1949-kaivi&l=fr	200	text/html
20230711183258	https://promouvoircompetences.com/ng/langue.php?id=1950-kakanda&l=fr	200	text/html
20230711183240	https://promouvoircompetences.com/ng/langue.php?id=1951-kalabari&l=fr	200	text/html
20230711184756	https://promouvoircompetences.com/ng/langue.php?id=1952-kam&l=fr	200	text/html
20230711184751	https://promouvoircompetences.com/ng/langue.php?id=1953-kamantan&l=fr	200	text/html
20230711183255	https://promouvoircompetences.com/ng/langue.php?id=1954-kami-nigeria&l=fr	200	text/html
20230711184736	https://promouvoircompetences.com/ng/langue.php?id=1955-kamo&l=fr	200	text/html
20230711184742	https://promouvoircompetences.com/ng/langue.php?id=1956-kamwe&l=fr	200	text/html
20230711184736	https://promouvoircompetences.com/ng/langue.php?id=1957-kaningdon-nindem&l=fr	200	text/html
20230711184825	https://promouvoircompetences.com/ng/langue.php?id=1958-kanufi&l=fr	200	text/html
20230711184756	https://promouvoircompetences.com/ng/langue.php?id=1959-kanuri&l=fr	200	text/html
20230711184815	https://promouvoircompetences.com/ng/langue.php?id=1960-kapya&l=fr	200	text/html
20230711184736	https://promouvoircompetences.com/ng/langue.php?id=1961-karekare&l=fr	200	text/html
20230711184743	https://promouvoircompetences.com/ng/langue.php?id=1962-kariya&l=fr	200	text/html
20230711184734	https://promouvoircompetences.com/ng/langue.php?id=1963-khana&l=fr	200	text/html
20230711184754	https://promouvoircompetences.com/ng/langue.php?id=1964-kholok&l=fr	200	text/html
20230711183313	https://promouvoircompetences.com/ng/langue.php?id=1965-kinuku&l=fr	200	text/html
20230711184746	https://promouvoircompetences.com/ng/langue.php?id=1966-kiong&l=fr	200	text/html
20230711184805	https://promouvoircompetences.com/ng/langue.php?id=1967-kir-balar&l=fr	200	text/html
20230711183242	https://promouvoircompetences.com/ng/langue.php?id=1968-kirike&l=fr	200	text/html
20230711184736	https://promouvoircompetences.com/ng/langue.php?id=1969-kirya-konz-l&l=fr	200	text/html
20230711184757	https://promouvoircompetences.com/ng/langue.php?id=1970-koenoem&l=fr	200	text/html
20230711184819	https://promouvoircompetences.com/ng/langue.php?id=1971-kofa&l=fr	200	text/html
20230711184815	https://promouvoircompetences.com/ng/langue.php?id=1972-kofyar&l=fr	200	text/html
20230711184805	https://promouvoircompetences.com/ng/langue.php?id=1973-kohumono&l=fr	200	text/html
20230711184743	https://promouvoircompetences.com/ng/langue.php?id=1974-kono-nigeria&l=fr	200	text/html
20230711184741	https://promouvoircompetences.com/ng/langue.php?id=1975-koro-wachi&l=fr	200	text/html
20230711184824	https://promouvoircompetences.com/ng/langue.php?id=1976-kpan&l=fr	200	text/html
20230711184751	https://promouvoircompetences.com/ng/langue.php?id=1977-kpasam&l=fr	200	text/html
20230711183306	https://promouvoircompetences.com/ng/langue.php?id=1978-kpati&l=fr	200	text/html
20230711184759	https://promouvoircompetences.com/ng/langue.php?id=1979-kubi&l=fr	200	text/html
20230711183258	https://promouvoircompetences.com/ng/langue.php?id=1980-kudu-camo&l=fr	200	text/html
20230711184759	https://promouvoircompetences.com/ng/langue.php?id=1981-kugama&l=fr	200	text/html
20230711184830	https://promouvoircompetences.com/ng/langue.php?id=1982-kugbo&l=fr	200	text/html
20230711184812	https://promouvoircompetences.com/ng/langue.php?id=1983-kukele&l=fr	200	text/html
20230711184747	https://promouvoircompetences.com/ng/langue.php?id=1984-kulere&l=fr	200	text/html
20230711184800	https://promouvoircompetences.com/ng/langue.php?id=1985-kulung-nigeria&l=fr	200	text/html
20230711183259	https://promouvoircompetences.com/ng/langue.php?id=1986-kumba&l=fr	200	text/html
20230711183233	https://promouvoircompetences.com/ng/langue.php?id=1987-kupa&l=fr	200	text/html
20230711184756	https://promouvoircompetences.com/ng/langue.php?id=1988-kurama&l=fr	200	text/html
20230711184814	https://promouvoircompetences.com/ng/langue.php?id=1989-kushi&l=fr	200	text/html
20230711183256	https://promouvoircompetences.com/ng/langue.php?id=1990-kutto&l=fr	200	text/html
20230711184738	https://promouvoircompetences.com/ng/langue.php?id=1991-kuturmi&l=fr	200	text/html
20230711184807	https://promouvoircompetences.com/ng/langue.php?id=1992-kwa&l=fr	200	text/html
20230711184735	https://promouvoircompetences.com/ng/langue.php?id=1993-kwaami&l=fr	200	text/html
20230711184754	https://promouvoircompetences.com/ng/langue.php?id=1994-kyak&l=fr	200	text/html
20230711184751	https://promouvoircompetences.com/ng/langue.php?id=1995-labir&l=fr	200	text/html
20230711184745	https://promouvoircompetences.com/ng/langue.php?id=1996-laka-nigeria&l=fr	200	text/html
20230711184747	https://promouvoircompetences.com/ng/langue.php?id=1997-lala-roba&l=fr	200	text/html
20230711184809	https://promouvoircompetences.com/ng/langue.php?id=1998-lamang&l=fr	200	text/html
20230711184738	https://promouvoircompetences.com/ng/langue.php?id=1999-lame&l=fr	200	text/html
20230711183252	https://promouvoircompetences.com/ng/langue.php?id=2-adamawa-fulfulde&l=fr	200	text/html
20230711184830	https://promouvoircompetences.com/ng/langue.php?id=2000-lamja-dengsa-tola&l=fr	200	text/html
20230711183314	https://promouvoircompetences.com/ng/langue.php?id=2001-laru&l=fr	200	text/html
20230711183307	https://promouvoircompetences.com/ng/langue.php?id=2002-leelau&l=fr	200	text/html
20230711184739	https://promouvoircompetences.com/ng/langue.php?id=2003-legbo&l=fr	200	text/html
20230711183243	https://promouvoircompetences.com/ng/langue.php?id=2004-lemoro&l=fr	200	text/html
20230711184737	https://promouvoircompetences.com/ng/langue.php?id=2005-lenyima&l=fr	200	text/html
20230711184755	https://promouvoircompetences.com/ng/langue.php?id=2006-lere&l=fr	200	text/html
20230711183314	https://promouvoircompetences.com/ng/langue.php?id=2007-leyigha&l=fr	200	text/html
20230711183256	https://promouvoircompetences.com/ng/langue.php?id=2008-lijili&l=fr	200	text/html
20230711184737	https://promouvoircompetences.com/ng/langue.php?id=2009-lokaa&l=fr	200	text/html
20230711184810	https://promouvoircompetences.com/ng/langue.php?id=2010-longuda&l=fr	200	text/html
20230711184742	https://promouvoircompetences.com/ng/langue.php?id=2011-loo&l=fr	200	text/html
20230711184825	https://promouvoircompetences.com/ng/langue.php?id=2012-lopa&l=fr	200	text/html
20230711184820	https://promouvoircompetences.com/ng/langue.php?id=2013-lubila&l=fr	200	text/html
20230711183307	https://promouvoircompetences.com/ng/langue.php?id=2014-lufu&l=fr	200	text/html
20230711183250	https://promouvoircompetences.com/ng/langue.php?id=2015-luri&l=fr	200	text/html
20230711183243	https://promouvoircompetences.com/ng/langue.php?id=2016-maaka&l=fr	200	text/html
20230711183234	https://promouvoircompetences.com/ng/langue.php?id=2017-mada-nigeria&l=fr	200	text/html
20230711184825	https://promouvoircompetences.com/ng/langue.php?id=2018-maghdi&l=fr	200	text/html
20230711184820	https://promouvoircompetences.com/ng/langue.php?id=2019-mak-nigeria&l=fr	200	text/html
20230711184757	https://promouvoircompetences.com/ng/langue.php?id=202-ndoola&l=fr	200	text/html
20230711184807	https://promouvoircompetences.com/ng/langue.php?id=2020-mala-nigeria&l=fr	200	text/html
20230711184739	https://promouvoircompetences.com/ng/langue.php?id=2021-mama&l=fr	200	text/html
20230711184808	https://promouvoircompetences.com/ng/langue.php?id=2022-mangas&l=fr	200	text/html
20230711184737	https://promouvoircompetences.com/ng/langue.php?id=2023-marghi-central&l=fr	200	text/html
20230711184831	https://promouvoircompetences.com/ng/langue.php?id=2024-marghi-south&l=fr	200	text/html
20230711183315	https://promouvoircompetences.com/ng/langue.php?id=2025-mashi-nigeria&l=fr	200	text/html
20230711184745	https://promouvoircompetences.com/ng/langue.php?id=2026-mawa-nigeria&l=fr	200	text/html
20230711184740	https://promouvoircompetences.com/ng/langue.php?id=2027-mbe&l=fr	200	text/html
20230711184809	https://promouvoircompetences.com/ng/langue.php?id=2028-mboi&l=fr	200	text/html
20230711184738	https://promouvoircompetences.com/ng/langue.php?id=2029-mbula-bwazza&l=fr	200	text/html
20230711184821	https://promouvoircompetences.com/ng/langue.php?id=2030-mburku&l=fr	200	text/html
20230711184752	https://promouvoircompetences.com/ng/langue.php?id=2031-mgbolizhia&l=fr	200	text/html
20230711184816	https://promouvoircompetences.com/ng/langue.php?id=2032-mingang-doso&l=fr	200	text/html
20230711184747	https://promouvoircompetences.com/ng/langue.php?id=2033-miship&l=fr	200	text/html
20230711184751	https://promouvoircompetences.com/ng/langue.php?id=2034-miya&l=fr	200	text/html
20230711184735	https://promouvoircompetences.com/ng/langue.php?id=2035-montol&l=fr	200	text/html
20230711183327	https://promouvoircompetences.com/ng/langue.php?id=2036-moo&l=fr	200	text/html
20230711184752	https://promouvoircompetences.com/ng/langue.php?id=2037-mumuye&l=fr	200	text/html
20230711183308	https://promouvoircompetences.com/ng/langue.php?id=2038-mundat&l=fr	200	text/html
20230711183250	https://promouvoircompetences.com/ng/langue.php?id=2039-mvanip&l=fr	200	text/html
20230711184743	https://promouvoircompetences.com/ng/langue.php?id=2040-mwaghavul&l=fr	200	text/html
20230711183234	https://promouvoircompetences.com/ng/langue.php?id=2041-nde-gbite&l=fr	200	text/html
20230711184757	https://promouvoircompetences.com/ng/langue.php?id=2042-nde-nsele-nta&l=fr	200	text/html
20230711183321	https://promouvoircompetences.com/ng/langue.php?id=2043-ndoe&l=fr	200	text/html
20230711184746	https://promouvoircompetences.com/ng/langue.php?id=2044-ndunda&l=fr	200	text/html
20230711183238	https://promouvoircompetences.com/ng/langue.php?id=2045-ngamo&l=fr	200	text/html
20230711184809	https://promouvoircompetences.com/ng/langue.php?id=2046-ngas&l=fr	200	text/html
20230711184743	https://promouvoircompetences.com/ng/langue.php?id=2047-nggwahyi&l=fr	200	text/html
20230711184821	https://promouvoircompetences.com/ng/langue.php?id=2048-ngizim&l=fr	200	text/html
20230711184820	https://promouvoircompetences.com/ng/langue.php?id=2049-ngwaba&l=fr	200	text/html
20230711184815	https://promouvoircompetences.com/ng/langue.php?id=2050-nigeria-mambila&l=fr	200	text/html
20230711184741	https://promouvoircompetences.com/ng/langue.php?id=2051-nigerian-pidgin&l=fr	200	text/html
20230711184810	https://promouvoircompetences.com/ng/langue.php?id=2052-nigerian-sign-language&l=fr	200	text/html
20230711184800	https://promouvoircompetences.com/ng/langue.php?id=2053-ningye&l=fr	200	text/html
20230711184832	https://promouvoircompetences.com/ng/langue.php?id=2054-ninzo&l=fr	200	text/html
20230711184820	https://promouvoircompetences.com/ng/langue.php?id=2055-njerep&l=fr	200	text/html
20230711183308	https://promouvoircompetences.com/ng/langue.php?id=2056-nkari&l=fr	200	text/html
20230711184806	https://promouvoircompetences.com/ng/langue.php?id=2057-nkem-nkum&l=fr	200	text/html
20230711184752	https://promouvoircompetences.com/ng/langue.php?id=2058-nkoroo&l=fr	200	text/html
20230711184810	https://promouvoircompetences.com/ng/langue.php?id=2059-nkukoli&l=fr	200	text/html
20230711183328	https://promouvoircompetences.com/ng/langue.php?id=2060-nnam&l=fr	200	text/html
20230711183315	https://promouvoircompetences.com/ng/langue.php?id=2061-nshi&l=fr	200	text/html
20230711184808	https://promouvoircompetences.com/ng/langue.php?id=2062-numana-nunku-gbantu-numbu&l=fr	200	text/html
20230711184738	https://promouvoircompetences.com/ng/langue.php?id=2063-nungu&l=fr	200	text/html
20230711183300	https://promouvoircompetences.com/ng/langue.php?id=2064-nupe-nupe-tako&l=fr	200	text/html
20230711184749	https://promouvoircompetences.com/ng/langue.php?id=2065-nyam&l=fr	200	text/html
20230711184822	https://promouvoircompetences.com/ng/langue.php?id=2066-nyankpa&l=fr	200	text/html
20230711183322	https://promouvoircompetences.com/ng/langue.php?id=2067-o-chi-chi&l=fr	200	text/html
20230711184756	https://promouvoircompetences.com/ng/langue.php?id=2068-obanliku&l=fr	200	text/html
20230711183251	https://promouvoircompetences.com/ng/langue.php?id=2069-obolo&l=fr	200	text/html
20230711184745	https://promouvoircompetences.com/ng/langue.php?id=2070-obulom&l=fr	200	text/html
20230711184748	https://promouvoircompetences.com/ng/langue.php?id=2071-odual&l=fr	200	text/html
20230711184757	https://promouvoircompetences.com/ng/langue.php?id=2072-odut&l=fr	200	text/html
20230711184821	https://promouvoircompetences.com/ng/langue.php?id=2073-ogbah&l=fr	200	text/html
20230711184809	https://promouvoircompetences.com/ng/langue.php?id=2074-ogbia&l=fr	200	text/html
20230711184742	https://promouvoircompetences.com/ng/langue.php?id=2075-ogbogolo&l=fr	200	text/html
20230711184746	https://promouvoircompetences.com/ng/langue.php?id=2076-ogbronuagum&l=fr	200	text/html
20230711184749	https://promouvoircompetences.com/ng/langue.php?id=2077-oko-eni-osayen&l=fr	200	text/html
20230711183328	https://promouvoircompetences.com/ng/langue.php?id=2078-okobo&l=fr	200	text/html
20230711184756	https://promouvoircompetences.com/ng/langue.php?id=2079-okodia&l=fr	200	text/html
20230711183309	https://promouvoircompetences.com/ng/langue.php?id=2080-okpamheri&l=fr	200	text/html
20230711183251	https://promouvoircompetences.com/ng/langue.php?id=2081-okpe-northwestern-edo&l=fr	200	text/html
20230711184804	https://promouvoircompetences.com/ng/langue.php?id=2082-okpe-southwestern-edo&l=fr	200	text/html
20230711184747	https://promouvoircompetences.com/ng/langue.php?id=2083-oloma&l=fr	200	text/html
20230711184758	https://promouvoircompetences.com/ng/langue.php?id=2084-olulumo-ikom&l=fr	200	text/html
20230711184815	https://promouvoircompetences.com/ng/langue.php?id=2085-oring&l=fr	200	text/html
20230711184746	https://promouvoircompetences.com/ng/langue.php?id=2086-oro&l=fr	200	text/html
20230711184737	https://promouvoircompetences.com/ng/langue.php?id=2087-oruma&l=fr	200	text/html
20230711184744	https://promouvoircompetences.com/ng/langue.php?id=2088-ososo&l=fr	200	text/html
20230711184748	https://promouvoircompetences.com/ng/langue.php?id=2089-otank&l=fr	200	text/html
20230711184759	https://promouvoircompetences.com/ng/langue.php?id=2090-pa-a&l=fr	200	text/html
20230711184757	https://promouvoircompetences.com/ng/langue.php?id=2091-panawa&l=fr	200	text/html
20230711184747	https://promouvoircompetences.com/ng/langue.php?id=2092-pangseng&l=fr	200	text/html
20230711184743	https://promouvoircompetences.com/ng/langue.php?id=2093-pe&l=fr	200	text/html
20230711183300	https://promouvoircompetences.com/ng/langue.php?id=2094-pero&l=fr	200	text/html
20230711183310	https://promouvoircompetences.com/ng/langue.php?id=2095-piti&l=fr	200	text/html
20230711184822	https://promouvoircompetences.com/ng/langue.php?id=2096-piya-kwonci&l=fr	200	text/html
20230711184821	https://promouvoircompetences.com/ng/langue.php?id=2097-polci&l=fr	200	text/html
20230711184756	https://promouvoircompetences.com/ng/langue.php?id=2098-pongu&l=fr	200	text/html
20230711184800	https://promouvoircompetences.com/ng/langue.php?id=2099-putai&l=fr	200	text/html
20230711184743	https://promouvoircompetences.com/ng/langue.php?id=2100-putukwam&l=fr	200	text/html
20230711184749	https://promouvoircompetences.com/ng/langue.php?id=2101-pyapun&l=fr	200	text/html
20230711183331	https://promouvoircompetences.com/ng/langue.php?id=2102-rang&l=fr	200	text/html
20230711184752	https://promouvoircompetences.com/ng/langue.php?id=2103-reshe&l=fr	200	text/html
20230711184817	https://promouvoircompetences.com/ng/langue.php?id=2104-rigwe&l=fr	200	text/html
20230711184741	https://promouvoircompetences.com/ng/langue.php?id=2105-rogo&l=fr	200	text/html
20230711184810	https://promouvoircompetences.com/ng/langue.php?id=2106-ron&l=fr	200	text/html
20230711184749	https://promouvoircompetences.com/ng/langue.php?id=2107-ruma&l=fr	200	text/html
20230711184832	https://promouvoircompetences.com/ng/langue.php?id=2108-samba-daka&l=fr	200	text/html
20230711184753	https://promouvoircompetences.com/ng/langue.php?id=2109-sambe&l=fr	200	text/html
20230711184748	https://promouvoircompetences.com/ng/langue.php?id=2110-sanga-nigeria&l=fr	200	text/html
20230711184741	https://promouvoircompetences.com/ng/langue.php?id=2111-sasaru&l=fr	200	text/html
20230711184810	https://promouvoircompetences.com/ng/langue.php?id=2112-saya&l=fr	200	text/html
20230711184748	https://promouvoircompetences.com/ng/langue.php?id=2113-sha&l=fr	200	text/html
20230711184826	https://promouvoircompetences.com/ng/langue.php?id=2114-shall-zwall&l=fr	200	text/html
20230711184816	https://promouvoircompetences.com/ng/langue.php?id=2115-shama-sambuga&l=fr	200	text/html
20230711184815	https://promouvoircompetences.com/ng/langue.php?id=2116-shamang&l=fr	200	text/html
20230711183238	https://promouvoircompetences.com/ng/langue.php?id=2117-shanga&l=fr	200	text/html
20230711184753	https://promouvoircompetences.com/ng/langue.php?id=2118-shau&l=fr	200	text/html
20230711184817	https://promouvoircompetences.com/ng/langue.php?id=2119-sheni&l=fr	200	text/html
20230711184826	https://promouvoircompetences.com/ng/langue.php?id=2120-shiki&l=fr	200	text/html
20230711184753	https://promouvoircompetences.com/ng/langue.php?id=2121-shoo-minda-nye&l=fr	200	text/html
20230711184747	https://promouvoircompetences.com/ng/langue.php?id=2122-shuwa-zamani&l=fr	200	text/html
20230711184743	https://promouvoircompetences.com/ng/langue.php?id=2123-siri&l=fr	200	text/html
20230711184744	https://promouvoircompetences.com/ng/langue.php?id=2124-somyev&l=fr	200	text/html
20230711184749	https://promouvoircompetences.com/ng/langue.php?id=2125-southeast-ijo&l=fr	200	text/html
20230711184757	https://promouvoircompetences.com/ng/langue.php?id=2126-sukur&l=fr	200	text/html
20230711184754	https://promouvoircompetences.com/ng/langue.php?id=2127-sur&l=fr	200	text/html
20230711184746	https://promouvoircompetences.com/ng/langue.php?id=2128-surubu&l=fr	200	text/html
20230711184759	https://promouvoircompetences.com/ng/langue.php?id=2129-tal&l=fr	200	text/html
20230711184806	https://promouvoircompetences.com/ng/langue.php?id=213-nigerian-fulfulde&l=fr	200	text/html
20230711184835	https://promouvoircompetences.com/ng/langue.php?id=2130-tala&l=fr	200	text/html
20230711183332	https://promouvoircompetences.com/ng/langue.php?id=2131-tambas&l=fr	200	text/html
20230711183337	https://promouvoircompetences.com/ng/langue.php?id=2132-tangale&l=fr	200	text/html
20230711184830	https://promouvoircompetences.com/ng/langue.php?id=2133-tanjijili&l=fr	200	text/html
20230711184800	https://promouvoircompetences.com/ng/langue.php?id=2134-tarok&l=fr	200	text/html
20230711184825	https://promouvoircompetences.com/ng/langue.php?id=2135-tee&l=fr	200	text/html
20230711183338	https://promouvoircompetences.com/ng/langue.php?id=2136-teme&l=fr	200	text/html
20230711183333	https://promouvoircompetences.com/ng/langue.php?id=2137-tera&l=fr	200	text/html
20230711184826	https://promouvoircompetences.com/ng/langue.php?id=2138-tha&l=fr	200	text/html
20230711184831	https://promouvoircompetences.com/ng/langue.php?id=2139-tita&l=fr	200	text/html
20230711184826	https://promouvoircompetences.com/ng/langue.php?id=2140-toro&l=fr	200	text/html
20230711184833	https://promouvoircompetences.com/ng/langue.php?id=2141-tsikimba&l=fr	200	text/html
20230711184801	https://promouvoircompetences.com/ng/langue.php?id=2142-tsishingini&l=fr	200	text/html
20230711183333	https://promouvoircompetences.com/ng/langue.php?id=2143-tso&l=fr	200	text/html
20230711184834	https://promouvoircompetences.com/ng/langue.php?id=2144-tsuvadi&l=fr	200	text/html
20230711184802	https://promouvoircompetences.com/ng/langue.php?id=2145-tula&l=fr	200	text/html
20230711184800	https://promouvoircompetences.com/ng/langue.php?id=2146-tumi&l=fr	200	text/html
20230711183331	https://promouvoircompetences.com/ng/langue.php?id=2147-tunzu&l=fr	200	text/html
20230711184827	https://promouvoircompetences.com/ng/langue.php?id=2148-tyap&l=fr	200	text/html
20230711184834	https://promouvoircompetences.com/ng/langue.php?id=2149-ubaghara&l=fr	200	text/html
20230711184824	https://promouvoircompetences.com/ng/langue.php?id=2150-ubang&l=fr	200	text/html
20230711184828	https://promouvoircompetences.com/ng/langue.php?id=2151-uda&l=fr	200	text/html
20230711184827	https://promouvoircompetences.com/ng/langue.php?id=2152-uhami&l=fr	200	text/html
20230711184758	https://promouvoircompetences.com/ng/langue.php?id=2153-ukaan&l=fr	200	text/html
20230711184836	https://promouvoircompetences.com/ng/langue.php?id=2154-ukpe-bayobiri&l=fr	200	text/html
20230711184825	https://promouvoircompetences.com/ng/langue.php?id=2155-ukpet-ehom&l=fr	200	text/html
20230711184828	https://promouvoircompetences.com/ng/langue.php?id=2156-ukue&l=fr	200	text/html
20230711184828	https://promouvoircompetences.com/ng/langue.php?id=2157-ukwa&l=fr	200	text/html
20230711183343	https://promouvoircompetences.com/ng/langue.php?id=2158-ukwuani-aboh-ndoni&l=fr	200	text/html
20230711184837	https://promouvoircompetences.com/ng/langue.php?id=2159-ulukwumi&l=fr	200	text/html
20230711184803	https://promouvoircompetences.com/ng/langue.php?id=2160-umon&l=fr	200	text/html
20230711184832	https://promouvoircompetences.com/ng/langue.php?id=2161-uneme&l=fr	200	text/html
20230711183339	https://promouvoircompetences.com/ng/langue.php?id=2162-urhobo&l=fr	200	text/html
20230711184829	https://promouvoircompetences.com/ng/langue.php?id=2163-ut-ma-in&l=fr	200	text/html
20230711184838	https://promouvoircompetences.com/ng/langue.php?id=2164-uvbie&l=fr	200	text/html
20230711184759	https://promouvoircompetences.com/ng/langue.php?id=2165-uzekwe&l=fr	200	text/html
20230711184829	https://promouvoircompetences.com/ng/langue.php?id=2166-vaghat-ya-bijim-legeri&l=fr	200	text/html
20230711183342	https://promouvoircompetences.com/ng/langue.php?id=2167-viti&l=fr	200	text/html
20230711183340	https://promouvoircompetences.com/ng/langue.php?id=2168-vono&l=fr	200	text/html
20230711184828	https://promouvoircompetences.com/ng/langue.php?id=2169-voro&l=fr	200	text/html
20230711184833	https://promouvoircompetences.com/ng/langue.php?id=2170-waja&l=fr	200	text/html
20230711184832	https://promouvoircompetences.com/ng/langue.php?id=2171-waka&l=fr	200	text/html
20230711184829	https://promouvoircompetences.com/ng/langue.php?id=2172-wannu&l=fr	200	text/html
20230711184831	https://promouvoircompetences.com/ng/langue.php?id=2173-wapan&l=fr	200	text/html
20230711184831	https://promouvoircompetences.com/ng/langue.php?id=2174-wapha&l=fr	200	text/html
20230711183338	https://promouvoircompetences.com/ng/langue.php?id=2175-warji&l=fr	200	text/html
20230711184838	https://promouvoircompetences.com/ng/langue.php?id=2176-wom-nigeria&l=fr	200	text/html
20230711183340	https://promouvoircompetences.com/ng/langue.php?id=2177-yace&l=fr	200	text/html
20230711184839	https://promouvoircompetences.com/ng/langue.php?id=2178-yala&l=fr	200	text/html
20230711183344	https://promouvoircompetences.com/ng/langue.php?id=2179-yangkam&l=fr	200	text/html
20230711184836	https://promouvoircompetences.com/ng/langue.php?id=2180-yekhee&l=fr	200	text/html
20230711184831	https://promouvoircompetences.com/ng/langue.php?id=2181-yendang&l=fr	200	text/html
20230711184839	https://promouvoircompetences.com/ng/langue.php?id=2182-yotti&l=fr	200	text/html
20230711183341	https://promouvoircompetences.com/ng/langue.php?id=2183-ywom&l=fr	200	text/html
20230711184759	https://promouvoircompetences.com/ng/langue.php?id=2184-zangwal&l=fr	200	text/html
20230711183345	https://promouvoircompetences.com/ng/langue.php?id=2185-zari&l=fr	200	text/html
20230711184832	https://promouvoircompetences.com/ng/langue.php?id=2186-zeem&l=fr	200	text/html
20230711184827	https://promouvoircompetences.com/ng/langue.php?id=2187-zhire&l=fr	200	text/html
20230711183344	https://promouvoircompetences.com/ng/langue.php?id=2188-ziriya&l=fr	200	text/html
20230711184802	https://promouvoircompetences.com/ng/langue.php?id=2189-zumbun&l=fr	200	text/html
20230711184823	https://promouvoircompetences.com/ng/langue.php?id=227-nyong&l=fr	200	text/html
20230711184751	https://promouvoircompetences.com/ng/langue.php?id=229-nzanyi&l=fr	200	text/html
20230711183253	https://promouvoircompetences.com/ng/langue.php?id=237-peere&l=fr	200	text/html
20230711184802	https://promouvoircompetences.com/ng/langue.php?id=241-psikye&l=fr	200	text/html
20230711184803	https://promouvoircompetences.com/ng/langue.php?id=242-samba-leko&l=fr	200	text/html
20230711183239	https://promouvoircompetences.com/ng/langue.php?id=250-tigon-mbembe&l=fr	200	text/html
20230711184822	https://promouvoircompetences.com/ng/langue.php?id=252-tiv&l=fr	200	text/html
20230711184813	https://promouvoircompetences.com/ng/langue.php?id=260-usaghade&l=fr	200	text/html
20230711184745	https://promouvoircompetences.com/ng/langue.php?id=262-vemgo-mabas&l=fr	200	text/html
20230711184736	https://promouvoircompetences.com/ng/langue.php?id=264-vute&l=fr	200	text/html
20230711184744	https://promouvoircompetences.com/ng/langue.php?id=265-wandala&l=fr	200	text/html
20230711184732	https://promouvoircompetences.com/ng/langue.php?id=271-yamba&l=fr	200	text/html
20230711184827	https://promouvoircompetences.com/ng/langue.php?id=277-yukuben&l=fr	200	text/html
20230711183316	https://promouvoircompetences.com/ng/langue.php?id=279-zizilivakan&l=fr	200	text/html
20230711184736	https://promouvoircompetences.com/ng/langue.php?id=3-afade&l=fr	200	text/html
20230711184744	https://promouvoircompetences.com/ng/langue.php?id=339-baatonum&l=fr	200	text/html
20230711184743	https://promouvoircompetences.com/ng/langue.php?id=341-boko-benin&l=fr	200	text/html
20230711184739	https://promouvoircompetences.com/ng/langue.php?id=342-borgu-fulfulde&l=fr	200	text/html
20230711184735	https://promouvoircompetences.com/ng/langue.php?id=345-dendi-benin&l=fr	200	text/html
20230711184752	https://promouvoircompetences.com/ng/langue.php?id=357-gun&l=fr	200	text/html
20230711184816	https://promouvoircompetences.com/ng/langue.php?id=362-kyanga&l=fr	200	text/html
20230711183228	https://promouvoircompetences.com/ng/langue.php?id=37-bata&l=fr	200	text/html
20230711184746	https://promouvoircompetences.com/ng/langue.php?id=385-yoruba&l=fr	200	text/html
20230711184758	https://promouvoircompetences.com/ng/langue.php?id=472-zarma&l=fr	200	text/html
20230711184754	https://promouvoircompetences.com/ng/langue.php?id=48-bitare&l=fr	200	text/html
20230711184750	https://promouvoircompetences.com/ng/langue.php?id=49-bokyi&l=fr	200	text/html
20230711184753	https://promouvoircompetences.com/ng/langue.php?id=53-buduma&l=fr	200	text/html
20230711184757	https://promouvoircompetences.com/ng/langue.php?id=64-central-kanuri&l=fr	200	text/html
20230711184802	https://promouvoircompetences.com/ng/langue.php?id=65-chadian-arabic&l=fr	200	text/html
20230711183228	https://promouvoircompetences.com/ng/langue.php?id=68-daba&l=fr	200	text/html
20230711184801	https://promouvoircompetences.com/ng/langue.php?id=7-akum&l=fr	200	text/html
20230711184804	https://promouvoircompetences.com/ng/langue.php?id=703-tedaga&l=fr	200	text/html
20230711184816	https://promouvoircompetences.com/ng/langue.php?id=80-ejagham&l=fr	200	text/html
20230711184810	https://promouvoircompetences.com/ng/langue.php?id=83-esimbi&l=fr	200	text/html
20230711183301	https://promouvoircompetences.com/ng/langue.php?id=85-evant&l=fr	200	text/html
20230711184739	https://promouvoircompetences.com/ng/langue.php?id=96-glavda&l=fr	200	text/html
20230711183257	https://promouvoircompetences.com/ng/langue.php?id=97-gude&l=fr	200	text/html
20230711184731	https://promouvoircompetences.com/ng/langue.php?id=98-gvoko&l=fr	200	text/html
20230406153551	https://promouvoircompetences.com/ng/langues.php	200	text/html
20230407025854	https://promouvoircompetences.com/ng/langues.php?l=fr	200	text/html
20230406091153	https://promouvoircompetences.com/ng/libre-parole.php?l=fr	200	text/html
20230408175727	https://promouvoircompetences.com/ng/login.php	200	text/html
20230407032937	https://promouvoircompetences.com/ng/market.php?l=fr	200	text/html
20230407013552	https://promouvoircompetences.com/ng/metiers.php?l=fr	200	text/html
20230406195424	https://promouvoircompetences.com/ng/micro-entreprises.php?l=fr	200	text/html
20201127141032	https://promouvoircompetences.com/ng/nigeria.php	200	text/html
20230407025858	https://promouvoircompetences.com/ng/nigeria.php?l=fr	200	text/html
20230406092658	https://promouvoircompetences.com/ng/pme.php?l=fr	200	text/html
20230406195419	https://promouvoircompetences.com/ng/premium-infos.php?l=fr	200	text/html
20230407025855	https://promouvoircompetences.com/ng/proposercours.php?l=fr	200	text/html
20230406153600	https://promouvoircompetences.com/ng/publicite.php?l=fr	200	text/html
20230406155052	https://promouvoircompetences.com/ng/question.php?id=202-comment-faire-le-suivi-de-la-disponibilite-de-sa-cni-par-whatsapp	200	text/html
20230407013548	https://promouvoircompetences.com/ng/question.php?id=203-quelles-sont-les-conditions-generales-de-recrutement-a-la-fonction-publique-au-cameroun	200	text/html
20230407025853	https://promouvoircompetences.com/ng/question.php?id=204-quelles-sont-les-conditions-a-remplir-et-la-composition-des-dossiers-des-actes-de-carrieres-a-la-fonction-publique-au-cameroun	200	text/html
20230406091153	https://promouvoircompetences.com/ng/question.php?id=205-quelle-est-la-grille-des-salaires-chez-action-contre-la-faim	200	text/html
20230406195417	https://promouvoircompetences.com/ng/question.php?id=206-quel-est-le-calendrier-des-examens-et-concours-2023-de-l-enseignement-secondaire-au-cameroun	200	text/html
20230407110204	https://promouvoircompetences.com/ng/question.php?id=207-attention-scam-loterie-des-visas-2023-2024-ouverte-pour-les-demandes-en-ligne	200	text/html
20230406153546	https://promouvoircompetences.com/ng/question.php?id=208-quel-est-le-calendrier-des-examens-nationaux-def-cap-bt-bac-ifm-bt-sante-et-bt-agro-2023-au-mali	200	text/html
20230407013551	https://promouvoircompetences.com/ng/question.php?id=209-quelles-sont-les-nouvelles-dates-de-depot-de-dossiers-au-concours-d-entree-a-l-eso-de-banankoro-session-de-juillet-2023	200	text/html
20230407025855	https://promouvoircompetences.com/ng/question.php?id=210-concours-eamau-2023-quelles-sont-les-dates-conditions-et-renseignements-utiles	200	text/html
20230406091154	https://promouvoircompetences.com/ng/question.php?id=211-quel-est-la-nouvelle-date-de-composition-du-concours-pour-le-recrutement-de-30-internes-des-hopitaux-eleves-fonctionnaires-de-letat-au-benin	200	text/html
20230711184822	https://promouvoircompetences.com/ng/question.php?id=238-resultats-du-cep-2023-au-benin-taux-de-reussite-et-comment-consulter	200	text/html
20230711183228	https://promouvoircompetences.com/ng/question.php?id=239-resultats-du-second-tour-du-bac-2023-au-gabon-a-quand-la-proclamation-et-ou-consulter	200	text/html
20230711183228	https://promouvoircompetences.com/ng/question.php?id=240-ou-et-comment-consulter-les-resultats-du-b-e-p-c-2023-en-cote-d-ivoire	200	text/html
20230711183229	https://promouvoircompetences.com/ng/question.php?id=241-a-quand-la-publication-des-resultats-du-bac-2023-au-tchad	200	text/html
20230711184736	https://promouvoircompetences.com/ng/question.php?id=242-a-quelle-heure-la-proclamation-des-resultats-du-bepc-2023-en-guinee-04-juillet-2023	200	text/html
20230711184738	https://promouvoircompetences.com/ng/question.php?id=243-when-will-the-cameroon-gce-and-tvee-2023-results-released	200	text/html
20230711184826	https://promouvoircompetences.com/ng/question.php?id=244-comment-consulter-les-resultats-du-cepe-2023-au-congo-brazzaville	200	text/html
20230711183228	https://promouvoircompetences.com/ng/question.php?id=245-comment-consulter-les-resultats-du-bepc-2023-au-togo	200	text/html
20230711183228	https://promouvoircompetences.com/ng/question.php?id=246-comment-consulter-les-resultats-du-bepc-2023-au-benin	200	text/html
20230712092307	https://promouvoircompetences.com/ng/question.php?id=247-a-quand-les-deliberations-du-baccalaureat-technique-et-professionnel-2023-au-congo-brazzaville	200	text/html
20230711183228	https://promouvoircompetences.com/ng/question.php?id=248-comment-consulter-les-resultats-du-bepc-2023-a-madagascar	200	text/html
20230406195417	https://promouvoircompetences.com/ng/questions.php?l=fr	200	text/html
20230407025853	https://promouvoircompetences.com/ng/region.php?id=267-abia&l=fr	200	text/html
20230407013548	https://promouvoircompetences.com/ng/region.php?id=268-adamawa&l=fr	200	text/html
20230406153549	https://promouvoircompetences.com/ng/region.php?id=269-akwa-ibom&l=fr	200	text/html
20230407110216	https://promouvoircompetences.com/ng/region.php?id=270-anambra&l=fr	200	text/html
20230406153548	https://promouvoircompetences.com/ng/region.php?id=271-bauchi	200	text/html
20230406195421	https://promouvoircompetences.com/ng/region.php?id=271-bauchi&l=fr	200	text/html
20230407032934	https://promouvoircompetences.com/ng/region.php?id=272-bayelsa&l=fr	200	text/html
20230407013550	https://promouvoircompetences.com/ng/region.php?id=273-benue&l=fr	200	text/html
20230406160600	https://promouvoircompetences.com/ng/region.php?id=274-borno&l=fr	200	text/html
20230407110206	https://promouvoircompetences.com/ng/region.php?id=275-cross-river&l=fr	200	text/html
20230406195420	https://promouvoircompetences.com/ng/region.php?id=276-delta&l=fr	200	text/html
20230406091154	https://promouvoircompetences.com/ng/region.php?id=277-ebonyi&l=fr	200	text/html
20230407032935	https://promouvoircompetences.com/ng/region.php?id=278-edo&l=fr	200	text/html
20230407013551	https://promouvoircompetences.com/ng/region.php?id=279-ekiti&l=fr	200	text/html
20230406160601	https://promouvoircompetences.com/ng/region.php?id=280-enugu&l=fr	200	text/html
20230407110217	https://promouvoircompetences.com/ng/region.php?id=281-federal-capital-territory-abuja&l=fr	200	text/html
20230406195422	https://promouvoircompetences.com/ng/region.php?id=282-gombe&l=fr	200	text/html
20230712094358	https://promouvoircompetences.com/ng/region.php?id=283-imo	200	text/html
20230406091158	https://promouvoircompetences.com/ng/region.php?id=283-imo&l=fr	200	text/html
20230407031402	https://promouvoircompetences.com/ng/region.php?id=284-jigawa&l=fr	200	text/html
20230407013549	https://promouvoircompetences.com/ng/region.php?id=285-kaduna&l=fr	200	text/html
20230406153550	https://promouvoircompetences.com/ng/region.php?id=286-kano&l=fr	200	text/html
20230407110218	https://promouvoircompetences.com/ng/region.php?id=287-katsina&l=fr	200	text/html
20230406195422	https://promouvoircompetences.com/ng/region.php?id=288-kebbi&l=fr	200	text/html
20230406091155	https://promouvoircompetences.com/ng/region.php?id=289-kogi&l=fr	200	text/html
20230407025854	https://promouvoircompetences.com/ng/region.php?id=290-kwara&l=fr	200	text/html
20230407013551	https://promouvoircompetences.com/ng/region.php?id=291-lagos&l=fr	200	text/html
20230406153552	https://promouvoircompetences.com/ng/region.php?id=292-nasarawa&l=fr	200	text/html
20230407110207	https://promouvoircompetences.com/ng/region.php?id=293-niger&l=fr	200	text/html
20230406195421	https://promouvoircompetences.com/ng/region.php?id=294-ogun&l=fr	200	text/html
20230406091155	https://promouvoircompetences.com/ng/region.php?id=295-ondo&l=fr	200	text/html
20230407025854	https://promouvoircompetences.com/ng/region.php?id=296-osun&l=fr	200	text/html
20230407013549	https://promouvoircompetences.com/ng/region.php?id=297-oyo&l=fr	200	text/html
20230406153548	https://promouvoircompetences.com/ng/region.php?id=298-plateau&l=fr	200	text/html
20230407110208	https://promouvoircompetences.com/ng/region.php?id=299-rivers&l=fr	200	text/html
20230406195423	https://promouvoircompetences.com/ng/region.php?id=300-sokoto&l=fr	200	text/html
20230406091153	https://promouvoircompetences.com/ng/region.php?id=301-taraba&l=fr	200	text/html
20230407025854	https://promouvoircompetences.com/ng/region.php?id=302-yobe&l=fr	200	text/html
20230407013550	https://promouvoircompetences.com/ng/region.php?id=303-zamfara&l=fr	200	text/html
20230407013552	https://promouvoircompetences.com/ng/regions.php	200	text/html
20230406153553	https://promouvoircompetences.com/ng/regions.php?l=fr	200	text/html
20230407025855	https://promouvoircompetences.com/ng/resultats-examens.php?id=fr	200	text/html
20230406202424	https://promouvoircompetences.com/ng/resultats-examens.php?l=fr	200	text/html
20230407110221	https://promouvoircompetences.com/ng/rubrique.php?id=1-generalites	200	text/html
20230406195422	https://promouvoircompetences.com/ng/rubrique.php?id=2-avantages-d-avoir-un-compte	200	text/html
20230406091157	https://promouvoircompetences.com/ng/rubrique.php?id=3-annuaires	200	text/html
20230407025857	https://promouvoircompetences.com/ng/rubrique.php?id=4-proposer-un-cours	200	text/html
20230407013550	https://promouvoircompetences.com/ng/rubrique.php?id=5-offres-d-emplois	200	text/html
20230406153552	https://promouvoircompetences.com/ng/rubrique.php?id=6-mise-en-relation-prestataires-clients-et-vice-versa	200	text/html
20230407110209	https://promouvoircompetences.com/ng/rubrique.php?id=7-resultats-examens-et-concours	200	text/html
20230406195422	https://promouvoircompetences.com/ng/rubrique.php?id=8-compte-pro	200	text/html
20230406091154	https://promouvoircompetences.com/ng/rubrique.php?id=9-correction-d-epreuves-d-examens-et-concours	200	text/html
20230406195420	https://promouvoircompetences.com/ng/sites-touristiques.php	200	text/html
20230407013548	https://promouvoircompetences.com/ng/sites-touristiques.php?l=fr	200	text/html
20230406091153	https://promouvoircompetences.com/ng/symboles.php?id=1-devise-nationale-nigeria	200	text/html
20230407025901	https://promouvoircompetences.com/ng/symboles.php?id=2-hymne-national-nigeria	200	text/html
20230407013551	https://promouvoircompetences.com/ng/symboles.php?id=3-drapeau-nigeria	200	text/html
20230406160555	https://promouvoircompetences.com/ng/symboles.php?id=4-armoiries-nigeria	200	text/html
20230407110207	https://promouvoircompetences.com/ng/symboles.php?id=5-gouvernement-nigeria	200	text/html
20230406202427	https://promouvoircompetences.com/ng/symboles.php?id=6-assemblee-nationale-nigeria	200	text/html
20230406091156	https://promouvoircompetences.com/ng/symboles.php?id=7-presidents-nigeria	200	text/html
20230407031403	https://promouvoircompetences.com/ng/tge.php?l=fr	200	text/html
20230407110208	https://promouvoircompetences.com/ng/tribus.php	200	text/html
20230406153547	https://promouvoircompetences.com/ng/tribus.php?l=fr	200	text/html
20230407013550	https://promouvoircompetences.com/ng/videos.php	200	text/html
20230406091158	https://promouvoircompetences.com/ng/ville.php?id=101973-kafin-madaki	200	text/html
20230407013550	https://promouvoircompetences.com/ng/ville.php?id=101979-kafin-kawo	200	text/html
20230407110204	https://promouvoircompetences.com/ng/ville.php?id=101989-widibida	200	text/html
20230407032938	https://promouvoircompetences.com/ng/ville.php?id=101998-bursi	200	text/html
20230406153552	https://promouvoircompetences.com/ng/ville.php?id=102008-ruduyausa	200	text/html
20230406092657	https://promouvoircompetences.com/ng/ville.php?id=102021-jangu	200	text/html
20230407013548	https://promouvoircompetences.com/ng/ville.php?id=102027-zala-river	200	text/html
20230407110204	https://promouvoircompetences.com/ng/ville.php?id=102043-zaka	200	text/html
20230407025853	https://promouvoircompetences.com/ng/ville.php?id=102047-kantu	200	text/html
20230406091155	https://promouvoircompetences.com/ng/ville.php?id=102049-kadiyal	200	text/html
20230406195420	https://promouvoircompetences.com/ng/ville.php?id=102065-yargidi	200	text/html
20230406195417	https://promouvoircompetences.com/ng/ville.php?id=102073-jobo	200	text/html
20230407110219	https://promouvoircompetences.com/ng/ville.php?id=102084-masuwa	200	text/html
20230405162152	https://promouvoircompetences.com/ng/ville.php?id=102085-nabayi	200	text/html
20230406091157	https://promouvoircompetences.com/ng/ville.php?id=102086-pala	200	text/html
20230406092658	https://promouvoircompetences.com/ng/ville.php?id=102089-rugan-zo	200	text/html
20230406200921	https://promouvoircompetences.com/ng/ville.php?id=102098-ungwan-kutari	200	text/html
20230407110205	https://promouvoircompetences.com/ng/ville.php?id=102099-angawan-kutari	200	text/html
20230407013547	https://promouvoircompetences.com/ng/ville.php?id=102126-yimbura-hill	200	text/html
20230407025855	https://promouvoircompetences.com/ng/ville.php?id=102128-biri	200	text/html
20230407032939	https://promouvoircompetences.com/ng/ville.php?id=102134-fombi	200	text/html
20230406153551	https://promouvoircompetences.com/ng/ville.php?id=102144-janhol	200	text/html
20230407110205	https://promouvoircompetences.com/ng/ville.php?id=102145-sangam	200	text/html
20230407110206	https://promouvoircompetences.com/ng/ville.php?id=102152-timdinga	200	text/html
20230407013552	https://promouvoircompetences.com/ng/ville.php?id=102166-wukari	200	text/html
20230406153548	https://promouvoircompetences.com/ng/ville.php?id=102168-yalake	200	text/html
20230406153548	https://promouvoircompetences.com/ng/ville.php?id=102186-bantahi	200	text/html
20230407013547	https://promouvoircompetences.com/ng/ville.php?id=102192-jauro-umaru	200	text/html
20230407013548	https://promouvoircompetences.com/ng/ville.php?id=102195-ali	200	text/html
20230407110205	https://promouvoircompetences.com/ng/ville.php?id=102202-forlomi-chamba	200	text/html
20230407025855	https://promouvoircompetences.com/ng/ville.php?id=102206-datingo	200	text/html
20230406091155	https://promouvoircompetences.com/ng/ville.php?id=102211-batal-chamba	200	text/html
20230406153551	https://promouvoircompetences.com/ng/ville.php?id=102232-gamuyen	200	text/html
20230406091153	https://promouvoircompetences.com/ng/ville.php?id=102241-mangala	200	text/html
20230406153548	https://promouvoircompetences.com/ng/ville.php?id=102248-kavani	200	text/html
20230406195420	https://promouvoircompetences.com/ng/ville.php?id=102255-santarum	200	text/html
20230406195423	https://promouvoircompetences.com/ng/ville.php?id=102257-pola-jauro-baba	200	text/html
20230407025900	https://promouvoircompetences.com/ng/ville.php?id=102265-mbalgare	200	text/html
20230406195418	https://promouvoircompetences.com/ng/ville.php?id=102267-jampuli-kusum	200	text/html
20230712094334	https://promouvoircompetences.com/ng/ville.php?id=111688-onwakiko	200	text/html
20230712094836	https://promouvoircompetences.com/ng/ville.php?id=111690-osiam	200	text/html
20230712094336	https://promouvoircompetences.com/ng/ville.php?id=111691-umuoma	200	text/html
20230712094401	https://promouvoircompetences.com/ng/ville.php?id=111692-okwu-ogbaku	200	text/html
20230712094833	https://promouvoircompetences.com/ng/ville.php?id=111693-osiam-lake	200	text/html
20230712094522	https://promouvoircompetences.com/ng/ville.php?id=17025-obudi	200	text/html
20230712092307	https://promouvoircompetences.com/ng/ville.php?id=17026-obudi-agwa	200	text/html
20230712094316	https://promouvoircompetences.com/ng/ville.php?id=17279-ejemekwuru	200	text/html
20230712094359	https://promouvoircompetences.com/ng/ville.php?id=17444-akabo	200	text/html
20230712094315	https://promouvoircompetences.com/ng/ville.php?id=17474-umuofor	200	text/html
20230712094338	https://promouvoircompetences.com/ng/ville.php?id=17539-osoji	200	text/html
20230712094335	https://promouvoircompetences.com/ng/ville.php?id=17554-uzombe	200	text/html
20230712092307	https://promouvoircompetences.com/ng/ville.php?id=17555-izombe	200	text/html
20230712094402	https://promouvoircompetences.com/ng/ville.php?id=17655-akata	200	text/html
20230712094317	https://promouvoircompetences.com/ng/ville.php?id=17685-umuokwu	200	text/html
20230712094519	https://promouvoircompetences.com/ng/ville.php?id=17726-awa	200	text/html
20230712094334	https://promouvoircompetences.com/ng/ville.php?id=17727-ossu	200	text/html
20230712094358	https://promouvoircompetences.com/ng/ville.php?id=17728-osu	200	text/html
20230712094836	https://promouvoircompetences.com/ng/ville.php?id=17902-abeizeam	200	text/html
20230712094834	https://promouvoircompetences.com/ng/ville.php?id=17929-ngebele	200	text/html
20230712092308	https://promouvoircompetences.com/ng/ville.php?id=17930-mgbele	200	text/html
20230712094518	https://promouvoircompetences.com/ng/ville.php?id=17967-nkwesi	200	text/html
20230712094336	https://promouvoircompetences.com/ng/ville.php?id=18052-nnebuku	200	text/html
20230712092308	https://promouvoircompetences.com/ng/ville.php?id=18094-njaba-river	200	text/html
20230712094518	https://promouvoircompetences.com/ng/ville.php?id=18096-njaba	200	text/html
20230712094518	https://promouvoircompetences.com/ng/ville.php?id=18124-anafis	200	text/html
20230712092308	https://promouvoircompetences.com/ng/ville.php?id=18170-oguta-lake	200	text/html
20230712094316	https://promouvoircompetences.com/ng/ville.php?id=18186-oguta	200	text/html
20230712092308	https://promouvoircompetences.com/ng/ville.php?id=18194-egwe	200	text/html
20230712094334	https://promouvoircompetences.com/ng/ville.php?id=18197-awbana	200	text/html
20230712084632	https://promouvoircompetences.com/ng/ville.php?id=18198-awbana-river&l=fr	200	text/html
20230712094833	https://promouvoircompetences.com/ng/ville.php?id=18200-jones-creek	200	text/html
20230712094359	https://promouvoircompetences.com/ng/ville.php?id=18267-eyinja	200	text/html
20230712094403	https://promouvoircompetences.com/ng/ville.php?id=18268-eyinja-river	200	text/html
20230712094315	https://promouvoircompetences.com/ng/ville.php?id=18307-asa-river	200	text/html
20230712094521	https://promouvoircompetences.com/ng/ville.php?id=18470-egbu	200	text/html
20230712094835	https://promouvoircompetences.com/ng/ville.php?id=18602-atughobi	200	text/html
20230712094316	https://promouvoircompetences.com/ng/ville.php?id=18609-afoegbu	200	text/html
20230406091154	https://promouvoircompetences.com/ng/villes.php	200	text/html
20230407025854	https://promouvoircompetences.com/ng/villes.php?l=fr	200	text/html
20230407013548	https://promouvoircompetences.com/ng/?l=en	200	text/html
20230406153546	https://promouvoircompetences.com/ng/?l=es	200	text/html
20230407025853	https://promouvoircompetences.com/ng/?l=fr	200	text/html
20200920235653	https://promouvoircompetences.com/ouseformer-fr.html	200	text/html
20250804230008	https://promouvoircompetences.com/pays--.html	200	text/html
20250623213621	https://promouvoircompetences.com/pays-1-cameroun.html	200	text/html
20250623210640	https://promouvoircompetences.com/pays-10-djibouti.html	200	text/html
20250623214600	https://promouvoircompetences.com/pays-11-togo.html	200	text/html
20250623223041	https://promouvoircompetences.com/pays-12-gambie.html	200	text/html
20250623205429	https://promouvoircompetences.com/pays-13-ghana.html	200	text/html
20250623220959	https://promouvoircompetences.com/pays-14-guinee.html	200	text/html
20250623224012	https://promouvoircompetences.com/pays-15-guinee-bissau.html	200	text/html
20250623224605	https://promouvoircompetences.com/pays-16-guinee-equatoriale.html	200	text/html
20250623215354	https://promouvoircompetences.com/pays-17-mali.html	200	text/html
20250623215700	https://promouvoircompetences.com/pays-18-mauritanie.html	200	text/html
20250623213436	https://promouvoircompetences.com/pays-19-niger.html	200	text/html
20250623214823	https://promouvoircompetences.com/pays-2-gabon.html	200	text/html
20250623223743	https://promouvoircompetences.com/pays-20-nigeria.html	200	text/html
20250623225209	https://promouvoircompetences.com/pays-21-rdc.html	200	text/html
20250623224805	https://promouvoircompetences.com/pays-22-rwanda.html	200	text/html
20250623223713	https://promouvoircompetences.com/pays-23-republique-centrafricaine.html	200	text/html
20250623220924	https://promouvoircompetences.com/pays-24-sierra-leone.html	200	text/html
20250623214237	https://promouvoircompetences.com/pays-25-senegal.html	200	text/html
20250623222311	https://promouvoircompetences.com/pays-26-madagascar.html	200	text/html
20250623221832	https://promouvoircompetences.com/pays-27-angola.html	200	text/html
20250623213023	https://promouvoircompetences.com/pays-28-afrique-du-sud.html	200	text/html
20250623215217	https://promouvoircompetences.com/pays-29-algerie.html	200	text/html
20250623222906	https://promouvoircompetences.com/pays-3-tchad.html	200	text/html
20250623214715	https://promouvoircompetences.com/pays-30-botswana.html	200	text/html
20250623214339	https://promouvoircompetences.com/pays-31-comores.html	200	text/html
20250623221901	https://promouvoircompetences.com/pays-32-egypte.html	200	text/html
20250623220222	https://promouvoircompetences.com/pays-33-erythree.html	200	text/html
20250623205527	https://promouvoircompetences.com/pays-34-ethiopie.html	200	text/html
20250623224835	https://promouvoircompetences.com/pays-35-kenya.html	200	text/html
20250623223253	https://promouvoircompetences.com/pays-36-lesotho.html	200	text/html
20250623211947	https://promouvoircompetences.com/pays-37-liberia.html	200	text/html
20250623211658	https://promouvoircompetences.com/pays-38-libye.html	200	text/html
20250623221930	https://promouvoircompetences.com/pays-39-malawi.html	200	text/html
20250623221409	https://promouvoircompetences.com/pays-4-burkina-faso.html	200	text/html
20250623215016	https://promouvoircompetences.com/pays-40-maroc.html	200	text/html
20250623215940	https://promouvoircompetences.com/pays-41-maurice.html	200	text/html
20250623213251	https://promouvoircompetences.com/pays-42-mozambique.html	200	text/html
20250623212947	https://promouvoircompetences.com/pays-43-namibie.html	200	text/html
20250623224140	https://promouvoircompetences.com/pays-44-ouganda.html	200	text/html
20250623221037	https://promouvoircompetences.com/pays-45-sao-tome-et-principe.html	200	text/html
20250623225142	https://promouvoircompetences.com/pays-46-seychelles.html	200	text/html
20250623214307	https://promouvoircompetences.com/pays-47-somalie.html	200	text/html
20250623211446	https://promouvoircompetences.com/pays-48-soudan.html	200	text/html
20250623213139	https://promouvoircompetences.com/pays-49-soudan-du-sud.html	200	text/html
20250623220811	https://promouvoircompetences.com/pays-5-burundi.html	200	text/html
20250623213841	https://promouvoircompetences.com/pays-50-eswatini-swaziland.html	200	text/html
20250623211537	https://promouvoircompetences.com/pays-51-tanzanie.html	200	text/html
20250623225307	https://promouvoircompetences.com/pays-52-tunisie.html	200	text/html
20250623222346	https://promouvoircompetences.com/pays-53-zambie.html	200	text/html
20250623220733	https://promouvoircompetences.com/pays-54-zimbabwe.html	200	text/html
20250623222525	https://promouvoircompetences.com/pays-6-benin.html	200	text/html
20250623215825	https://promouvoircompetences.com/pays-7-cap-vert.html	200	text/html
20250623224240	https://promouvoircompetences.com/pays-8-congo.html	200	text/html
20250623214514	https://promouvoircompetences.com/pays-9-cote-d-ivoire.html	200	text/html
20250623225352	https://promouvoircompetences.com/pays.html	200	text/html
20221204115552	https://promouvoircompetences.com/pdfjs/build/pdf.js	200	application/javascript
20260307115923	https://promouvoircompetences.com/pdfjs/web/images/toolbarButton-viewOutline.svg	200	image/svg+xml
20260307115920	https://promouvoircompetences.com/pdfjs/web/images/toolbarButton-viewThumbnail.svg	200	image/svg+xml
20221204115552	https://promouvoircompetences.com/pdfjs/web/locale/locale.properties	200	unk
20221204115553	https://promouvoircompetences.com/pdfjs/web/viewer.css	200	text/css
20230512042532	https://promouvoircompetences.com/pdfjs/web/viewer.html	200	text/html
20240701141322	https://promouvoircompetences.com/pdfjs/web/viewer.html?file=https://promouvoircompetences.com/images/concours/02-ECP-MED-PSY-ANGLAIS.pdf	200	text/html
20240703193905	https://promouvoircompetences.com/pdfjs/web/viewer.html?file=https://promouvoircompetences.com/images/concours/02-ECP-MED-PSY.pdf	200	text/html
20240701030438	https://promouvoircompetences.com/pdfjs/web/viewer.html?file=https://promouvoircompetences.com/images/concours/03-ECP-MED-GEN-ANGLAIS.pdf	200	text/html
20240701071648	https://promouvoircompetences.com/pdfjs/web/viewer.html?file=https://promouvoircompetences.com/images/concours/03-ECP-MED-GEN.pdf	200	text/html
20240701031126	https://promouvoircompetences.com/pdfjs/web/viewer.html?file=https://promouvoircompetences.com/images/concours/100-EIPS-ANGLAIS.pdf	200	text/html
20240703103144	https://promouvoircompetences.com/pdfjs/web/viewer.html?file=https://promouvoircompetences.com/images/concours/100-EIPS.pdf	200	text/html
20240703133438	https://promouvoircompetences.com/pdfjs/web/viewer.html?file=https://promouvoircompetences.com/images/concours/100-EOPD-ANGLAIS-1.pdf	200	text/html
20240703095450	https://promouvoircompetences.com/pdfjs/web/viewer.html?file=https://promouvoircompetences.com/images/concours/100-EOPD-ANGLAIS.pdf	200	text/html
20240703111419	https://promouvoircompetences.com/pdfjs/web/viewer.html?file=https://promouvoircompetences.com/images/concours/100-EOPD.pdf	200	text/html
20240703084948	https://promouvoircompetences.com/pdfjs/web/viewer.html?file=https://promouvoircompetences.com/images/concours/1750-EGPX-ANGLAIS.pdf	200	text/html
20240701071229	https://promouvoircompetences.com/pdfjs/web/viewer.html?file=https://promouvoircompetences.com/images/concours/1750-EGPX.pdf	200	text/html
20240705075023	https://promouvoircompetences.com/pdfjs/web/viewer.html?file=https://promouvoircompetences.com/images/concours/400-EIPD-ANGLAIS.pdf	200	text/html
20240703231027	https://promouvoircompetences.com/pdfjs/web/viewer.html?file=https://promouvoircompetences.com/images/concours/45-ECPD-ANGLAIS.pdf	200	text/html
20240705055939	https://promouvoircompetences.com/pdfjs/web/viewer.html?file=https://promouvoircompetences.com/images/concours/45-ECPD.pdf	200	text/html
20240703120424	https://promouvoircompetences.com/pdfjs/web/viewer.html?file=https://promouvoircompetences.com/images/concours/50-ECPS-ANGLAIS.pdf	200	text/html
20240702062000	https://promouvoircompetences.com/pdfjs/web/viewer.html?file=https://promouvoircompetences.com/images/concours/50-ECPS.pdf	200	text/html
20240703085517	https://promouvoircompetences.com/pdfjs/web/viewer.html?file=https://promouvoircompetences.com/images/concours/50-EOPS-ANGLAIS.pdf	200	text/html
20240804113737	https://promouvoircompetences.com/pdfjs/web/viewer.html?file=https://promouvoircompetences.com/images/concours/calendrier-concours-2023-2024-minesup-promouvoircompetences-com.pdf	200	text/html
20240808195731	https://promouvoircompetences.com/pdfjs/web/viewer.html?file=https://promouvoircompetences.com/images/concours/communique-concours-MSYPAUS-2023-promouvoircompetences-com.pdf	200	text/html
20240808155435	https://promouvoircompetences.com/pdfjs/web/viewer.html?file=https://promouvoircompetences.com/images/concours/communique-concours-unite-des-soins-peripheriques-2023-promouvoircompetences-com.pdf	200	text/html
20240703091008	https://promouvoircompetences.com/pdfjs/web/viewer.html?file=https://promouvoircompetences.com/images/concours/COMMUNIQUE-RADIO-ENGLISH.pdf	200	text/html
20240703185757	https://promouvoircompetences.com/pdfjs/web/viewer.html?file=https://promouvoircompetences.com/images/concours/COMMUNIQUE-RADIO-FRENGH.pdf	200	text/html
20250504155523	https://promouvoircompetences.com/pdfjs/web/viewer.html?file=https://promouvoircompetences.com/images/concours/communique_concours_ena_2024.pdf	200	text/html
20230512035947	https://promouvoircompetences.com/pdfjs/web/viewer.html?file=https://promouvoircompetences.com/images/concours/concours-ebad-2023-senegal-promouvoircompetences.pdf	200	text/html
20250505171428	https://promouvoircompetences.com/pdfjs/web/viewer.html?file=https://promouvoircompetences.com/images/concours/concours-eogn.pdf	200	text/html
20240807144847	https://promouvoircompetences.com/pdfjs/web/viewer.html?file=https://promouvoircompetences.com/images/concours/concours_recrutement_100_Personnels_corps_Traduction_Interpretation_promouvoircompetences.pdf	200	text/html
20240813180933	https://promouvoircompetences.com/pdfjs/web/viewer.html?file=https://promouvoircompetences.com/images/concours/Fr_100_Personnels_Corps_Traduction_Interpretation_2024-promouvoircompetences.pdf	200	text/html
20240703114855	https://promouvoircompetences.com/pdfjs/web/viewer.html?file=https://promouvoircompetences.com/images/concours/PGRAM-02-ECP-MED-PSY-ANGLAIS.pdf	200	text/html
20240703103050	https://promouvoircompetences.com/pdfjs/web/viewer.html?file=https://promouvoircompetences.com/images/concours/PGRAM-02-ECP-MED-PSY.pdf	200	text/html
20240701050450	https://promouvoircompetences.com/pdfjs/web/viewer.html?file=https://promouvoircompetences.com/images/concours/PGRAM-100-EIPS-ANGLAIS.pdf	200	text/html
20240703162452	https://promouvoircompetences.com/pdfjs/web/viewer.html?file=https://promouvoircompetences.com/images/concours/PGRAM-100-EIPS.pdf	200	text/html
20240703122649	https://promouvoircompetences.com/pdfjs/web/viewer.html?file=https://promouvoircompetences.com/images/concours/PGRAM-100-EOPD.pdf	200	text/html
20240703190848	https://promouvoircompetences.com/pdfjs/web/viewer.html?file=https://promouvoircompetences.com/images/concours/PGRAM-1750-EGPX-ANGLAIS.pdf	200	text/html
20240701092711	https://promouvoircompetences.com/pdfjs/web/viewer.html?file=https://promouvoircompetences.com/images/concours/PGRAM-1750-EGPX.pdf	200	text/html
20240704041609	https://promouvoircompetences.com/pdfjs/web/viewer.html?file=https://promouvoircompetences.com/images/concours/PGRAM-400-EIPD-ANGLAIS.pdf	200	text/html
20240701041716	https://promouvoircompetences.com/pdfjs/web/viewer.html?file=https://promouvoircompetences.com/images/concours/PGRAM-45-ECPD-ANGLAIS.pdf	200	text/html
20240703153502	https://promouvoircompetences.com/pdfjs/web/viewer.html?file=https://promouvoircompetences.com/images/concours/PGRAM-45-ECPD.pdf	200	text/html
20240701030354	https://promouvoircompetences.com/pdfjs/web/viewer.html?file=https://promouvoircompetences.com/images/concours/PGRAM-50-ECPS-ANGLAIS.pdf	200	text/html
20240703115852	https://promouvoircompetences.com/pdfjs/web/viewer.html?file=https://promouvoircompetences.com/images/concours/PGRAM-50-EOPS-ANGLAIS.pdf	200	text/html
20240703103811	https://promouvoircompetences.com/pdfjs/web/viewer.html?file=https://promouvoircompetences.com/images/concours/PGRAM-50-EOPS.pdf	200	text/html
20240706094901	https://promouvoircompetences.com/pdfjs/web/viewer.html?file=https://promouvoircompetences.com/images/epreuves/BEPC-2018-Epreuve-d-Espagnol-promouvoircompetences.pdf	200	text/html
20240706094144	https://promouvoircompetences.com/pdfjs/web/viewer.html?file=https://promouvoircompetences.com/images/epreuves/BEPC-2018-Epreuve-d-Histoire-et-Geographie-promouvoircompetences.pdf	200	text/html
20240706105031	https://promouvoircompetences.com/pdfjs/web/viewer.html?file=https://promouvoircompetences.com/images/epreuves/BEPC-2018-Epreuve-de-Physique-Chimie-et-Technologie-promouvoircompetences.pdf	200	text/html
20240707000548	https://promouvoircompetences.com/pdfjs/web/viewer.html?file=https://promouvoircompetences.com/images/epreuves/BEPC-2018-Epreuve-de-Sciences-de-la-Vie-et-de-la-Terre-promouvoircompetences.pdf	200	text/html
20240706194215	https://promouvoircompetences.com/pdfjs/web/viewer.html?file=https://promouvoircompetences.com/images/epreuves/BEPC-2019-Epreuve-d-Anglais-promouvoircompetences.pdf	200	text/html
20240706104331	https://promouvoircompetences.com/pdfjs/web/viewer.html?file=https://promouvoircompetences.com/images/epreuves/BEPC-2019-Epreuve-d-Espagnol-promouvoircompetences.pdf	200	text/html
20240706132621	https://promouvoircompetences.com/pdfjs/web/viewer.html?file=https://promouvoircompetences.com/images/epreuves/BEPC-2019-Epreuve-d-Histoire-et-Geographie-promouvoircompetences.pdf	200	text/html
20240706154014	https://promouvoircompetences.com/pdfjs/web/viewer.html?file=https://promouvoircompetences.com/images/epreuves/BEPC-2019-Epreuve-de-Communication-ecrite-promouvoircompetences.pdf	200	text/html
20240706102854	https://promouvoircompetences.com/pdfjs/web/viewer.html?file=https://promouvoircompetences.com/images/epreuves/BEPC-2019-Epreuve-de-Lecture-promouvoircompetences.pdf	200	text/html
20240706143804	https://promouvoircompetences.com/pdfjs/web/viewer.html?file=https://promouvoircompetences.com/images/epreuves/BEPC-2019-Epreuve-de-Mathematiques-promouvoircompetences.pdf	200	text/html
20240706154008	https://promouvoircompetences.com/pdfjs/web/viewer.html?file=https://promouvoircompetences.com/images/epreuves/BEPC-2019-Epreuve-de-Physique-Chimie-et-Technologie-promouvoircompetences.pdf	200	text/html
20251216205412	https://promouvoircompetences.com/pdfjs/web/viewer.html?file=https://promouvoircompetences.com/images/epreuves/BEPC-2020-Epreuve-d-Allemand-promouvoircompetences.pdf	200	text/html
20240706110502	https://promouvoircompetences.com/pdfjs/web/viewer.html?file=https://promouvoircompetences.com/images/epreuves/BEPC-2020-Epreuve-d-Anglais-promouvoircompetences.pdf	200	text/html
20240706154039	https://promouvoircompetences.com/pdfjs/web/viewer.html?file=https://promouvoircompetences.com/images/epreuves/BEPC-2020-Epreuve-d-Espagnol-promouvoircompetences.pdf	200	text/html
20240706100730	https://promouvoircompetences.com/pdfjs/web/viewer.html?file=https://promouvoircompetences.com/images/epreuves/BEPC-2020-Epreuve-d-Histoire-et-Geographie-promouvoircompetences.pdf	200	text/html
20240706100915	https://promouvoircompetences.com/pdfjs/web/viewer.html?file=https://promouvoircompetences.com/images/epreuves/BEPC-2020-Epreuve-de-Lecture-promouvoircompetences.pdf	200	text/html
20240706112635	https://promouvoircompetences.com/pdfjs/web/viewer.html?file=https://promouvoircompetences.com/images/epreuves/BEPC-2020-Epreuve-de-Mathematiques-promouvoircompetences.pdf	200	text/html
20240706095955	https://promouvoircompetences.com/pdfjs/web/viewer.html?file=https://promouvoircompetences.com/images/epreuves/BEPC-2020-Epreuve-de-Physique-Chimie-et-Technologie-promouvoircompetences.pdf	200	text/html
20240706094241	https://promouvoircompetences.com/pdfjs/web/viewer.html?file=https://promouvoircompetences.com/images/epreuves/BEPC-2020-Epreuve-de-Sciences-de-la-Vie-et-de-la-Terre-promouvoircompetences.pdf	200	text/html
20240703083252	https://promouvoircompetences.com/pdfjs/web/viewer.html?file=https://promouvoircompetences.com/images/mapassion/Billets-valides.pdf	200	text/html
20230207110454	https://promouvoircompetences.com/pdfjs/web/viewer.html?file=https://promouvoircompetences.com/images/questions/calendrier-examens-concours-2023-cameroun.pdf	200	text/html
20240813172606	https://promouvoircompetences.com/pdfjs/web/viewer.html?file=https://promouvoircompetences.com/images/questions/calendrier-examens-concours-2024-minesec.pdf	200	text/html
20250504081756	https://promouvoircompetences.com/pdfjs/web/viewer.html?file=https://promouvoircompetences.com/images/questions/calendrier_examens_2023_2024-gabon.pdf	200	text/html
20230407183205	https://promouvoircompetences.com/pdfjs/web/viewer.html?file=https://promouvoircompetences.com/images/questions/communique-concours-internes-hopitaux-promouvoircompetences-com.pdf	200	text/html
20221204115550	https://promouvoircompetences.com/pdfjs/web/viewer.html?file=https://promouvoircompetences.com/images/questions/communique-inscription-2022-2023-cepe-bepc-bac-cote-d-ivoire.pdf	200	text/html
20240203122349	https://promouvoircompetences.com/pdfjs/web/viewer.html?file=https://promouvoircompetences.com/images/questions/communique-mindef-resultats-2023.pdf	200	text/html
20230710103044	https://promouvoircompetences.com/pdfjs/web/viewer.html?file=https://promouvoircompetences.com/images/questions/communique-proclamation-2nd-tour-bac-2023-gabon.pdf	200	text/html
20230827231417	https://promouvoircompetences.com/pdfjs/web/viewer.html?file=https://promouvoircompetences.com/images/questions/communique-resultats-cap-bt1-bt2-2023-mali.pdf	200	text/html
20240203122305	https://promouvoircompetences.com/pdfjs/web/viewer.html?file=https://promouvoircompetences.com/images/questions/communique_minesec.pdf	200	text/html
20231210181340	https://promouvoircompetences.com/pdfjs/web/viewer.html?file=https://promouvoircompetences.com/images/questions/communique_proclamation_resultats_orientations_def_2023.pdf	200	text/html
20240507142047	https://promouvoircompetences.com/pdfjs/web/viewer.html?file=https://promouvoircompetences.com/images/questions/concours-eso-2024-mali.pdf	200	text/html
20230827231344	https://promouvoircompetences.com/pdfjs/web/viewer.html?file=https://promouvoircompetences.com/images/questions/ecoles_primaires_fermee_cameroun_2023-2024.pdf	200	text/html
20231210181337	https://promouvoircompetences.com/pdfjs/web/viewer.html?file=https://promouvoircompetences.com/images/questions/ECP2-GE-SITE-FR.pdf	200	text/html
20231210181337	https://promouvoircompetences.com/pdfjs/web/viewer.html?file=https://promouvoircompetences.com/images/questions/ECP2-MED-SITE-FR.pdf	200	text/html
20231210181337	https://promouvoircompetences.com/pdfjs/web/viewer.html?file=https://promouvoircompetences.com/images/questions/ECPD-SITE-FR.pdf	200	text/html
20231210181337	https://promouvoircompetences.com/pdfjs/web/viewer.html?file=https://promouvoircompetences.com/images/questions/ECPS-SITE-FR.pdf	200	text/html
20240812143113	https://promouvoircompetences.com/pdfjs/web/viewer.html?file=https://promouvoircompetences.com/images/questions/enseignants_absents_au_poste_29_fev_2024.pdf	200	text/html
20240507142055	https://promouvoircompetences.com/pdfjs/web/viewer.html?file=https://promouvoircompetences.com/images/questions/formulaire-decharge-responabilite-eso.pdf	200	text/html
20250504070638	https://promouvoircompetences.com/pdfjs/web/viewer.html?file=https://promouvoircompetences.com/images/questions/infos_utiles_concours_ena.pdf	200	text/html
20240813195722	https://promouvoircompetences.com/pdfjs/web/viewer.html?file=https://promouvoircompetences.com/images/questions/LISTE-BARRIERE-MIXTE-NOMAYOS-CNI_2024.pdf	200	text/html
20230207110452	https://promouvoircompetences.com/pdfjs/web/viewer.html?file=https://promouvoircompetences.com/images/questions/LISTE_DES_CNI_DISPONIBLE_au_poste_d'identification_du_Centre_221223-promouvoircompetences-com.pdf	200	text/html
20240716003518	https://promouvoircompetences.com/pdfjs/web/viewer.html?file=https://promouvoircompetences.com/images/questions/note_date_resultats-orientations.pdf	200	text/html
20240616000055	https://promouvoircompetences.com/pdfjs/web/viewer.html?file=https://promouvoircompetences.com/images/questions/Note_information_reglement_frais_inscription.pdf	200	text/html
20250504034755	https://promouvoircompetences.com/pdfjs/web/viewer.html?file=https://promouvoircompetences.com/images/questions/nouvelle_grille_salariale_cameroun_2024_.pdf	200	text/html
20220829211521	https://promouvoircompetences.com/pdfjs/web/viewer.html?file=https://promouvoircompetences.com/images/questions/PLE-TIMETABLE-2022.1.pdf	200	text/html
20220829211521	https://promouvoircompetences.com/pdfjs/web/viewer.html?file=https://promouvoircompetences.com/images/questions/PLE-TIMETABLE-2022.2.pdf	200	text/html
20231210181337	https://promouvoircompetences.com/pdfjs/web/viewer.html?file=https://promouvoircompetences.com/images/questions/PROG-ECP2-GE-FR.pdf	200	text/html
20231210181337	https://promouvoircompetences.com/pdfjs/web/viewer.html?file=https://promouvoircompetences.com/images/questions/PROG-ECP2-MED-FR.pdf	200	text/html
20231210181336	https://promouvoircompetences.com/pdfjs/web/viewer.html?file=https://promouvoircompetences.com/images/questions/PROG-ECPD-FR.pdf	200	text/html
20231210181337	https://promouvoircompetences.com/pdfjs/web/viewer.html?file=https://promouvoircompetences.com/images/questions/PROG-ECPS-FR.pdf	200	text/html
20230408155233	https://promouvoircompetences.com/pdfjs/web/viewer.html?file=https://promouvoircompetences.com/images/questions/prolongation-date-depot-dossiers-concours-eso-banankoro-mali.pdf	200	text/html
20240812180253	https://promouvoircompetences.com/pdfjs/web/viewer.html?file=https://promouvoircompetences.com/images/questions/situation_admin_certains_enseignants_minesec_mars_2024.pdf	200	text/html
20220829212942	https://promouvoircompetences.com/pdfjs/web/viewer.html?file=https://promouvoircompetences.com/images/questions/UACE-TIMETABLE-2022.1.pdf	200	text/html
20220829211525	https://promouvoircompetences.com/pdfjs/web/viewer.html?file=https://promouvoircompetences.com/images/questions/UACE-TIMETABLE-2022.2.pdf	200	text/html
20220829211527	https://promouvoircompetences.com/pdfjs/web/viewer.html?file=https://promouvoircompetences.com/images/questions/UCE-TIMETABLE-2022.1.pdf	200	text/html
20220829212942	https://promouvoircompetences.com/pdfjs/web/viewer.html?file=https://promouvoircompetences.com/images/questions/UCE-TIMETABLE-2022.2.pdf	200	text/html
20240714234619	https://promouvoircompetences.com/pdfjs/web/viewer.html?file=https://promouvoircompetences.com/images/resultats/05_ECPD_MED-promouvoircompetences-com.pdf	200	text/html
20240714115755	https://promouvoircompetences.com/pdfjs/web/viewer.html?file=https://promouvoircompetences.com/images/resultats/100_EOPD-promouvoircompetences-com.pdf	200	text/html
20240807221516	https://promouvoircompetences.com/pdfjs/web/viewer.html?file=https://promouvoircompetences.com/images/resultats/100_Sages_Femmes_Maeuticien.pdf	200	text/html
20240808124825	https://promouvoircompetences.com/pdfjs/web/viewer.html?file=https://promouvoircompetences.com/images/resultats/10_Ingenieurs_Genie_Environnement.pdf	200	text/html
20240808115231	https://promouvoircompetences.com/pdfjs/web/viewer.html?file=https://promouvoircompetences.com/images/resultats/150_IETP.pdf	200	text/html
20240705095450	https://promouvoircompetences.com/pdfjs/web/viewer.html?file=https://promouvoircompetences.com/images/resultats/15_Admin_Greffes_Cycle_A-promouvoircompetences-com.pdf	200	text/html
20250504033232	https://promouvoircompetences.com/pdfjs/web/viewer.html?file=https://promouvoircompetences.com/images/resultats/17130562316809-promouvoircompetences.pdf	200	text/html
20250504073932	https://promouvoircompetences.com/pdfjs/web/viewer.html?file=https://promouvoircompetences.com/images/resultats/17130563639553-promouvoircompetences.pdf	200	text/html
20250504152322	https://promouvoircompetences.com/pdfjs/web/viewer.html?file=https://promouvoircompetences.com/images/resultats/17130567388832-promouvoircompetences.pdf	200	text/html
20250504093831	https://promouvoircompetences.com/pdfjs/web/viewer.html?file=https://promouvoircompetences.com/images/resultats/17130568899052-promouvoircompetences.pdf	200	text/html
20250504135627	https://promouvoircompetences.com/pdfjs/web/viewer.html?file=https://promouvoircompetences.com/images/resultats/17130570351359-promouvoircompetences.pdf	200	text/html
20250504101354	https://promouvoircompetences.com/pdfjs/web/viewer.html?file=https://promouvoircompetences.com/images/resultats/17130820297908-promouvoircompetences.pdf	200	text/html
20250504032359	https://promouvoircompetences.com/pdfjs/web/viewer.html?file=https://promouvoircompetences.com/images/resultats/17131089616522-promouvoircompetences.pdf	200	text/html
20250504141338	https://promouvoircompetences.com/pdfjs/web/viewer.html?file=https://promouvoircompetences.com/images/resultats/17132567566952-promouvoircompetences.pdf	200	text/html
20240714180001	https://promouvoircompetences.com/pdfjs/web/viewer.html?file=https://promouvoircompetences.com/images/resultats/1750_EGPX-promouvoircompetences-com.pdf	200	text/html
20250701204132	https://promouvoircompetences.com/pdfjs/web/viewer.html?file=https://promouvoircompetences.com/images/resultats/2025-FSLC-RESULTS-BY-SCHOOL-SOUTH-WEST-promouvoircompetences-com.pdf	200	text/html
20240703082600	https://promouvoircompetences.com/pdfjs/web/viewer.html?file=https://promouvoircompetences.com/images/resultats/30_Eleves_DRF_B-promouvoircompetences-com.pdf	200	text/html
20240807152221	https://promouvoircompetences.com/pdfjs/web/viewer.html?file=https://promouvoircompetences.com/images/resultats/30_Secretaires_de_Direction.pdf	200	text/html
20240703103019	https://promouvoircompetences.com/pdfjs/web/viewer.html?file=https://promouvoircompetences.com/images/resultats/35_Auditeurs_Justice_A-promouvoircompetences-com.pdf	200	text/html
20240716222013	https://promouvoircompetences.com/pdfjs/web/viewer.html?file=https://promouvoircompetences.com/images/resultats/400_EIPD-promouvoircompetences-com.pdf	200	text/html
20240714220756	https://promouvoircompetences.com/pdfjs/web/viewer.html?file=https://promouvoircompetences.com/images/resultats/45_ECPD_GEN-promouvoircompetences-com.pdf	200	text/html
20240701051712	https://promouvoircompetences.com/pdfjs/web/viewer.html?file=https://promouvoircompetences.com/images/resultats/45_Eleves_DRF_A-promouvoircompetences-com.pdf	200	text/html
20240714194745	https://promouvoircompetences.com/pdfjs/web/viewer.html?file=https://promouvoircompetences.com/images/resultats/50_ECPS-promouvoircompetences-com.pdf	200	text/html
20240701113833	https://promouvoircompetences.com/pdfjs/web/viewer.html?file=https://promouvoircompetences.com/images/resultats/50_Eleves_Div_Admin_A-promouvoircompetences-com.pdf	200	text/html
20240714195105	https://promouvoircompetences.com/pdfjs/web/viewer.html?file=https://promouvoircompetences.com/images/resultats/50_EOPS-promouvoircompetences-com.pdf	200	text/html
20240703095947	https://promouvoircompetences.com/pdfjs/web/viewer.html?file=https://promouvoircompetences.com/images/resultats/60_Eleves_Div_Admin_B-promouvoircompetences-com.pdf	200	text/html
20240714221144	https://promouvoircompetences.com/pdfjs/web/viewer.html?file=https://promouvoircompetences.com/images/resultats/Active_Douanes_Prof_Definitifs_2023.pdf	200	text/html
20240715004304	https://promouvoircompetences.com/pdfjs/web/viewer.html?file=https://promouvoircompetences.com/images/resultats/Additifs-EGPX-promouvoircompetences-com.pdf	200	text/html
20240715004028	https://promouvoircompetences.com/pdfjs/web/viewer.html?file=https://promouvoircompetences.com/images/resultats/Additifs-EIP-promouvoircompetences-com.pdf	200	text/html
20240715202635	https://promouvoircompetences.com/pdfjs/web/viewer.html?file=https://promouvoircompetences.com/images/resultats/Administration_Generale_Prof_Definitifs_2023.pdf	200	text/html
20240711074011	https://promouvoircompetences.com/pdfjs/web/viewer.html?file=https://promouvoircompetences.com/images/resultats/admis-2nd-tour-bac-2024-djibouti-s%C3%A9rie-es-promouvoircompetences-com.pdf	200	text/html
20240711064442	https://promouvoircompetences.com/pdfjs/web/viewer.html?file=https://promouvoircompetences.com/images/resultats/admis-2nd-tour-bac-2024-djibouti-s%C3%A9rie-gfm-promouvoircompetences-com.pdf	200	text/html
20240711063411	https://promouvoircompetences.com/pdfjs/web/viewer.html?file=https://promouvoircompetences.com/images/resultats/admis-2nd-tour-bac-2024-djibouti-s%C3%A9rie-iag-promouvoircompetences-com.pdf	200	text/html
20240711070822	https://promouvoircompetences.com/pdfjs/web/viewer.html?file=https://promouvoircompetences.com/images/resultats/admis-2nd-tour-bac-2024-djibouti-s%C3%A9rie-l-promouvoircompetences-com.pdf	200	text/html
20240711073945	https://promouvoircompetences.com/pdfjs/web/viewer.html?file=https://promouvoircompetences.com/images/resultats/admis-2nd-tour-bac-2024-djibouti-s%C3%A9rie-ogrh-promouvoircompetences-com.pdf	200	text/html
20240711061253	https://promouvoircompetences.com/pdfjs/web/viewer.html?file=https://promouvoircompetences.com/images/resultats/admis-2nd-tour-bac-2024-djibouti-s%C3%A9rie-s-promouvoircompetences-com.pdf	200	text/html
20240716142543	https://promouvoircompetences.com/pdfjs/web/viewer.html?file=https://promouvoircompetences.com/images/resultats/admis-ALKHAR.pdf	200	text/html
20240716131259	https://promouvoircompetences.com/pdfjs/web/viewer.html?file=https://promouvoircompetences.com/images/resultats/admis-ANTOINETTE-KOBI.pdf	200	text/html
20240705190759	https://promouvoircompetences.com/pdfjs/web/viewer.html?file=https://promouvoircompetences.com/images/resultats/admis-bac-pro-industriel-2024-djibouti-cr-promouvoircompetences-com.pdf	200	text/html
20240704073516	https://promouvoircompetences.com/pdfjs/web/viewer.html?file=https://promouvoircompetences.com/images/resultats/admis-bac-pro-industriel-2024-djibouti-ime-promouvoircompetences-com.pdf	200	text/html
20240704050753	https://promouvoircompetences.com/pdfjs/web/viewer.html?file=https://promouvoircompetences.com/images/resultats/admis-bac-pro-industriel-2024-djibouti-imsec-promouvoircompetences-com.pdf	200	text/html
20240704051926	https://promouvoircompetences.com/pdfjs/web/viewer.html?file=https://promouvoircompetences.com/images/resultats/admis-bac-pro-industriel-2024-djibouti-irt-promouvoircompetences-com.pdf	200	text/html
20240704042034	https://promouvoircompetences.com/pdfjs/web/viewer.html?file=https://promouvoircompetences.com/images/resultats/admis-bac-pro-industriel-2024-djibouti-me-promouvoircompetences-com.pdf	200	text/html
20240704052214	https://promouvoircompetences.com/pdfjs/web/viewer.html?file=https://promouvoircompetences.com/images/resultats/admis-bac-pro-industriel-2024-djibouti-mv-promouvoircompetences-com.pdf	200	text/html
20240704052043	https://promouvoircompetences.com/pdfjs/web/viewer.html?file=https://promouvoircompetences.com/images/resultats/admis-bac-pro-industriel-2024-djibouti-ppi-promouvoircompetences-com.pdf	200	text/html
20240704064403	https://promouvoircompetences.com/pdfjs/web/viewer.html?file=https://promouvoircompetences.com/images/resultats/admis-bac-pro-tertiaire-2024-djibouti-ac-promouvoircompetences-com.pdf	200	text/html
20240704042934	https://promouvoircompetences.com/pdfjs/web/viewer.html?file=https://promouvoircompetences.com/images/resultats/admis-bac-pro-tertiaire-2024-djibouti-arc-promouvoircompetences-com.pdf	200	text/html
20240704050443	https://promouvoircompetences.com/pdfjs/web/viewer.html?file=https://promouvoircompetences.com/images/resultats/admis-bac-pro-tertiaire-2024-djibouti-commerce-promouvoircompetences-com.pdf	200	text/html
20240704042908	https://promouvoircompetences.com/pdfjs/web/viewer.html?file=https://promouvoircompetences.com/images/resultats/admis-bac-pro-tertiaire-2024-djibouti-cuisine-promouvoircompetences-com.pdf	200	text/html
20240704050959	https://promouvoircompetences.com/pdfjs/web/viewer.html?file=https://promouvoircompetences.com/images/resultats/admis-bac-pro-tertiaire-2024-djibouti-logistique-promouvoircompetences-com.pdf	200	text/html
20240704090823	https://promouvoircompetences.com/pdfjs/web/viewer.html?file=https://promouvoircompetences.com/images/resultats/admis-bac-pro-tertiaire-2024-djibouti-restaurant-promouvoircompetences-com.pdf	200	text/html
20230829053247	https://promouvoircompetences.com/pdfjs/web/viewer.html?file=https://promouvoircompetences.com/images/resultats/ADMIS-BT1-2023-KOUTIALA_promouvoircompetences-com.pdf	200	text/html
20230829053248	https://promouvoircompetences.com/pdfjs/web/viewer.html?file=https://promouvoircompetences.com/images/resultats/ADMIS-BT2-2023-KOUTIALA_promouvoircompetences-com.pdf	200	text/html
20240716125651	https://promouvoircompetences.com/pdfjs/web/viewer.html?file=https://promouvoircompetences.com/images/resultats/admis-C-L-EWO.pdf	200	text/html
20240717092605	https://promouvoircompetences.com/pdfjs/web/viewer.html?file=https://promouvoircompetences.com/images/resultats/admis-C-S-THALES-DE-MILLET-BZV-II.pdf	200	text/html
20240716151832	https://promouvoircompetences.com/pdfjs/web/viewer.html?file=https://promouvoircompetences.com/images/resultats/admis-CANDIDAT-LIBRE-KINKALA.pdf	200	text/html
20240716144330	https://promouvoircompetences.com/pdfjs/web/viewer.html?file=https://promouvoircompetences.com/images/resultats/admis-CANDIDAT-LIBRE-NKAYI.pdf	200	text/html
20230829053251	https://promouvoircompetences.com/pdfjs/web/viewer.html?file=https://promouvoircompetences.com/images/resultats/ADMIS-CAP-2023-KOUTIALA_promouvoircompetences-com.pdf	200	text/html
20260307115910	https://promouvoircompetences.com/pdfjs/web/viewer.html?file=https:%2F%2Fpromouvoircompetences.com%2Fimages%2Fresultats%2FADMIS-IEF-LINGUERE.pdf	200	text/html
20230829053248	https://promouvoircompetences.com/pdfjs/web/viewer.html?file=https://promouvoircompetences.com/images/resultats/ADMIS_BT1BT2_2023_AE_SAN_SEGOU_promouvoircompetences-com.pdf	200	text/html
20230829053248	https://promouvoircompetences.com/pdfjs/web/viewer.html?file=https://promouvoircompetences.com/images/resultats/ADMIS_CAP_2023_AE_SAN_SEGOU_promouvoircompetences-com.pdf	200	text/html
20240808115136	https://promouvoircompetences.com/pdfjs/web/viewer.html?file=https://promouvoircompetences.com/images/resultats/ADMISSIBILITE_AFA_2022.pdf	200	text/html
20240807131130	https://promouvoircompetences.com/pdfjs/web/viewer.html?file=https://promouvoircompetences.com/images/resultats/ADMISSIBILITE_AFA_MEO_2022.pdf	200	text/html
20240808152553	https://promouvoircompetences.com/pdfjs/web/viewer.html?file=https://promouvoircompetences.com/images/resultats/ADMISSIBILITE_AFA_SEMI_DIRECT_2022.pdf	200	text/html
20240807133113	https://promouvoircompetences.com/pdfjs/web/viewer.html?file=https://promouvoircompetences.com/images/resultats/ADMISSIBILITE_ENSOA_COM_2022.pdf	200	text/html
20240807121047	https://promouvoircompetences.com/pdfjs/web/viewer.html?file=https://promouvoircompetences.com/images/resultats/ADMISSIBILITE_ENSOA_GEN_2022.pdf	200	text/html
20240810020850	https://promouvoircompetences.com/pdfjs/web/viewer.html?file=https://promouvoircompetences.com/images/resultats/ADMISSIBILITE_ENSOA_INF_2022.pdf	200	text/html
20240808133857	https://promouvoircompetences.com/pdfjs/web/viewer.html?file=https://promouvoircompetences.com/images/resultats/ADMISSIBILITE_ENSOA_MEC_2022.pdf	200	text/html
20240808130150	https://promouvoircompetences.com/pdfjs/web/viewer.html?file=https://promouvoircompetences.com/images/resultats/ADMISSIBILITE_ENSOA_MUSIQUE_2022.pdf	200	text/html
20240809061721	https://promouvoircompetences.com/pdfjs/web/viewer.html?file=https://promouvoircompetences.com/images/resultats/ADMISSIBILITE_ENSOA_OFFMAR_2022.pdf	200	text/html
20250504035557	https://promouvoircompetences.com/pdfjs/web/viewer.html?file=https://promouvoircompetences.com/images/resultats/admissibilites-bt-industrie-2024-senegal.pdf	200	text/html
20230829053248	https://promouvoircompetences.com/pdfjs/web/viewer.html?file=https://promouvoircompetences.com/images/resultats/AEBKORD_ADMIS-BT1-2023_promouvoircompetences-com.pdf	200	text/html
20230829053248	https://promouvoircompetences.com/pdfjs/web/viewer.html?file=https://promouvoircompetences.com/images/resultats/AEBKORD_ADMIS-BT2-2023_promouvoircompetences-com.pdf	200	text/html
20230829053249	https://promouvoircompetences.com/pdfjs/web/viewer.html?file=https://promouvoircompetences.com/images/resultats/AEBKORD_ADMIS-CAP-2023_promouvoircompetences-com.pdf	200	text/html
20230828070947	https://promouvoircompetences.com/pdfjs/web/viewer.html?file=https://promouvoircompetences.com/images/resultats/AEBKORG_RESULTATS-BT1-2023_promouvoircompetences-com.pdf	200	text/html
20230828070947	https://promouvoircompetences.com/pdfjs/web/viewer.html?file=https://promouvoircompetences.com/images/resultats/AEBKORG_RESULTATS-BT2-2023_promouvoircompetences-com.pdf	200	text/html
20230828070947	https://promouvoircompetences.com/pdfjs/web/viewer.html?file=https://promouvoircompetences.com/images/resultats/AEBKORG_RESULTATS-CAP_promouvoircompetences-com.pdf	200	text/html
20240716150618	https://promouvoircompetences.com/pdfjs/web/viewer.html?file=https://promouvoircompetences.com/images/resultats/Affaires_Sociales_Prof_Definitifs_2023.pdf	200	text/html
20230829053249	https://promouvoircompetences.com/pdfjs/web/viewer.html?file=https://promouvoircompetences.com/images/resultats/AFFICHAGE-BT1-2023-POLE-KAYES_promouvoircompetences-com.pdf	200	text/html
20230829053248	https://promouvoircompetences.com/pdfjs/web/viewer.html?file=https://promouvoircompetences.com/images/resultats/AFFICHAGE-BT2-2023-POLE-KAYES_promouvoircompetences-com.pdf	200	text/html
20230829053248	https://promouvoircompetences.com/pdfjs/web/viewer.html?file=https://promouvoircompetences.com/images/resultats/AFFICHAGE-CAP-2023-POLE-KAYES_promouvoircompetences-com.pdf	200	text/html
20240714123109	https://promouvoircompetences.com/pdfjs/web/viewer.html?file=https://promouvoircompetences.com/images/resultats/Agriculture_Prof_Definitifs_2023.pdf	200	text/html
20240711061005	https://promouvoircompetences.com/pdfjs/web/viewer.html?file=https://promouvoircompetences.com/images/resultats/ajourn%C3%A9s-2nd-tour-bac-2024-djibouti-s%C3%A9rie-es-promouvoircompetences-com.pdf	200	text/html
20240711065414	https://promouvoircompetences.com/pdfjs/web/viewer.html?file=https://promouvoircompetences.com/images/resultats/ajourn%C3%A9s-2nd-tour-bac-2024-djibouti-s%C3%A9rie-gfm-promouvoircompetences-com.pdf	200	text/html
20240711061249	https://promouvoircompetences.com/pdfjs/web/viewer.html?file=https://promouvoircompetences.com/images/resultats/ajourn%C3%A9s-2nd-tour-bac-2024-djibouti-s%C3%A9rie-iag-promouvoircompetences-com.pdf	200	text/html
20240711075918	https://promouvoircompetences.com/pdfjs/web/viewer.html?file=https://promouvoircompetences.com/images/resultats/ajourn%C3%A9s-2nd-tour-bac-2024-djibouti-s%C3%A9rie-l-promouvoircompetences-com.pdf	200	text/html
20240711064017	https://promouvoircompetences.com/pdfjs/web/viewer.html?file=https://promouvoircompetences.com/images/resultats/ajourn%C3%A9s-2nd-tour-bac-2024-djibouti-s%C3%A9rie-orgh-promouvoircompetences-com.pdf	200	text/html
20240711063631	https://promouvoircompetences.com/pdfjs/web/viewer.html?file=https://promouvoircompetences.com/images/resultats/ajourn%C3%A9s-2nd-tour-bac-2024-djibouti-s%C3%A9rie-s-promouvoircompetences-com.pdf	200	text/html
20250701191038	https://promouvoircompetences.com/pdfjs/web/viewer.html?file=https://promouvoircompetences.com/images/resultats/bef_admis-promouvoircompetences-com.pdf	200	text/html
20250701185302	https://promouvoircompetences.com/pdfjs/web/viewer.html?file=https://promouvoircompetences.com/images/resultats/bef_bil_admis-promouvoircompetences-com.pdf	200	text/html
20230726095306	https://promouvoircompetences.com/pdfjs/web/viewer.html?file=https://promouvoircompetences.com/images/resultats/bep-2023-congo-brazza.pdf	200	text/html
20230726095304	https://promouvoircompetences.com/pdfjs/web/viewer.html?file=https://promouvoircompetences.com/images/resultats/bet-2023-congo-brazza.pdf	200	text/html
20230829053248	https://promouvoircompetences.com/pdfjs/web/viewer.html?file=https://promouvoircompetences.com/images/resultats/CAP-2023-POLE-DE-DOUENTZA_promouvoircompetences-com.pdf	200	text/html
20230829053249	https://promouvoircompetences.com/pdfjs/web/viewer.html?file=https://promouvoircompetences.com/images/resultats/CAP-BT1-BT2-ETP_2023_POLE_BOUGOUNI_AFFICHAGE_VF_promouvoircompetences-com.pdf	200	text/html
20230829053247	https://promouvoircompetences.com/pdfjs/web/viewer.html?file=https://promouvoircompetences.com/images/resultats/CAP-BT1-BT2-POLE-DE-AE-KATI-AFFICHAGES-ETP-2023_promouvoircompetences-com.pdf	200	text/html
20230813194755	https://promouvoircompetences.com/pdfjs/web/viewer.html?file=https://promouvoircompetences.com/images/resultats/communique-resultats-bac-2023-mali.pdf	200	text/html
20240714191914	https://promouvoircompetences.com/pdfjs/web/viewer.html?file=https://promouvoircompetences.com/images/resultats/Comptabilites_Matieres_Prof_Definitifs_2023.pdf	200	text/html
20240703080032	https://promouvoircompetences.com/pdfjs/web/viewer.html?file=https://promouvoircompetences.com/images/resultats/CPJA_CJA_Definitif_2022.pdf	200	text/html
20240705053456	https://promouvoircompetences.com/pdfjs/web/viewer.html?file=https://promouvoircompetences.com/images/resultats/DAG-A_1-2022-promouvoircompetences.pdf	200	text/html
20240704051931	https://promouvoircompetences.com/pdfjs/web/viewer.html?file=https://promouvoircompetences.com/images/resultats/DAG-B_1-2022-promouvoircompetences.pdf	200	text/html
20231210181335	https://promouvoircompetences.com/pdfjs/web/viewer.html?file=https://promouvoircompetences.com/images/resultats/Decision-Concour-IFM-2023-EFEP-promouvoircompetences-com.pdf	200	text/html
20231210181334	https://promouvoircompetences.com/pdfjs/web/viewer.html?file=https://promouvoircompetences.com/images/resultats/Decision-Concour-IFM-2023-GENERALISTES-promouvoircompetences-com.pdf	200	text/html
20231210181335	https://promouvoircompetences.com/pdfjs/web/viewer.html?file=https://promouvoircompetences.com/images/resultats/Decision-Concour-IFM-2023-HEGIRE-promouvoircompetences-com.pdf	200	text/html
20231210181334	https://promouvoircompetences.com/pdfjs/web/viewer.html?file=https://promouvoircompetences.com/images/resultats/Decision-Concour-IFM-2023-SPECIALISTES-promouvoircompetences-com.pdf	200	text/html
20230521132442	https://promouvoircompetences.com/pdfjs/web/viewer.html?file=https://promouvoircompetences.com/images/resultats/Decision-Concours-IFM-2022-EFEP-promouvoircompetences-com.pdf	200	text/html
20230521133948	https://promouvoircompetences.com/pdfjs/web/viewer.html?file=https://promouvoircompetences.com/images/resultats/Decision-Concours-IFM-2022-GENERALISTES-promouvoircompetences-com.pdf	200	text/html
20230521135152	https://promouvoircompetences.com/pdfjs/web/viewer.html?file=https://promouvoircompetences.com/images/resultats/Decision-Concours-IFM-2022-HEGIRE-promouvoircompetences-com.pdf	200	text/html
20230521133103	https://promouvoircompetences.com/pdfjs/web/viewer.html?file=https://promouvoircompetences.com/images/resultats/Decision-Concours-IFM-2022-SPECIALISTES-promouvoircompetences-com.pdf	200	text/html
20240510075601	https://promouvoircompetences.com/pdfjs/web/viewer.html?file=https://promouvoircompetences.com/images/resultats/DECISION-RESULTAT-IFM-2023-FIN-DE-CYCLE-Final-promouvoircompetences-.pdf	200	text/html
20240510075557	https://promouvoircompetences.com/pdfjs/web/viewer.html?file=https://promouvoircompetences.com/images/resultats/DECISION-RESULTAT-IFM-2023-PASSAGE-Final-1-promouvoircompetences-.pdf	200	text/html
20230521085627	https://promouvoircompetences.com/pdfjs/web/viewer.html?file=https://promouvoircompetences.com/images/resultats/DECISION_ORIENTATION_DEF2022.pdf	200	text/html
20240714232043	https://promouvoircompetences.com/pdfjs/web/viewer.html?file=https://promouvoircompetences.com/images/resultats/Demographie_Statistique_Prof_Definitifs_2023.pdf	200	text/html
20240703165606	https://promouvoircompetences.com/pdfjs/web/viewer.html?file=https://promouvoircompetences.com/images/resultats/DMG-AJ-2022-promouvoircompetences.pdf	200	text/html
20240703144849	https://promouvoircompetences.com/pdfjs/web/viewer.html?file=https://promouvoircompetences.com/images/resultats/DRFA-2022-promouvoircompetences.pdf	200	text/html
20240703103011	https://promouvoircompetences.com/pdfjs/web/viewer.html?file=https://promouvoircompetences.com/images/resultats/DRFB-2022-promouvoircompetences.pdf	200	text/html
20240716071509	https://promouvoircompetences.com/pdfjs/web/viewer.html?file=https://promouvoircompetences.com/images/resultats/Eaux_Et_Forets_Prof_Definitifs_2023.pdf	200	text/html
20231210181333	https://promouvoircompetences.com/pdfjs/web/viewer.html?file=https://promouvoircompetences.com/images/resultats/ECPD.pdf	200	text/html
20231210181333	https://promouvoircompetences.com/pdfjs/web/viewer.html?file=https://promouvoircompetences.com/images/resultats/ECPM.pdf	200	text/html
20231210181333	https://promouvoircompetences.com/pdfjs/web/viewer.html?file=https://promouvoircompetences.com/images/resultats/ECPS.pdf	200	text/html
20231210181334	https://promouvoircompetences.com/pdfjs/web/viewer.html?file=https://promouvoircompetences.com/images/resultats/EGPX.pdf	200	text/html
20231210181333	https://promouvoircompetences.com/pdfjs/web/viewer.html?file=https://promouvoircompetences.com/images/resultats/EIPD.pdf	200	text/html
20231210181333	https://promouvoircompetences.com/pdfjs/web/viewer.html?file=https://promouvoircompetences.com/images/resultats/EIpS.pdf	200	text/html
20240704094733	https://promouvoircompetences.com/pdfjs/web/viewer.html?file=https://promouvoircompetences.com/images/resultats/enam-cemac_2022-promouvoircompetences.pdf	200	text/html
20240701092133	https://promouvoircompetences.com/pdfjs/web/viewer.html?file=https://promouvoircompetences.com/images/resultats/ENS-de-Yde-2022_1er-cycle.pdf	200	text/html
20240703073250	https://promouvoircompetences.com/pdfjs/web/viewer.html?file=https://promouvoircompetences.com/images/resultats/ENS-de-Yde-2022_2nd-cycle.pdf	200	text/html
20231210181334	https://promouvoircompetences.com/pdfjs/web/viewer.html?file=https://promouvoircompetences.com/images/resultats/EOPD.pdf	200	text/html
20231210181333	https://promouvoircompetences.com/pdfjs/web/viewer.html?file=https://promouvoircompetences.com/images/resultats/EOPS.pdf	200	text/html
20250715120225	https://promouvoircompetences.com/pdfjs/web/viewer.html?file=https://promouvoircompetences.com/images/resultats/ES_Admis-promouvoircompetences-com.pdf	200	text/html
20250715113853	https://promouvoircompetences.com/pdfjs/web/viewer.html?file=https://promouvoircompetences.com/images/resultats/ES_Groupe2-promouvoircompetences-com.pdf	200	text/html
20240714224231	https://promouvoircompetences.com/pdfjs/web/viewer.html?file=https://promouvoircompetences.com/images/resultats/Genie_Rural_Prof_Definitifs_2023.pdf	200	text/html
20250719040724	https://promouvoircompetences.com/pdfjs/web/viewer.html?file=https://promouvoircompetences.com/images/resultats/GFM_Admis-promouvoircompetences-com.pdf	200	text/html
20250716065435	https://promouvoircompetences.com/pdfjs/web/viewer.html?file=https://promouvoircompetences.com/images/resultats/GFM_Groupe2-promouvoircompetences-com.pdf	200	text/html
20240703161213	https://promouvoircompetences.com/pdfjs/web/viewer.html?file=https://promouvoircompetences.com/images/resultats/GREFFES_A-2022-promouvoircompetences.pdf	200	text/html
20240701193417	https://promouvoircompetences.com/pdfjs/web/viewer.html?file=https://promouvoircompetences.com/images/resultats/GREFFES_B-2022-promouvoircompetences.pdf	200	text/html
20250715112802	https://promouvoircompetences.com/pdfjs/web/viewer.html?file=https://promouvoircompetences.com/images/resultats/IAG_Admis-promouvoircompetences-com.pdf	200	text/html
20250716044430	https://promouvoircompetences.com/pdfjs/web/viewer.html?file=https://promouvoircompetences.com/images/resultats/IAG_Groupe2-promouvoircompetences-com.pdf	200	text/html
20240715051513	https://promouvoircompetences.com/pdfjs/web/viewer.html?file=https://promouvoircompetences.com/images/resultats/Industries_Animales_Prof_Definitifs_2023.pdf	200	text/html
20240714204422	https://promouvoircompetences.com/pdfjs/web/viewer.html?file=https://promouvoircompetences.com/images/resultats/Informatique_Teleinformatique_Prof_Definitifs_2023.pdf	200	text/html
20240808233717	https://promouvoircompetences.com/pdfjs/web/viewer.html?file=https://promouvoircompetences.com/images/resultats/IUT-Bois-UY1-2023_1ere-annee-DUT.pdf	200	text/html
20240807173244	https://promouvoircompetences.com/pdfjs/web/viewer.html?file=https://promouvoircompetences.com/images/resultats/IUT-Bois-UY1-2023_1ere-annee.pdf	200	text/html
20240808151210	https://promouvoircompetences.com/pdfjs/web/viewer.html?file=https://promouvoircompetences.com/images/resultats/IUT-Bois-UY1-2023_3e-annee.pdf	200	text/html
20250715113329	https://promouvoircompetences.com/pdfjs/web/viewer.html?file=https://promouvoircompetences.com/images/resultats/L_Admis-promouvoircompetences-com.pdf	200	text/html
20250715140431	https://promouvoircompetences.com/pdfjs/web/viewer.html?file=https://promouvoircompetences.com/images/resultats/L_Groupe2-promouvoircompetences-com.pdf	200	text/html
20230708041332	https://promouvoircompetences.com/pdfjs/web/viewer.html?file=https://promouvoircompetences.com/images/resultats/Liste-des-admis-au-BEPC-2023-FA.pdf	200	text/html
20240716125121	https://promouvoircompetences.com/pdfjs/web/viewer.html?file=https://promouvoircompetences.com/images/resultats/listes-des-admis-BAC-TECH-PRO-2024-CONGO-promouvoircompetences-com.pdf	200	text/html
20250702061017	https://promouvoircompetences.com/pdfjs/web/viewer.html?file=https://promouvoircompetences.com/images/resultats/listes_des_admis_bef_arabre_2025_AR-promouvoircompetences-com.pdf	200	text/html
20250715112854	https://promouvoircompetences.com/pdfjs/web/viewer.html?file=https://promouvoircompetences.com/images/resultats/OGRH_Admis-promouvoircompetences-com.pdf	200	text/html
20250715113327	https://promouvoircompetences.com/pdfjs/web/viewer.html?file=https://promouvoircompetences.com/images/resultats/OGRH_Groupe2-promouvoircompetences-com.pdf	200	text/html
20240703095117	https://promouvoircompetences.com/pdfjs/web/viewer.html?file=https://promouvoircompetences.com/images/resultats/PEPS_PAEPS_Definitif_2022.pdf	200	text/html
20240715044127	https://promouvoircompetences.com/pdfjs/web/viewer.html?file=https://promouvoircompetences.com/images/resultats/Prix_Poids_Mesures_Prof_Definitifs_2023.pdf	200	text/html
20250701202513	https://promouvoircompetences.com/pdfjs/web/viewer.html?file=https://promouvoircompetences.com/images/resultats/r%C3%A9sultat-1er-tour-bac-ati.pdf	200	text/html
20250701203735	https://promouvoircompetences.com/pdfjs/web/viewer.html?file=https://promouvoircompetences.com/images/resultats/r%C3%A9sultat-1er-tour-bac-biltine.pdf	200	text/html
20250701195320	https://promouvoircompetences.com/pdfjs/web/viewer.html?file=https://promouvoircompetences.com/images/resultats/r%C3%A9sultat-1er-tour-bac-mao.pdf	200	text/html
20240621033240	https://promouvoircompetences.com/pdfjs/web/viewer.html?file=https://promouvoircompetences.com/images/resultats/r%C3%A9sultats-bef-2024-djibouti-CEM-de-Ambouli.pdf	200	text/html
20240621005242	https://promouvoircompetences.com/pdfjs/web/viewer.html?file=https://promouvoircompetences.com/images/resultats/r%C3%A9sultats-bef-2024-djibouti-CEM-de-Arta.pdf	200	text/html
20240621032948	https://promouvoircompetences.com/pdfjs/web/viewer.html?file=https://promouvoircompetences.com/images/resultats/r%C3%A9sultats-bef-2024-djibouti-CEM-de-Barwaqo.pdf	200	text/html
20240621001126	https://promouvoircompetences.com/pdfjs/web/viewer.html?file=https://promouvoircompetences.com/images/resultats/r%C3%A9sultats-bef-2024-djibouti-CEM-de-Boulaos.pdf	200	text/html
20240620235316	https://promouvoircompetences.com/pdfjs/web/viewer.html?file=https://promouvoircompetences.com/images/resultats/r%C3%A9sultats-bef-2024-djibouti-CEM-de-Day.pdf	200	text/html
20240621005918	https://promouvoircompetences.com/pdfjs/web/viewer.html?file=https://promouvoircompetences.com/images/resultats/r%C3%A9sultats-bef-2024-djibouti-CEM-de-DOG-BIS.pdf	200	text/html
20240620225953	https://promouvoircompetences.com/pdfjs/web/viewer.html?file=https://promouvoircompetences.com/images/resultats/r%C3%A9sultats-bef-2024-djibouti-CEM-de-Dogleh.pdf	200	text/html
20240621005843	https://promouvoircompetences.com/pdfjs/web/viewer.html?file=https://promouvoircompetences.com/images/resultats/r%C3%A9sultats-bef-2024-djibouti-CEM-de-EBT-DJIB.pdf	200	text/html
20240621071813	https://promouvoircompetences.com/pdfjs/web/viewer.html?file=https://promouvoircompetences.com/images/resultats/r%C3%A9sultats-bef-2024-djibouti-CEM-de-Ecole-Bilingue-Technologique-AS.pdf	200	text/html
20240621061412	https://promouvoircompetences.com/pdfjs/web/viewer.html?file=https://promouvoircompetences.com/images/resultats/r%C3%A9sultats-bef-2024-djibouti-CEM-de-Ecole-LA-NATIVITE.pdf	200	text/html
20240620234516	https://promouvoircompetences.com/pdfjs/web/viewer.html?file=https://promouvoircompetences.com/images/resultats/r%C3%A9sultats-bef-2024-djibouti-CEM-de-Fukuzawa.pdf	200	text/html
20240621065811	https://promouvoircompetences.com/pdfjs/web/viewer.html?file=https://promouvoircompetences.com/images/resultats/r%C3%A9sultats-bef-2024-djibouti-CEM-de-Gabode-1.pdf	200	text/html
20240621045233	https://promouvoircompetences.com/pdfjs/web/viewer.html?file=https://promouvoircompetences.com/images/resultats/r%C3%A9sultats-bef-2024-djibouti-CEM-de-Hayel-Said.pdf	200	text/html
20240620225644	https://promouvoircompetences.com/pdfjs/web/viewer.html?file=https://promouvoircompetences.com/images/resultats/r%C3%A9sultats-bef-2024-djibouti-CEM-de-Hodan-3.pdf	200	text/html
20240621025107	https://promouvoircompetences.com/pdfjs/web/viewer.html?file=https://promouvoircompetences.com/images/resultats/r%C3%A9sultats-bef-2024-djibouti-CEM-de-Hodan.pdf	200	text/html
20240621133632	https://promouvoircompetences.com/pdfjs/web/viewer.html?file=https://promouvoircompetences.com/images/resultats/r%C3%A9sultats-bef-2024-djibouti-CEM-de-Obock.pdf	200	text/html
20240620231334	https://promouvoircompetences.com/pdfjs/web/viewer.html?file=https://promouvoircompetences.com/images/resultats/r%C3%A9sultats-bef-2024-djibouti-CEM-de-OMAR-JAGAA.pdf	200	text/html
20240620230204	https://promouvoircompetences.com/pdfjs/web/viewer.html?file=https://promouvoircompetences.com/images/resultats/r%C3%A9sultats-bef-2024-djibouti-CEM-de-Palmeraie.pdf	200	text/html
20240620231853	https://promouvoircompetences.com/pdfjs/web/viewer.html?file=https://promouvoircompetences.com/images/resultats/r%C3%A9sultats-bef-2024-djibouti-CEM-de-Randa.pdf	200	text/html
20240621070500	https://promouvoircompetences.com/pdfjs/web/viewer.html?file=https://promouvoircompetences.com/images/resultats/r%C3%A9sultats-bef-2024-djibouti-CEM-de-SANS-FILS.pdf	200	text/html
20240620232652	https://promouvoircompetences.com/pdfjs/web/viewer.html?file=https://promouvoircompetences.com/images/resultats/r%C3%A9sultats-bef-2024-djibouti-CEM-de-Tadjourah.pdf	200	text/html
20240621094427	https://promouvoircompetences.com/pdfjs/web/viewer.html?file=https://promouvoircompetences.com/images/resultats/r%C3%A9sultats-cap-2024-djibouti-promouvoircompetences-com.pdf	200	text/html
20231210181334	https://promouvoircompetences.com/pdfjs/web/viewer.html?file=https://promouvoircompetences.com/images/resultats/RECRUTEMENT-DU-CONTINGENT-2023-Liste-additive-Province-de-lEstuaire.pdf	200	text/html
20231210181335	https://promouvoircompetences.com/pdfjs/web/viewer.html?file=https://promouvoircompetences.com/images/resultats/RECRUTEMENT-DU-CONTINGENT-2023-Liste-daptitude-des-candidats-Province-de-la-Ngounie-1.pdf	200	text/html
20231210181334	https://promouvoircompetences.com/pdfjs/web/viewer.html?file=https://promouvoircompetences.com/images/resultats/RECRUTEMENT-DU-CONTINGENT-2023-Liste-daptitude-des-candidats-Province-de-la-Nyanga-1.pdf	200	text/html
20231210181333	https://promouvoircompetences.com/pdfjs/web/viewer.html?file=https://promouvoircompetences.com/images/resultats/RECRUTEMENT-DU-CONTINGENT-2023-Liste-daptitude-des-candidats-Province-de-lOgooue-Ivindo-1.pdf	200	text/html
20231210181335	https://promouvoircompetences.com/pdfjs/web/viewer.html?file=https://promouvoircompetences.com/images/resultats/RECRUTEMENT-DU-CONTINGENT-2023-Liste-daptitude-des-candidats-Province-de-lOgooue-Lolo-1.pdf	200	text/html
20231210181333	https://promouvoircompetences.com/pdfjs/web/viewer.html?file=https://promouvoircompetences.com/images/resultats/RECRUTEMENT-DU-CONTINGENT-2023-Liste-daptitude-des-candidats-Province-de-lOgooue-Maritime-1.pdf	200	text/html
20231210181335	https://promouvoircompetences.com/pdfjs/web/viewer.html?file=https://promouvoircompetences.com/images/resultats/RECRUTEMENT-DU-CONTINGENT-2023-Liste-daptitude-des-candidats-Province-du-Haut-Ogooue-1.pdf	200	text/html
20231210181336	https://promouvoircompetences.com/pdfjs/web/viewer.html?file=https://promouvoircompetences.com/images/resultats/RECRUTEMENT-DU-CONTINGENT-2023-Liste-daptitude-des-candidats-Province-du-Moyen-Ogooue-1.pdf	200	text/html
20231210181334	https://promouvoircompetences.com/pdfjs/web/viewer.html?file=https://promouvoircompetences.com/images/resultats/RECRUTEMENT-DU-CONTINGENT-2023-Liste-daptitude-des-candidats-Province-du-Woleu-Ntem-1.pdf	200	text/html
20240714213928	https://promouvoircompetences.com/pdfjs/web/viewer.html?file=https://promouvoircompetences.com/images/resultats/Regies_Financieres_Impots_Prof_Definitifs_2023.pdf	200	text/html
20240715014930	https://promouvoircompetences.com/pdfjs/web/viewer.html?file=https://promouvoircompetences.com/images/resultats/Regies_Financieres_Tresor_Prof_Definitifs_2023.pdf	200	text/html
20240510075624	https://promouvoircompetences.com/pdfjs/web/viewer.html?file=https://promouvoircompetences.com/images/resultats/RESULTAT-AGRO-BT1-2023-promouvoircompetences-.pdf	200	text/html
20240510075548	https://promouvoircompetences.com/pdfjs/web/viewer.html?file=https://promouvoircompetences.com/images/resultats/RESULTAT-AGRO-BT2-2023-promouvoircompetences-.pdf	200	text/html
20250723023519	https://promouvoircompetences.com/pdfjs/web/viewer.html?file=https://promouvoircompetences.com/images/resultats/resultats-admis-d-office-bac-2023-tchad-promouvoircompetences-com.pdf	200	text/html
20240807142946	https://promouvoircompetences.com/pdfjs/web/viewer.html?file=https://promouvoircompetences.com/images/resultats/Resultats-ASTI_UB_2023_1ere-annee.pdf	200	text/html
20230724013953	https://promouvoircompetences.com/pdfjs/web/viewer.html?file=https://promouvoircompetences.com/images/resultats/resultats-bac-2023-option-SE-FA-guinee-promouvoircompetences-com.pdf	200	text/html
20230723214651	https://promouvoircompetences.com/pdfjs/web/viewer.html?file=https://promouvoircompetences.com/images/resultats/resultats-bac-2023-option-SE-guinee-promouvoircompetences-com.pdf	200	text/html
20230723214653	https://promouvoircompetences.com/pdfjs/web/viewer.html?file=https://promouvoircompetences.com/images/resultats/resultats-bac-2023-option-SM-guinee-promouvoircompetences-com.pdf	200	text/html
20230723222320	https://promouvoircompetences.com/pdfjs/web/viewer.html?file=https://promouvoircompetences.com/images/resultats/resultats-bac-2023-option-SS-FA-guinee-promouvoircompetences-com.pdf	200	text/html
20230723214734	https://promouvoircompetences.com/pdfjs/web/viewer.html?file=https://promouvoircompetences.com/images/resultats/resultats-bac-2023-option-SS-guinee-promouvoircompetences-com.pdf	200	text/html
20230724021415	https://promouvoircompetences.com/pdfjs/web/viewer.html?file=https://promouvoircompetences.com/images/resultats/resultats-bac-technique-congo-2023_promouvoircompetences_ok.pdf	200	text/html
20230708105930	https://promouvoircompetences.com/pdfjs/web/viewer.html?file=https://promouvoircompetences.com/images/resultats/resultats-BEPC-2023-en-Guinee-liste-admis.pdf	200	text/html
20230829053248	https://promouvoircompetences.com/pdfjs/web/viewer.html?file=https://promouvoircompetences.com/images/resultats/RESULTATS-BT1-2023-POLE-KITA_promouvoircompetences-com.pdf	200	text/html
20230829053249	https://promouvoircompetences.com/pdfjs/web/viewer.html?file=https://promouvoircompetences.com/images/resultats/RESULTATS-BT2-2023-POLE-KITA_promouvoircompetences-com.pdf	200	text/html
20230829053248	https://promouvoircompetences.com/pdfjs/web/viewer.html?file=https://promouvoircompetences.com/images/resultats/RESULTATS-CAP-2023-POLE-DE-KITA_promouvoircompetences-com.pdf	200	text/html
20230707021709	https://promouvoircompetences.com/pdfjs/web/viewer.html?file=https://promouvoircompetences.com/images/resultats/resultats-CEE-2023-EG.pdf	200	text/html
20230706164109	https://promouvoircompetences.com/pdfjs/web/viewer.html?file=https://promouvoircompetences.com/images/resultats/resultats-CEE-2023-FA.pdf	200	text/html
20250512091231	https://promouvoircompetences.com/pdfjs/web/viewer.html?file=https:%2F%2Fpromouvoircompetences.com%2Fimages%2Fresultats%2Fresultats-concours-ecole-militaire-sante-sn.pdf	200	text/html
20230706155632	https://promouvoircompetences.com/pdfjs/web/viewer.html?file=https://promouvoircompetences.com/images/resultats/resultats-def-2023-mali-date-ok.pdf	200	text/html
20230521060548	https://promouvoircompetences.com/pdfjs/web/viewer.html?file=https://promouvoircompetences.com/images/resultats/resultats-dqp-2022-region-centre-cameroun-promouvoircompetences-com.pdf	200	text/html
20240510075517	https://promouvoircompetences.com/pdfjs/web/viewer.html?file=https://promouvoircompetences.com/images/resultats/resultats-dqp-2023_centre.pdf	200	text/html
20240510075504	https://promouvoircompetences.com/pdfjs/web/viewer.html?file=https://promouvoircompetences.com/images/resultats/resultats-dqp-2023_nord.pdf	200	text/html
20230409060207	https://promouvoircompetences.com/pdfjs/web/viewer.html?file=https://promouvoircompetences.com/images/resultats/resultats-ENSO-T.-promouvoircompetences-com.pdf	200	text/html
20240807145109	https://promouvoircompetences.com/pdfjs/web/viewer.html?file=https://promouvoircompetences.com/images/resultats/Resultats-FHS_UB-2023_1ere-annee_Licence-Sage-Femme.pdf	200	text/html
20240807171221	https://promouvoircompetences.com/pdfjs/web/viewer.html?file=https://promouvoircompetences.com/images/resultats/Resultats-FHS_UB-2023_1ere-annee_Licence-Sciences-Bio.pdf	200	text/html
20240808152733	https://promouvoircompetences.com/pdfjs/web/viewer.html?file=https://promouvoircompetences.com/images/resultats/Resultats-FHS_UB-2023_1ere-annee_Licence-Soins-Infirmiers_Analyses-Biomedicales.pdf	200	text/html
20240703113009	https://promouvoircompetences.com/pdfjs/web/viewer.html?file=https://promouvoircompetences.com/images/resultats/resultats-recrutement-minsante-fonction-publique.pdf	200	text/html
20240807154140	https://promouvoircompetences.com/pdfjs/web/viewer.html?file=https://promouvoircompetences.com/images/resultats/resultats_concours_CRESA-UDs_2023_Master-Pro_promouvoircompetences.pdf	200	text/html
20250715115935	https://promouvoircompetences.com/pdfjs/web/viewer.html?file=https://promouvoircompetences.com/images/resultats/S_Admis-promouvoircompetences-com.pdf	200	text/html
20250715112854	https://promouvoircompetences.com/pdfjs/web/viewer.html?file=https://promouvoircompetences.com/images/resultats/S_Groupe2-promouvoircompetences-com.pdf	200	text/html
20240510075559	https://promouvoircompetences.com/pdfjs/web/viewer.html?file=https://promouvoircompetences.com/images/resultats/STATISTIQUE-AGRO-2023-promouvoircompetences-.pdf	200	text/html
20230829053248	https://promouvoircompetences.com/pdfjs/web/viewer.html?file=https://promouvoircompetences.com/images/resultats/STATISTIQUE-BT1-2023_promouvoircompetences-com.pdf	200	text/html
20230829053249	https://promouvoircompetences.com/pdfjs/web/viewer.html?file=https://promouvoircompetences.com/images/resultats/STATISTIQUE-BT2-2023_promouvoircompetences-com.pdf	200	text/html
20230829053250	https://promouvoircompetences.com/pdfjs/web/viewer.html?file=https://promouvoircompetences.com/images/resultats/STATISTIQUE-CAP-2023_promouvoircompetences-com.pdf	200	text/html
20230723214742	https://promouvoircompetences.com/pdfjs/web/viewer.html?file=https://promouvoircompetences.com/images/resultats/tous-les-resultats-bac-2023-guinee-promouvoircompetences-com.pdf	200	text/html
20240714192247	https://promouvoircompetences.com/pdfjs/web/viewer.html?file=https://promouvoircompetences.com/images/resultats/Travail_Prevoyance_Sociale_Prof_Definitifs_2023.pdf	200	text/html
20221204115552	https://promouvoircompetences.com/pdfjs/web/viewer.js	200	application/javascript
20210301125435	https://promouvoircompetences.com/pensee-inspirante.php?id=10-cest-ce-que-nous-pensons-deja-connaitre-qui-nous-empeche-souvent-dapprendre	200	text/html
20210301133124	https://promouvoircompetences.com/pensee-inspirante.php?id=11-plus-la-science-accroit-le-cercle-de-ses-connaissances-et-plus-grandit-autour-le-cercle-dombre	200	text/html
20210301132526	https://promouvoircompetences.com/pensee-inspirante.php?id=12-pour-etre-heureux-il-faut-eliminer-deux-choses-la-peur-d-un-mal-futur-et-le-souvenir-d-un-mal-passe	200	text/html
20210228220123	https://promouvoircompetences.com/pensee-inspirante.php?id=3-si-tu-fais-ce-que-tu-as-toujours-fait-tu-obtiendras-ce-que-tu-as-toujours-obtenu	200	text/html
20210301122926	https://promouvoircompetences.com/pensee-inspirante.php?id=4-nattendez-pas-detre-heureux-pour-sourire-souriez-plutot-afin-detre-heureux	200	text/html
20210301132205	https://promouvoircompetences.com/pensee-inspirante.php?id=5-ce-nest-pas-parce-que-les-choses-sont-difficiles-que-nous-nosons-pas-les-faire-cest-parce-que-nous-nosons-pas-les-faire-quelles-sont-difficiles	200	text/html
20210301132227	https://promouvoircompetences.com/pensee-inspirante.php?id=6-le-souverain-bien-c-est-une-ame-qui-meprise-les-evenements-exterieurs-et-se-rejouit-par-la-vertu	200	text/html
20210301124751	https://promouvoircompetences.com/pensee-inspirante.php?id=7-les-gagnants-cherchent-des-moyens-les-perdants-des-excuses	200	text/html
20210301131739	https://promouvoircompetences.com/pensee-inspirante.php?id=8-il-y-a-dans-chaque-etre-humain-une-force-interieure-qui-une-fois-liberee-peut-faire-de-chaque-vision-reve-ou-desir-une-realite	200	text/html
20210301124400	https://promouvoircompetences.com/pensee-inspirante.php?id=9-il-ny-a-point-de-genie-sans-un-grain-de-folie	200	text/html
20210301130305	https://promouvoircompetences.com/pensees-inspirantes.php?l=fr	200	text/html
20201020054922	https://promouvoircompetences.com/pme-fr.html	200	text/html
20250623224209	https://promouvoircompetences.com/pme.html	200	text/html
20250623220022	https://promouvoircompetences.com/premium-infos.html	200	text/html
20250909163242	https://promouvoircompetences.com/premium-infos.php	200	text/html
20260610130255	https://promouvoircompetences.com/premium-infos.php?&page=195	200	text/html
20260610123138	https://promouvoircompetences.com/premium-infos.php?&page=3	200	text/html
20260610123910	https://promouvoircompetences.com/premium-infos.php?&page=4	200	text/html
20260610124707	https://promouvoircompetences.com/premium-infos.php?&page=5	200	text/html
20260610125152	https://promouvoircompetences.com/premium-infos.php?&page=6	200	text/html
20260610125722	https://promouvoircompetences.com/premium-infos.php?&page=7	200	text/html
20210517152446	https://promouvoircompetences.com/premium-infos.php?l=fr	200	text/html
20251007214357	https://promouvoircompetences.com/premium-infos.php?lettre=1&l=fr	200	text/html
20251007214653	https://promouvoircompetences.com/premium-infos.php?lettre=2&l=fr	200	text/html
20251007214826	https://promouvoircompetences.com/premium-infos.php?lettre=3&l=fr	200	text/html
20251007221623	https://promouvoircompetences.com/premium-infos.php?lettre=A&l=fr	200	text/html
20260610124643	https://promouvoircompetences.com/premium-infos.php?lettre=b&l=fr	200	text/html
20251007221918	https://promouvoircompetences.com/premium-infos.php?lettre=C&l=fr	200	text/html
20251007222140	https://promouvoircompetences.com/premium-infos.php?lettre=D&l=fr	200	text/html
20251007222159	https://promouvoircompetences.com/premium-infos.php?lettre=E&l=fr	200	text/html
20260610131449	https://promouvoircompetences.com/premium-infos.php?lettre=F&l=fr	200	text/html
20260610114022	https://promouvoircompetences.com/premium-infos.php?lettre=G&l=fr	200	text/html
20260610114409	https://promouvoircompetences.com/premium-infos.php?lettre=H&l=fr	200	text/html
20251007204246	https://promouvoircompetences.com/premium-infos.php?lettre=I&l=fr	200	text/html
20251007204607	https://promouvoircompetences.com/premium-infos.php?lettre=J&l=fr	200	text/html
20260610115142	https://promouvoircompetences.com/premium-infos.php?lettre=K&l=fr	200	text/html
20260610115453	https://promouvoircompetences.com/premium-infos.php?lettre=L&l=fr	200	text/html
20251007205541	https://promouvoircompetences.com/premium-infos.php?lettre=M&l=fr	200	text/html
20250620190448	https://promouvoircompetences.com/premium-infos.php?lettre=N&l=fr	200	text/html
20251007210127	https://promouvoircompetences.com/premium-infos.php?lettre=O&l=fr	200	text/html
20251007210743	https://promouvoircompetences.com/premium-infos.php?lettre=P&l=fr	200	text/html
20251007211100	https://promouvoircompetences.com/premium-infos.php?lettre=Q&l=fr	200	text/html
20250620191806	https://promouvoircompetences.com/premium-infos.php?lettre=R&l=fr	200	text/html
20260610121013	https://promouvoircompetences.com/premium-infos.php?lettre=S&l=fr	200	text/html
20251007212035	https://promouvoircompetences.com/premium-infos.php?lettre=T&l=fr	200	text/html
20251007212445	https://promouvoircompetences.com/premium-infos.php?lettre=U&l=fr	200	text/html
20250710164551	https://promouvoircompetences.com/premium-infos.php?lettre=V&l=fr	200	text/html
20251007213336	https://promouvoircompetences.com/premium-infos.php?lettre=W&l=fr	200	text/html
20260610122023	https://promouvoircompetences.com/premium-infos.php?lettre=Y&l=fr	200	text/html
20251007213931	https://promouvoircompetences.com/premium-infos.php?lettre=Z&l=fr	200	text/html
20251216151946	https://promouvoircompetences.com/premium-infos.php?lettre=2	200	text/html
20251118050817	https://promouvoircompetences.com/premium-infos.php?lettre=B	200	text/html
20250909155419	https://promouvoircompetences.com/premium-infos.php?lettre=D	200	text/html
20250909155500	https://promouvoircompetences.com/premium-infos.php?lettre=E	200	text/html
20250909155745	https://promouvoircompetences.com/premium-infos.php?lettre=F	200	text/html
20250909162937	https://promouvoircompetences.com/premium-infos.php?lettre=G	200	text/html
20250909163200	https://promouvoircompetences.com/premium-infos.php?lettre=H	200	text/html
20250909163527	https://promouvoircompetences.com/premium-infos.php?lettre=I	200	text/html
20250909163807	https://promouvoircompetences.com/premium-infos.php?lettre=J	200	text/html
20250909164008	https://promouvoircompetences.com/premium-infos.php?lettre=K	200	text/html
20250909164401	https://promouvoircompetences.com/premium-infos.php?lettre=L	200	text/html
20250909164559	https://promouvoircompetences.com/premium-infos.php?lettre=M	200	text/html
20250909164837	https://promouvoircompetences.com/premium-infos.php?lettre=N	200	text/html
20250909165157	https://promouvoircompetences.com/premium-infos.php?lettre=O	200	text/html
20250909165622	https://promouvoircompetences.com/premium-infos.php?lettre=P	200	text/html
20250909170009	https://promouvoircompetences.com/premium-infos.php?lettre=Q	200	text/html
20251216145216	https://promouvoircompetences.com/premium-infos.php?lettre=S	200	text/html
20260119081858	https://promouvoircompetences.com/premium-infos.php?lettre=T	200	text/html
20251208164535	https://promouvoircompetences.com/premium-infos.php?lettre=U	200	text/html
20251118042013	https://promouvoircompetences.com/premium-infos.php?lettre=Y	200	text/html
20251216212652	https://promouvoircompetences.com/premium-infos.php?lettre=Z	200	text/html
20200929152040	https://promouvoircompetences.com/pro/	200	text/html
20210812120601	https://promouvoircompetences.com/pro/css/designpro.css	200	text/css
20250209203319	https://promouvoircompetences.com/pro/devenir-pro.php	200	text/html
20200930204533	https://promouvoircompetences.com/pro/devenir-pro.php?l=fr	200	text/html
20250209220842	https://promouvoircompetences.com/pro/fonctionnement.php?l=fr	200	text/html
20250209200004	https://promouvoircompetences.com/pro/prestataire.php?x=14-bidzoni-bidzoni-francis	200	text/html
20250209215447	https://promouvoircompetences.com/pro/prestataire.php?x=15-groupe-eama-design-abel-essengue-amougou	200	text/html
20250209210504	https://promouvoircompetences.com/pro/prestataire.php?x=19-ets-zock-fils-zock-bruno	200	text/html
20250209215141	https://promouvoircompetences.com/pro/prestataire.php?x=20-bh-agri-consulting-mouoko-guy	200	text/html
20250209202624	https://promouvoircompetences.com/pro/prestataire.php?x=21-menye-gery	200	text/html
20250125101428	https://promouvoircompetences.com/pro/prestataires.php	200	text/html
20250209213938	https://promouvoircompetences.com/pro/prestataires.php?cat=1	200	text/html
20250209214212	https://promouvoircompetences.com/pro/prestataires.php?cat=2	200	text/html
20250209214830	https://promouvoircompetences.com/pro/prestataires.php?cat=5	200	text/html
20250209215255	https://promouvoircompetences.com/pro/prestataires.php?cat=6	200	text/html
20250209215526	https://promouvoircompetences.com/pro/prestataires.php?cat=7	200	text/html
20250209215757	https://promouvoircompetences.com/pro/prestataires.php?cat=8	200	text/html
20250209220228	https://promouvoircompetences.com/pro/prestataires.php?cat=9	200	text/html
20250209203202	https://promouvoircompetences.com/pro/projets.php?l=fr	200	text/html
20200921004405	https://promouvoircompetences.com/pro/publier-projet.php	200	text/html
20250209213859	https://promouvoircompetences.com/pro/succes.php?l=fr	200	text/html
20200930221501	https://promouvoircompetences.com/pro/?=fr	200	text/html
20250209202532	https://promouvoircompetences.com/pro/?l=en	200	text/html
20250209212512	https://promouvoircompetences.com/pro/?l=es	200	text/html
20210517164520	https://promouvoircompetences.com/pro/?l=fr	200	text/html
20210731194339	https://promouvoircompetences.com/produit.php?id=1-ordinateur-portable-hp-envy-17m-bw0013dx-corei7-17-3-pouces-ecran-tactile-12-go-ram-carte-graphique-2-go	200	text/html
20210731192658	https://promouvoircompetences.com/produit.php?id=8-appareil-photo-numerique-canon-eos-5d-mark-iv-ef-24-105-mm-f-4l-is-ii-usm	200	text/html
20200920224652	https://promouvoircompetences.com/proposercours-fr.html	200	text/html
20250623213948	https://promouvoircompetences.com/proposercours.php	200	text/html
20201020054139	https://promouvoircompetences.com/proposercours.php?l=fr	200	text/html
20250623205929	https://promouvoircompetences.com/publicite.php	200	text/html
20201127140007	https://promouvoircompetences.com/publicite.php?=fr	200	text/html
20260611201535	https://promouvoircompetences.com/question-1-quels-sont-les-nouveaux-codes-orange-cameroun.html	200	text/html
20250909164519	https://promouvoircompetences.com/question-10-comment-savoir-si-ma-carte-nationale-d-identite-cni-est-deja-disponible-cameroun.html	200	text/html
20251118050854	https://promouvoircompetences.com/question-102-comment-consulter-les-resultats-du-cep-2022-au-gabon.html	200	text/html
20250909155903	https://promouvoircompetences.com/question-103-est-ce-que-les-resultats-du-bepc-2022-en-guinee-sont-deja-disponibles.html	200	text/html
20260611201637	https://promouvoircompetences.com/question-114-a-quand-les-resultats-du-def-2022-au-mali.html	200	text/html
20250805161521	https://promouvoircompetences.com/question-118-comment-surmonter-lechec-a-un-examen.html	200	text/html
20260611193555	https://promouvoircompetences.com/question-139-comment-consulter-les-resultats-du-cepe-2022-au-congo-brazzaville.html	200	text/html
20260611195504	https://promouvoircompetences.com/question-156-resultats-de-l-orientation-en-6eme-2022-au-gabon-ou-consulter.html	200	text/html
20250909164202	https://promouvoircompetences.com/question-157-comment-consulter-les-resultats-de-l-orientation-en-6e-2022-au-gabon-sur-xgest.html	200	text/html
20221204115536	https://promouvoircompetences.com/question-189-avez-vous-les-resultats-du-concours-d-entree-a-l-ens-de-yaounde-annee-2022-2023.html	200	text/html
20221204115549	https://promouvoircompetences.com/question-190-comment-faire-l-inscription-au-cepe-bepc-et-au-bac-session-2023-en-cote-d-ivoire.html	200	text/html
20221204115530	https://promouvoircompetences.com/question-191-si-vous-n-envoyez-pas-ce-message-a-vos-contacts-whatsapp-commencera-a-vous-facturer-vrai-ou-faux.html	200	text/html
20221204115524	https://promouvoircompetences.com/question-192-quelle-est-la-date-des-resultats-de-la-loterie-americaine.html	200	text/html
20221204115536	https://promouvoircompetences.com/question-193-quels-sont-les-criteres-de-delivrance-de-diplome-d-excellence-par-la-decc-minesec.html	200	text/html
20221204115444	https://promouvoircompetences.com/question-194-qu-est-ce-que-je-dois-faire-ou-ne-pas-faire-lors-de-la-coupe-du-monde-de-footbal-2022-au-qatar-en-tant-que-supporter.html	200	text/html
20221204131026	https://promouvoircompetences.com/question-195-quels-pays-ont-deja-gagne-la-coupe-du-monde-de-football.html	200	text/html
20221204131055	https://promouvoircompetences.com/question-196-matches-scores-classement-buteurs-et-buts-de-la-coupe-du-monde-de-football-2022-au-qatar.html	200	text/html
20221204115503	https://promouvoircompetences.com/question-197-quels-sont-les-jours-feries-et-chomes-au-cameroun-en-2023.html	200	text/html
20221204115524	https://promouvoircompetences.com/question-198-abonnes-canal-afrique-ou-voir-en-direct-tous-les-matches-de-la-coupe-du-monde-qatar-2022.html	200	text/html
20221207142047	https://promouvoircompetences.com/question-199-ou-trouver-toutes-les-infos-pour-les-nouveaux-concours-2023-d-entree-a-la-police-camerounaise.html	200	text/html
20230207152112	https://promouvoircompetences.com/question-200-ou-telecharger-les-resultats-des-admissibilites-aux-concours-d-entree-a-l-enam-2022-2023.html	200	text/html
20230207110449	https://promouvoircompetences.com/question-201-ou-consulter-la-liste-des-cni-disponibles-a-yaounde.html	200	text/html
20230207152043	https://promouvoircompetences.com/question-202-comment-faire-le-suivi-de-la-disponibilite-de-sa-cni-par-whatsapp.html	200	text/html
20230207110620	https://promouvoircompetences.com/question-203-quelles-sont-les-conditions-generales-de-recrutement-a-la-fonction-publique-au-cameroun.html	200	text/html
20230207152113	https://promouvoircompetences.com/question-204-quelles-sont-les-conditions-a-remplir-et-la-composition-des-dossiers-des-actes-de-carrieres-a-la-fonction-publique-au-cameroun.html	200	text/html
20230207152101	https://promouvoircompetences.com/question-205-quelle-est-la-grille-des-salaires-chez-action-contre-la-faim.html	200	text/html
20230207110451	https://promouvoircompetences.com/question-206-quel-est-le-calendrier-des-examens-et-concours-2023-de-l-enseignement-secondaire-au-cameroun.html	200	text/html
20230409022757	https://promouvoircompetences.com/question-207-attention-scam-loterie-des-visas-2023-2024-ouverte-pour-les-demandes-en-ligne.html	200	text/html
20230407164315	https://promouvoircompetences.com/question-208-quel-est-le-calendrier-des-examens-nationaux-def-cap-bt-bac-ifm-bt-sante-et-bt-agro-2023-au-mali.html	200	text/html
20230408155233	https://promouvoircompetences.com/question-209-quelles-sont-les-nouvelles-dates-de-depot-de-dossiers-au-concours-d-entree-a-l-eso-de-banankoro-session-de-juillet-2023.html	200	text/html
20230409041528	https://promouvoircompetences.com/question-210-concours-eamau-2023-quelles-sont-les-dates-conditions-et-renseignements-utiles.html	200	text/html
20230407184707	https://promouvoircompetences.com/question-211-quel-est-la-nouvelle-date-de-composition-du-concours-pour-le-recrutement-de-30-internes-des-hopitaux-eleves-fonctionnaires-de-letat-au-benin.html	200	text/html
20250912185030	https://promouvoircompetences.com/question-220-resultats-cep-2023-au-gabon-disponibilite-et-consultation.html	200	text/html
20250826045344	https://promouvoircompetences.com/question-221-resultats-def-2023-au-mali-publication-et-listes-pdf.html	200	text/html
20260119082945	https://promouvoircompetences.com/question-222-resultats-orientations-en-6e-2023-au-gabon-a-quand-la-proclamation-ou-et-comment-consulter.html	200	text/html
20230711184822	https://promouvoircompetences.com/question-238-resultats-du-cep-2023-au-benin-taux-de-reussite-et-comment-consulter.html	200	text/html
20230711184731	https://promouvoircompetences.com/question-240-ou-et-comment-consulter-les-resultats-du-b-e-p-c-2023-en-cote-d-ivoire.html	200	text/html
20230711184732	https://promouvoircompetences.com/question-241-a-quand-la-publication-des-resultats-du-bac-2023-au-tchad.html	200	text/html
20230711184737	https://promouvoircompetences.com/question-242-a-quelle-heure-la-proclamation-des-resultats-du-bepc-2023-en-guinee-04-juillet-2023.html	200	text/html
20230711184739	https://promouvoircompetences.com/question-243-when-will-the-cameroon-gce-and-tvee-2023-results-released.html	200	text/html
20230711184827	https://promouvoircompetences.com/question-244-comment-consulter-les-resultats-du-cepe-2023-au-congo-brazzaville.html	200	text/html
20230711183228	https://promouvoircompetences.com/question-246-comment-consulter-les-resultats-du-bepc-2023-au-benin.html	200	text/html
20230712104023	https://promouvoircompetences.com/question-247-a-quand-les-deliberations-du-baccalaureat-technique-et-professionnel-2023-au-congo-brazzaville.html	200	text/html
20230711183229	https://promouvoircompetences.com/question-248-comment-consulter-les-resultats-du-bepc-2023-a-madagascar.html	200	text/html
20250909163028	https://promouvoircompetences.com/question-258-a-quand-la-proclamation-des-resultats-du-baccalaureat-2023-au-mali-et-ou-les-consulter.html	200	text/html
20230813194759	https://promouvoircompetences.com/question-260-resultats-du-bac-2023-au-mali-y-a-t-il-des-fake-news.html	200	text/html
20230813194806	https://promouvoircompetences.com/question-261-ou-consulter-telecharger-les-resultats-du-cfee-et-du-concours-d-entree-en-6e-2023-au-senegal.html	200	text/html
20230813194756	https://promouvoircompetences.com/question-262-ou-et-comment-consulter-les-resultats-du-bac-2023-en-cote-d-ivoire.html	200	text/html
20230813194807	https://promouvoircompetences.com/question-263-ou-consulter-les-resultats-des-brevets-btf-bet-et-bep-2023-au-congo-brazzaville.html	200	text/html
20230813194803	https://promouvoircompetences.com/question-264-ou-consulter-les-resultats-du-bac-2023-aux-comores.html	200	text/html
20230813200308	https://promouvoircompetences.com/question-265-pourquoi-les-resultats-du-bac-2023-au-mali-tardent-a-etre-proclames.html	200	text/html
20230813194759	https://promouvoircompetences.com/question-266-ou-telecharger-les-resultats-de-la-deuxieme-serie-du-bac2023-au-tchad.html	200	text/html
20230813194809	https://promouvoircompetences.com/question-267-ou-et-comment-consulter-les-resultats-du-bepc-2023-aux-comores.html	200	text/html
20230813194759	https://promouvoircompetences.com/question-268-a-quand-la-proclamation-des-resultats-des-cap-bt1-et-bt2-2023-au-mali.html	200	text/html
20230813194823	https://promouvoircompetences.com/question-269-ou-consulter-les-resultats-du-bepc-2023-au-congo-brazzaville.html	200	text/html
20230828070947	https://promouvoircompetences.com/question-270-comment-consulter-les-resultats-du-bts-2023-au-niger.html	200	text/html
20230827232900	https://promouvoircompetences.com/question-271-quelles-sont-les-statistiques-des-resultats-du-baccalaureat-2023-a-madagascar-et-ou-consulter.html	200	text/html
20230827231436	https://promouvoircompetences.com/question-272-ou-consulter-les-resultats-de-l-exetat-edition-2023-en-r-d-congo.html	200	text/html
20230827231344	https://promouvoircompetences.com/question-273-quels-sont-les-ecoles-de-l-enseignement-de-base-fermees-au-cameroun-avant-la-rentree-scolaire-2023-2024.html	200	text/html
20231210181337	https://promouvoircompetences.com/question-274-a-quand-la-proclamation-des-resultats-des-bt-sante-bt-agropastoral-et-ifm-session-2023-au-mali.html	200	text/html
20231210181340	https://promouvoircompetences.com/question-275-a-quand-les-resultats-des-orientations-2023-du-def.html	200	text/html
20231210181338	https://promouvoircompetences.com/question-276-avez-vous-les-resultats-du-concours-d-entree-2023-a-l-iut-bois-de-mbalmayo.html	200	text/html
20231210181334	https://promouvoircompetences.com/question-277-comment-verifier-son-orientation-2023-def-en-ligne-au-mali.html	200	text/html
20231210181337	https://promouvoircompetences.com/question-278-a-quand-les-resultats-du-concours-d-entree-a-l-infas-2023-en-cote-d-ivoire.html	200	text/html
20231210181339	https://promouvoircompetences.com/question-279-comment-faire-une-demande-de-transfert-orientations-def-mali.html	200	text/html
20231210181339	https://promouvoircompetences.com/question-280-ou-consulter-les-resultats-definitifs-listes-additives-du-concours-de-la-police-camerounaise-2023.html	200	text/html
20231210181336	https://promouvoircompetences.com/question-281-nouveau-concours-police-pour-2024-au-cameroun-conditions-et-programme-recrutement-eleves-commissaires-de-police.html	200	text/html
20240203122355	https://promouvoircompetences.com/question-282-quel-est-le-calendrier-des-examens-au-togo-pour-l-annee-scolaire-2023-2024.html	200	text/html
20240203122349	https://promouvoircompetences.com/question-283-ou-consulter-les-resultats-aux-concours-2023-mindef-des-candidats-autorises-a-prendre-part-aux-visites-medicales.html	200	text/html
20240203122231	https://promouvoircompetences.com/question-284-les-resultats-des-concours-professionnels-2023-a-la-fonction-publique-au-cameroun-sont-ils-disponibles.html	200	text/html
20240203122253	https://promouvoircompetences.com/question-285-combien-de-personnels-sont-en-position-d-absence-irreguliere-et-en-suspension-de-solde-au-minesec-en-janvier-2024.html	200	text/html
20240203122511	https://promouvoircompetences.com/question-286-jusquou-ira-le-cameroun-a-la-can-en-cote-divoire.html	200	text/html
20260611202408	https://promouvoircompetences.com/question-301-quelle-est-la-nouvelle-grille-salariale-au-cameroun-en-2024.html	200	text/html
20251118041527	https://promouvoircompetences.com/question-31-comment-retirer-mon-diplome-de-baccalaureat-au-cameroun.html	200	text/html
20240711152824	https://promouvoircompetences.com/question-328-resultats-cep-session-normale-2024-au-benin-comment-consulter-les-resultats.html	200	text/html
20240711152823	https://promouvoircompetences.com/question-329-ou-trouver-les-resultats-du-bepc-et-du-cap-2024-au-cameroun.html	200	text/html
20240711152822	https://promouvoircompetences.com/question-330-ou-consulter-les-resultats-du-bac-pro-industriel-et-tertiaire-2024-a-djibouti.html	200	text/html
20240711152821	https://promouvoircompetences.com/question-331-quelles-sont-les-infos-utiles-pour-le-concours-d-entree-a-l-emia-2024-au-mali.html	200	text/html
20240711152821	https://promouvoircompetences.com/question-332-ou-et-comment-consulter-les-resultats-du-bac-2024-en-cote-d-ivoire.html	200	text/html
20240711152820	https://promouvoircompetences.com/question-333-ou-consulter-les-resultats-du-2nd-tour-du-baccalaureat-general-2024-a-djibouti.html	200	text/html
20240711152823	https://promouvoircompetences.com/question-334-resultats-bepc-session-normale-2024-au-benin-comment-consulter-les-resultats.html	200	text/html
20240711152823	https://promouvoircompetences.com/question-335-resultats-bepc-2024-madagascar-comment-consulter-les-resultats.html	200	text/html
20240711152814	https://promouvoircompetences.com/question-336-resultats-du-bepc-2024-en-guinee-conakry-quand-et-ou-consulter-les-resultats.html	200	text/html
20240711152817	https://promouvoircompetences.com/question-337-resultats-du-bac-technique-et-professionnel-2024-au-congo-date-de-deliberation.html	200	text/html
20250623211225	https://promouvoircompetences.com/question-361-quelles-sont-les-etapes-d-inscriptions-au-bepc-et-au-baccalaureat-2025-en-cote-d-ivoire.html	200	text/html
20250623224412	https://promouvoircompetences.com/question-362-comment-verifier-son-orientation-2024-def-au-mali.html	200	text/html
20250623225238	https://promouvoircompetences.com/question-363-vrai-ou-faux-que-le-president-paul-biya-distribue-de-l-argent-aux-camerounais-pour-noel.html	200	text/html
20250623225454	https://promouvoircompetences.com/question-364-comment-verifier-la-disponibilite-de-sa-cni-en-2025-au-cameroun.html	200	text/html
20250623225426	https://promouvoircompetences.com/question-365-ou-telecharger-les-resultats-des-admissibilites-au-concours-eso-2024-au-mali.html	200	text/html
20250623214024	https://promouvoircompetences.com/question-366-quelles-sont-les-dates-des-visites-medicales-aux-concours-eso-au-mali-fevrier-2025.html	200	text/html
20250623221548	https://promouvoircompetences.com/question-367-quelle-est-la-procedure-d-obtention-de-la-nouvelle-cni-au-cameroun-a-partir-de-2025.html	200	text/html
20250623222557	https://promouvoircompetences.com/question-368-quel-est-le-programme-de-depart-pour-les-centres-d-instruction-fama.html	200	text/html
20250623210928	https://promouvoircompetences.com/question-369-ou-telecharger-les-resultats-du-dqp-2024-au-cameroun.html	200	text/html
20250623211015	https://promouvoircompetences.com/question-370-quels-sont-les-concours-et-examens-lances-en-2025-au-cameroun.html	200	text/html
20260611201503	https://promouvoircompetences.com/question-41-comment-consulter-les-resultats-du-bac-2021-aux-comores.html	200	text/html
20260611201739	https://promouvoircompetences.com/question-42-ou-telecharger-les-listes-des-resultats-au-bac-2021-aux-comores.html	200	text/html
20260611200901	https://promouvoircompetences.com/question-50-comment-resoudre-l-erreur-surcharge-au-niveau-du-cable-antenne.html	200	text/html
20251216154213	https://promouvoircompetences.com/question-68-comment-faire-l-inscription-en-ligne-au-concours-de-la-police-2021-au-cameroun.html	200	text/html
20250909155635	https://promouvoircompetences.com/question-74-ou-consulter-les-listes-des-candidats-admis-aux-visites-medicales-au-concours-de-la-gendarmerie-camerounaise-2021-2022.html	200	text/html
20221021032011	https://promouvoircompetences.com/question-89-quelle-est-la-date-des-epreuves-d-admissibilite-au-concours-d-entree-a-la-police-2022-en-cote-d-ivoire.html	200	text/html
20221021032010	https://promouvoircompetences.com/question-91-le-fonds-national-d-autonomisation-des-jeunes-2022-est-il-une-arnaque.html	200	text/html
20221021032012	https://promouvoircompetences.com/question-95-ou-trouver-les-resultats-apres-entretien-ace-2022-en-cote-d-ivoire.html	200	text/html
20221021032014	https://promouvoircompetences.com/question-96-comment-faire-l-impression-des-convocations-et-listings-au-bac-2022-en-cote-d-ivoire.html	200	text/html
20221021032010	https://promouvoircompetences.com/question-98-ou-consulter-les-resultats-des-concours-du-mindef-publies-le-24-mai-2022.html	200	text/html
20220821133818	https://promouvoircompetences.com/question.php	200	text/html
20210613092113	https://promouvoircompetences.com/question.php?id=1-quels-sont-les-nouveaux-codes-orange-cameroun	200	text/html
20221003235915	https://promouvoircompetences.com/question.php?id=10-comment-savoir-si-ma-carte-nationale-d-identite-cni-est-deja-disponible-cameroun	200	text/html
20220821133716	https://promouvoircompetences.com/question.php?id=100-comment-consulter-les-resultats-2022-du-cepd-bepc-bac-i-et-bac-ii-au-togo&l=fr	200	text/html
20240225181142	https://promouvoircompetences.com/question.php?id=102-comment-consulter-les-resultats-du-cep-2022-au-gabon	200	text/html
20221004003343	https://promouvoircompetences.com/question.php?id=103-est-ce-que-les-resultats-du-bepc-2022-en-guinee-sont-deja-disponibles	200	text/html
20240225193407	https://promouvoircompetences.com/question.php?id=106-comment-consulter-les-resultats-du-bepc-2022-au-gabon	200	text/html
20240225173733	https://promouvoircompetences.com/question.php?id=114-a-quand-les-resultats-du-def-2022-au-mali	200	text/html
20220817144430	https://promouvoircompetences.com/question.php?id=118-comment-surmonter-lechec-a-un-examen	200	text/html
20221004010613	https://promouvoircompetences.com/question.php?id=119-ou-consulter-les-resultats-du-cep-2022-au-cameroun	200	text/html
20240225182615	https://promouvoircompetences.com/question.php?id=121-a-quand-la-publication-des-resultats-du-baccalaureat-2022-au-congo-brazzaville	200	text/html
20221004011910	https://promouvoircompetences.com/question.php?id=131-resultats-bac-2022-au-tchad-quelle-est-la-date-de-proclamation-des-resultats	200	text/html
20221004011835	https://promouvoircompetences.com/question.php?id=134-resultats-du-bac-2-2022-au-togo-date-de-proclamation-et-ou-consulter	200	text/html
20221004011528	https://promouvoircompetences.com/question.php?id=140-ou-et-comment-consulter-les-resultats-du-baccalaureat-technique-2022-au-congo-brazzaville	200	text/html
20220821133812	https://promouvoircompetences.com/question.php?id=142-cest-quoi-epimexam-cm-de-loffice-du-baccalaureat-du-cameroun&l=fr	200	text/html
20220821133752	https://promouvoircompetences.com/question.php?id=145-les-statistiques-des-resultats-du-bac-au-cameroun-sont-elles-deja-connues&l=fr	200	text/html
20221004003412	https://promouvoircompetences.com/question.php?id=156-resultats-de-l-orientation-en-6eme-2022-au-gabon-ou-consulter	200	text/html
20240225183410	https://promouvoircompetences.com/question.php?id=157-comment-consulter-les-resultats-de-l-orientation-en-6e-2022-au-gabon-sur-xgest	200	text/html
20221004001051	https://promouvoircompetences.com/question.php?id=159-comment-faire-une-demande-d-extrait-d-acte-de-naissance-au-mali	200	text/html
20221004000127	https://promouvoircompetences.com/question.php?id=163-comment-etablir-un-extrait-d-acte-de-mariage-au-mali	200	text/html
20221004004108	https://promouvoircompetences.com/question.php?id=167-ou-consulter-les-resultats-du-concours-d-entree-en-6eme-et-du-cepe-2022-aux-comores	200	text/html
20220829211508	https://promouvoircompetences.com/question.php?id=168-2022-uneb-examinations-timetables-out	200	text/html
20220829204425	https://promouvoircompetences.com/question.php?id=169-quels-sont-les-etablissements-scolaires-qui-ont-ete-fermes-au-cameroun-au-titre-de-l-annee-scolaire-2022-2023	200	text/html
20220829204425	https://promouvoircompetences.com/question.php?id=170-quel-est-le-calendrier-de-l-annee-scolaire-2022-2023-au-cameroun	200	text/html
20220829204425	https://promouvoircompetences.com/question.php?id=171-bts-2022-en-cote-d-ivoire-ou-et-comment-consulter-les-resultats	200	text/html
20220829211436	https://promouvoircompetences.com/question.php?id=172-comment-faire-une-demande-de-delegation-de-l-autorite-parentale-au-mali	200	text/html
20220829213017	https://promouvoircompetences.com/question.php?id=173-comment-faire-une-demande-d-adoption-au-mali	200	text/html
20220829204919	https://promouvoircompetences.com/question.php?id=175-a-quand-la-publication-des-resultats-du-cap-bt1-et-bt2-2022-au-mali	200	text/html
20230517075945	https://promouvoircompetences.com/question.php?id=175-a-quand-la-publication-des-resultats-du-cap-bt1-et-bt2-2022-au-mali&l=fr	200	text/html
20220829210006	https://promouvoircompetences.com/question.php?id=176-ou-consulter-les-resultats-du-concours-direct-2022-de-recrutement-a-la-gendarmerie-au-burkina-faso	200	text/html
20240225183607	https://promouvoircompetences.com/question.php?id=186-a-quand-la-proclamation-des-orientations-des-eleves-admis-au-def-session-2022-comptant-pour-l-annee-scolaire-2022-2023-mali	200	text/html
20230517083613	https://promouvoircompetences.com/question.php?id=187-les-resultats-des-bt1-bt2-sante-et-ifm-2022-sont-ils-deja-disponibles-et-ou-trouver-les-listes	200	text/html
20221128191813	https://promouvoircompetences.com/question.php?id=189-avez-vous-les-resultats-du-concours-d-entree-a-l-ens-de-yaounde-annee-2022-2023	200	text/html
20221128192845	https://promouvoircompetences.com/question.php?id=190-comment-faire-l-inscription-au-cepe-bepc-et-au-bac-session-2023-en-cote-d-ivoire	200	text/html
20221128191325	https://promouvoircompetences.com/question.php?id=191-si-vous-n-envoyez-pas-ce-message-a-vos-contacts-whatsapp-commencera-a-vous-facturer-vrai-ou-faux	200	text/html
20221128174841	https://promouvoircompetences.com/question.php?id=192-quelle-est-la-date-des-resultats-de-la-loterie-americaine	200	text/html
20221128175613	https://promouvoircompetences.com/question.php?id=193-quels-sont-les-criteres-de-delivrance-de-diplome-d-excellence-par-la-decc-minesec	200	text/html
20221128193447	https://promouvoircompetences.com/question.php?id=194-qu-est-ce-que-je-dois-faire-ou-ne-pas-faire-lors-de-la-coupe-du-monde-de-footbal-2022-au-qatar-en-tant-que-supporter	200	text/html
20221128191449	https://promouvoircompetences.com/question.php?id=195-quels-pays-ont-deja-gagne-la-coupe-du-monde-de-football	200	text/html
20230202210948	https://promouvoircompetences.com/question.php?id=196-matches-scores-classement-buteurs-et-buts-de-la-coupe-du-monde-de-football-2022-au-qatar	200	text/html
20221128191651	https://promouvoircompetences.com/question.php?id=196-tous-les-buts-de-la-coupe-du-monde-de-football-2022-au-qatar	200	text/html
20221128193516	https://promouvoircompetences.com/question.php?id=197-quels-sont-les-jours-feries-et-chomes-au-cameroun-en-2023	200	text/html
20221128192009	https://promouvoircompetences.com/question.php?id=198-abonnes-canal-afrique-ou-voir-en-direct-tous-les-matches-de-la-coupe-du-monde	200	text/html
20230202201152	https://promouvoircompetences.com/question.php?id=198-abonnes-canal-afrique-ou-voir-en-direct-tous-les-matches-de-la-coupe-du-monde-qatar-2022	200	text/html
20230323020857	https://promouvoircompetences.com/question.php?id=199-ou-trouver-toutes-les-infos-pour-les-nouveaux-concours-2023-d-entree-a-la-police-camerounaise	200	text/html
20210613084000	https://promouvoircompetences.com/question.php?id=2-533-millions-de-comptes-facebook-pirates-comment-savoir-si-mon-compte-est-parmi	200	text/html
20210920231812	https://promouvoircompetences.com/question.php?id=20-comment-consulter-les-resultats-du-cafop-ia-2021-en-cote-d-ivoire	200	text/html
20230323011018	https://promouvoircompetences.com/question.php?id=200-ou-telecharger-les-resultats-des-admissibilites-aux-concours-d-entree-a-l-enam-2022-2023	200	text/html
20230323012936	https://promouvoircompetences.com/question.php?id=201-ou-consulter-la-liste-des-cni-disponibles-a-yaounde	200	text/html
20230323013651	https://promouvoircompetences.com/question.php?id=201-ou-consulter-la-liste-des-cni-disponibles-a-yaounde&l=fr	200	text/html
20230323014928	https://promouvoircompetences.com/question.php?id=202-comment-faire-le-suivi-de-la-disponibilite-de-sa-cni-par-whatsapp	200	text/html
20230323015922	https://promouvoircompetences.com/question.php?id=202-comment-faire-le-suivi-de-la-disponibilite-de-sa-cni-par-whatsapp&l=fr	200	text/html
20230323004118	https://promouvoircompetences.com/question.php?id=203-quelles-sont-les-conditions-generales-de-recrutement-a-la-fonction-publique-au-cameroun	200	text/html
20230323010056	https://promouvoircompetences.com/question.php?id=203-quelles-sont-les-conditions-generales-de-recrutement-a-la-fonction-publique-au-cameroun&l=fr	200	text/html
20230323014447	https://promouvoircompetences.com/question.php?id=204-quelles-sont-les-conditions-a-remplir-et-la-composition-des-dossiers-des-actes-de-carrieres-a-la-fonction-publique-au-cameroun	200	text/html
20230323012332	https://promouvoircompetences.com/question.php?id=204-quelles-sont-les-conditions-a-remplir-et-la-composition-des-dossiers-des-actes-de-carrieres-a-la-fonction-publique-au-cameroun&l=fr	200	text/html
20230323020303	https://promouvoircompetences.com/question.php?id=205-quelle-est-la-grille-des-salaires-chez-action-contre-la-faim	200	text/html
20230323003921	https://promouvoircompetences.com/question.php?id=205-quelle-est-la-grille-des-salaires-chez-action-contre-la-faim&l=fr	200	text/html
20230323010934	https://promouvoircompetences.com/question.php?id=206-quel-est-le-calendrier-des-examens-et-concours-2023-de-l-enseignement-secondaire-au-cameroun	200	text/html
20230323013448	https://promouvoircompetences.com/question.php?id=206-quel-est-le-calendrier-des-examens-et-concours-2023-de-l-enseignement-secondaire-au-cameroun&l=fr	200	text/html
20230323024013	https://promouvoircompetences.com/question.php?id=207-attention-scam-loterie-des-visas-2023-2024-ouverte-pour-les-demandes-en-ligne	200	text/html
20230323023857	https://promouvoircompetences.com/question.php?id=207-attention-scam-loterie-des-visas-2023-2024-ouverte-pour-les-demandes-en-ligne&l=fr	200	text/html
20210920223127	https://promouvoircompetences.com/question.php?id=21-quelle-est-la-date-de-la-rentree-scolaire-2021-2022-au-gabon	200	text/html
20230512011933	https://promouvoircompetences.com/question.php?id=210-concours-eamau-2023-quelles-sont-les-dates-conditions-et-renseignements-utiles	200	text/html
20230921131413	https://promouvoircompetences.com/question.php?id=213-quel-est-le-calendrier-2023-2024-des-concours-lances-par-le-minesup-au-cameroun	200	text/html
20230512034026	https://promouvoircompetences.com/question.php?id=214-concours-ebad-2023-senegal-quelles-sont-les-conditions-dates-et-composition-de-dossier	200	text/html
20230518162348	https://promouvoircompetences.com/question.php?id=214-concours-ebad-2023-senegal-quelles-sont-les-conditions-dates-et-composition-de-dossier&l=fr	200	text/html
20231211002047	https://promouvoircompetences.com/question.php?id=215-a-quand-les-resultats-du-concours-de-la-police-2023-au-cameroun	200	text/html
20231210235712	https://promouvoircompetences.com/question.php?id=215-a-quand-les-resultats-du-concours-de-la-police-2023-au-cameroun&l=fr	200	text/html
20230921131613	https://promouvoircompetences.com/question.php?id=218-concours-dentree-en-6e-et-1ere-annee-2023-au-cameroun-a-quand-la-publication-des-resultats	200	text/html
20210920224222	https://promouvoircompetences.com/question.php?id=22-what-is-time-table-of-matric-nsc-exam-2021	200	text/html
20240225172524	https://promouvoircompetences.com/question.php?id=221-resultats-def-2023-au-mali-publication-et-listes-pdf	200	text/html
20240225171931	https://promouvoircompetences.com/question.php?id=222-resultats-orientations-en-6e-2023-au-gabon-a-quand-la-proclamation-ou-et-comment-consulter	200	text/html
20230706155458	https://promouvoircompetences.com/question.php?id=229-resultats-cepe-2023-en-cote-d-ivoire-ou-et-comment-consulter	200	text/html
20210921001113	https://promouvoircompetences.com/question.php?id=23-quel-est-le-programme-des-epreuves-de-mathematiques-et-de-physique-a-l-eamac-cycle-ingenieur	200	text/html
20230710103036	https://promouvoircompetences.com/question.php?id=238-resultats-du-cep-2023-au-benin-taux-de-reussite-et-comment-consulter	200	text/html
20230710103043	https://promouvoircompetences.com/question.php?id=239-resultats-du-second-tour-du-bac-2023-au-gabon-a-quand-la-proclamation-et-ou-consulter	200	text/html
20210920221905	https://promouvoircompetences.com/question.php?id=24-quels-sont-les-meilleurs-etablissements-aux-examens-de-bts-et-hnd-au-cameroun-en-2021	200	text/html
20230710103039	https://promouvoircompetences.com/question.php?id=240-ou-et-comment-consulter-les-resultats-du-b-e-p-c-2023-en-cote-d-ivoire	200	text/html
20230710103100	https://promouvoircompetences.com/question.php?id=241-a-quand-la-publication-des-resultats-du-bac-2023-au-tchad	200	text/html
20230710103101	https://promouvoircompetences.com/question.php?id=242-a-quelle-heure-la-proclamation-des-resultats-du-bepc-2023-en-guinee-04-juillet-2023	200	text/html
20230710110110	https://promouvoircompetences.com/question.php?id=243-when-will-the-cameroon-gce-and-tvee-2023-results-released	200	text/html
20230710103036	https://promouvoircompetences.com/question.php?id=244-comment-consulter-les-resultats-du-cepe-2023-au-congo-brazzaville	200	text/html
20230710103041	https://promouvoircompetences.com/question.php?id=245-comment-consulter-les-resultats-du-bepc-2023-au-togo	200	text/html
20230710103043	https://promouvoircompetences.com/question.php?id=246-comment-consulter-les-resultats-du-bepc-2023-au-benin	200	text/html
20230710103051	https://promouvoircompetences.com/question.php?id=248-comment-consulter-les-resultats-du-bepc-2023-a-madagascar	200	text/html
20210920235759	https://promouvoircompetences.com/question.php?id=25-quelle-est-la-date-de-publication-des-examens-d-etat-en-rdc	200	text/html
20230724011752	https://promouvoircompetences.com/question.php?id=250-comment-consulter-les-resultats-du-baccalaureat-technique-et-professionnel-2023-au-congo-brazzaville&l=fr	200	text/html
20240225172406	https://promouvoircompetences.com/question.php?id=258-a-quand-la-proclamation-des-resultats-du-baccalaureat-2023-au-mali-et-ou-les-consulter	200	text/html
20210920233507	https://promouvoircompetences.com/question.php?id=26-comment-consulter-les-resultats-de-l-examen-d-etat-en-ligne	200	text/html
20230729172157	https://promouvoircompetences.com/question.php?id=265-pourquoi-les-resultats-du-bac-2023-au-mali-tardent-a-etre-proclames	200	text/html
20231210223157	https://promouvoircompetences.com/question.php?id=266-ou-telecharger-les-resultats-de-la-deuxieme-serie-du-bac2023-au-tchad	200	text/html
20231210232324	https://promouvoircompetences.com/question.php?id=267-ou-et-comment-consulter-les-resultats-du-bepc-2023-aux-comores	200	text/html
20231210224454	https://promouvoircompetences.com/question.php?id=268-a-quand-la-proclamation-des-resultats-des-cap-bt1-et-bt2-2023-au-mali	200	text/html
20231211001443	https://promouvoircompetences.com/question.php?id=269-ou-consulter-les-resultats-du-bepc-2023-au-congo-brazzaville	200	text/html
20210920231654	https://promouvoircompetences.com/question.php?id=27-ou-et-comment-consulter-les-resultats-de-la-2e-session-du-bac-2021-au-tchad	200	text/html
20231210230540	https://promouvoircompetences.com/question.php?id=270-comment-consulter-les-resultats-du-bts-2023-au-niger	200	text/html
20231210233702	https://promouvoircompetences.com/question.php?id=271-quelles-sont-les-statistiques-des-resultats-du-baccalaureat-2023-a-madagascar-et-ou-consulter	200	text/html
20231211003512	https://promouvoircompetences.com/question.php?id=272-ou-consulter-les-resultats-de-l-exetat-edition-2023-en-r-d-congo	200	text/html
20231211001401	https://promouvoircompetences.com/question.php?id=273-quels-sont-les-ecoles-de-l-enseignement-de-base-fermees-au-cameroun-avant-la-rentree-scolaire-2023-2024	200	text/html
20231210232200	https://promouvoircompetences.com/question.php?id=274-a-quand-la-proclamation-des-resultats-des-bt-sante-bt-agropastoral-et-ifm-session-2023-au-mali	200	text/html
20231210233516	https://promouvoircompetences.com/question.php?id=274-a-quand-la-proclamation-des-resultats-des-bt-sante-bt-agropastoral-et-ifm-session-2023-au-mali&l=fr	200	text/html
20231211001927	https://promouvoircompetences.com/question.php?id=275-a-quand-les-resultats-des-orientations-2023-du-def	200	text/html
20231211002006	https://promouvoircompetences.com/question.php?id=275-a-quand-les-resultats-des-orientations-2023-du-def&l=fr	200	text/html
20231210232710	https://promouvoircompetences.com/question.php?id=276-avez-vous-les-resultats-du-concours-d-entree-2023-a-l-iut-bois-de-mbalmayo	200	text/html
20231210234135	https://promouvoircompetences.com/question.php?id=276-avez-vous-les-resultats-du-concours-d-entree-2023-a-l-iut-bois-de-mbalmayo&l=fr	200	text/html
20231210231456	https://promouvoircompetences.com/question.php?id=277-comment-verifier-son-orientation-2023-def-en-ligne-au-mali	200	text/html
20231210224540	https://promouvoircompetences.com/question.php?id=277-comment-verifier-son-orientation-2023-def-en-ligne-au-mali&l=fr	200	text/html
20231210225047	https://promouvoircompetences.com/question.php?id=278-a-quand-les-resultats-du-concours-d-entree-a-l-infas-2023-en-cote-d-ivoire	200	text/html
20231210230704	https://promouvoircompetences.com/question.php?id=278-a-quand-les-resultats-du-concours-d-entree-a-l-infas-2023-en-cote-d-ivoire&l=fr	200	text/html
20231210225344	https://promouvoircompetences.com/question.php?id=279-comment-faire-une-demande-de-transfert-orientations-def-mali	200	text/html
20231210234731	https://promouvoircompetences.com/question.php?id=279-comment-faire-une-demande-de-transfert-orientations-def-mali&l=fr	200	text/html
20240225180512	https://promouvoircompetences.com/question.php?id=280-ou-consulter-les-resultats-definitifs-listes-additives-du-concours-de-la-police-camerounaise-2023	200	text/html
20240225184241	https://promouvoircompetences.com/question.php?id=280-ou-consulter-les-resultats-definitifs-listes-additives-du-concours-de-la-police-camerounaise-2023&l=fr	200	text/html
20240225171614	https://promouvoircompetences.com/question.php?id=281-nouveau-concours-police-pour-2024-au-cameroun-conditions-et-programme-recrutement-eleves-commissaires-de-police	200	text/html
20240225180342	https://promouvoircompetences.com/question.php?id=281-nouveau-concours-police-pour-2024-au-cameroun-conditions-et-programme-recrutement-eleves-commissaires-de-police&l=fr	200	text/html
20240225184853	https://promouvoircompetences.com/question.php?id=282-quel-est-le-calendrier-des-examens-au-togo-pour-l-annee-scolaire-2023-2024	200	text/html
20240225190304	https://promouvoircompetences.com/question.php?id=282-quel-est-le-calendrier-des-examens-au-togo-pour-l-annee-scolaire-2023-2024&l=fr	200	text/html
20240225191056	https://promouvoircompetences.com/question.php?id=283-ou-consulter-les-resultats-aux-concours-2023-mindef-des-candidats-autorises-a-prendre-part-aux-visites-medicales	200	text/html
20240225191137	https://promouvoircompetences.com/question.php?id=283-ou-consulter-les-resultats-aux-concours-2023-mindef-des-candidats-autorises-a-prendre-part-aux-visites-medicales&l=fr	200	text/html
20240225184533	https://promouvoircompetences.com/question.php?id=284-les-resultats-des-concours-professionnels-2023-a-la-fonction-publique-au-cameroun-sont-ils-disponibles	200	text/html
20240225172245	https://promouvoircompetences.com/question.php?id=284-les-resultats-des-concours-professionnels-2023-a-la-fonction-publique-au-cameroun-sont-ils-disponibles&l=fr	200	text/html
20240225180122	https://promouvoircompetences.com/question.php?id=285-combien-de-personnels-sont-en-position-d-absence-irreguliere-et-en-suspension-de-solde-au-minesec-en-janvier-2024	200	text/html
20240225181457	https://promouvoircompetences.com/question.php?id=285-combien-de-personnels-sont-en-position-d-absence-irreguliere-et-en-suspension-de-solde-au-minesec-en-janvier-2024&l=fr	200	text/html
20240225180847	https://promouvoircompetences.com/question.php?id=286-jusquou-ira-le-cameroun-a-la-can-en-cote-divoire	200	text/html
20240225180721	https://promouvoircompetences.com/question.php?id=286-jusquou-ira-le-cameroun-a-la-can-en-cote-divoire&l=fr	200	text/html
20240423165140	https://promouvoircompetences.com/question.php?id=289-quel-est-le-calendrier-des-examens-officiels-2024-au-cameroun-primaire-et-secondaire	200	text/html
20210920223934	https://promouvoircompetences.com/question.php?id=29-comment-gagner-de-l-argent-sur-internet-avec-google-adsense	200	text/html
20241203212941	https://promouvoircompetences.com/question.php?id=290-fama-candidats-recales-au-epreuves-sportives-2e-vague-2021-invites-aux-visites-medicales-vrai-ou-faux	200	text/html
20240617065402	https://promouvoircompetences.com/question.php?id=291-quelle-est-la-situation-administrative-de-certains-enseignants-minesec-mars-2024	200	text/html
20240423163646	https://promouvoircompetences.com/question.php?id=291-quelle-est-la-situation-administrative-de-certains-enseignants-minesec-mars-2024&l=fr	200	text/html
20240423172045	https://promouvoircompetences.com/question.php?id=292-quelle-est-la-liste-de-tous-les-enseignants-absents-a-leurs-postes-depuis-la-rentree-scolaire-2023-2024-au-cameroun	200	text/html
20240423163536	https://promouvoircompetences.com/question.php?id=293-liste-pieces-d-identite-retenues-par-les-forces-de-l-ordre-a-la-barriere-mixte-de-nomayos&l=fr	200	text/html
20240519142417	https://promouvoircompetences.com/question.php?id=295-quel-est-le-calendrier-des-examens-scolaires-2023-2024-au-mali	200	text/html
20240519152031	https://promouvoircompetences.com/question.php?id=296-ou-telecharger-les-listes-des-candidats-retenus-au-recrutement-2023-armee-mali	200	text/html
20240507141942	https://promouvoircompetences.com/question.php?id=297-concours-d-entree-eso-2024-mali-quelles-sont-les-conditions-series-et-dates	200	text/html
20240519133255	https://promouvoircompetences.com/question.php?id=298-quel-est-le-calendrier-des-examens-nationaux-2023-2024-au-gabon	200	text/html
20240507141939	https://promouvoircompetences.com/question.php?id=299-quelles-sont-les-conditions-pour-le-concours-de-la-gendarmerie-2024-au-senegal	200	text/html
20240507141958	https://promouvoircompetences.com/question.php?id=299-quelles-sont-les-conditions-pour-le-concours-de-la-gendarmerie-2024-au-senegal&l=fr	200	text/html
20210920232234	https://promouvoircompetences.com/question.php?id=30-puis-je-faire-une-reclamation-sur-les-notes-apres-la-proclamation-des-resultats-du-baccalaureat-senegal	200	text/html
20240519151600	https://promouvoircompetences.com/question.php?id=300-quelle-est-la-composition-du-dossier-de-candidature-au-concours-de-la-gendarmerie-2024-au-senegal	200	text/html
20240519132840	https://promouvoircompetences.com/question.php?id=300-quelle-est-la-composition-du-dossier-de-candidature-au-concours-de-la-gendarmerie-2024-au-senegal&l=fr	200	text/html
20240519140832	https://promouvoircompetences.com/question.php?id=301-quelle-est-la-nouvelle-grille-salariale-au-cameroun-en-2024	200	text/html
20240519151518	https://promouvoircompetences.com/question.php?id=301-quelle-est-la-nouvelle-grille-salariale-au-cameroun-en-2024&l=fr	200	text/html
20240519145811	https://promouvoircompetences.com/question.php?id=302-quel-est-le-calendrier-des-examens-scolaires-2024-en-guinee-conakry	200	text/html
20240519135855	https://promouvoircompetences.com/question.php?id=302-quel-est-le-calendrier-des-examens-scolaires-2024-en-guinee-conakry&l=fr	200	text/html
20240519140532	https://promouvoircompetences.com/question.php?id=303-est-ce-que-les-resultats-des-admissibilites-aux-concours-de-la-police-lances-en-2023-au-cameroun-sont-deja-disponibles	200	text/html
20240519142843	https://promouvoircompetences.com/question.php?id=303-est-ce-que-les-resultats-des-admissibilites-aux-concours-de-la-police-lances-en-2023-au-cameroun-sont-deja-disponibles&l=fr	200	text/html
20240519141417	https://promouvoircompetences.com/question.php?id=304-qu-est-ce-qu-il-faut-savoir-pour-le-concours-d-entree-en-2025-a-l-ecole-nationale-d-administration-ena	200	text/html
20240519151721	https://promouvoircompetences.com/question.php?id=304-qu-est-ce-qu-il-faut-savoir-pour-le-concours-d-entree-en-2025-a-l-ecole-nationale-d-administration-ena&l=fr	200	text/html
20240519144840	https://promouvoircompetences.com/question.php?id=305-fonds-national-d-autonomisation-de-la-jeunesse-c-est-serieux-ou-c-est-de-l-arnaque	200	text/html
20240519144718	https://promouvoircompetences.com/question.php?id=305-fonds-national-d-autonomisation-de-la-jeunesse-c-est-serieux-ou-c-est-de-l-arnaque&l=fr	200	text/html
20240617060402	https://promouvoircompetences.com/question.php?id=306-a-quand-les-resultats-du-cep-2024-au-gabon	200	text/html
20240617081934	https://promouvoircompetences.com/question.php?id=306-ou-consulter-les-resultats-du-cep-2024-au-gabon	200	text/html
20240617073320	https://promouvoircompetences.com/question.php?id=306-ou-consulter-les-resultats-du-cep-2024-au-gabon&l=fr	200	text/html
20250811165834	https://promouvoircompetences.com/question.php?id=307-quel-est-le-programme-de-deroulement-des-epreuves-sportives-fama	200	text/html
20240617064522	https://promouvoircompetences.com/question.php?id=308-quelle-est-la-liste-officielle-des-manuels-scolaires-de-la-maternelle-et-du-primaire-2024-2025-au-cameroun	200	text/html
20240617061416	https://promouvoircompetences.com/question.php?id=308-quelle-est-la-liste-officielle-des-manuels-scolaires-de-la-maternelle-et-du-primaire-2024-2025-au-cameroun&l=fr	200	text/html
20240617074752	https://promouvoircompetences.com/question.php?id=309-resultats-du-cepe-2024-en-cote-d-ivoire-quand-ou-et-comment-consulter	200	text/html
20240617080041	https://promouvoircompetences.com/question.php?id=309-resultats-du-cepe-2024-en-cote-d-ivoire-quand-ou-et-comment-consulter&l=fr	200	text/html
20211028071406	https://promouvoircompetences.com/question.php?id=31-comment-retirer-mon-diplome-de-baccalaureat-au-cameroun	200	text/html
20240617071737	https://promouvoircompetences.com/question.php?id=310-quel-est-le-lien-d-impression-des-convocations-des-epreuves-ecrites-du-bac-2024-en-cote-d-ivoire	200	text/html
20240617070907	https://promouvoircompetences.com/question.php?id=310-quel-est-le-lien-d-impression-des-convocations-des-epreuves-ecrites-du-bac-2024-en-cote-d-ivoire&l=fr	200	text/html
20240617060716	https://promouvoircompetences.com/question.php?id=311-resultats-du-def-2024-au-mali-a-quand-la-publication-des-resultats	200	text/html
20240717034950	https://promouvoircompetences.com/question.php?id=311-resultats-du-def-2024-au-mali-a-quand-la-publication-des-resultats&l=fr	200	text/html
20240617071017	https://promouvoircompetences.com/question.php?id=312-resultats-du-cepe-2024-au-congo-brazzaville-date-de-proclamation	200	text/html
20240617065609	https://promouvoircompetences.com/question.php?id=312-resultats-du-cepe-2024-au-congo-brazzaville-date-de-proclamation&l=fr	200	text/html
20211028075224	https://promouvoircompetences.com/question.php?id=32-puis-je-avoir-le-modele-de-document-de-procuration-pour-le-retrait-du-baccalaureat-ou-de-l-attestation-de-non-delivrance-du-diplome	200	text/html
20241005042344	https://promouvoircompetences.com/question.php?id=326-resultats-cfee-et-concours-d-entree-en-6eme-2024-au-senegal-quand-seront-proclames-les-resultats	200	text/html
20241005042042	https://promouvoircompetences.com/question.php?id=326-resultats-cfee-et-concours-d-entree-en-6eme-2024-au-senegal-quand-seront-proclames-les-resultats&l=fr	200	text/html
20240704024525	https://promouvoircompetences.com/question.php?id=328-resultats-cep-session-normale-2024-au-benin-comment-consulter-les-resultats&l=fr	200	text/html
20211028092123	https://promouvoircompetences.com/question.php?id=33-quand-seront-publies-les-resultats-du-bacc-malien-2021	200	text/html
20240711060518	https://promouvoircompetences.com/question.php?id=335-resultats-bepc-2024-madagascar-comment-consulter-les-resultats&l=fr	200	text/html
20240711055155	https://promouvoircompetences.com/question.php?id=337-resultats-du-bac-technique-et-professionnel-2024-au-congo-date-de-deliberation&l=fr	200	text/html
20211028092704	https://promouvoircompetences.com/question.php?id=34-comment-se-passent-les-transferts-les-reorientations-et-la-regularisation-des-eleves-admis-au-def-au-mali	200	text/html
20240721062230	https://promouvoircompetences.com/question.php?id=345-resultats-cepe-entree-en-6e-2024-aux-comores-comment-consulter-les-resultats&l=fr	200	text/html
20241005021046	https://promouvoircompetences.com/question.php?id=348-les-resultats-du-probatoire-general-2024-au-cameroun-seront-ils-aussi-catastrophiques-que-ceux-du-bac-general	200	text/html
20241005042515	https://promouvoircompetences.com/question.php?id=349-liste-des-etablissements-prives-beneficiaires-subventions-de-plus-de-2-milliards-de-l-etat-exercice-2024-minesec	200	text/html
20211028083330	https://promouvoircompetences.com/question.php?id=35-comment-obtenir-une-bourse-d-etude-nationale-au-mali	200	text/html
20250112215444	https://promouvoircompetences.com/question.php?id=350-date-resultats-du-bac-2024-au-mali	200	text/html
20250112203202	https://promouvoircompetences.com/question.php?id=351-resultats-baccalaureat-2024-au-mali-bientot-disponible	200	text/html
20240925213916	https://promouvoircompetences.com/question.php?id=351-resultats-baccalaureat-2024-au-mali-bientot-disponible&l=fr	200	text/html
20240925213919	https://promouvoircompetences.com/question.php?id=352-voici-la-date-des-resultats-du-bac-2024-au-mali	200	text/html
20250112205016	https://promouvoircompetences.com/question.php?id=353-quels-sont-les-meilleures-ecoles-au-cameroun	200	text/html
20241005043207	https://promouvoircompetences.com/question.php?id=354-avez-vous-les-listes-des-candidats-admis-au-concours-d-entree-en-1ere-annee-de-l-iut-de-douala	200	text/html
20241005041223	https://promouvoircompetences.com/question.php?id=355-a-quand-les-resultats-du-cap-et-bt-2024-au-mali	200	text/html
20240925213917	https://promouvoircompetences.com/question.php?id=355-a-quand-les-resultats-du-cap-et-bt-2024-au-mali&l=fr	200	text/html
20241005031659	https://promouvoircompetences.com/question.php?id=356-ou-consulter-les-resultats-du-concours-d-entree-en-6e-2024-au-senegal	200	text/html
20251007215034	https://promouvoircompetences.com/question.php?id=356-ou-consulter-les-resultats-du-concours-d-entree-en-6e-2024-au-senegal&l=fr	200	text/html
20241222194508	https://promouvoircompetences.com/question.php?id=357-ou-consulter-les-resultats-du-concours-d-entree-en-1re-annee-de-l-enastic-2024-au-tchad	200	text/html
20250112201225	https://promouvoircompetences.com/question.php?id=357-ou-consulter-les-resultats-du-concours-d-entree-en-1re-annee-de-l-enastic-2024-au-tchad&l=fr	200	text/html
20241226140330	https://promouvoircompetences.com/question.php?id=358-ou-avoir-les-resultats-des-concours-d-entree-aux-enieg-et-eniet-au-cameroun	200	text/html
20241005023434	https://promouvoircompetences.com/question.php?id=358-ou-avoir-les-resultats-des-concours-d-entree-aux-enieg-et-eniet-au-cameroun&l=fr	200	text/html
20250112203618	https://promouvoircompetences.com/question.php?id=359-quel-est-le-calendrier-de-l-annee-scolaire-2024-2025-au-mali	200	text/html
20241005040320	https://promouvoircompetences.com/question.php?id=359-quel-est-le-calendrier-de-l-annee-scolaire-2024-2025-au-mali&l=fr	200	text/html
20250620201703	https://promouvoircompetences.com/question.php?id=360-quelles-est-la-situation-des-inondations-au-mali-et-de-l-assistance-aux-sinistres&l=fr	200	text/html
20250115083239	https://promouvoircompetences.com/question.php?id=361-quelles-sont-les-etapes-d-inscriptions-au-bepc-et-au-baccalaureat-2025-en-cote-d-ivoire	200	text/html
20241109131350	https://promouvoircompetences.com/question.php?id=361-quelles-sont-les-etapes-d-inscriptions-au-bepc-et-au-baccalaureat-2025-en-cote-d-ivoire&l=fr	200	text/html
20241222161659	https://promouvoircompetences.com/question.php?id=362-comment-verifier-son-orientation-2024-def-au-mali	200	text/html
20250125085618	https://promouvoircompetences.com/question.php?id=362-comment-verifier-son-orientation-2024-def-au-mali&l=fr	200	text/html
20241203202300	https://promouvoircompetences.com/question.php?id=362-quelle-est-la-date-de-publication-des-orientations-du-def-2024-au-mali	200	text/html
20241227175323	https://promouvoircompetences.com/question.php?id=363-vrai-ou-faux-que-le-president-paul-biya-distribue-de-l-argent-aux-camerounais-pour-noel	200	text/html
20250125094512	https://promouvoircompetences.com/question.php?id=363-vrai-ou-faux-que-le-president-paul-biya-distribue-de-l-argent-aux-camerounais-pour-noel&l=fr	200	text/html
20250710171330	https://promouvoircompetences.com/question.php?id=364-comment-verifier-la-disponibilite-de-sa-cni-en-2025-au-cameroun	200	text/html
20250620195341	https://promouvoircompetences.com/question.php?id=367-quelle-est-la-procedure-d-obtention-de-la-nouvelle-cni-au-cameroun-a-partir-de-2025	200	text/html
20221004001816	https://promouvoircompetences.com/question.php?id=40-quelle-est-la-date-de-la-rentree-scolaire-2021-2022-au-mali	200	text/html
20221004005611	https://promouvoircompetences.com/question.php?id=41-comment-consulter-les-resultats-du-bac-2021-aux-comores	200	text/html
20220525134232	https://promouvoircompetences.com/question.php?id=42-ou-telecharger-les-listes-des-resultats-au-bac-2021-aux-comores	200	text/html
20211104053602	https://promouvoircompetences.com/question.php?id=44-quelles-sont-les-statistiques-des-resultats-au-baccalaureat-malien-2021	200	text/html
20211104055745	https://promouvoircompetences.com/question.php?id=45-comment-verifier-le-statut-de-ma-cni-en-ligne-en-cote-d-ivoire	200	text/html
20211104055817	https://promouvoircompetences.com/question.php?id=46-ma-cni-expire-le-31-decembre-2021-comment-faire-pour-avoir-la-nouvelle-cni	200	text/html
20211030192836	https://promouvoircompetences.com/question.php?id=47-comment-consulter-les-resultats-du-bepc-2021-aux-comores	200	text/html
20241221202651	https://promouvoircompetences.com/question.php?id=48-pourquoi-j-ai-des-problemes-de-connexion-avec-mon-whatsapp-ce-04-octobre-2021&l=fr	200	text/html
20211030193026	https://promouvoircompetences.com/question.php?id=48-pourquoi-je-rencontre-des-problemes-avec-mon-whatsapp-ce-04-octobre-2021	200	text/html
20211104060551	https://promouvoircompetences.com/question.php?id=49-comment-obtenir-les-resultats-du-brevet-de-technicien-2021-au-mali	200	text/html
20211030192918	https://promouvoircompetences.com/question.php?id=50-comment-resoudre-l-erreur-surcharge-au-niveau-du-cable-antenne	200	text/html
20211031063842	https://promouvoircompetences.com/question.php?id=51-c-est-quoi-cette-histoire-de-42-45-ou-77-mauvais-jours-de-l-annee	200	text/html
20241221200714	https://promouvoircompetences.com/question.php?id=51-c-est-quoi-cette-histoire-de-42-45-ou-77-mauvais-jours-de-l-annee&l=fr	200	text/html
20211104055815	https://promouvoircompetences.com/question.php?id=52-quel-est-le-calendrier-scolaire-et-universitaire-2021-2022-au-togo	200	text/html
20211030192826	https://promouvoircompetences.com/question.php?id=53-a-quand-la-proclamation-des-orientations-des-eleves-admis-au-def-session-2021-comptant-pour-l-annee-scolaire-2021-2022	200	text/html
20220125045248	https://promouvoircompetences.com/question.php?id=58-comment-se-faire-etablir-ou-renouveler-une-carte-de-resident-au-cameroun	200	text/html
20220125055638	https://promouvoircompetences.com/question.php?id=60-est-ce-que-je-peux-avoir-la-liste-de-tous-les-arretes-de-concours-de-la-police-2021-au-cameroun	200	text/html
20220125061216	https://promouvoircompetences.com/question.php?id=61-quelles-sont-les-differentes-etapes-pour-postuler-au-concours-national-de-la-police-2021-au-cameroun	200	text/html
20220125055938	https://promouvoircompetences.com/question.php?id=62-ou-consulter-les-resultats-definitifs-des-concours-directs-d-octobre-2021-pour-le-recrutement-dans-la-fonction-publique-au-cameroun	200	text/html
20220125044036	https://promouvoircompetences.com/question.php?id=63-pouvez-vous-me-donner-les-resultats-des-concours-directs-de-recrutement-a-la-fonction-publique-au-cameroun	200	text/html
20220125061203	https://promouvoircompetences.com/question.php?id=64-ou-consulter-la-liste-des-admissibles-aux-concours-directs-d-octobre-2021-pour-le-recrutement-dans-la-fonction-publique-au-cameroun	200	text/html
20220125053448	https://promouvoircompetences.com/question.php?id=65-puis-je-avoir-svp-le-pdf-des-effectifs-par-specialite-du-recrutement-a-la-fonction-publique-au-togo	200	text/html
20220125055240	https://promouvoircompetences.com/question.php?id=66-pouvez-vous-me-donner-la-liste-pdf-des-candidats-admis-au-concours-d-entree-a-l-ecole-des-sous-officiers-de-banankoro-session-d-aout-2021	200	text/html
20240225185639	https://promouvoircompetences.com/question.php?id=68-comment-faire-l-inscription-en-ligne-au-concours-de-la-police-2021-au-cameroun	200	text/html
20250218104525	https://promouvoircompetences.com/question.php?id=69-how-to-register-online-for-the-2021-police-examination-in-cameroon	200	text/html
20220821151742	https://promouvoircompetences.com/question.php?id=70-comment-faire-un-extrait-de-casier-judiciaire-bulletin-n-3-au-cameroun&l=fr	200	text/html
20220525133248	https://promouvoircompetences.com/question.php?id=72-avez-vous-les-resultats-du-concours-de-l-injs-2021-au-mali	200	text/html
20240225184603	https://promouvoircompetences.com/question.php?id=74-ou-consulter-les-listes-des-candidats-admis-aux-visites-medicales-au-concours-de-la-gendarmerie-camerounaise-2021-2022	200	text/html
20220525142434	https://promouvoircompetences.com/question.php?id=77-pourquoi-je-rencontre-des-problemes-de-connexion-avec-camtel-depuis-quelques-temps	200	text/html
20220525131014	https://promouvoircompetences.com/question.php?id=78-est-ce-que-c-est-vrai-qu-il-y-a-eu-des-morts-au-stade-d-olembe-lors-de-la-8e-de-finale-cameroun-vs-comores	200	text/html
20220223172423	https://promouvoircompetences.com/question.php?id=83-comment-faire-etablir-un-acte-de-deces-au-cameroun-et-hors-du-cameroun-par-les-camerounais	200	text/html
20220702084126	https://promouvoircompetences.com/question.php?id=89-quelle-est-la-date-des-epreuves-d-admissibilite-au-concours-d-entree-a-la-police-2022-en-cote-d-ivoire	200	text/html
20220702090859	https://promouvoircompetences.com/question.php?id=90-comment-s-inscrire-aux-concours-professionnels-en-cote-d-ivoire	200	text/html
20220702085215	https://promouvoircompetences.com/question.php?id=91-le-fonds-national-d-autonomisation-des-jeunes-2022-est-il-une-arnaque	200	text/html
20220821150100	https://promouvoircompetences.com/question.php?id=91-le-fonds-national-d-autonomisation-des-jeunes-2022-est-il-une-arnaque&l=fr	200	text/html
20220702090151	https://promouvoircompetences.com/question.php?id=92-est-ce-vrai-ou-faux-que-whatsapp-offre-50-go-d-internet-gratuit	200	text/html
20220821150035	https://promouvoircompetences.com/question.php?id=92-est-ce-vrai-ou-faux-que-whatsapp-offre-50-go-d-internet-gratuits&l=fr	200	text/html
20220702084537	https://promouvoircompetences.com/question.php?id=95-ou-trouver-les-resultats-apres-entretien-ace-2022-en-cote-d-ivoire	200	text/html
20220702085631	https://promouvoircompetences.com/question.php?id=96-comment-faire-l-impression-des-convocations-et-listings-au-bac-2022-en-cote-d-ivoire	200	text/html
20220702082744	https://promouvoircompetences.com/question.php?id=97-a-quand-la-publication-des-resultats-du-concours-d-entree-en-6e-common-entrance-et-en-1ere-annee-de-l-enseignement-secondaire-au-cameroun	200	text/html
20250909163115	https://promouvoircompetences.com/questions-1-types-de-fichiers-informatiques.html	200	text/html
20251118050256	https://promouvoircompetences.com/questions-10-actualites.html	200	text/html
20250909163406	https://promouvoircompetences.com/questions-11-examens-et-concours.html	200	text/html
20250909165030	https://promouvoircompetences.com/questions-12-telecommunications.html	200	text/html
20260611194054	https://promouvoircompetences.com/questions-13-sport.html	200	text/html
20250909165109	https://promouvoircompetences.com/questions-14-education.html	200	text/html
20260611193740	https://promouvoircompetences.com/questions-2-comment-ouvrir-un-fichier.html	200	text/html
20250909165414	https://promouvoircompetences.com/questions-3-trucs-et-astuces.html	200	text/html
20260611195259	https://promouvoircompetences.com/questions-4-sante.html	200	text/html
20260611200441	https://promouvoircompetences.com/questions-5-religions-croyances.html	200	text/html
20260611201828	https://promouvoircompetences.com/questions-6-procedures-administratives.html	200	text/html
20250909164320	https://promouvoircompetences.com/questions-7-reseaux-sociaux.html	200	text/html
20260611201734	https://promouvoircompetences.com/questions-8-gagner-de-l-argent-sur-internet.html	200	text/html
20250909165533	https://promouvoircompetences.com/questions-9-langages-de-programmation.html	200	text/html
20200930213901	https://promouvoircompetences.com/questions-fr.html	200	text/html
20250623214204	https://promouvoircompetences.com/questions.html	200	text/html
20260611194547	https://promouvoircompetences.com/questions.php?&page=3	200	text/html
20260611201919	https://promouvoircompetences.com/questions.php?&page=36	200	text/html
20260611200029	https://promouvoircompetences.com/questions.php?&page=4	200	text/html
20260611201254	https://promouvoircompetences.com/questions.php?&page=5	200	text/html
20260611185119	https://promouvoircompetences.com/questions.php?&page=6	200	text/html
20260611190851	https://promouvoircompetences.com/questions.php?&page=7	200	text/html
20220525130000	https://promouvoircompetences.com/questions.php?id=1-types-de-fichiers-informatiques	200	text/html
20220525120913	https://promouvoircompetences.com/questions.php?id=10-actualites	200	text/html
20221004001728	https://promouvoircompetences.com/questions.php?id=11-examens-et-concours	200	text/html
20221004002029	https://promouvoircompetences.com/questions.php?id=12-telecommunications	200	text/html
20220525123205	https://promouvoircompetences.com/questions.php?id=13-sport	200	text/html
20220702080239	https://promouvoircompetences.com/questions.php?id=14-education	200	text/html
20241203215345	https://promouvoircompetences.com/questions.php?id=2-comment-ouvrir-un-fichier	200	text/html
20220525134548	https://promouvoircompetences.com/questions.php?id=4-sante	200	text/html
20221003233346	https://promouvoircompetences.com/questions.php?id=5-religions-croyances	200	text/html
20241203205013	https://promouvoircompetences.com/questions.php?id=7-reseaux-sociaux	200	text/html
20221004011410	https://promouvoircompetences.com/questions.php?id=8-gagner-de-l-argent-sur-internet	200	text/html
20220525140214	https://promouvoircompetences.com/questions.php?id=9-langages-de-programmation	200	text/html
20201030141238	https://promouvoircompetences.com/questions.php?l=fr	200	text/html
20200930211242	https://promouvoircompetences.com/recruteurs-fr.html	200	text/html
20220523105441	https://promouvoircompetences.com/recruteurs.php	200	text/html
20201020061614	https://promouvoircompetences.com/recruteurs.php?l=fr	200	text/html
20220523105428	https://promouvoircompetences.com/recruteurs.php?l=fr&page=4	200	text/html
20200919025329	https://promouvoircompetences.com/region-1-centre-fr.html	200	text/html
20200929133305	https://promouvoircompetences.com/region-1-centre.html	200	text/html
20260119093149	https://promouvoircompetences.com/region-1-regions-centre-cameroun.html	200	text/html
20200920230835	https://promouvoircompetences.com/region-10-sud-ouest-fr.html	200	text/html
20260610120854	https://promouvoircompetences.com/region-110-regions-maritime-togo-fr.html	200	text/html
20251109094550	https://promouvoircompetences.com/region-178-regions-segou-mali.html	200	text/html
20251109105905	https://promouvoircompetences.com/region-182-regions-bamako-mali.html	200	text/html
20200920051150	https://promouvoircompetences.com/region-2-adamaoua-fr.html	200	text/html
20250118141032	https://promouvoircompetences.com/region-2-adamaoua.html	200	text/html
20251213193009	https://promouvoircompetences.com/region-2-regions-adamaoua-cameroun.html	200	text/html
20251109093024	https://promouvoircompetences.com/region-227-regions-maradi-niger.html	200	text/html
20251109092940	https://promouvoircompetences.com/region-231-regions-niamey-niger.html	200	text/html
20201001185622	https://promouvoircompetences.com/region-3-littoral-fr.html	200	text/html
20251007205620	https://promouvoircompetences.com/region-3-littoral.html	200	text/html
20260610125946	https://promouvoircompetences.com/region-4-regions-sud-cameroun-fr.html	200	text/html
20251208162856	https://promouvoircompetences.com/region-4-regions-sud-cameroun.html	200	text/html
20201001194423	https://promouvoircompetences.com/region-4-sud-fr.html	200	text/html
20250117005226	https://promouvoircompetences.com/region-4-sud.html	200	text/html
20250912185133	https://promouvoircompetences.com/region-5-ouest-cameroun.html	200	text/html
20200920052726	https://promouvoircompetences.com/region-5-ouest-fr.html	200	text/html
20251109093321	https://promouvoircompetences.com/region-518-comtes-gbarpolu-liberia.html	200	text/html
20251109103408	https://promouvoircompetences.com/region-520-comtes-grand-cape-mount-liberia.html	200	text/html
20251109093931	https://promouvoircompetences.com/region-525-comtes-maryland-liberia.html	200	text/html
20251109094024	https://promouvoircompetences.com/region-526-comtes-montserrado-liberia.html	200	text/html
20251109095315	https://promouvoircompetences.com/region-529-comtes-rivercess-liberia.html	200	text/html
20200920033809	https://promouvoircompetences.com/region-6-extreme-nord-fr.html	200	text/html
20250804224442	https://promouvoircompetences.com/region-6-extreme-nord.html	200	text/html
20260119092416	https://promouvoircompetences.com/region-6-regions-extreme-nord-cameroun.html	200	text/html
20200921003545	https://promouvoircompetences.com/region-7-nord-fr.html	200	text/html
20251208162109	https://promouvoircompetences.com/region-7-regions-nord-cameroun.html	200	text/html
20200920043409	https://promouvoircompetences.com/region-8-est-fr.html	200	text/html
20251109092524	https://promouvoircompetences.com/region-8-est.html	200	text/html
20260610131135	https://promouvoircompetences.com/region-8-regions-est-cameroun-fr.html	200	text/html
20260119082331	https://promouvoircompetences.com/region-8-regions-est-cameroun.html	200	text/html
20200920044857	https://promouvoircompetences.com/region-9-nord-ouest-fr.html	200	text/html
20250209215718	https://promouvoircompetences.com/region.php?id=1-cameroun	200	text/html
20201031082825	https://promouvoircompetences.com/region.php?id=1-centre	200	text/html
20201030140503	https://promouvoircompetences.com/region.php?id=1-centre&l=fr	200	text/html
20220226175642	https://promouvoircompetences.com/region.php?id=10-sud-ouest	200	text/html
20201030134823	https://promouvoircompetences.com/region.php?id=10-sud-ouest&l=fr	200	text/html
20260610121344	https://promouvoircompetences.com/region.php?id=109-brazzaville	200	text/html
20260610125043	https://promouvoircompetences.com/region.php?id=110-maritime	200	text/html
20260610121727	https://promouvoircompetences.com/region.php?id=129-oueme	200	text/html
20250912202853	https://promouvoircompetences.com/region.php?id=174-sikasso	200	text/html
20201030133233	https://promouvoircompetences.com/region.php?id=2-adamaoua&l=fr	200	text/html
20260610115913	https://promouvoircompetences.com/region.php?id=206-haut-katanga	200	text/html
20250209211918	https://promouvoircompetences.com/region.php?id=3-littoral	200	text/html
20201031082651	https://promouvoircompetences.com/region.php?id=3-littoral&l=fr	200	text/html
20250811181004	https://promouvoircompetences.com/region.php?id=3-littoral&l=fr&page=145	200	text/html
20251016095008	https://promouvoircompetences.com/region.php?id=3-littoral&l=fr&page=146	200	text/html
20250117002603	https://promouvoircompetences.com/region.php?id=3-littoral&l=fr&page=2	200	text/html
20250117010047	https://promouvoircompetences.com/region.php?id=3-littoral&l=fr&page=3	200	text/html
20250118140635	https://promouvoircompetences.com/region.php?id=3-littoral&l=fr&page=4	200	text/html
20250117015850	https://promouvoircompetences.com/region.php?id=3-littoral&l=fr&page=5	200	text/html
20250117000032	https://promouvoircompetences.com/region.php?id=3-littoral&l=fr&page=6	200	text/html
20250118131946	https://promouvoircompetences.com/region.php?id=3-littoral&l=fr&page=7	200	text/html
20201030123359	https://promouvoircompetences.com/region.php?id=4-sud&l=fr	200	text/html
20260610121433	https://promouvoircompetences.com/region.php?id=41-estuaire	200	text/html
20201030125910	https://promouvoircompetences.com/region.php?id=5-ouest&l=fr	200	text/html
20211104051024	https://promouvoircompetences.com/region.php?id=6-extreme-nord	200	text/html
20201030141052	https://promouvoircompetences.com/region.php?id=6-extreme-nord&l=fr	200	text/html
20251208170908	https://promouvoircompetences.com/region.php?id=6-EXTREME-NORD&page=154	200	text/html
20250914084238	https://promouvoircompetences.com/region.php?id=6-EXTREME-NORD&page=5	200	text/html
20260610121454	https://promouvoircompetences.com/region.php?id=7-nord	200	text/html
20201030131358	https://promouvoircompetences.com/region.php?id=7-nord&l=fr	200	text/html
20241203205945	https://promouvoircompetences.com/region.php?id=8-est	200	text/html
20201030140408	https://promouvoircompetences.com/region.php?id=8-est&l=fr	200	text/html
20201030134001	https://promouvoircompetences.com/region.php?id=9-nord-ouest&l=fr	200	text/html
20251109101017	https://promouvoircompetences.com/regions-16-guinee-equatoriale.html	200	text/html
20251109091705	https://promouvoircompetences.com/regions-25-senegal.html	200	text/html
20251109103307	https://promouvoircompetences.com/regions-40-maroc.html	200	text/html
20251109102545	https://promouvoircompetences.com/regions-5-burundi.html	200	text/html
20201020055715	https://promouvoircompetences.com/regions-fr.html	200	text/html
20201001192627	https://promouvoircompetences.com/regions.html	200	text/html
20201030132243	https://promouvoircompetences.com/regions.php	200	text/html
20210918112838	https://promouvoircompetences.com/result-1197-gce-ol-technical-2019-results-centre-no-22023-government-technical-high-school-nkwen.html	200	text/html
20210918103510	https://promouvoircompetences.com/result-1522-gce-a-level-technical-2020-results-centre-no-22023-government-technical-high-school-nkwen-fr.html	200	text/html
20220829211508	https://promouvoircompetences.com/result-27668-acsee-2021-examination-results-s4827-st-peter-claver-secondary-school-tanzania.html	200	text/html
20220829210006	https://promouvoircompetences.com/result-27672-acsee-2021-examination-results-s4861-emboreet-secondary-school-tanzania.html	200	text/html
20220821133730	https://promouvoircompetences.com/result-27839-resultats-du-bepc-2022-au-cameroun-region-du-nord-ouest.html	200	text/html
20220821133720	https://promouvoircompetences.com/result-27840-resultats-du-bepc-2022-au-cameroun.html	200	text/html
20220821133711	https://promouvoircompetences.com/result-27841-resultats-du-bac-technique-2022-au-cameroun.html	200	text/html
20220821133717	https://promouvoircompetences.com/result-27881-resultats-du-bac-2022-au-tchad.html	200	text/html
20220829204917	https://promouvoircompetences.com/result-27959-resultats-a-l-examen-de-sortie-2022-guinee-conakry-option-cap-voie-et-batiment.html	200	text/html
20220829204917	https://promouvoircompetences.com/result-27964-liste-des-admis-baccalaureat-unique-2022-guinee-conakry-option-ss-fa.html	200	text/html
20220821133708	https://promouvoircompetences.com/result-28037-resultats-bac-technique-2022-cameroun-littoral-audio.html	200	text/html
20220821133710	https://promouvoircompetences.com/result-28038-resultats-bac-technique-2022-cameroun-littoral-partie-2-2-audio.html	200	text/html
20221128183103	https://promouvoircompetences.com/result-28069-resultats-du-cap-2022-au-mali.html	200	text/html
20230517130906	https://promouvoircompetences.com/result-28069-resultats-du-cap-bt1-et-bt2-2022-au-mali.html	200	text/html
20220821133711	https://promouvoircompetences.com/result-28078-resultats-des-admissibilites-concours-police-2021-2022-au-cameroun.html	200	text/html
20220821133810	https://promouvoircompetences.com/result-28082-gce-and-tvee-2022-results-cameroon.html	200	text/html
20241220003722	https://promouvoircompetences.com/result-29685-2022-gce-al-results-centre-no-11031-sacred-heart-college-mankon-cameroon-fr.html	200	text/html
20241226193724	https://promouvoircompetences.com/result-29686-2022-gce-al-results-centre-no-11032-saint-augustines-college-nso-cameroon-fr.html	200	text/html
20231211003402	https://promouvoircompetences.com/result-30511-tous-les-resultats-des-admissibilites-au-concours-afa-et-ensoa-2022-cote-d-ivoire.html	200	text/html
20230521081237	https://promouvoircompetences.com/result-30535-toutes-les-listes-des-resultats-des-orientations-du-def-2022-pour-l-annee-scolaire-2022-2023.html	200	text/html
20230323005234	https://promouvoircompetences.com/result-30536-resultats-concours-ifm-2022-mali-toutes-les-options.html	200	text/html
20230323013103	https://promouvoircompetences.com/result-30537-resultats-du-concours-d-entree-2022-a-l-ens-de-yaounde.html	200	text/html
20230323015317	https://promouvoircompetences.com/result-30538-resultats-definitifs-injs-2022.html	200	text/html
20230323004909	https://promouvoircompetences.com/result-30539-resultats-des-admissibilites-aux-concours-d-entree-a-l-enam-2022-2023.html	200	text/html
20230323021609	https://promouvoircompetences.com/result-30540-resultats-admissibilites-concours-enam-zone-cemac-2022-2023.html	200	text/html
20230323004407	https://promouvoircompetences.com/result-30541-resultats-definitifs-aux-concours-d-entree-a-l-enam-2022-2023.html	200	text/html
20230323005711	https://promouvoircompetences.com/result-30542-resultats-recrutement-155-personnels-comme-fonctionnaires-de-la-sante-publique.html	200	text/html
20230207110442	https://promouvoircompetences.com/result-30543-listes-des-3450-matricules-des-laureats-des-ens-et-des-enset-arrives-en-fin-de-formation-au-cours-de-l-annee-2022.html	200	text/html
20230323015541	https://promouvoircompetences.com/result-30544-resultats-enso-t-2022-2024-liste-des-candidats-directs-admis-au-concours-d-entree-a-l-ecole-nationale-des-sous-officiers-de-temedja.html	200	text/html
20230323011722	https://promouvoircompetences.com/result-30545-resultats-dqp-2022-au-cameroun.html	200	text/html
20230706155458	https://promouvoircompetences.com/result-30552-tous-les-resultats-du-def-2023-au-mali-listes-pdf.html	200	text/html
20230723214510	https://promouvoircompetences.com/result-30555-resultats-du-bac-2023-en-guinee-conakry-toutes-les-listes-pdf.html	200	text/html
20230813194754	https://promouvoircompetences.com/result-30557-resultats-du-bac-2023-au-mali-listes-pdf-de-tous-les-resultats.html	200	text/html
20230707004349	https://promouvoircompetences.com/result-30558-resultats-du-bepc-2023-en-guinee-toutes-les-listes-pdf-d-admis-par-region.html	200	text/html
20230706163939	https://promouvoircompetences.com/result-30561-resultats-du-cee-2023-guinee-listes-pdf.html	200	text/html
20230710110111	https://promouvoircompetences.com/result-30561-tous-les-resultats-du-cee-2023-en-guinee-eg-et-fa-listes-pdf.html	200	text/html
20230724005943	https://promouvoircompetences.com/result-30562-resultats-bac-2023-au-tchad-toutes-les-listes-admis-definitivement-et-second-tour.html	200	text/html
20250203174750	https://promouvoircompetences.com/result-30563-2021-gce-results-cameroon-pdf-lists-and-split-by-centre-number.html	200	text/html
20230725154048	https://promouvoircompetences.com/result-30563-2023-gce-results-cameroon-pdf-lists-and-split-by-centre-number.html	200	text/html
20230710103036	https://promouvoircompetences.com/result-30565-resultats-examen-de-sortie-2023-en-guinee-conakry-toutes-les-options.html	200	text/html
20230724021345	https://promouvoircompetences.com/result-30566-resultats-du-baccalaureat-technique-et-professionnel-2023-au-congo-brazzaville-tous-les-candidats-admis-pdf.html	200	text/html
20230725154050	https://promouvoircompetences.com/result-30602-resultats-du-cfee-2023-au-senegal-toutes-les-listes-des-admis.html	200	text/html
20230726094526	https://promouvoircompetences.com/result-33201-resultats-brevets-technique-et-professionnel-2023-au-congo-brazzaville.html	200	text/html
20230828070946	https://promouvoircompetences.com/result-33207-resultats-du-cap-bt1-et-bt2-session-2023-au-mali.html	200	text/html
20230813194754	https://promouvoircompetences.com/result-33208-resultats-du-bepc-2023-au-congo-brazzaville-liste-de-tous-les-etablissements.html	200	text/html
20231210230250	https://promouvoircompetences.com/result-33212-resultats-ifm-2023-mali.html	200	text/html
20231211002127	https://promouvoircompetences.com/result-33213-resultats-bt-agro-2023-mali.html	200	text/html
20231211003212	https://promouvoircompetences.com/result-33214-resultats-du-concours-de-la-police-2023-au-gabon-listes-d-aptitudes-definitives.html	200	text/html
20231210181332	https://promouvoircompetences.com/result-33214-resultats-du-concours-de-la-police-2023-au-gabon.html	200	text/html
20231210181332	https://promouvoircompetences.com/result-33215-resultats-d-amissibilite-au-concours-de-la-police-camerounaise-2023.html	200	text/html
20231210234456	https://promouvoircompetences.com/result-33216-resultats-des-orientations-du-def-2023.html	200	text/html
20231210233403	https://promouvoircompetences.com/result-33217-resultats-2023-2024-du-concours-dentree-a-liut-du-bois-de-luniversite-de-yaounde-i-a-mbalmayo.html	200	text/html
20231210181333	https://promouvoircompetences.com/result-33218-resultats-concours-ifm-2023-au-mali.html	200	text/html
20231210224229	https://promouvoircompetences.com/result-33219-resultats-2023-2024-concours-d-entree-dans-les-grandes-ecoles-et-facultes-de-l-universite-de-buea.html	200	text/html
20231210234424	https://promouvoircompetences.com/result-33220-resultats-definitifs-concours-recrutement-fonction-publique-cameroun-sante-education-environnement.html	200	text/html
20231210234858	https://promouvoircompetences.com/result-33221-cresa-resultats-concours-d-entree-2023-2024.html	200	text/html
20240225180555	https://promouvoircompetences.com/result-33222-resultats-definitifs-au-concours-de-la-police-camerounaise-2023.html	200	text/html
20240225184206	https://promouvoircompetences.com/result-33223-resultats-definitifs-police-camerounaise-2023-listes-additives-eip-et-egpx.html	200	text/html
20240225173252	https://promouvoircompetences.com/result-33224-resultats-definitifs-concours-professionnels-2023-2024-minfopra-cameroun.html	200	text/html
20240510075413	https://promouvoircompetences.com/result-33225-resultats-du-dqp-2023-au-cameroun.html	200	text/html
20240519150738	https://promouvoircompetences.com/result-33226-tous-les-resultats-recrutement-armee-2023-mali.html	200	text/html
20240519145108	https://promouvoircompetences.com/result-33227-resultats-admissibilites-aux-epreuves-du-second-tour-bt-2024-senegal.html	200	text/html
20240519152816	https://promouvoircompetences.com/result-33228-admissibilites-concours-police-cameroun-2023-en-2024-dgsn.html	200	text/html
20240617072331	https://promouvoircompetences.com/result-33229-resultats-du-concours-d-entree-en-6e-session-2024-au-college-jean-tabi-de-yaounde.html	200	text/html
20240617062713	https://promouvoircompetences.com/result-33230-resultats-cep-2024-gabon-comment-consulter-son-resultat.html	200	text/html
20240617061229	https://promouvoircompetences.com/result-33231-resultats-def-2024-mali.html	200	text/html
20240721035232	https://promouvoircompetences.com/result-33231-tous-les-resultats-def-2024-mali-fichiers-pdf.html	200	text/html
20240620224742	https://promouvoircompetences.com/result-33233-resultats-bef-2024-djibouti.html	200	text/html
20240707082615	https://promouvoircompetences.com/result-33238-resultats-du-bac-pro-industriel-et-tertiaire-2024-a-djibouti-tous-les-pdf-fr.html	200	text/html
20240703091951	https://promouvoircompetences.com/result-33238-resultats-du-bac-pro-industriel-et-tertiaire-2024-a-djibouti-tous-les-pdf.html	200	text/html
20240704040935	https://promouvoircompetences.com/result-33238-resultats-du-bac-pro-industriel-et-tertiaire-2024-a-djibouti.html	200	text/html
20240707080712	https://promouvoircompetences.com/result-33239-resultat-cepe-2024-au-congo-brazzaville.html	200	text/html
20240711060856	https://promouvoircompetences.com/result-33260-resultats-du-2nd-tour-baccalaureat-general-2024-djibouti.html	200	text/html
20240716121057	https://promouvoircompetences.com/result-33261-resultats-cee-2024-guinee-conakry-statistiques.html	200	text/html
20240716112712	https://promouvoircompetences.com/result-33262-resultats-bepc-2024-guinee-conakry-statistiques.html	200	text/html
20240716120224	https://promouvoircompetences.com/result-33267-resultats-bac-technique-et-professionnel-2024-congo-brazzaville.html	200	text/html
20240727163519	https://promouvoircompetences.com/result-33307-all-2024-gce-results-cameroon-pdf-lists-and-split-by-centre-number-fr.html	200	text/html
20240727174406	https://promouvoircompetences.com/result-33307-all-2024-gce-results-cameroon-pdf-lists-and-split-by-centre-number.html	200	text/html
20240727160802	https://promouvoircompetences.com/result-33308-resultats-baccalaureat-2024-guinee-conakry-tableau-statistique.html	200	text/html
20250216000315	https://promouvoircompetences.com/result-36323-bac-2024-tchad-resultats-2e-tour-fr.html	200	text/html
20241222183430	https://promouvoircompetences.com/result-36324-resultats-probatoire-technique-2024-cameroun.html	200	text/html
20250215222410	https://promouvoircompetences.com/result-36325-resultats-probatoire-general-2024-au-cameroun-fr.html	200	text/html
20241005023026	https://promouvoircompetences.com/result-36325-resultats-probatoire-general-2024-au-cameroun.html	200	text/html
20241222143617	https://promouvoircompetences.com/result-36326-tous-les-resultats-du-capiet-2024-cameroun.html	200	text/html
20241005022935	https://promouvoircompetences.com/result-36327-tous-les-resultats-du-capiemp-2024-au-cameroun.html	200	text/html
20240925213930	https://promouvoircompetences.com/result-36338-tous-les-resultats-du-bac-2024-au-mali.html	200	text/html
20241005031148	https://promouvoircompetences.com/result-36339-resultats-admissibilites-aux-concours-de-la-police-2023-cameroun.html	200	text/html
20240910233050	https://promouvoircompetences.com/result-36348-tous-les-resultats-cfee-2024-senegal-fichiers-pdf.html	200	text/html
20241005024928	https://promouvoircompetences.com/result-36373-tous-les-resultats-du-cap-bt1-et-bt2-session-2024-au-mali.html	200	text/html
20240925214016	https://promouvoircompetences.com/result-36374-tous-les-resultats-concours-d-entree-en-6e-session-2024-senegal.html	200	text/html
20241005025050	https://promouvoircompetences.com/result-36387-cfee-2024-senegal-liste-des-admis-linguere.html	200	text/html
20241005043432	https://promouvoircompetences.com/result-36389-resultats-enastic-2024-n-djamena-filiere-management-des-tic.html	200	text/html
20250623220846	https://promouvoircompetences.com/result-36390-resultats-enastic-2024-n-djamena-filiere-telecommunication-et-multimedia.html	200	text/html
20250112213628	https://promouvoircompetences.com/result-36391-resultats-enastic-2024-amdjarass-filiere-administration-des-resaux-et-systemes.html	200	text/html
20241005022735	https://promouvoircompetences.com/result-36392-resultats-enastic-2024-amdjarass-filiere-developpement-application-web-et-mobile.html	200	text/html
20241005023727	https://promouvoircompetences.com/result-36393-resultats-enastic-2024-sarh-filiere-telecommunication.html	200	text/html
20240925213914	https://promouvoircompetences.com/result-36394-tous-les-resultats-concours-d-entree-en-1re-annee-enastic-2024-tchad.html	200	text/html
20241005033607	https://promouvoircompetences.com/result-36395-resultats-2024-concours-d-entree-a-l-ecole-militaire-de-sante-senegal.html	200	text/html
20250213023812	https://promouvoircompetences.com/result-36396-resultats-concours-d-entree-enieg-et-eniet-session-2024-fr.html	200	text/html
20250112204242	https://promouvoircompetences.com/result-36396-resultats-concours-d-entree-enieg-et-eniet-session-2024.html	200	text/html
20241109122311	https://promouvoircompetences.com/result-36397-resultats-definitifs-enam-2024-au-cameroun.html	200	text/html
20250125084406	https://promouvoircompetences.com/result-36398-resultats-definitifs-concours-police-2023-2024-cameroun.html	200	text/html
20221004004446	https://promouvoircompetences.com/result-4180-resultats-probatoire-general-2021-cameroun.html	200	text/html
20241221205810	https://promouvoircompetences.com/result-6765-resultats-bac-2021-au-mali.html	200	text/html
20230125225208	https://promouvoircompetences.com/result-7994-resultats-bac-2021-en-mauritanie-taghwa-arafat.html	200	text/html
20220821133752	https://promouvoircompetences.com/result-8008-resultats-du-bepc-2021-en-guinee-conakry.html	200	text/html
20241221194451	https://promouvoircompetences.com/result-8983-resultats-concours-iric-master-banque-monnaie-finance-internationales-bmfi-session-2021-2022.html	200	text/html
20241221193115	https://promouvoircompetences.com/result-8984-resultats-concours-iric-master-communication-et-action-publique-internationale-capi-session-2021-2022-fr.html	200	text/html
20241221200811	https://promouvoircompetences.com/result-8985-resultats-concours-iric-master-contentieux-international-c-i-session-2021-2022-fr.html	200	text/html
20241222134759	https://promouvoircompetences.com/result-8986-resultats-concours-iric-master-integration-regionale-et-management-des-institutions-communautaires-irmic-session-2021-2022-fr.html	200	text/html
20241221193721	https://promouvoircompetences.com/result-8987-resultats-concours-iric-master-marketing-international-m-i-session-2021-2022-fr.html	200	text/html
20241221194955	https://promouvoircompetences.com/result-8988-resultats-enset-kumba-2021-2022-niveau-bac.html	200	text/html
20241221193350	https://promouvoircompetences.com/result-8990-resultats-du-concours-d-entree-a-l-ens-yaounde-2021-2022-premiere-annee-second-cycle-fr.html	200	text/html
20241221195203	https://promouvoircompetences.com/result-8991-resultats-du-concours-d-entree-a-l-ens-yaounde-2021-2022-premiere-annee-premier-cycle.html	200	text/html
20241221193833	https://promouvoircompetences.com/result-8992-resultats-des-admis-au-cap-2021-mali-bamako-rive-droite.html	200	text/html
20241221200049	https://promouvoircompetences.com/result-8993-resultats-listes-des-candidats-admis-au-cap-bt1-et-bt2-pole-correction-kati-session-2021.html	200	text/html
20241221194515	https://promouvoircompetences.com/result-8994-resultats-listes-des-candidats-admis-au-bt1-academie-de-douentza-session-2021.html	200	text/html
20241221195246	https://promouvoircompetences.com/result-8995-resultats-listes-des-candidats-admis-au-bt2-academie-de-douentza-session-2021.html	200	text/html
20241222142720	https://promouvoircompetences.com/result-9077-resultats-du-concours-d-entree-a-enstp-2021-2022-yaounde-cycle-d-architecture.html	200	text/html
20241221193547	https://promouvoircompetences.com/result-9078-resultats-du-concours-d-entree-a-enstp-2021-2022-yaounde-cycle-ingenieurs.html	200	text/html
20241221195702	https://promouvoircompetences.com/result-9079-resultats-du-concours-d-entree-a-enstp-2021-2022-annexe-de-buea-techniciens-superieurs.html	200	text/html
20251216221833	https://promouvoircompetences.com/resultat-27776-resultats-concours-d-entree-a-l-eni-2021-au-mali.html	200	text/html
20251015190123	https://promouvoircompetences.com/resultat-30511-tous-les-resultats-des-admissibilites-au-concours-afa-et-ensoa-2022-cote-d-ivoire.html	200	text/html
20260119080359	https://promouvoircompetences.com/resultat-33307-all-2024-gce-results-cameroon-pdf-lists-and-split-by-centre-number.html	200	text/html
20250811170037	https://promouvoircompetences.com/resultat-36324-resultats-probatoire-technique-2024-cameroun.html	200	text/html
20251016115755	https://promouvoircompetences.com/resultat-36325-resultats-probatoire-general-2024-au-cameroun-fr.html	200	text/html
20251119014118	https://promouvoircompetences.com/resultat-36339-resultats-admissibilites-aux-concours-de-la-police-2023-cameroun.html	200	text/html
20250717214643	https://promouvoircompetences.com/resultat-36348-tous-les-resultats-cfee-2024-senegal-fichiers-pdf.html	200	text/html
20250717214004	https://promouvoircompetences.com/resultat-36387-cfee-2024-senegal-liste-des-admis-linguere.html	200	text/html
20260119080225	https://promouvoircompetences.com/resultat-36396-resultats-concours-d-entree-enieg-et-eniet-session-2024-fr.html	200	text/html
20251118215634	https://promouvoircompetences.com/resultat-36398-resultats-definitifs-concours-police-2023-2024-cameroun.html	200	text/html
20250719143309	https://promouvoircompetences.com/resultat-36404-resultats-du-def-2025-au-mali.html	200	text/html
20250702053532	https://promouvoircompetences.com/resultat-36405-resultats-du-bef-arabe-2025-djibouti.html	200	text/html
20250701184449	https://promouvoircompetences.com/resultat-36406-bef-2025-djibouti-tous-les-resultats.html	200	text/html
20250701192513	https://promouvoircompetences.com/resultat-36407-resultats-du-bac-tchadien-2025-1er-tour.html	200	text/html
20250701202836	https://promouvoircompetences.com/resultat-36408-resultats-cep-fslc-2025-cameroun.html	200	text/html
20250715112419	https://promouvoircompetences.com/resultat-36409-bac-general-et-bac-pro-2025-a-djibouti-tous-les-resultats.html	200	text/html
20250715055750	https://promouvoircompetences.com/resultat-36410-resultats-du-bepc-2025-au-cameroun.html	200	text/html
20250715090206	https://promouvoircompetences.com/resultat-36411-resultats-cepe-2025-congo.html	200	text/html
20250720133111	https://promouvoircompetences.com/resultat-36412-resultats-du-cfee-2025-au-senegal.html	200	text/html
20250715063109	https://promouvoircompetences.com/resultat-36414-tous-les-resultats-du-cee-2025-guinee-fichiers-pdf.html	200	text/html
20250907184108	https://promouvoircompetences.com/resultat-36415-resultats-bac-technique-et-professionnel-2025-au-congo.html	200	text/html
20250805170421	https://promouvoircompetences.com/resultat-36416-resultats-bac-general-2025-au-congo-brazza.html	200	text/html
20250719143435	https://promouvoircompetences.com/resultat-36417-resultats-bepc-2025-guinee.html	200	text/html
20250719143802	https://promouvoircompetences.com/resultat-36418-baccalaureat-unique-2025-guinee-resultats-en-pdf.html	200	text/html
20250719143432	https://promouvoircompetences.com/resultat-36418-baccalaureat-unique-2025-guinee-statistiques-et-resultats.html	200	text/html
20250805164423	https://promouvoircompetences.com/resultat-36419-resultats-bac-general-2025-au-cameroun.html	200	text/html
20250805174438	https://promouvoircompetences.com/resultat-36420-bac-mali-2025-voici-tous-les-resultats.html	200	text/html
20250805165912	https://promouvoircompetences.com/resultat-36421-all-2025-gce-and-tvee-results-cameroon.html	200	text/html
20250805174050	https://promouvoircompetences.com/resultat-36422-2025-tvee-al-results-cameroon.html	200	text/html
20250805162647	https://promouvoircompetences.com/resultat-36423-2025-tvee-il-results-cameroon.html	200	text/html
20250805171752	https://promouvoircompetences.com/resultat-36424-2025-gce-al-results-cameroon.html	200	text/html
20250805174026	https://promouvoircompetences.com/resultat-36425-2025-gce-ol-results-cameroon.html	200	text/html
20250805162739	https://promouvoircompetences.com/resultat-36426-resultats-2025-du-probatoire-technique-stt-au-cameroun.html	200	text/html
20250805161411	https://promouvoircompetences.com/resultat-36427-resultats-du-probatoire-general-2025-au-cameroun.html	200	text/html
20250909165336	https://promouvoircompetences.com/resultat-36431-tous-les-resultats-ifm-2025-au-mali.html	200	text/html
20251109104725	https://promouvoircompetences.com/resultat-36432-admis-definitifs-resultats-des-concours-session-2025-du-mfpt-senegal.html	200	text/html
20251109094213	https://promouvoircompetences.com/resultat-36433-consultation-des-resultats-des-orientations-2025-def-au-mali.html	200	text/html
20251026181037	https://promouvoircompetences.com/resultat-8008-resultats-du-bepc-2021-en-guinee-conakry.html	200	text/html
20200920230310	https://promouvoircompetences.com/resultats-examens-fr.html	200	text/html
