timestamp	original	statuscode	mimetype
20220310204548	https://ornipreparation.com/	200	text/html
20250909043652	https://ornipreparation.com/?s=%7Bsearch_term_string%7D	200	text/html
20230530045721	https://ornipreparation.com/about	200	text/html
20230530052017	https://ornipreparation.com/access-higher-institute-of-professional-studies-access-hips	200	text/html
20240424060447	https://ornipreparation.com/access-higher-institute-of-professional-studies-access-hips-2	200	text/html
20230530041834	https://ornipreparation.com/achas-higher-institute-of-sustainable-tourism-hospitality-and-business-management	200	text/html
20230927092403	https://ornipreparation.com/acheteurs-detail-essentiels-succes-entreprise-vente-detail-assurent-produits-appropries-achetes-bon-prix	200	text/html
20240303153916	https://ornipreparation.com/acteur	200	text/html
20231003233339	https://ornipreparation.com/actuaire	200	text/html
20240303150635	https://ornipreparation.com/adjointe-a-la-redaction	200	text/html
20240303150313	https://ornipreparation.com/administrateur-artistique	200	text/html
20240303152531	https://ornipreparation.com/administrateur-de-base-de-donnees	200	text/html
20231004010457	https://ornipreparation.com/administrateur-de-la-fonction-publique	200	text/html
20231201092749	https://ornipreparation.com/administrateur-sportif	200	text/html
20230603085542	https://ornipreparation.com/administrateurs-bases-donnees-utilisent-logiciels-specialises-organiser-maintenir-base-donnees-securisee	200	text/html
20230603091108	https://ornipreparation.com/administrateurs-bases-donnees-utilisent-logiciels-specialises-organiser-maintenir-base-donnees-securisee-2	200	text/html
20230603154433	https://ornipreparation.com/administration-sport-excellente-occasion-combiner-passion-sport-fitness-activites-commerciales-pratiques-gamme-organisations	200	text/html
20250404220946	https://ornipreparation.com/ads.txt	200	text/plain
20230923174301	https://ornipreparation.com/agent-daide-internationale-de-developpement	200	text/html
20230923163554	https://ornipreparation.com/agent-de-change	200	text/html
20230923164412	https://ornipreparation.com/agent-de-conservation-de-la-nature	200	text/html
20230923185158	https://ornipreparation.com/agent-de-developpement-communautaire	200	text/html
20230923180524	https://ornipreparation.com/agent-de-tourisme	200	text/html
20230603144415	https://ornipreparation.com/agent-deducation-communautaire	200	text/html
20240303152828	https://ornipreparation.com/agent-dinformation	200	text/html
20240303161639	https://ornipreparation.com/agente-de-talents	200	text/html
20230603154541	https://ornipreparation.com/agents-developpement-sportif-aident-ecoles-communautes-impliquer-activement-sport-organisant-projets-initiatives	200	text/html
20230604083352	https://ornipreparation.com/agents-developpement-sportif-aident-ecoles-communautes-impliquer-activement-sport-organisant-projets-initiatives-3	200	text/html
20230603070029	https://ornipreparation.com/agents-police-protegent-public-contre-crime-soutiennent-victimes-temoins-actes-criminels-rassurant-habitants-communaute	200	text/html
20230603142229	https://ornipreparation.com/agents-police-protegent-public-contre-crime-soutiennent-victimes-temoins-actes-criminels-rassurant-habitants-communaute-2	200	text/html
20230604064938	https://ornipreparation.com/aides-enseignants-important-soutien-activites-apprentissage-ecoles-creches	200	text/html
20230603154323	https://ornipreparation.com/aimez-defis-voulez-faire-difference-impatient-assumer-responsabilites-envisagez-rejoindre-l-civil-service-fast-stream	200	text/html
20230530045319	https://ornipreparation.com/aimez-defis-voulez-faire-difference-vous-etes-impatient-assumer-responsabilites-envisagez-rejoindre-civil-service-fast-stream	200	text/html
20230604075555	https://ornipreparation.com/aimez-evaluer-analyser-donnees-creer-solutions-travailler-diverses-personnes-avoir-bonne-maitrise-technologies-information-carriere-analyste-affaires-pourrait-etre-pour-vous	200	text/html
20240815175447	https://ornipreparation.com/all-downloads	200	text/html
20230603141621	https://ornipreparation.com/alors-que-de-nombreux-eclairagistes-sont-des-electriciens-qualifies-toute-personne-ayant-une-experience-de-travail-prealable-un-flair-creatif-et-des-connaissances-techniques-peut-travailler-dans-cet	200	text/html
20230604082712	https://ornipreparation.com/alpha-higher-institute-of-biomedical-and-technological-sciences	200	text/html
20231004005626	https://ornipreparation.com/amenagement-urbain	200	text/html
20231201092015	https://ornipreparation.com/analyste-actuariel	200	text/html
20240618081430	https://ornipreparation.com/analyste-dapplications	200	text/html
20230923180606	https://ornipreparation.com/analyste-de-donnees	200	text/html
20240303151115	https://ornipreparation.com/analyste-de-systemes	200	text/html
20231004000719	https://ornipreparation.com/analyste-des-risques-politiques	200	text/html
20231201100427	https://ornipreparation.com/analyste-en-cybersecurite	200	text/html
20240618082007	https://ornipreparation.com/analyste-en-informatique-judiciaire	200	text/html
20241003105244	https://ornipreparation.com/analyste-en-investissements	200	text/html
20230927090631	https://ornipreparation.com/analyste-investissement-devrez-apte-rechercher-comprendre-marche-financier-capable-communiquer-informations-autres	200	text/html
20230530054247	https://ornipreparation.com/analystes-cybersecurite-aident-proteger-organisation-utilisant-gamme-technologies-processus-prevenir-detecter-gerer-cybermenaces	200	text/html
20230530052143	https://ornipreparation.com/analystes-medico-legaux-enquetent-delits-informatiques-cybercriminalite-compris-violations-donnees-les-incidents-de-securite-et-dautres-activites-criminelles-en-ligne	200	text/html
20231003235550	https://ornipreparation.com/analystes-risques-financiers-communicateurs-avertis-plan-commercial-peuvent-reperer-risques-potentiels-projet-entreprise	200	text/html
20230604065348	https://ornipreparation.com/analystes-systemes-examinent-systemes-infrastructure-informatiques-entreprise-determinent-comment-ameliorer	200	text/html
20240303165331	https://ornipreparation.com/anesthesiste	200	text/html
20230923184815	https://ornipreparation.com/animateur	200	text/html
20230530042549	https://ornipreparation.com/animateurs-jeunesse-guident-soutiennent-jeunes-developpement-personnel-social-educatif-aider-atteindre-plein-potentiel	200	text/html
20230603153105	https://ornipreparation.com/animateurs-jeunesse-guident-soutiennent-jeunes-developpement-personnel-social-educatif-aider-atteindre-plein-potentiel-2	200	text/html
20230530052752	https://ornipreparation.com/animateurs-jeunesse-guident-soutiennent-jeunes-developpement-personnel-social-educatif-aider-atteindre-plein-potentiel-3	200	text/html
20230923175227	https://ornipreparation.com/animation	200	text/html
20240526222315	https://ornipreparation.com/annuaire-des-enseignants	200	text/html
20240303154531	https://ornipreparation.com/anthropologie	200	text/html
20230923171834	https://ornipreparation.com/arbitre	200	text/html
20240303164945	https://ornipreparation.com/archeologie	200	text/html
20230923175957	https://ornipreparation.com/archeologue	200	text/html
20230923175143	https://ornipreparation.com/architecte	200	text/html
20230923183112	https://ornipreparation.com/architecte-paysagiste	200	text/html
20230923170734	https://ornipreparation.com/architecture	200	text/html
20230923183808	https://ornipreparation.com/archiviste	200	text/html
20230923172715	https://ornipreparation.com/arpenteur-commercial-residentiel	200	text/html
20230923182411	https://ornipreparation.com/arpenteur-de-pratique-rurale	200	text/html
20230923172801	https://ornipreparation.com/arpenteur-geometre-en-batiment	200	text/html
20231004003449	https://ornipreparation.com/arpenteur-geometre-geomaticien	200	text/html
20240303153551	https://ornipreparation.com/art-therapeute	200	text/html
20231004002721	https://ornipreparation.com/artiste	200	text/html
20230923181815	https://ornipreparation.com/artiste-de-concept	200	text/html
20230923190249	https://ornipreparation.com/artiste-du-jeu	200	text/html
20230923165333	https://ornipreparation.com/artiste-vfx	200	text/html
20230603154929	https://ornipreparation.com/artistes-produisent-oeuvres-art-pretes-imprimer-gamme-supports-prenant-concept-design-designer-rangeant-afin-puisse-etre-utilise-projets-contenu	200	text/html
20231204221127	https://ornipreparation.com/arts-performants	200	text/html
20230603145220	https://ornipreparation.com/assistante-denseignement	200	text/html
20230604062609	https://ornipreparation.com/assistante-dorientation-pour-adultes	200	text/html
20230923171645	https://ornipreparation.com/associe-de-recherche-clinique	200	text/html
20240623234917	https://ornipreparation.com/astronome	200	text/html
20230603084809	https://ornipreparation.com/atest	200	text/html
20231003234542	https://ornipreparation.com/auditeur-externe	200	text/html
20231004001625	https://ornipreparation.com/aumonier	200	text/html
20240808013940	https://ornipreparation.com/author-sitemap.xml	200	text/xml
20211129065048	http://ornipreparation.com/author/echancelin	200	text/html
20211129072121	http://ornipreparation.com/author/echancelin/feed	200	application/rss+xml
20211129072114	http://ornipreparation.com/author/echancelin/page/2	200	text/html
20211129170821	http://ornipreparation.com/author/echancelin/page/3	200	text/html
20230603153640	https://ornipreparation.com/avocat-vous-fournirez-soutien-conseils-juridiques-experts-eventail-questions-personnelles-commerciales	200	text/html
20231004004108	https://ornipreparation.com/bamenda-university-institute-of-science-and-technology-buist	200	text/html
20230927092523	https://ornipreparation.com/bamenda-university-of-science-and-technology	200	text/html
20231003233048	https://ornipreparation.com/banquier-daffaires-en-entreprise	200	text/html
20230603141742	https://ornipreparation.com/baptist-institute-of-higher-learning	200	text/html
20240303152029	https://ornipreparation.com/beaux-arts	200	text/html
20230927092603	https://ornipreparation.com/besoin-diplome-medecine-devenir-medecin-egalement-conduire-carrieres-alternatives-nombreux-domaines-notamment-enseignement-recherche-journalisme-scientifique	200	text/html
20230927084451	https://ornipreparation.com/biaka-university-institute-of-buea-buib	200	text/html
20240303153758	https://ornipreparation.com/bibliothecaire-universitaire	200	text/html
20230923183414	https://ornipreparation.com/biochimie	200	text/html
20230923163929	https://ornipreparation.com/biologiste-marin	200	text/html
20230923171551	https://ornipreparation.com/biotechnologiste	200	text/html
20231204234927	https://ornipreparation.com/bon-artiste	200	text/html
20230603135613	https://ornipreparation.com/bon-enseignant-primaire-vous-besoin-passion-inspirer-jeunes-esprits-engagement-enfant-realise-potentiel	200	text/html
20230604062718	https://ornipreparation.com/bon-enseignant-primairebesoin-passion-inspirer-jeunes-esprits-engagement-faire-sorte-que-chaque-enfant-realise-potentiel	200	text/html
20230603142028	https://ornipreparation.com/bon-oeil-couleur-texture-tissus-motifs-tout-necessaire-reussir-designer-textile-devrez-egalement-nouer-contacts-industrie-constituer-portefeuille-travaux	200	text/html
20230604070936	https://ornipreparation.com/bonneau-superieur	200	text/html
20240222035601	https://ornipreparation.com/bons-stylistes-utilisent-connaissances-mode-presentoirs-e-tenues-attrayants-accentuant-marque-laquelle-travaillent-livrant-message-visuel	200	text/html
20211129065056	http://ornipreparation.com/boutique	200	text/html
20211129070613	http://ornipreparation.com/boutique/feed	200	application/rss+xml
20240303143054	https://ornipreparation.com/brasseur-technique	200	text/html
20230603153719	https://ornipreparation.com/british-college	200	text/html
20230603081532	https://ornipreparation.com/british-higher-institute-of-science-and-technology-bhist	200	text/html
20230927081105	https://ornipreparation.com/buea-polytechnic	200	text/html
20240618090220	https://ornipreparation.com/cadreur-de-television	200	text/html
20230603152449	https://ornipreparation.com/cameroon-bilingual-higher-institute-cbhi	200	text/html
20230927090208	https://ornipreparation.com/canadian-higher-institute-of-technology-chit	200	text/html
20230604073502	https://ornipreparation.com/cancel_payment	200	text/html
20230927080346	https://ornipreparation.com/capitol-higher-institute-of-health-sciences-and-beauty-therapy	200	text/html
20230927082236	https://ornipreparation.com/carriere-actuariat-conviendra-avez-solides-capacites-mathematiques-doue-resolution-problemes-aimez-analyser-donnees	200	text/html
20230604071014	https://ornipreparation.com/carriere-gestionnaire-centre-fitness-combine-interet-sport-loisirs-grandes-qualites-relationnelles-sens-aigu-affaires	200	text/html
20230604081256	https://ornipreparation.com/carriere-gestionnaire-centre-fitness-combine-interet-sport-loisirs-grandes-qualites-relationnelles-sens-aigu-affaires-2	200	text/html
20230927084606	https://ornipreparation.com/carriere-gestionnaire-centre-remise-forme-combine-interet-sport-loisirs-grandes-competences-relationnelles-sens-aigu-affaires	200	text/html
20230603083559	https://ornipreparation.com/carriere-reussie-auteur-technique-devrez-apprendre-rapidement-excellentes-competences-communication-capacite-transmettre-informations-factuelles-maniere-claire-concise	200	text/html
20230923171226	https://ornipreparation.com/cartographe	200	text/html
20240303162756	https://ornipreparation.com/categorie-produit/fascicules-bepc	200	text/html
20240303165025	https://ornipreparation.com/categorie-produit/fascicules-enam	200	text/html
20240303162504	https://ornipreparation.com/categorie-produit/fascicules-police	200	text/html
20240303150858	https://ornipreparation.com/categorie-produit/non-classe	200	text/html
20240716044218	https://ornipreparation.com/category-sitemap.xml	200	text/xml
20231204224924	https://ornipreparation.com/category/ecoles-darts	200	text/html
20231130020530	https://ornipreparation.com/category/ecoles-de-commerce	200	text/html
20241203052846	https://ornipreparation.com/category/ecoles-de-defense-et-de-securite	200	text/html
20231130095405	https://ornipreparation.com/category/ecoles-de-ladministration	200	text/html
20231130014526	https://ornipreparation.com/category/ecoles-de-medecine-et-sante	200	text/html
20231130004521	https://ornipreparation.com/category/ecoles-de-traduction-et-dinterpretariat	200	text/html
20231130011845	https://ornipreparation.com/category/ecoles-denseignement	200	text/html
20231201105252	https://ornipreparation.com/category/ecoles-dingenieurs	200	text/html
20231201085506	https://ornipreparation.com/category/ecoles-internationales	200	text/html
20250213015008	https://ornipreparation.com/category/etudier-a-letranger	200	text/html
20231004004611	https://ornipreparation.com/category/instituts-et-universites-privees	200	text/html
20231204232945	https://ornipreparation.com/category/les-examens-au-cameroun	200	text/html
20231130004022	https://ornipreparation.com/category/les-examens-au-cameroun/bepc-au-cameroun	200	text/html
20231004010601	https://ornipreparation.com/category/que-puis-je-faire-avec-mon-diplome	200	text/html
20231204221258	https://ornipreparation.com/category/que-puis-je-faire-avec-mon-diplome/comptabilite-et-finance	200	text/html
20231204220429	https://ornipreparation.com/category/que-puis-je-faire-avec-mon-diplome/sous-categorie	200	text/html
20231204224115	https://ornipreparation.com/category/travailler-a-letranger	200	text/html
20231004010235	https://ornipreparation.com/category/uncategorized	200	text/html
20230603073430	https://ornipreparation.com/catholic-school-of-health-sciences-shisong	200	text/html
20230603075558	https://ornipreparation.com/catholic-university-institute-of-bamenda	200	text/html
20230603133831	https://ornipreparation.com/catholic-university-institute-of-buea	200	text/html
20230603071958	https://ornipreparation.com/catholic-university-institute-of-mamfe	200	text/html
20231003235019	https://ornipreparation.com/ce-role-dingenieur-est-axe-sur-la-gestion-dequipements-de-pointe-utilises-pour-surveiller-et-controler-les-machines-dans-les-industries-de-fabrication-et-de-transformation	200	text/html
20230927080557	https://ornipreparation.com/central-higher-institute-chi	200	text/html
20230923171737	https://ornipreparation.com/centre-denseignement-superieur-en-soins-infirmiers-cessi-de-la-faculte-de-medecine-de-yaounde	200	text/html
20230530044909	https://ornipreparation.com/centre-international-des-etudes-polytechniques	200	text/html
20230923181555	https://ornipreparation.com/centre-national-de-la-jeunesse-et-des-sports-cenajes-de-kribi	200	text/html
20230923181728	https://ornipreparation.com/centre-regional-denseignement-specialise-en-agriculture-cresa-foret-bois-de-luniversite-de-dschang	200	text/html
20231004000239	https://ornipreparation.com/charge-dessais-sur-le-terrain	200	text/html
20240303163659	https://ornipreparation.com/chargee-daffaires-reglementaires	200	text/html
20240624010759	https://ornipreparation.com/chargee-de-developpement-sportif	200	text/html
20230923174049	https://ornipreparation.com/chargee-de-mission	200	text/html
20230923180205	https://ornipreparation.com/chargee-de-mission-egalite-diversite-et-inclusion	200	text/html
20240303153313	https://ornipreparation.com/chargee-deducation-a-lenvironnement	200	text/html
20230923190329	https://ornipreparation.com/chargee-dexpositions-musee-galerie	200	text/html
20240424065456	https://ornipreparation.com/chartered-higher-institute-of-cameroon-chic	200	text/html
20230603071525	https://ornipreparation.com/chartered-higher-institute-of-technology-and-management-chitechma	200	text/html
20230923185825	https://ornipreparation.com/chef-decorateur-theatre-television-cinema	200	text/html
20230923184607	https://ornipreparation.com/chercheur-clinicien-biochimie	200	text/html
20231003234857	https://ornipreparation.com/chercheur-clinicien-genomique	200	text/html
20231003235344	https://ornipreparation.com/chercheur-clinicien-hematologie	200	text/html
20230923172415	https://ornipreparation.com/chercheur-clinicien-immunologie	200	text/html
20230923174802	https://ornipreparation.com/chercheur-clinicien-science-cardiaque	200	text/html
20231004000320	https://ornipreparation.com/chercheur-de-marche	200	text/html
20231204223805	https://ornipreparation.com/chercheur-en-telecommunications	200	text/html
20240624011842	https://ornipreparation.com/chercheur-media	200	text/html
20240919183246	https://ornipreparation.com/chercheur-operationnel	200	text/html
20240618091148	https://ornipreparation.com/chercheur-scientifique-mathematiques	200	text/html
20230923174622	https://ornipreparation.com/chercheur-scientifique-medical	200	text/html
20230923182802	https://ornipreparation.com/chercheur-scientifique-sciences-de-la-vie	200	text/html
20240624001416	https://ornipreparation.com/chercheur-scientifique-sciences-physiques	200	text/html
20230923180730	https://ornipreparation.com/chercheur-social	200	text/html
20230923185448	https://ornipreparation.com/chercheur-universitaire	200	text/html
20230923181328	https://ornipreparation.com/chercheur-ux	200	text/html
20240623232341	https://ornipreparation.com/chimie	200	text/html
20230923175515	https://ornipreparation.com/chimiste-analytique	200	text/html
20231003234119	https://ornipreparation.com/chimiste-medicinal	200	text/html
20240303162841	https://ornipreparation.com/chirurgien	200	text/html
20240303152237	https://ornipreparation.com/chirurgien-veterinaire	200	text/html
20240303165555	https://ornipreparation.com/choregraphe	200	text/html
20230926061413	https://ornipreparation.com/christian-university-institute	200	text/html
20240618094127	https://ornipreparation.com/cinematographie	200	text/html
20230927090125	https://ornipreparation.com/citec-higher-institute-of-technology-and-management	200	text/html
20230923182141	https://ornipreparation.com/classes-scientifiques-speciales-de-lecole-normale-superieure-de-luniversite-de-yaounde-i	200	text/html
20240815182540	https://ornipreparation.com/clause-de-non-responsabilite	200	text/html
20240303160441	https://ornipreparation.com/coach-de-vie	200	text/html
20231204224000	https://ornipreparation.com/coaching-sportif	200	text/html
20230923173829	https://ornipreparation.com/college-of-technology-cot-de-luniversite-de-buea	200	text/html
20230923183332	https://ornipreparation.com/college-of-technoloqy-coltech-de-luniversite-de-bamenda	200	text/html
20230927083850	https://ornipreparation.com/combinant-ingenierie-logicielle-analyse-donnees-ingenieurs-apprentissage-automatique-permettent-machines-apprendre-avoir-besoin-programmation-supplementaire	200	text/html
20230927072329	https://ornipreparation.com/combinez-passion-forces-armees-enseignement-gestion-ressources-humaines-role-haute-responsabilite	200	text/html
20231204224655	https://ornipreparation.com/commande	200	text/html
20230603154614	https://ornipreparation.com/commande/commande-recue	200	text/html
20230603070634	https://ornipreparation.com/commande/echec-de-la-transaction	200	text/html
20231130005338	https://ornipreparation.com/commande/historique-des-achats	200	text/html
20230927072157	https://ornipreparation.com/commandez-dirigez-et-inspirez-vos-troupes-sur-la-ligne-de-front-en-tant-quofficier-operationnel	200	text/html
20211129065018	http://ornipreparation.com/comments/feed	200	application/rss+xml
20230530044047	https://ornipreparation.com/commissaires-de-la-police-camerounaise	200	text/html
20230603091339	https://ornipreparation.com/competences-techniques-diplome-pratique-concepteurs-developpeurs-web-attrayants-employeurs-hors-secteur-informatique	200	text/html
20230923182937	https://ornipreparation.com/comptabilite-et-finance	200	text/html
20230923173916	https://ornipreparation.com/comptable-en-management-agree	200	text/html
20240624012744	https://ornipreparation.com/concepteur-de-produits	200	text/html
20230923183247	https://ornipreparation.com/concepteur-dexposition	200	text/html
20240303152913	https://ornipreparation.com/concepteur-ux	200	text/html
20230603140218	https://ornipreparation.com/concepteurs-experience-utilisateur-ux-creent-applications-sites-web-accessibles-esthetiquement-attrayants-significatifs-gens-peuvent-utiliser-facilement	200	text/html
20230603135915	https://ornipreparation.com/concepteurs-sonores-utilisent-technologie-maniere-creative-fournir-aux-images-en-mouvement-dans-une-gamme-de-supports-y-compris-le-cinema-les-jeux-et-le-theatre	200	text/html
20240618080859	https://ornipreparation.com/conception-de-jeux	200	text/html
20240303164324	https://ornipreparation.com/conception-et-developpement-de-sites-web	200	text/html
20231204221636	https://ornipreparation.com/conception-graphique	200	text/html
20230603145148	https://ornipreparation.com/conception-textile	200	text/html
20241210141538	https://ornipreparation.com/connexion-a-orniprepa	200	text/html
20240303152742	https://ornipreparation.com/conseil-en-brevets	200	text/html
20230530045353	https://ornipreparation.com/conseiller	200	text/html
20230923173740	https://ornipreparation.com/conseiller-fiscal	200	text/html
20230923175016	https://ornipreparation.com/conseiller-genetique	200	text/html
20231004000920	https://ornipreparation.com/conseiller-hypothecaire	200	text/html
20231003233752	https://ornipreparation.com/conseillere-agricole	200	text/html
20240303151412	https://ornipreparation.com/conseillere-en-carriere	200	text/html
20230530043046	https://ornipreparation.com/conseillers-carriere-fournissent-informations-conseils-orientations-aider-gens-faire-choix-realistes-concernant-etudes-formation-travail	200	text/html
20230604083234	https://ornipreparation.com/conseillers-fournissent-conseils-gratuits-impartiaux-confidentiels-clients-eventail-questions-telles-dette-emploi-logement	200	text/html
20230927093006	https://ornipreparation.com/conseillers-orientation-efficaces-auditeurs-empathiques-sensibles-besoins-developpement-personnes-capables-travailler-eventail-personnes-ayant-exigences-differentes	200	text/html
20230923174934	https://ornipreparation.com/conservateur	200	text/html
20230923174218	https://ornipreparation.com/conservateur-de-musee-galerie	200	text/html
20241003104428	https://ornipreparation.com/consultant-acoustique	200	text/html
20240303165631	https://ornipreparation.com/consultant-en-education	200	text/html
20231003231829	https://ornipreparation.com/consultant-en-gestion	200	text/html
20231130011725	https://ornipreparation.com/consultant-en-informatique	200	text/html
20230923171404	https://ornipreparation.com/consultante-en-developpement-durable	200	text/html
20231003225443	https://ornipreparation.com/consultante-en-environnement	200	text/html
20231003235223	https://ornipreparation.com/consultante-en-horticulture	200	text/html
20230603090153	https://ornipreparation.com/consultants-informatique-excellents-communicateurs-excellentes-competences-organisationnelles-bonne-connaissance-comprehension-systemes-informatiques	200	text/html
20231201095722	https://ornipreparation.com/contact	200	text/html
20230603145838	https://ornipreparation.com/controleur-judiciaire	200	text/html
20230923174003	https://ornipreparation.com/coordinateur-de-production-televisuelle	200	text/html
20240303153838	https://ornipreparation.com/coordinateur-des-besoins-educatifs-speciaux-senco	200	text/html
20230927083535	https://ornipreparation.com/coordonnateurs-production-televisuelle-responsables-administration-organisation-travail-secretariat-lies-production-emission-television	200	text/html
20230923171926	https://ornipreparation.com/coordonnatrice-des-benevoles	200	text/html
20231201093237	https://ornipreparation.com/coureur-diffusion-film-video	200	text/html
20230530054418	https://ornipreparation.com/coureurs-travaillent-role-assistant-general-productions-televisuelles-cinematographiques-effectuant-differentes-taches-travaillant-rapidement-maniere-reactive	200	text/html
20231004004813	https://ornipreparation.com/cours-de-repetition	200	text/html
20230604083458	https://ornipreparation.com/course-completed	200	text/html
20230604073912	https://ornipreparation.com/createurs-mode-utilisent-leur-perspective-technique-leur-flair-creatif-travailler-conceptions-vetements-nouveaux-originaux	200	text/html
20231130110848	https://ornipreparation.com/criminologie	200	text/html
20230923173120	https://ornipreparation.com/dans-ce-domaine-exigeant-et-tres-valorisant-vous-aurez-besoin-dun-esprit-analytique-dune-approche-logique-et-dun-excellent-souci-du-detail-pour-reussir	200	text/html
20230603151740	https://ornipreparation.com/dans-ce-role-vous-divertirez-et-informerez-un-public-en-presentant-des-informations-ou-des-divertissements-de-maniere-accessible-et-attrayante-a-la-television-a-la-radio-et-en-ligne	200	text/html
20230530053828	https://ornipreparation.com/dans-les-coulisses-de-la-television-une-equipe-technique-importante-assure-la-qualite-et-la-production-des-emissions-dirigee-par-lingenieur-de-diffusion	200	text/html
20230603071913	https://ornipreparation.com/dans-les-coulisses-de-la-television-une-equipe-technique-importante-assure-la-qualite-et-la-production-des-emissions-dirigee-par-lingenieur-de-diffusion-2	200	text/html
20230927072007	https://ornipreparation.com/dans-les-coulisses-de-la-television-une-equipe-technique-importante-assure-la-qualite-et-la-production-des-emissions-dirigee-par-lingenieur-de-diffusion-3	200	text/html
20230604081626	https://ornipreparation.com/dans-les-coulisses-de-la-television-une-equipe-technique-importante-assure-la-qualite-et-la-production-des-emissions-dirigee-par-lingenieur-de-diffusion-4	200	text/html
20240303155815	https://ornipreparation.com/danseur	200	text/html
20230927081814	https://ornipreparation.com/data-scientists-transforment-donnees-brutes-informations-utiles-organisations-peuvent-utiliser-ameliorer-activites	200	text/html
20230603070359	https://ornipreparation.com/de-la-generation-didees-de-programmes-a-la-garantie-que-tout-le-monde-est-pris-en-charge-sur-le-plateau-vous-aurez-besoin-de-creativite-de-connaissances-du-secteur-et-dun-souci-du-detail-dans-ce	200	text/html
20230603154209	https://ornipreparation.com/de-la-generation-didees-de-programmes-a-la-garantie-que-tout-le-monde-est-pris-en-charge-sur-le-plateau-vous-aurez-besoin-de-creativite-de-connaissances-du-secteur-et-dun-souci-du-detail-dans-ce-2	200	text/html
20230604072752	https://ornipreparation.com/de-la-generation-didees-de-programmes-a-la-garantie-que-tout-le-monde-est-pris-en-charge-sur-le-plateau-vous-aurez-besoin-de-creativite-de-connaissances-du-secteur-et-dun-souci-du-detail-dans-ce-3	200	text/html
20230604063738	https://ornipreparation.com/de-la-generation-didees-de-programmes-a-la-garantie-que-tout-le-monde-est-pris-en-charge-sur-le-plateau-vous-aurez-besoin-de-creativite-de-connaissances-du-secteur-et-dun-souci-du-detail-dans-ce-4	200	text/html
20230603084512	https://ornipreparation.com/de-la-generation-didees-de-programmes-a-la-garantie-que-tout-le-monde-est-pris-en-charge-sur-le-plateau-vous-aurez-besoin-de-creativite-de-connaissances-du-secteur-et-dun-souci-du-detail-dans-ce-5	200	text/html
20230927072453	https://ornipreparation.com/de-la-gestion-de-lhotellerie-des-evenements-et-de-la-restauration-au-developpement-commercial-et-au-marketing-un-diplome-en-gestion-hoteliere-vous-fournit-les-competences-necessaires-pour-une-carr	200	text/html
20230530054326	https://ornipreparation.com/de-lingenierie-aerospatiale-aux-telecommunications-de-nombreux-metiers-soffrent-a-vous-avec-un-diplome-en-genie-electrique-et-electronique	200	text/html
20230927071637	https://ornipreparation.com/de-nombreuses-organisations-dependent-de-la-conception-de-la-mise-en-oeuvre-et-de-la-gestion-de-linformatique-en-tant-que-diplome-en-systemes-dinformation-vos-competences-seront-inestimables-po	200	text/html
20230923190037	https://ornipreparation.com/delegue-commercial-medical	200	text/html
20240303164126	https://ornipreparation.com/dentiste	200	text/html
20231004005426	https://ornipreparation.com/derriere-chaque-manager-ou-chef-dentreprise-vous-trouverez-un-assistant-personnel-organise-et-efficace-decouvrez-ce-que-cette-carriere-variee-et-dynamique-a-a-offrir	200	text/html
20240618094820	https://ornipreparation.com/designer-de-jeu	200	text/html
20231004001235	https://ornipreparation.com/designer-dinterieur-et-despace	200	text/html
20231003230303	https://ornipreparation.com/designer-graphique	200	text/html
20231003235142	https://ornipreparation.com/designer-urbain	200	text/html
20231204215658	https://ornipreparation.com/detective	200	text/html
20240303163504	https://ornipreparation.com/developpeur-dapplications	200	text/html
20230923180245	https://ornipreparation.com/developpeur-de-jeu	200	text/html
20240303151327	https://ornipreparation.com/developpeur-web	200	text/html
20230530054311	https://ornipreparation.com/developpeurs-applications-obligent-ordinateurs-effectuer-taches-specifiques-fonction-specifications-clients-2	200	text/html
20230530050610	https://ornipreparation.com/developpeurs-web-utilisent-langages-programmation-creer-sites-web-applications-web	200	text/html
20240417122244	https://ornipreparation.com/devenir-enseignant	200	text/html
20230517135353	https://ornipreparation.com/dfxsurb-207444keti.html	200	text/html
20230926062054	https://ornipreparation.com/diplome-connaissances-necessaires-carriere-travail-social-competences-acquerez-egalement-pertinentes-gamme-roles-soins-sociaux	200	text/html
20240424062357	https://ornipreparation.com/diplome-ergotherapie-experience-travail-significative-doter-competences-pratiques-connaissances-aurez-besoin-aider-autres	200	text/html
20230603141541	https://ornipreparation.com/diplome-genie-logiciel-permet-acquerir-competences-techniques-informatique-etre-utilisees-diverses-carrieres-informatiques-web-developpeur-applications-concepteur-web	200	text/html
20230927082530	https://ornipreparation.com/diplome-gestion-sport-loisirs-vous-fournit-competences-leadership-gestion-entreprise-necessaires-gamme-carrieres-secteur-sport-loisirs	200	text/html
20240424061328	https://ornipreparation.com/diplome-immobilier-prepare-travail-immobilier-fournit-competences-communication-commerce-affaires-appreciees-eventail-employeurs	200	text/html
20230603153830	https://ornipreparation.com/diplome-musique-composer-jouer-enseigner-trois-facons-dont-vous-pouvez-developper-votre-carriere-musicale	200	text/html
20230603134241	https://ornipreparation.com/diplome-physique-excellent-point-depart-carriere-recherche-scientifique-gamme-de-carrieres-secteurs-affaires-financeinformatique-ingenierie	200	text/html
20230603073955	https://ornipreparation.com/diplome-production-televisuelle-equipe-role-producteur-large-eventail-emplois-lies-production-sein-industrie	200	text/html
20230604062458	https://ornipreparation.com/diplome-sciences-medicales-permet-travailler-variete-carrieres-scientifiques-ouvre-nombreuses-possibilites-etudes-complementaires	200	text/html
20230530042502	https://ornipreparation.com/diplome-sciences-sport-exercice-bon-debut-variete-carrieres-industrie-sport-pouvez-travailler-enfants-athletes-grand-public	200	text/html
20230530052433	https://ornipreparation.com/diplomes-entrent-roles-support-technique-developpent-carriere-elargissant-competences-au-sein-industrie-domaine-specifique	200	text/html
20230923172547	https://ornipreparation.com/directeur-artistique-publicitaire	200	text/html
20231201101327	https://ornipreparation.com/directeur-de-creation	200	text/html
20230923173655	https://ornipreparation.com/directeur-de-la-construction	200	text/html
20230923185742	https://ornipreparation.com/directeur-de-lhotel	200	text/html
20231204230850	https://ornipreparation.com/directeur-de-production	200	text/html
20240303151908	https://ornipreparation.com/directeur-de-theatre	200	text/html
20230923182324	https://ornipreparation.com/directeur-de-tournee	200	text/html
20231003233133	https://ornipreparation.com/directeur-des-ventes	200	text/html
20231004000156	https://ornipreparation.com/directeur-environnementale	200	text/html
20230603145919	https://ornipreparation.com/directeurs-restauration-planifient-organisent-developpent-services-restauration-organisations-entreprises	200	text/html
20230603155235	https://ornipreparation.com/directeurs-salle-television-lien-vital-realisateurs-personnes-impliquees-production-televisee-studio	200	text/html
20240911062944	https://ornipreparation.com/document-tag/anglais	200	text/html
20240714111819	https://ornipreparation.com/document-tag/college-la-retraite	200	text/html
20241203052008	https://ornipreparation.com/document-tag/lyc-bil-de-nylon-brazaville-svteehb-tle-a	200	text/html
20250213014756	https://ornipreparation.com/document-tag/lyc-bil-ebone-physique-pd	200	text/html
20250213020329	https://ornipreparation.com/document-tag/lyc-bil-mbe-physique-tle-c	200	text/html
20250213020221	https://ornipreparation.com/document-tag/lycee-bilingue-yaounde	200	text/html
20250213031831	https://ornipreparation.com/document-tag/mathematiques	200	text/html
20250213021624	https://ornipreparation.com/document-tag/premiere-d	200	text/html
20250213033622	https://ornipreparation.com/document-tag/serie-f5	200	text/html
20240714104058	https://ornipreparation.com/document-tag/sujets-concours	200	text/html
20240714114800	https://ornipreparation.com/document-tag/sujets-ens-epreuve-dhistoire	200	text/html
20241203052528	https://ornipreparation.com/document-tag/sujets-ens-maroua	200	text/html
20250213035145	https://ornipreparation.com/document-tag/systeme-dinformatique	200	text/html
20250213033934	https://ornipreparation.com/document-tag/terminale-ti	200	text/html
20230603135441	https://ornipreparation.com/douala-higher-institute-of-technology-dit	200	text/html
20230603155205	https://ornipreparation.com/douane-camerounaise	200	text/html
20240717053853	https://ornipreparation.com/download-sitemap.xml	200	text/xml
20250213033426	https://ornipreparation.com/download/baccalaureat-sujet-derniers-sujets-ou-anciennes-epreuves-sequentielles-dexamens-des-lycees-colleges-et-autres-du-cameroun-a-telecharger-gratuitement	200	text/html
20240624000227	https://ornipreparation.com/download/derniers-sujets-ou-anciennes-epreuves-corrigees-de-litterature-filiere-allemande-niveau-baccalaureat-du-concours-dentree-a-lecole-normale-superieur-de-maroua-et-yaounde-ens-session-2009-a-tele	200	text/html
20241113121723	https://ornipreparation.com/download/derniers-sujets-ou-anciennes-epreuves-corrigees-niveau-baccalaureat-du-concours-dentree-a-lecole-normale-superieur-de-maroua-et-yaounde-ens-filiere-allemande-a-telecharger-gratuitement-11	200	text/html
20240618084649	https://ornipreparation.com/download/derniers-sujets-ou-anciennes-epreuves-corrigees-niveau-baccalaureat-du-concours-dentree-a-lecole-normale-superieur-de-maroua-et-yaounde-ens-filiere-allemande-a-telecharger-gratuitement-5	200	text/html
20240618100729	https://ornipreparation.com/download/derniers-sujets-ou-anciennes-epreuves-de-biologie-niveau-licence-du-concours-dentree-a-lecole-normale-superieur-de-marouaens-a-telecharger-gratuitement-3	200	text/html
20240618100110	https://ornipreparation.com/download/derniers-sujets-ou-anciennes-epreuves-de-biologie-niveau-licence-du-concours-dentree-a-lecole-normale-superieur-de-marouaens-a-telecharger-gratuitement-4	200	text/html
20240618095503	https://ornipreparation.com/download/derniers-sujets-ou-anciennes-epreuves-de-biologie-niveau-licence-du-concours-dentree-a-lecole-normale-superieur-de-marouaens-a-telecharger-gratuitement-5	200	text/html
20240624002422	https://ornipreparation.com/download/derniers-sujets-ou-anciennes-epreuves-de-chimie-niveau-licence-du-concours-dentree-a-lecole-normale-superieur-de-marouaens-a-telecharger-gratuitement-4	200	text/html
20240618092938	https://ornipreparation.com/download/derniers-sujets-ou-anciennes-epreuves-de-la-filiere-conseiller-dorientation-niveau-licence-du-concours-dentree-a-lecole-normale-superieur-de-marouaens-a-telecharger-gratui-7	200	text/html
20250126091018	https://ornipreparation.com/download/derniers-sujets-ou-anciennes-epreuves-de-languecorrige-filiere-allemande-niveau-baccalaureat-du-concours-dentree-a-lecole-normale-superieur-de-maroua-et-yaounde-ens-session-2016-a-telecharger	200	text/html
20241203062453	https://ornipreparation.com/download/derniers-sujets-ou-anciennes-epreuves-de-litterature-niveau-baccalaureat-du-concours-dentree-a-lecole-normale-superieur-de-marouaens-filiere-allemand-session-2009-a-telecharger-gratuitement	200	text/html
20241203062727	https://ornipreparation.com/download/derniers-sujets-ou-anciennes-epreuves-de-litterature-niveau-baccalaureat-du-concours-dentree-a-lecole-normale-superieur-de-marouaens-filiere-allemand-session-2015corrige-a-telecharger-grat	200	text/html
20240618094939	https://ornipreparation.com/download/derniers-sujets-ou-anciennes-epreuves-de-mathematiques-niveau-baccalaureat-du-concours-dentree-a-lecole-normale-superieur-de-marouaens-a-telecharger-gratuitement-12	200	text/html
20240618084055	https://ornipreparation.com/download/derniers-sujets-ou-anciennes-epreuves-de-mathematiques-niveau-baccalaureat-du-concours-dentree-a-lecole-normale-superieur-de-marouaens-a-telecharger-gratuitement-14	200	text/html
20240618083720	https://ornipreparation.com/download/derniers-sujets-ou-anciennes-epreuves-de-mathematiques-niveau-baccalaureat-du-concours-dentree-a-lecole-normale-superieur-de-marouaens-a-telecharger-gratuitement-30	200	text/html
20250213034805	https://ornipreparation.com/download/derniers-sujets-ou-anciennes-epreuves-de-physiques-niveau-baccalaureat-du-concours-dentree-a-lecole-normale-superieur-de-marouaens-a-telecharger-gratuitement-2	200	text/html
20250125194529	https://ornipreparation.com/download/derniers-sujets-ou-anciennes-epreuves-du-concours-dentree-a-l-ecole-nationale-de-la-statistique-et-de-lanalyse-economique-issea-cycle-ingenierie-des-travaux-de-statistique-10	200	text/html
20240623234358	https://ornipreparation.com/download/derniers-sujets-ou-anciennes-epreuves-du-concours-dentree-a-l-ecole-nationale-de-la-statistique-et-de-lanalyse-economique-issea-cycle-ingenierie-des-travaux-de-statistique-11	200	text/html
20241113113454	https://ornipreparation.com/download/derniers-sujets-ou-anciennes-epreuves-du-concours-dentree-a-l-ecole-nationale-de-la-statistique-et-de-lanalyse-economique-issea-cycle-ingenierie-des-travaux-de-statistique-13	200	text/html
20240624010123	https://ornipreparation.com/download/derniers-sujets-ou-anciennes-epreuves-du-concours-dentree-a-l-ecole-nationale-de-la-statistique-et-de-lanalyse-economique-issea-cycle-ingenierie-des-travaux-de-statistique-14	200	text/html
20250213023712	https://ornipreparation.com/download/derniers-sujets-ou-anciennes-epreuves-du-concours-dentree-a-l-ecole-nationale-de-la-statistique-et-de-lanalyse-economique-issea-cycle-ingenierie-des-travaux-de-statistique-17	200	text/html
20240618082656	https://ornipreparation.com/download/derniers-sujets-ou-anciennes-epreuves-du-concours-dentree-a-l-ecole-nationale-de-la-statistique-et-de-lanalyse-economique-issea-cycle-ingenierie-des-travaux-de-statistique-2	200	text/html
20240618085344	https://ornipreparation.com/download/derniers-sujets-ou-anciennes-epreuves-du-concours-dentree-a-l-ecole-nationale-de-la-statistique-et-de-lanalyse-economique-issea-cycle-ingenierie-des-travaux-de-statistique-20	200	text/html
20240618100511	https://ornipreparation.com/download/derniers-sujets-ou-anciennes-epreuves-du-concours-dentree-a-l-ecole-nationale-de-la-statistique-et-de-lanalyse-economique-issea-cycle-ingenierie-des-travaux-de-statistique-21	200	text/html
20240618085744	https://ornipreparation.com/download/derniers-sujets-ou-anciennes-epreuves-du-concours-dentree-a-l-ecole-nationale-de-la-statistique-et-de-lanalyse-economique-issea-cycle-ingenierie-des-travaux-de-statistique-22	200	text/html
20240618074142	https://ornipreparation.com/download/derniers-sujets-ou-anciennes-epreuves-du-concours-dentree-a-l-ecole-nationale-de-la-statistique-et-de-lanalyse-economique-issea-cycle-ingenierie-des-travaux-de-statistique-23	200	text/html
20240618090150	https://ornipreparation.com/download/derniers-sujets-ou-anciennes-epreuves-du-concours-dentree-a-l-ecole-nationale-de-la-statistique-et-de-lanalyse-economique-issea-cycle-ingenierie-des-travaux-de-statistique-24	200	text/html
20240618075915	https://ornipreparation.com/download/derniers-sujets-ou-anciennes-epreuves-du-concours-dentree-a-l-ecole-nationale-de-la-statistique-et-de-lanalyse-economique-issea-cycle-ingenierie-des-travaux-de-statistique-27	200	text/html
20240618091058	https://ornipreparation.com/download/derniers-sujets-ou-anciennes-epreuves-du-concours-dentree-a-l-ecole-nationale-de-la-statistique-et-de-lanalyse-economique-issea-cycle-ingenierie-des-travaux-de-statistique-28	200	text/html
20240618080243	https://ornipreparation.com/download/derniers-sujets-ou-anciennes-epreuves-du-concours-dentree-a-l-ecole-nationale-de-la-statistique-et-de-lanalyse-economique-issea-cycle-ingenierie-des-travaux-de-statistique-29	200	text/html
20240618075452	https://ornipreparation.com/download/derniers-sujets-ou-anciennes-epreuves-du-concours-dentree-a-l-ecole-nationale-de-la-statistique-et-de-lanalyse-economique-issea-cycle-ingenierie-des-travaux-de-statistique-3	200	text/html
20240623234441	https://ornipreparation.com/download/derniers-sujets-ou-anciennes-epreuves-du-concours-dentree-a-l-ecole-nationale-de-la-statistique-et-de-lanalyse-economique-issea-cycle-ingenierie-des-travaux-de-statistique-30	200	text/html
20240618093832	https://ornipreparation.com/download/derniers-sujets-ou-anciennes-epreuves-du-concours-dentree-a-l-ecole-nationale-de-la-statistique-et-de-lanalyse-economique-issea-cycle-ingenierie-des-travaux-de-statistique-31	200	text/html
20240623234801	https://ornipreparation.com/download/derniers-sujets-ou-anciennes-epreuves-du-concours-dentree-a-l-ecole-nationale-de-la-statistique-et-de-lanalyse-economique-issea-cycle-ingenierie-des-travaux-de-statistique-32	200	text/html
20240618094541	https://ornipreparation.com/download/derniers-sujets-ou-anciennes-epreuves-du-concours-dentree-a-l-ecole-nationale-de-la-statistique-et-de-lanalyse-economique-issea-cycle-ingenierie-des-travaux-de-statistique-4	200	text/html
20240618090717	https://ornipreparation.com/download/derniers-sujets-ou-anciennes-epreuves-du-concours-dentree-a-l-ecole-nationale-de-la-statistique-et-de-lanalyse-economique-issea-cycle-ingenierie-des-travaux-de-statistique-5	200	text/html
20240624011035	https://ornipreparation.com/download/derniers-sujets-ou-anciennes-epreuves-du-concours-dentree-a-l-ecole-nationale-de-la-statistique-et-de-lanalyse-economique-issea-cycle-ingenierie-des-travaux-de-statistique-8	200	text/html
20240618091212	https://ornipreparation.com/download/derniers-sujets-ou-anciennes-epreuves-du-concours-dentree-a-l-ecole-nationale-de-la-statistique-et-de-lanalyse-economique-issea-cycle-ingenierie-des-travaux-de-statistique-9	200	text/html
20240618084147	https://ornipreparation.com/download/derniers-sujets-ou-anciennes-epreuves-du-concours-dentree-a-l-ecole-nationale-de-la-statistique-et-de-lanalyse-economique-issea-option-economie-a-telecharger-gratuitement-10	200	text/html
20240618080949	https://ornipreparation.com/download/derniers-sujets-ou-anciennes-epreuves-du-concours-dentree-a-l-ecole-nationale-de-la-statistique-et-de-lanalyse-economique-issea-option-economie-a-telecharger-gratuitement-11	200	text/html
20240618095423	https://ornipreparation.com/download/derniers-sujets-ou-anciennes-epreuves-du-concours-dentree-a-l-ecole-nationale-de-la-statistique-et-de-lanalyse-economique-issea-option-economie-a-telecharger-gratuitement-12	200	text/html
20240618092343	https://ornipreparation.com/download/derniers-sujets-ou-anciennes-epreuves-du-concours-dentree-a-l-ecole-nationale-de-la-statistique-et-de-lanalyse-economique-issea-option-economie-a-telecharger-gratuitement-13	200	text/html
20240624001211	https://ornipreparation.com/download/derniers-sujets-ou-anciennes-epreuves-du-concours-dentree-a-l-ecole-nationale-de-la-statistique-et-de-lanalyse-economique-issea-option-economie-a-telecharger-gratuitement-18	200	text/html
20250124124204	https://ornipreparation.com/download/derniers-sujets-ou-anciennes-epreuves-du-concours-dentree-a-l-ecole-nationale-de-la-statistique-et-de-lanalyse-economique-issea-option-economie-a-telecharger-gratuitement-19	200	text/html
20240624002547	https://ornipreparation.com/download/derniers-sujets-ou-anciennes-epreuves-du-concours-dentree-a-l-ecole-nationale-de-la-statistique-et-de-lanalyse-economique-issea-option-economie-a-telecharger-gratuitement-2	200	text/html
20240624005801	https://ornipreparation.com/download/derniers-sujets-ou-anciennes-epreuves-du-concours-dentree-a-l-ecole-nationale-de-la-statistique-et-de-lanalyse-economique-issea-option-economie-a-telecharger-gratuitement-20	200	text/html
20240618085524	https://ornipreparation.com/download/derniers-sujets-ou-anciennes-epreuves-du-concours-dentree-a-l-ecole-nationale-de-la-statistique-et-de-lanalyse-economique-issea-option-economie-a-telecharger-gratuitement-21	200	text/html
20240618082234	https://ornipreparation.com/download/derniers-sujets-ou-anciennes-epreuves-du-concours-dentree-a-l-ecole-nationale-de-la-statistique-et-de-lanalyse-economique-issea-option-economie-a-telecharger-gratuitement-22	200	text/html
20240618100705	https://ornipreparation.com/download/derniers-sujets-ou-anciennes-epreuves-du-concours-dentree-a-l-ecole-nationale-de-la-statistique-et-de-lanalyse-economique-issea-option-economie-a-telecharger-gratuitement-23	200	text/html
20240618093955	https://ornipreparation.com/download/derniers-sujets-ou-anciennes-epreuves-du-concours-dentree-a-l-ecole-nationale-de-la-statistique-et-de-lanalyse-economique-issea-option-economie-a-telecharger-gratuitement-24	200	text/html
20240618090016	https://ornipreparation.com/download/derniers-sujets-ou-anciennes-epreuves-du-concours-dentree-a-l-ecole-nationale-de-la-statistique-et-de-lanalyse-economique-issea-option-economie-a-telecharger-gratuitement-25	200	text/html
20240618082608	https://ornipreparation.com/download/derniers-sujets-ou-anciennes-epreuves-du-concours-dentree-a-l-ecole-nationale-de-la-statistique-et-de-lanalyse-economique-issea-option-economie-a-telecharger-gratuitement-26	200	text/html
20240618075013	https://ornipreparation.com/download/derniers-sujets-ou-anciennes-epreuves-du-concours-dentree-a-l-ecole-nationale-de-la-statistique-et-de-lanalyse-economique-issea-option-economie-a-telecharger-gratuitement-27	200	text/html
20240618094259	https://ornipreparation.com/download/derniers-sujets-ou-anciennes-epreuves-du-concours-dentree-a-l-ecole-nationale-de-la-statistique-et-de-lanalyse-economique-issea-option-economie-a-telecharger-gratuitement-28	200	text/html
20240618090535	https://ornipreparation.com/download/derniers-sujets-ou-anciennes-epreuves-du-concours-dentree-a-l-ecole-nationale-de-la-statistique-et-de-lanalyse-economique-issea-option-economie-a-telecharger-gratuitement-29	200	text/html
20240618095710	https://ornipreparation.com/download/derniers-sujets-ou-anciennes-epreuves-du-concours-dentree-a-l-ecole-nationale-de-la-statistique-et-de-lanalyse-economique-issea-option-economie-a-telecharger-gratuitement-3	200	text/html
20240618075813	https://ornipreparation.com/download/derniers-sujets-ou-anciennes-epreuves-du-concours-dentree-a-l-ecole-nationale-de-la-statistique-et-de-lanalyse-economique-issea-option-economie-a-telecharger-gratuitement-30	200	text/html
20240618094900	https://ornipreparation.com/download/derniers-sujets-ou-anciennes-epreuves-du-concours-dentree-a-l-ecole-nationale-de-la-statistique-et-de-lanalyse-economique-issea-option-economie-a-telecharger-gratuitement-31	200	text/html
20240618091113	https://ornipreparation.com/download/derniers-sujets-ou-anciennes-epreuves-du-concours-dentree-a-l-ecole-nationale-de-la-statistique-et-de-lanalyse-economique-issea-option-economie-a-telecharger-gratuitement-32	200	text/html
20240618083806	https://ornipreparation.com/download/derniers-sujets-ou-anciennes-epreuves-du-concours-dentree-a-l-ecole-nationale-de-la-statistique-et-de-lanalyse-economique-issea-option-economie-a-telecharger-gratuitement-33	200	text/html
20240618080344	https://ornipreparation.com/download/derniers-sujets-ou-anciennes-epreuves-du-concours-dentree-a-l-ecole-nationale-de-la-statistique-et-de-lanalyse-economique-issea-option-economie-a-telecharger-gratuitement-34	200	text/html
20240618095145	https://ornipreparation.com/download/derniers-sujets-ou-anciennes-epreuves-du-concours-dentree-a-l-ecole-nationale-de-la-statistique-et-de-lanalyse-economique-issea-option-economie-a-telecharger-gratuitement-35	200	text/html
20240618091554	https://ornipreparation.com/download/derniers-sujets-ou-anciennes-epreuves-du-concours-dentree-a-l-ecole-nationale-de-la-statistique-et-de-lanalyse-economique-issea-option-economie-a-telecharger-gratuitement-36	200	text/html
20240624000439	https://ornipreparation.com/download/derniers-sujets-ou-anciennes-epreuves-du-concours-dentree-a-l-ecole-nationale-de-la-statistique-et-de-lanalyse-economique-issea-option-economie-a-telecharger-gratuitement-37	200	text/html
20240618081037	https://ornipreparation.com/download/derniers-sujets-ou-anciennes-epreuves-du-concours-dentree-a-l-ecole-nationale-de-la-statistique-et-de-lanalyse-economique-issea-option-economie-a-telecharger-gratuitement-38	200	text/html
20240618095542	https://ornipreparation.com/download/derniers-sujets-ou-anciennes-epreuves-du-concours-dentree-a-l-ecole-nationale-de-la-statistique-et-de-lanalyse-economique-issea-option-economie-a-telecharger-gratuitement-39	200	text/html
20240618082403	https://ornipreparation.com/download/derniers-sujets-ou-anciennes-epreuves-du-concours-dentree-a-l-ecole-nationale-de-la-statistique-et-de-lanalyse-economique-issea-option-economie-a-telecharger-gratuitement-4	200	text/html
20240618084731	https://ornipreparation.com/download/derniers-sujets-ou-anciennes-epreuves-du-concours-dentree-a-l-ecole-nationale-de-la-statistique-et-de-lanalyse-economique-issea-option-economie-a-telecharger-gratuitement-40	200	text/html
20240618081258	https://ornipreparation.com/download/derniers-sujets-ou-anciennes-epreuves-du-concours-dentree-a-l-ecole-nationale-de-la-statistique-et-de-lanalyse-economique-issea-option-economie-a-telecharger-gratuitement-41	200	text/html
20240618095948	https://ornipreparation.com/download/derniers-sujets-ou-anciennes-epreuves-du-concours-dentree-a-l-ecole-nationale-de-la-statistique-et-de-lanalyse-economique-issea-option-economie-a-telecharger-gratuitement-42	200	text/html
20240618093022	https://ornipreparation.com/download/derniers-sujets-ou-anciennes-epreuves-du-concours-dentree-a-l-ecole-nationale-de-la-statistique-et-de-lanalyse-economique-issea-option-economie-a-telecharger-gratuitement-43	200	text/html
20240618091230	https://ornipreparation.com/download/derniers-sujets-ou-anciennes-epreuves-du-concours-dentree-a-l-ecole-nationale-de-la-statistique-et-de-lanalyse-economique-issea-option-economie-a-telecharger-gratuitement-5	200	text/html
20240618100029	https://ornipreparation.com/download/derniers-sujets-ou-anciennes-epreuves-du-concours-dentree-a-l-ecole-nationale-de-la-statistique-et-de-lanalyse-economique-issea-option-economie-a-telecharger-gratuitement-6	200	text/html
20240618082905	https://ornipreparation.com/download/derniers-sujets-ou-anciennes-epreuves-du-concours-dentree-a-l-ecole-nationale-de-la-statistique-et-de-lanalyse-economique-issea-option-economie-a-telecharger-gratuitement-7	200	text/html
20240618091945	https://ornipreparation.com/download/derniers-sujets-ou-anciennes-epreuves-du-concours-dentree-a-l-ecole-nationale-de-la-statistique-et-de-lanalyse-economique-issea-option-economie-a-telecharger-gratuitement-8	200	text/html
20240618100551	https://ornipreparation.com/download/derniers-sujets-ou-anciennes-epreuves-du-concours-dentree-a-l-ecole-nationale-de-la-statistique-et-de-lanalyse-economique-issea-option-economie-a-telecharger-gratuitement-9	200	text/html
20250213022003	https://ornipreparation.com/download/derniers-sujets-ou-anciennes-epreuves-du-concours-dentree-enspt-ecole-nationale-superieure-des-postes-et-telecommunications-34	200	text/html
20240303151030	https://ornipreparation.com/download/derniers-sujets-ou-anciennes-epreuves-du-concours-dentree-enspt-ecole-nationale-superieure-des-postes-et-telecommunications-35	200	text/html
20240714180024	https://ornipreparation.com/download/derniers-sujets-ou-anciennes-epreuves-du-concours-dentree-enspt-ecole-nationale-superieure-des-postes-et-telecommunications-35?wpdmdl=22341&refresh=65e492e56e44d1709478629&ind=1639491602603&filename=physique_ingenieur_2009.pdf	200	application/pdf
20240716012642	https://ornipreparation.com/download/derniers-sujets-ou-anciennes-epreuves-du-concours-dentree-enspt-ecole-nationale-superieure-des-postes-et-telecommunications-35?wpdmdl=22341&refresh=66942bc6848a61720986566&ind=1639491602603&filename=physique_ingenieur_2009.pdf	200	application/pdf
20250213221416	https://ornipreparation.com/download/derniers-sujets-ou-anciennes-epreuves-du-concours-dentree-enspt-ecole-nationale-superieure-des-postes-et-telecommunications-36	200	text/html
20241203150648	https://ornipreparation.com/download/derniers-sujets-ou-anciennes-epreuves-du-concours-dentree-enspt-ecole-nationale-superieure-des-postes-et-telecommunications-38	200	text/html
20250125191630	https://ornipreparation.com/download/derniers-sujets-ou-anciennes-epreuves-du-concours-dentree-enspt-ecole-nationale-superieure-des-postes-et-telecommunications-39	200	text/html
20240618094341	https://ornipreparation.com/download/derniers-sujets-ou-anciennes-epreuves-niveau-baccalaureat-du-concours-dentree-a-lecole-normale-superieur-de-maroua-et-yaounde-ens-filiere-allemande-a-telecharger-gratuitement	200	text/html
20250213035927	https://ornipreparation.com/download/derniers-sujets-ou-anciennes-epreuves-niveau-baccalaureat-du-concours-dentree-a-lecole-normale-superieur-de-marouaens-epreuves-d-informatique-a-telecharger-gratuitement-5	200	text/html
20250213230446	https://ornipreparation.com/download/derniers-sujets-ou-anciennes-epreuves-niveau-baccalaureat-du-concours-dentree-a-lecole-normale-superieur-de-marouaens-epreuves-de-dhistoire-a-telecharger-gratuitement-10	200	text/html
20241203050551	https://ornipreparation.com/download/derniers-sujets-ou-anciennes-epreuves-niveau-baccalaureat-du-concours-dentree-a-lecole-normale-superieur-de-marouaens-epreuves-de-dhistoire-a-telecharger-gratuitement-13	200	text/html
20240618091853	https://ornipreparation.com/download/derniers-sujets-ou-anciennes-epreuves-niveau-baccalaureat-du-concours-dentree-a-lecole-normale-superieur-de-marouaens-epreuves-de-dhistoire-a-telecharger-gratuitement-7	200	text/html
20250213020455	https://ornipreparation.com/download/derniers-sujets-ou-anciennes-epreuves-niveau-baccalaureat-du-concours-dentree-a-lecole-normale-superieur-de-marouaens-epreuves-de-geographie-a-telecharger-gratuitement-3	200	text/html
20240624012531	https://ornipreparation.com/download/derniers-sujets-ou-anciennes-epreuves-niveau-baccalaureat-du-concours-dentree-a-lecole-normale-superieur-de-marouaens-epreuves-de-geographie-a-telecharger-gratuitement-4	200	text/html
20240618095305	https://ornipreparation.com/download/derniers-sujets-ou-anciennes-epreuves-niveau-baccalaureat-du-concours-dentree-a-lecole-normale-superieur-de-marouaens-epreuves-de-geographie-a-telecharger-gratuitement-5	200	text/html
20240618091139	https://ornipreparation.com/download/derniers-sujets-ou-anciennes-epreuves-niveau-baccalaureat-du-concours-dentree-a-lecole-normale-superieur-de-marouaens-epreuves-de-geographie-a-telecharger-gratuitement-8	200	text/html
20240618084337	https://ornipreparation.com/download/derniers-sujets-ou-anciennes-epreuves-niveau-baccalaureat-du-concours-dentree-a-lecole-normale-superieur-de-marouaens-epreuves-de-langue-moderne-francaises-et-autres-a-telecharger-11	200	text/html
20240618094620	https://ornipreparation.com/download/derniers-sujets-ou-anciennes-epreuves-niveau-baccalaureat-du-concours-dentree-a-lecole-normale-superieur-de-marouaens-epreuves-de-langue-moderne-francaises-et-autres-a-telecharger-16	200	text/html
20250213035736	https://ornipreparation.com/download/derniers-sujets-ou-anciennes-epreuves-niveau-baccalaureat-du-concours-dentree-a-lecole-normale-superieur-de-marouaens-epreuves-de-langue-moderne-francaises-et-autres-a-telecharger-26	200	text/html
20240618092729	https://ornipreparation.com/download/derniers-sujets-ou-anciennes-epreuves-niveau-baccalaureat-du-concours-dentree-a-lecole-normale-superieur-de-marouaens-epreuves-de-lettres-bilingues-a-telecharger-gratuitement-11	200	text/html
20240618093209	https://ornipreparation.com/download/derniers-sujets-ou-anciennes-epreuves-niveau-baccalaureat-du-concours-dentree-a-lecole-normale-superieur-de-marouaens-epreuves-de-lettres-classiques-a-telecharger-gratuitement-3	200	text/html
20240618080627	https://ornipreparation.com/download/derniers-sujets-ou-anciennes-epreuves-niveau-baccalaureat-du-concours-dentree-a-lecole-normale-superieur-de-marouaens-filiere-espagnol-a-telecharger-gratuitement-3	200	text/html
20240618083420	https://ornipreparation.com/download/derniers-sujets-ou-anciennes-epreuves-niveau-baccalaureat-du-concours-dentree-a-lecole-normale-superieur-de-marouaens-filiere-espagnol-a-telecharger-gratuitement-34	200	text/html
20250213032544	https://ornipreparation.com/download/derniers-sujets-ou-anciennes-epreuves-niveau-baccalaureat-du-concours-dentree-a-lecole-normale-superieur-de-marouaens-filiere-espagnol-a-telecharger-gratuitement-39	200	text/html
20240618091656	https://ornipreparation.com/download/derniers-sujets-ou-anciennes-epreuves-sequentielles-dexamens-des-lycees-colleges-et-autres-du-cameroun-a-telecharger-gratuitement-10	200	text/html
20240623232802	https://ornipreparation.com/download/derniers-sujets-ou-anciennes-epreuves-sequentielles-dexamens-des-lycees-colleges-et-autres-du-cameroun-a-telecharger-gratuitement-11	200	text/html
20240618092219	https://ornipreparation.com/download/derniers-sujets-ou-anciennes-epreuves-sequentielles-dexamens-des-lycees-colleges-et-autres-du-cameroun-a-telecharger-gratuitement-12	200	text/html
20240618081214	https://ornipreparation.com/download/derniers-sujets-ou-anciennes-epreuves-sequentielles-dexamens-des-lycees-colleges-et-autres-du-cameroun-a-telecharger-gratuitement-13	200	text/html
20240618092556	https://ornipreparation.com/download/derniers-sujets-ou-anciennes-epreuves-sequentielles-dexamens-des-lycees-colleges-et-autres-du-cameroun-a-telecharger-gratuitement-14	200	text/html
20240618081343	https://ornipreparation.com/download/derniers-sujets-ou-anciennes-epreuves-sequentielles-dexamens-des-lycees-colleges-et-autres-du-cameroun-a-telecharger-gratuitement-15	200	text/html
20240618092855	https://ornipreparation.com/download/derniers-sujets-ou-anciennes-epreuves-sequentielles-dexamens-des-lycees-colleges-et-autres-du-cameroun-a-telecharger-gratuitement-16	200	text/html
20240618081737	https://ornipreparation.com/download/derniers-sujets-ou-anciennes-epreuves-sequentielles-dexamens-des-lycees-colleges-et-autres-du-cameroun-a-telecharger-gratuitement-17	200	text/html
20240618093412	https://ornipreparation.com/download/derniers-sujets-ou-anciennes-epreuves-sequentielles-dexamens-des-lycees-colleges-et-autres-du-cameroun-a-telecharger-gratuitement-18	200	text/html
20240623234312	https://ornipreparation.com/download/derniers-sujets-ou-anciennes-epreuves-sequentielles-dexamens-des-lycees-colleges-et-autres-du-cameroun-a-telecharger-gratuitement-19	200	text/html
20240618093626	https://ornipreparation.com/download/derniers-sujets-ou-anciennes-epreuves-sequentielles-dexamens-des-lycees-colleges-et-autres-du-cameroun-a-telecharger-gratuitement-2	200	text/html
20240618090442	https://ornipreparation.com/download/derniers-sujets-ou-anciennes-epreuves-sequentielles-dexamens-des-lycees-colleges-et-autres-du-cameroun-a-telecharger-gratuitement-20	200	text/html
20240618090801	https://ornipreparation.com/download/derniers-sujets-ou-anciennes-epreuves-sequentielles-dexamens-des-lycees-colleges-et-autres-du-cameroun-a-telecharger-gratuitement-22	200	text/html
20240618091126	https://ornipreparation.com/download/derniers-sujets-ou-anciennes-epreuves-sequentielles-dexamens-des-lycees-colleges-et-autres-du-cameroun-a-telecharger-gratuitement-24	200	text/html
20240618091349	https://ornipreparation.com/download/derniers-sujets-ou-anciennes-epreuves-sequentielles-dexamens-des-lycees-colleges-et-autres-du-cameroun-a-telecharger-gratuitement-26	200	text/html
20240618080719	https://ornipreparation.com/download/derniers-sujets-ou-anciennes-epreuves-sequentielles-dexamens-des-lycees-colleges-et-autres-du-cameroun-a-telecharger-gratuitement-27	200	text/html
20240618091744	https://ornipreparation.com/download/derniers-sujets-ou-anciennes-epreuves-sequentielles-dexamens-des-lycees-colleges-et-autres-du-cameroun-a-telecharger-gratuitement-28	200	text/html
20240618081126	https://ornipreparation.com/download/derniers-sujets-ou-anciennes-epreuves-sequentielles-dexamens-des-lycees-colleges-et-autres-du-cameroun-a-telecharger-gratuitement-29	200	text/html
20240618092251	https://ornipreparation.com/download/derniers-sujets-ou-anciennes-epreuves-sequentielles-dexamens-des-lycees-colleges-et-autres-du-cameroun-a-telecharger-gratuitement-3	200	text/html
20241203062850	https://ornipreparation.com/download/derniers-sujets-ou-anciennes-epreuves-sequentielles-dexamens-des-lycees-colleges-et-autres-du-cameroun-a-telecharger-gratuitement-31	200	text/html
20240919173509	https://ornipreparation.com/download/derniers-sujets-ou-anciennes-epreuves-sequentielles-dexamens-des-lycees-colleges-et-autres-du-cameroun-a-telecharger-gratuitement-32	200	text/html
20250213030649	https://ornipreparation.com/download/derniers-sujets-ou-anciennes-epreuves-sequentielles-dexamens-des-lycees-colleges-et-autres-du-cameroun-a-telecharger-gratuitement-34	200	text/html
20250126085524	https://ornipreparation.com/download/derniers-sujets-ou-anciennes-epreuves-sequentielles-dexamens-des-lycees-colleges-et-autres-du-cameroun-a-telecharger-gratuitement-36	200	text/html
20240624002650	https://ornipreparation.com/download/derniers-sujets-ou-anciennes-epreuves-sequentielles-dexamens-des-lycees-colleges-et-autres-du-cameroun-a-telecharger-gratuitement-4	200	text/html
20240618084243	https://ornipreparation.com/download/derniers-sujets-ou-anciennes-epreuves-sequentielles-dexamens-des-lycees-colleges-et-autres-du-cameroun-a-telecharger-gratuitement-40	200	text/html
20240624011725	https://ornipreparation.com/download/derniers-sujets-ou-anciennes-epreuves-sequentielles-dexamens-des-lycees-colleges-et-autres-du-cameroun-a-telecharger-gratuitement-41	200	text/html
20240618084455	https://ornipreparation.com/download/derniers-sujets-ou-anciennes-epreuves-sequentielles-dexamens-des-lycees-colleges-et-autres-du-cameroun-a-telecharger-gratuitement-42	200	text/html
20240618095830	https://ornipreparation.com/download/derniers-sujets-ou-anciennes-epreuves-sequentielles-dexamens-des-lycees-colleges-et-autres-du-cameroun-a-telecharger-gratuitement-43	200	text/html
20240618084813	https://ornipreparation.com/download/derniers-sujets-ou-anciennes-epreuves-sequentielles-dexamens-des-lycees-colleges-et-autres-du-cameroun-a-telecharger-gratuitement-44	200	text/html
20240624012117	https://ornipreparation.com/download/derniers-sujets-ou-anciennes-epreuves-sequentielles-dexamens-des-lycees-colleges-et-autres-du-cameroun-a-telecharger-gratuitement-45	200	text/html
20240618085005	https://ornipreparation.com/download/derniers-sujets-ou-anciennes-epreuves-sequentielles-dexamens-des-lycees-colleges-et-autres-du-cameroun-a-telecharger-gratuitement-46	200	text/html
20240618100232	https://ornipreparation.com/download/derniers-sujets-ou-anciennes-epreuves-sequentielles-dexamens-des-lycees-colleges-et-autres-du-cameroun-a-telecharger-gratuitement-47	200	text/html
20240618085419	https://ornipreparation.com/download/derniers-sujets-ou-anciennes-epreuves-sequentielles-dexamens-des-lycees-colleges-et-autres-du-cameroun-a-telecharger-gratuitement-48	200	text/html
20240618100429	https://ornipreparation.com/download/derniers-sujets-ou-anciennes-epreuves-sequentielles-dexamens-des-lycees-colleges-et-autres-du-cameroun-a-telecharger-gratuitement-49	200	text/html
20240618085633	https://ornipreparation.com/download/derniers-sujets-ou-anciennes-epreuves-sequentielles-dexamens-des-lycees-colleges-et-autres-du-cameroun-a-telecharger-gratuitement-5	200	text/html
20240618094659	https://ornipreparation.com/download/derniers-sujets-ou-anciennes-epreuves-sequentielles-dexamens-des-lycees-colleges-et-autres-du-cameroun-a-telecharger-gratuitement-51	200	text/html
20240623235321	https://ornipreparation.com/download/derniers-sujets-ou-anciennes-epreuves-sequentielles-dexamens-des-lycees-colleges-et-autres-du-cameroun-a-telecharger-gratuitement-52	200	text/html
20240618083847	https://ornipreparation.com/download/derniers-sujets-ou-anciennes-epreuves-sequentielles-dexamens-des-lycees-colleges-et-autres-du-cameroun-a-telecharger-gratuitement-54	200	text/html
20240618095105	https://ornipreparation.com/download/derniers-sujets-ou-anciennes-epreuves-sequentielles-dexamens-des-lycees-colleges-et-autres-du-cameroun-a-telecharger-gratuitement-55	200	text/html
20240618083930	https://ornipreparation.com/download/derniers-sujets-ou-anciennes-epreuves-sequentielles-dexamens-des-lycees-colleges-et-autres-du-cameroun-a-telecharger-gratuitement-56	200	text/html
20240618095226	https://ornipreparation.com/download/derniers-sujets-ou-anciennes-epreuves-sequentielles-dexamens-des-lycees-colleges-et-autres-du-cameroun-a-telecharger-gratuitement-57	200	text/html
20240624000551	https://ornipreparation.com/download/derniers-sujets-ou-anciennes-epreuves-sequentielles-dexamens-des-lycees-colleges-et-autres-du-cameroun-a-telecharger-gratuitement-58	200	text/html
20240618095624	https://ornipreparation.com/download/derniers-sujets-ou-anciennes-epreuves-sequentielles-dexamens-des-lycees-colleges-et-autres-du-cameroun-a-telecharger-gratuitement-59	200	text/html
20240618084532	https://ornipreparation.com/download/derniers-sujets-ou-anciennes-epreuves-sequentielles-dexamens-des-lycees-colleges-et-autres-du-cameroun-a-telecharger-gratuitement-6	200	text/html
20240618082057	https://ornipreparation.com/download/derniers-sujets-ou-anciennes-epreuves-sequentielles-dexamens-des-lycees-colleges-et-autres-du-cameroun-a-telecharger-gratuitement-60	200	text/html
20240618093912	https://ornipreparation.com/download/derniers-sujets-ou-anciennes-epreuves-sequentielles-dexamens-des-lycees-colleges-et-autres-du-cameroun-a-telecharger-gratuitement-63	200	text/html
20240618082526	https://ornipreparation.com/download/derniers-sujets-ou-anciennes-epreuves-sequentielles-dexamens-des-lycees-colleges-et-autres-du-cameroun-a-telecharger-gratuitement-64	200	text/html
20240624010446	https://ornipreparation.com/download/derniers-sujets-ou-anciennes-epreuves-sequentielles-dexamens-des-lycees-colleges-et-autres-du-cameroun-a-telecharger-gratuitement-65	200	text/html
20240618082740	https://ornipreparation.com/download/derniers-sujets-ou-anciennes-epreuves-sequentielles-dexamens-des-lycees-colleges-et-autres-du-cameroun-a-telecharger-gratuitement-66	200	text/html
20240618094422	https://ornipreparation.com/download/derniers-sujets-ou-anciennes-epreuves-sequentielles-dexamens-des-lycees-colleges-et-autres-du-cameroun-a-telecharger-gratuitement-67	200	text/html
20240618083141	https://ornipreparation.com/download/derniers-sujets-ou-anciennes-epreuves-sequentielles-dexamens-des-lycees-colleges-et-autres-du-cameroun-a-telecharger-gratuitement-68	200	text/html
20240618094740	https://ornipreparation.com/download/derniers-sujets-ou-anciennes-epreuves-sequentielles-dexamens-des-lycees-colleges-et-autres-du-cameroun-a-telecharger-gratuitement-69	200	text/html
20240618083339	https://ornipreparation.com/download/derniers-sujets-ou-anciennes-epreuves-sequentielles-dexamens-des-lycees-colleges-et-autres-du-cameroun-a-telecharger-gratuitement-7	200	text/html
20240623232935	https://ornipreparation.com/download/derniers-sujets-ou-anciennes-epreuves-sequentielles-dexamens-des-lycees-colleges-et-autres-du-cameroun-a-telecharger-gratuitement-70	200	text/html
20240618092505	https://ornipreparation.com/download/derniers-sujets-ou-anciennes-epreuves-sequentielles-dexamens-des-lycees-colleges-et-autres-du-cameroun-a-telecharger-gratuitement-71	200	text/html
20240623233235	https://ornipreparation.com/download/derniers-sujets-ou-anciennes-epreuves-sequentielles-dexamens-des-lycees-colleges-et-autres-du-cameroun-a-telecharger-gratuitement-72	200	text/html
20240624005133	https://ornipreparation.com/download/derniers-sujets-ou-anciennes-epreuves-sequentielles-dexamens-des-lycees-colleges-et-autres-du-cameroun-a-telecharger-gratuitement-73	200	text/html
20240618081527	https://ornipreparation.com/download/derniers-sujets-ou-anciennes-epreuves-sequentielles-dexamens-des-lycees-colleges-et-autres-du-cameroun-a-telecharger-gratuitement-74	200	text/html
20240618093112	https://ornipreparation.com/download/derniers-sujets-ou-anciennes-epreuves-sequentielles-dexamens-des-lycees-colleges-et-autres-du-cameroun-a-telecharger-gratuitement-75	200	text/html
20240618081914	https://ornipreparation.com/download/derniers-sujets-ou-anciennes-epreuves-sequentielles-dexamens-des-lycees-colleges-et-autres-du-cameroun-a-telecharger-gratuitement-76	200	text/html
20240618093500	https://ornipreparation.com/download/derniers-sujets-ou-anciennes-epreuves-sequentielles-dexamens-des-lycees-colleges-et-autres-du-cameroun-a-telecharger-gratuitement-77	200	text/html
20240618082146	https://ornipreparation.com/download/derniers-sujets-ou-anciennes-epreuves-sequentielles-dexamens-des-lycees-colleges-et-autres-du-cameroun-a-telecharger-gratuitement-78	200	text/html
20240618093752	https://ornipreparation.com/download/derniers-sujets-ou-anciennes-epreuves-sequentielles-dexamens-des-lycees-colleges-et-autres-du-cameroun-a-telecharger-gratuitement-79	200	text/html
20240618082320	https://ornipreparation.com/download/derniers-sujets-ou-anciennes-epreuves-sequentielles-dexamens-des-lycees-colleges-et-autres-du-cameroun-a-telecharger-gratuitement-8	200	text/html
20240623231648	https://ornipreparation.com/download/derniers-sujets-ou-anciennes-epreuves-sequentielles-dexamens-des-lycees-colleges-et-autres-du-cameroun-a-telecharger-gratuitement-80	200	text/html
20240714105057	https://ornipreparation.com/download/derniers-sujets-ou-anciennes-epreuves-sequentielles-dexamens-des-lycees-colleges-et-autres-du-cameroun-a-telecharger-gratuitement-805	200	text/html
20240714102535	https://ornipreparation.com/download/derniers-sujets-ou-anciennes-epreuves-sequentielles-dexamens-des-lycees-colleges-et-autres-du-cameroun-a-telecharger-gratuitement-806	200	text/html
20240714100647	https://ornipreparation.com/download/derniers-sujets-ou-anciennes-epreuves-sequentielles-dexamens-des-lycees-colleges-et-autres-du-cameroun-a-telecharger-gratuitement-807	200	text/html
20240714094612	https://ornipreparation.com/download/derniers-sujets-ou-anciennes-epreuves-sequentielles-dexamens-des-lycees-colleges-et-autres-du-cameroun-a-telecharger-gratuitement-808	200	text/html
20240714113449	https://ornipreparation.com/download/derniers-sujets-ou-anciennes-epreuves-sequentielles-dexamens-des-lycees-colleges-et-autres-du-cameroun-a-telecharger-gratuitement-809	200	text/html
20240618090857	https://ornipreparation.com/download/derniers-sujets-ou-anciennes-epreuves-sequentielles-dexamens-des-lycees-colleges-et-autres-du-cameroun-a-telecharger-gratuitement-81	200	text/html
20240714114412	https://ornipreparation.com/download/derniers-sujets-ou-anciennes-epreuves-sequentielles-dexamens-des-lycees-colleges-et-autres-du-cameroun-a-telecharger-gratuitement-810	200	text/html
20240714112057	https://ornipreparation.com/download/derniers-sujets-ou-anciennes-epreuves-sequentielles-dexamens-des-lycees-colleges-et-autres-du-cameroun-a-telecharger-gratuitement-811	200	text/html
20240714105327	https://ornipreparation.com/download/derniers-sujets-ou-anciennes-epreuves-sequentielles-dexamens-des-lycees-colleges-et-autres-du-cameroun-a-telecharger-gratuitement-812	200	text/html
20240714103026	https://ornipreparation.com/download/derniers-sujets-ou-anciennes-epreuves-sequentielles-dexamens-des-lycees-colleges-et-autres-du-cameroun-a-telecharger-gratuitement-813	200	text/html
20240714101058	https://ornipreparation.com/download/derniers-sujets-ou-anciennes-epreuves-sequentielles-dexamens-des-lycees-colleges-et-autres-du-cameroun-a-telecharger-gratuitement-814	200	text/html
20240714095318	https://ornipreparation.com/download/derniers-sujets-ou-anciennes-epreuves-sequentielles-dexamens-des-lycees-colleges-et-autres-du-cameroun-a-telecharger-gratuitement-815	200	text/html
20240714114044	https://ornipreparation.com/download/derniers-sujets-ou-anciennes-epreuves-sequentielles-dexamens-des-lycees-colleges-et-autres-du-cameroun-a-telecharger-gratuitement-816	200	text/html
20240714110921	https://ornipreparation.com/download/derniers-sujets-ou-anciennes-epreuves-sequentielles-dexamens-des-lycees-colleges-et-autres-du-cameroun-a-telecharger-gratuitement-817	200	text/html
20240714104819	https://ornipreparation.com/download/derniers-sujets-ou-anciennes-epreuves-sequentielles-dexamens-des-lycees-colleges-et-autres-du-cameroun-a-telecharger-gratuitement-818	200	text/html
20240714102344	https://ornipreparation.com/download/derniers-sujets-ou-anciennes-epreuves-sequentielles-dexamens-des-lycees-colleges-et-autres-du-cameroun-a-telecharger-gratuitement-819	200	text/html
20240618080120	https://ornipreparation.com/download/derniers-sujets-ou-anciennes-epreuves-sequentielles-dexamens-des-lycees-colleges-et-autres-du-cameroun-a-telecharger-gratuitement-82	200	text/html
20250126084253	https://ornipreparation.com/download/derniers-sujets-ou-anciennes-epreuves-sequentielles-dexamens-des-lycees-colleges-et-autres-du-cameroun-a-telecharger-gratuitement-820	200	text/html
20250126081051	https://ornipreparation.com/download/derniers-sujets-ou-anciennes-epreuves-sequentielles-dexamens-des-lycees-colleges-et-autres-du-cameroun-a-telecharger-gratuitement-821	200	text/html
20250126074337	https://ornipreparation.com/download/derniers-sujets-ou-anciennes-epreuves-sequentielles-dexamens-des-lycees-colleges-et-autres-du-cameroun-a-telecharger-gratuitement-822	200	text/html
20250126093747	https://ornipreparation.com/download/derniers-sujets-ou-anciennes-epreuves-sequentielles-dexamens-des-lycees-colleges-et-autres-du-cameroun-a-telecharger-gratuitement-823	200	text/html
20250126091706	https://ornipreparation.com/download/derniers-sujets-ou-anciennes-epreuves-sequentielles-dexamens-des-lycees-colleges-et-autres-du-cameroun-a-telecharger-gratuitement-824	200	text/html
20250125192735	https://ornipreparation.com/download/derniers-sujets-ou-anciennes-epreuves-sequentielles-dexamens-des-lycees-colleges-et-autres-du-cameroun-a-telecharger-gratuitement-825	200	text/html
20250126083256	https://ornipreparation.com/download/derniers-sujets-ou-anciennes-epreuves-sequentielles-dexamens-des-lycees-colleges-et-autres-du-cameroun-a-telecharger-gratuitement-826	200	text/html
20250126080244	https://ornipreparation.com/download/derniers-sujets-ou-anciennes-epreuves-sequentielles-dexamens-des-lycees-colleges-et-autres-du-cameroun-a-telecharger-gratuitement-827	200	text/html
20250126073534	https://ornipreparation.com/download/derniers-sujets-ou-anciennes-epreuves-sequentielles-dexamens-des-lycees-colleges-et-autres-du-cameroun-a-telecharger-gratuitement-828	200	text/html
20250126092913	https://ornipreparation.com/download/derniers-sujets-ou-anciennes-epreuves-sequentielles-dexamens-des-lycees-colleges-et-autres-du-cameroun-a-telecharger-gratuitement-829	200	text/html
20250213031720	https://ornipreparation.com/download/derniers-sujets-ou-anciennes-epreuves-sequentielles-dexamens-des-lycees-colleges-et-autres-du-cameroun-a-telecharger-gratuitement-83	200	text/html
20250126094153	https://ornipreparation.com/download/derniers-sujets-ou-anciennes-epreuves-sequentielles-dexamens-des-lycees-colleges-et-autres-du-cameroun-a-telecharger-gratuitement-830	200	text/html
20250126092239	https://ornipreparation.com/download/derniers-sujets-ou-anciennes-epreuves-sequentielles-dexamens-des-lycees-colleges-et-autres-du-cameroun-a-telecharger-gratuitement-831	200	text/html
20250126090331	https://ornipreparation.com/download/derniers-sujets-ou-anciennes-epreuves-sequentielles-dexamens-des-lycees-colleges-et-autres-du-cameroun-a-telecharger-gratuitement-832	200	text/html
20250126084130	https://ornipreparation.com/download/derniers-sujets-ou-anciennes-epreuves-sequentielles-dexamens-des-lycees-colleges-et-autres-du-cameroun-a-telecharger-gratuitement-833	200	text/html
20250126080845	https://ornipreparation.com/download/derniers-sujets-ou-anciennes-epreuves-sequentielles-dexamens-des-lycees-colleges-et-autres-du-cameroun-a-telecharger-gratuitement-834	200	text/html
20250126073958	https://ornipreparation.com/download/derniers-sujets-ou-anciennes-epreuves-sequentielles-dexamens-des-lycees-colleges-et-autres-du-cameroun-a-telecharger-gratuitement-835	200	text/html
20250126093507	https://ornipreparation.com/download/derniers-sujets-ou-anciennes-epreuves-sequentielles-dexamens-des-lycees-colleges-et-autres-du-cameroun-a-telecharger-gratuitement-836	200	text/html
20250126091544	https://ornipreparation.com/download/derniers-sujets-ou-anciennes-epreuves-sequentielles-dexamens-des-lycees-colleges-et-autres-du-cameroun-a-telecharger-gratuitement-837	200	text/html
20250126085646	https://ornipreparation.com/download/derniers-sujets-ou-anciennes-epreuves-sequentielles-dexamens-des-lycees-colleges-et-autres-du-cameroun-a-telecharger-gratuitement-838	200	text/html
20250126083052	https://ornipreparation.com/download/derniers-sujets-ou-anciennes-epreuves-sequentielles-dexamens-des-lycees-colleges-et-autres-du-cameroun-a-telecharger-gratuitement-839	200	text/html
20240623232441	https://ornipreparation.com/download/derniers-sujets-ou-anciennes-epreuves-sequentielles-dexamens-des-lycees-colleges-et-autres-du-cameroun-a-telecharger-gratuitement-84	200	text/html
20250126084741	https://ornipreparation.com/download/derniers-sujets-ou-anciennes-epreuves-sequentielles-dexamens-des-lycees-colleges-et-autres-du-cameroun-a-telecharger-gratuitement-840	200	text/html
20250126081403	https://ornipreparation.com/download/derniers-sujets-ou-anciennes-epreuves-sequentielles-dexamens-des-lycees-colleges-et-autres-du-cameroun-a-telecharger-gratuitement-841	200	text/html
20250126074840	https://ornipreparation.com/download/derniers-sujets-ou-anciennes-epreuves-sequentielles-dexamens-des-lycees-colleges-et-autres-du-cameroun-a-telecharger-gratuitement-842	200	text/html
20250126093949	https://ornipreparation.com/download/derniers-sujets-ou-anciennes-epreuves-sequentielles-dexamens-des-lycees-colleges-et-autres-du-cameroun-a-telecharger-gratuitement-843	200	text/html
20250126091950	https://ornipreparation.com/download/derniers-sujets-ou-anciennes-epreuves-sequentielles-dexamens-des-lycees-colleges-et-autres-du-cameroun-a-telecharger-gratuitement-844	200	text/html
20250126090130	https://ornipreparation.com/download/derniers-sujets-ou-anciennes-epreuves-sequentielles-dexamens-des-lycees-colleges-et-autres-du-cameroun-a-telecharger-gratuitement-845	200	text/html
20250126083841	https://ornipreparation.com/download/derniers-sujets-ou-anciennes-epreuves-sequentielles-dexamens-des-lycees-colleges-et-autres-du-cameroun-a-telecharger-gratuitement-846	200	text/html
20250126080720	https://ornipreparation.com/download/derniers-sujets-ou-anciennes-epreuves-sequentielles-dexamens-des-lycees-colleges-et-autres-du-cameroun-a-telecharger-gratuitement-847	200	text/html
20250126093153	https://ornipreparation.com/download/derniers-sujets-ou-anciennes-epreuves-sequentielles-dexamens-des-lycees-colleges-et-autres-du-cameroun-a-telecharger-gratuitement-849	200	text/html
20240618091453	https://ornipreparation.com/download/derniers-sujets-ou-anciennes-epreuves-sequentielles-dexamens-des-lycees-colleges-et-autres-du-cameroun-a-telecharger-gratuitement-85	200	text/html
20250126094414	https://ornipreparation.com/download/derniers-sujets-ou-anciennes-epreuves-sequentielles-dexamens-des-lycees-colleges-et-autres-du-cameroun-a-telecharger-gratuitement-850	200	text/html
20250126092443	https://ornipreparation.com/download/derniers-sujets-ou-anciennes-epreuves-sequentielles-dexamens-des-lycees-colleges-et-autres-du-cameroun-a-telecharger-gratuitement-851	200	text/html
20250126090534	https://ornipreparation.com/download/derniers-sujets-ou-anciennes-epreuves-sequentielles-dexamens-des-lycees-colleges-et-autres-du-cameroun-a-telecharger-gratuitement-852	200	text/html
20250126084541	https://ornipreparation.com/download/derniers-sujets-ou-anciennes-epreuves-sequentielles-dexamens-des-lycees-colleges-et-autres-du-cameroun-a-telecharger-gratuitement-853	200	text/html
20250126081229	https://ornipreparation.com/download/derniers-sujets-ou-anciennes-epreuves-sequentielles-dexamens-des-lycees-colleges-et-autres-du-cameroun-a-telecharger-gratuitement-854	200	text/html
20250126074523	https://ornipreparation.com/download/derniers-sujets-ou-anciennes-epreuves-sequentielles-dexamens-des-lycees-colleges-et-autres-du-cameroun-a-telecharger-gratuitement-855	200	text/html
20250126093827	https://ornipreparation.com/download/derniers-sujets-ou-anciennes-epreuves-sequentielles-dexamens-des-lycees-colleges-et-autres-du-cameroun-a-telecharger-gratuitement-856	200	text/html
20250126091749	https://ornipreparation.com/download/derniers-sujets-ou-anciennes-epreuves-sequentielles-dexamens-des-lycees-colleges-et-autres-du-cameroun-a-telecharger-gratuitement-857	200	text/html
20250126085849	https://ornipreparation.com/download/derniers-sujets-ou-anciennes-epreuves-sequentielles-dexamens-des-lycees-colleges-et-autres-du-cameroun-a-telecharger-gratuitement-858	200	text/html
20250126083503	https://ornipreparation.com/download/derniers-sujets-ou-anciennes-epreuves-sequentielles-dexamens-des-lycees-colleges-et-autres-du-cameroun-a-telecharger-gratuitement-859	200	text/html
20240618080809	https://ornipreparation.com/download/derniers-sujets-ou-anciennes-epreuves-sequentielles-dexamens-des-lycees-colleges-et-autres-du-cameroun-a-telecharger-gratuitement-86	200	text/html
20250126084941	https://ornipreparation.com/download/derniers-sujets-ou-anciennes-epreuves-sequentielles-dexamens-des-lycees-colleges-et-autres-du-cameroun-a-telecharger-gratuitement-860	200	text/html
20250126081744	https://ornipreparation.com/download/derniers-sujets-ou-anciennes-epreuves-sequentielles-dexamens-des-lycees-colleges-et-autres-du-cameroun-a-telecharger-gratuitement-861	200	text/html
20250126075141	https://ornipreparation.com/download/derniers-sujets-ou-anciennes-epreuves-sequentielles-dexamens-des-lycees-colleges-et-autres-du-cameroun-a-telecharger-gratuitement-862	200	text/html
20250126094232	https://ornipreparation.com/download/derniers-sujets-ou-anciennes-epreuves-sequentielles-dexamens-des-lycees-colleges-et-autres-du-cameroun-a-telecharger-gratuitement-863	200	text/html
20250126092321	https://ornipreparation.com/download/derniers-sujets-ou-anciennes-epreuves-sequentielles-dexamens-des-lycees-colleges-et-autres-du-cameroun-a-telecharger-gratuitement-864	200	text/html
20250126090410	https://ornipreparation.com/download/derniers-sujets-ou-anciennes-epreuves-sequentielles-dexamens-des-lycees-colleges-et-autres-du-cameroun-a-telecharger-gratuitement-865	200	text/html
20250126084210	https://ornipreparation.com/download/derniers-sujets-ou-anciennes-epreuves-sequentielles-dexamens-des-lycees-colleges-et-autres-du-cameroun-a-telecharger-gratuitement-866	200	text/html
20240623233019	https://ornipreparation.com/download/derniers-sujets-ou-anciennes-epreuves-sequentielles-dexamens-des-lycees-colleges-et-autres-du-cameroun-a-telecharger-gratuitement-88	200	text/html
20240618090414	https://ornipreparation.com/download/documents-demandes	200	text/html
20240618095020	https://ornipreparation.com/download/mathematiques-bacc-a-2010	200	text/html
20240815184244	https://ornipreparation.com/download/orni-epreuve-blanc-baccalaureat-mathematique-2022-4	200	text/html
20250126090816	https://ornipreparation.com/download/orni-francois-xavier-epreuve-svteehb-3eme-2021-2	200	text/html
20250213214150	https://ornipreparation.com/download/orni-la-manne-blanc-automatisme-tle-mvt	200	text/html
20250126084335	https://ornipreparation.com/download/orni-montesquieu-sequence2-allemand-3e-2022	200	text/html
20240815192727	https://ornipreparation.com/download/programme-concours-eamac	200	text/html
20240618092101	https://ornipreparation.com/download/sujet-baccalaureat-derniers-sujets-ou-anciennes-epreuves-sequentielles-dexamens-des-lycees-colleges-et-autres-du-cameroun-a-telecharger-gratuitement-10	200	text/html
20240618084417	https://ornipreparation.com/download/sujet-baccalaureat-derniers-sujets-ou-anciennes-epreuves-sequentielles-dexamens-des-lycees-colleges-et-autres-du-cameroun-a-telecharger-gratuitement-11	200	text/html
20250213021819	https://ornipreparation.com/download/sujet-baccalaureat-derniers-sujets-ou-anciennes-epreuves-sequentielles-dexamens-des-lycees-colleges-et-autres-du-cameroun-a-telecharger-gratuitement-12	200	text/html
20240618080013	https://ornipreparation.com/download/sujet-baccalaureat-derniers-sujets-ou-anciennes-epreuves-sequentielles-dexamens-des-lycees-colleges-et-autres-du-cameroun-a-telecharger-gratuitement-2	200	text/html
20250213032620	https://ornipreparation.com/download/sujet-baccalaureat-derniers-sujets-ou-anciennes-epreuves-sequentielles-dexamens-des-lycees-colleges-et-autres-du-cameroun-a-telecharger-gratuitement-3	200	text/html
20240618082945	https://ornipreparation.com/download/sujet-baccalaureat-derniers-sujets-ou-anciennes-epreuves-sequentielles-dexamens-des-lycees-colleges-et-autres-du-cameroun-a-telecharger-gratuitement-4	200	text/html
20250213035445	https://ornipreparation.com/download/sujet-baccalaureat-derniers-sujets-ou-anciennes-epreuves-sequentielles-dexamens-des-lycees-colleges-et-autres-du-cameroun-a-telecharger-gratuitement-5	200	text/html
20240618085815	https://ornipreparation.com/download/sujet-baccalaureat-derniers-sujets-ou-anciennes-epreuves-sequentielles-dexamens-des-lycees-colleges-et-autres-du-cameroun-a-telecharger-gratuitement-6	200	text/html
20240618080532	https://ornipreparation.com/download/sujet-baccalaureat-derniers-sujets-ou-anciennes-epreuves-sequentielles-dexamens-des-lycees-colleges-et-autres-du-cameroun-a-telecharger-gratuitement-7	200	text/html
20250213033011	https://ornipreparation.com/download/sujet-baccalaureat-derniers-sujets-ou-anciennes-epreuves-sequentielles-dexamens-des-lycees-colleges-et-autres-du-cameroun-a-telecharger-gratuitement-8	200	text/html
20240623235240	https://ornipreparation.com/download/sujet-baccalaureat-derniers-sujets-ou-anciennes-epreuves-sequentielles-dexamens-des-lycees-colleges-et-autres-du-cameroun-a-telecharger-gratuitement-9	200	text/html
20231201101220	https://ornipreparation.com/download/sujet-evaluation-premiere-anglais-college-f-x-vogt-premier-d-premiere-a-premiere-c-sequence-4-2017	200	text/html
20240807130701	https://ornipreparation.com/download/sujet-evaluation-premiere-anglais-college-f-x-vogt-premier-d-premiere-a-premiere-c-sequence-4-2017?wpdmdl=10175&refresh=6569b1832d41a1701425539&ind=1636882885602&filename=orni-coll_vogt_anglais_PA-PC-PD-TI_mini_sess_fev_2017.pdf	200	application/pdf
20240807204425	https://ornipreparation.com/download/sujet-evaluation-premiere-anglais-college-f-x-vogt-premier-d-premiere-a-premiere-c-sequence-4-2017?wpdmdl=10175&refresh=66b39340893461723044672&ind=1636882885602&filename=orni-coll_vogt_anglais_PA-PC-PD-TI_mini_sess_fev_2017.pdf	200	application/pdf
20240808193226	https://ornipreparation.com/download/sujet-evaluation-premiere-anglais-college-f-x-vogt-premier-d-premiere-a-premiere-c-sequence-4-2017?wpdmdl=10175&refresh=66b4de1c8e2c51723129372&ind=1636882885602&filename=orni-coll_vogt_anglais_PA-PC-PD-TI_mini_sess_fev_2017.pdf	200	application/pdf
20231130012922	https://ornipreparation.com/download/sujet-evaluation-premiere-anglais-college-f-x-vogt-premiere-a-sequence-3-2017	200	text/html
20240807204542	https://ornipreparation.com/download/sujet-evaluation-premiere-anglais-college-f-x-vogt-premiere-a-sequence-3-2017?wpdmdl=10163&refresh=6567e571cdd351701307761&ind=1636879947639&filename=orni-coll_vogt_anglais_PA_mini_sess_janvier_2017.pdf	200	application/pdf
20240811032937	https://ornipreparation.com/download/sujet-evaluation-premiere-anglais-college-f-x-vogt-premiere-a-sequence-3-2017?wpdmdl=10163&refresh=66b815c9dc4651723340233&ind=1636879947639&filename=orni-coll_vogt_anglais_PA_mini_sess_janvier_2017.pdf	200	application/pdf
20231204223224	https://ornipreparation.com/download/sujet-evaluation-premiere-anglais-college-f-x-vogt-premiere-a-sequence-4-2018	200	text/html
20240807173254	https://ornipreparation.com/download/sujet-evaluation-premiere-anglais-college-f-x-vogt-premiere-a-sequence-4-2018?wpdmdl=10164&refresh=656e5377241bd1701729143&ind=1636880012951&filename=orni-coll_vogt_anglais_PA_mini_sess_seq4_fev_2018.pdf	200	application/pdf
20240807223717	https://ornipreparation.com/download/sujet-evaluation-premiere-anglais-college-f-x-vogt-premiere-a-sequence-4-2018?wpdmdl=10164&refresh=66b3d3e30439e1723061219&ind=1636880012951&filename=orni-coll_vogt_anglais_PA_mini_sess_seq4_fev_2018.pdf	200	application/pdf
20231201105214	https://ornipreparation.com/download/sujet-evaluation-terminales-allemand-college-f-x-vogt-terminale-a-sequence-4-2017	200	text/html
20240807165255	https://ornipreparation.com/download/sujet-evaluation-terminales-allemand-college-f-x-vogt-terminale-a-sequence-4-2017?wpdmdl=10162&refresh=6569badd73c401701427933&ind=1636879908626&filename=orni-coll_vogt_allemand_tA_mini_sess_seq4_fev_2017.pdf	200	application/pdf
20240807232822	https://ornipreparation.com/download/sujet-evaluation-terminales-allemand-college-f-x-vogt-terminale-a-sequence-4-2017?wpdmdl=10162&refresh=66b3c5f55e7401723057653&ind=1636879908626&filename=orni-coll_vogt_allemand_tA_mini_sess_seq4_fev_2017.pdf	200	application/pdf
20231201091553	https://ornipreparation.com/download/sujet-evaluation-terminales-anglais-college-f-x-vogt-terminale-a-sequence-2-2019-3	200	text/html
20240808184750	https://ornipreparation.com/download/sujet-evaluation-terminales-anglais-college-f-x-vogt-terminale-a-sequence-2-2019-3?wpdmdl=10176&refresh=6569a448ab9631701422152&ind=1636882886413&filename=orni-coll_vogt_anglais_seq2_TA_2019(1).pdf	200	application/pdf
20240809020925	https://ornipreparation.com/download/sujet-evaluation-terminales-anglais-college-f-x-vogt-terminale-a-sequence-2-2019-3?wpdmdl=10176&refresh=66b53e9a248081723154074&ind=1636882886413&filename=orni-coll_vogt_anglais_seq2_TA_2019(1).pdf	200	application/pdf
20231201094004	https://ornipreparation.com/download/sujet-evaluation-troisieme-physique-chimie-et-technologie-college-f-x-vogt-sequence-1-2018	200	text/html
20231204231652	https://ornipreparation.com/download/sujet-evaluation-troisieme-physique-chimie-et-technologie-college-f-x-vogt-sequence-2-2018	200	text/html
20231130013927	https://ornipreparation.com/download/sujet-evaluation-troisieme-physique-chimie-et-technologie-college-f-x-vogt-sequence-2-2018-2	200	text/html
20250213225631	https://ornipreparation.com/download/sujets-baccalaureat-derniers-sujets-ou-anciennes-epreuves-sequentielles-dexamens-des-lycees-colleges-et-autres-du-cameroun-a-telecharger-gratuitement	200	text/html
20250126075352	https://ornipreparation.com/download/sujets-evaluation-premiere-algorithme-programmation	200	text/html
20250126093312	https://ornipreparation.com/download/sujets-evaluation-premiere-algorithme-programmation-2	200	text/html
20250126074706	https://ornipreparation.com/download/sujets-evaluation-premiere-algorithme-programmation-3	200	text/html
20250126093031	https://ornipreparation.com/download/sujets-evaluation-premiere-chimie-2	200	text/html
20250126073637	https://ornipreparation.com/download/sujets-evaluation-premiere-informatique	200	text/html
20250126074754	https://ornipreparation.com/download/sujets-evaluation-premiere-informatique-2	200	text/html
20250126080157	https://ornipreparation.com/download/sujets-evaluation-premiere-informatique-3	200	text/html
20250126081607	https://ornipreparation.com/download/sujets-evaluation-premiere-informatique-4	200	text/html
20250126083714	https://ornipreparation.com/download/sujets-evaluation-premiere-informatique-5	200	text/html
20250126085107	https://ornipreparation.com/download/sujets-evaluation-premiere-informatique-6	200	text/html
20250126082610	https://ornipreparation.com/download/sujets-evaluation-premiere-maintenance-multimedia	200	text/html
20250126092030	https://ornipreparation.com/download/sujets-evaluation-premiere-maintenance-reseaux	200	text/html
20250126082520	https://ornipreparation.com/download/sujets-evaluation-premiere-maintenance-reseaux-2	200	text/html
20250126094502	https://ornipreparation.com/download/sujets-evaluation-premiere-mathematiques-10	200	text/html
20250126092836	https://ornipreparation.com/download/sujets-evaluation-premiere-mathematiques-11	200	text/html
20250126091503	https://ornipreparation.com/download/sujets-evaluation-premiere-mathematiques-12	200	text/html
20250126083215	https://ornipreparation.com/download/sujets-evaluation-premiere-mathematiques-2	200	text/html
20250126084004	https://ornipreparation.com/download/sujets-evaluation-premiere-mathematiques-3	200	text/html
20250126084417	https://ornipreparation.com/download/sujets-evaluation-premiere-mathematiques-4	200	text/html
20250126084821	https://ornipreparation.com/download/sujets-evaluation-premiere-mathematiques-5	200	text/html
20250126085023	https://ornipreparation.com/download/sujets-evaluation-premiere-mathematiques-6	200	text/html
20250126085403	https://ornipreparation.com/download/sujets-evaluation-premiere-mathematiques-7	200	text/html
20250126085727	https://ornipreparation.com/download/sujets-evaluation-premiere-mathematiques-8	200	text/html
20250126090008	https://ornipreparation.com/download/sujets-evaluation-premiere-mathematiques-9	200	text/html
20250126082116	https://ornipreparation.com/download/sujets-evaluation-premiere-physique-2	200	text/html
20250126085809	https://ornipreparation.com/download/sujets-evaluation-terminales-algorithme-programmation	200	text/html
20250126082240	https://ornipreparation.com/download/sujets-evaluation-terminales-chimie	200	text/html
20250126093350	https://ornipreparation.com/download/sujets-evaluation-terminales-chimie-2	200	text/html
20250126080411	https://ornipreparation.com/download/sujets-evaluation-terminales-economie-dentreprise	200	text/html
20250126080636	https://ornipreparation.com/download/sujets-evaluation-terminales-mathematiques-10	200	text/html
20250126085928	https://ornipreparation.com/download/sujets-evaluation-terminales-systeme-dinformatique	200	text/html
20241113044825	https://ornipreparation.com/download/sujets-evaluation-terminales-systeme-dinformatique-2	200	text/html
20250126075013	https://ornipreparation.com/download/sujets-evaluation-terminales-systeme-dinformatique-3	200	text/html
20250126073423	https://ornipreparation.com/download/sujets-evaluation-terminales-systeme-dinformatique-4	200	text/html
20250126094114	https://ornipreparation.com/download/sujets-evaluation-terminales-systeme-dinformatique-5	200	text/html
20240618091221	https://ornipreparation.com/download/sujets-evaluation-troisieme-anglais	200	text/html
20240809072637	https://ornipreparation.com/download_category-sitemap.xml	200	text/xml
20240716010707	https://ornipreparation.com/download_tag-sitemap.xml	200	text/xml
20231201110246	https://ornipreparation.com/downloads	200	text/html
20250905031450	https://ornipreparation.com/downloads/derniers-sujets-ou-anciennes-epreuves-du-concours-dentree-enspt-ecole-nationale-superieure-des-postes-et-telecommunications-28	200	text/html
20250920125831	https://ornipreparation.com/downloads/derniers-sujets-ou-anciennes-epreuves-du-concours-dentree-enspt-ecole-nationale-superieure-des-postes-et-telecommunications-29	200	text/html
20250907053116	https://ornipreparation.com/downloads/derniers-sujets-ou-anciennes-epreuves-du-concours-dentree-enspt-ecole-nationale-superieure-des-postes-et-telecommunications-30	200	text/html
20250915044745	https://ornipreparation.com/downloads/derniers-sujets-ou-anciennes-epreuves-du-concours-dentree-enspt-ecole-nationale-superieure-des-postes-et-telecommunications-31	200	text/html
20250906111312	https://ornipreparation.com/downloads/derniers-sujets-ou-anciennes-epreuves-du-concours-dentree-enspt-ecole-nationale-superieure-des-postes-et-telecommunications-32	200	text/html
20250914070026	https://ornipreparation.com/downloads/derniers-sujets-ou-anciennes-epreuves-du-concours-dentree-enspt-ecole-nationale-superieure-des-postes-et-telecommunications-33	200	text/html
20250909210051	https://ornipreparation.com/downloads/derniers-sujets-ou-anciennes-epreuves-du-concours-dentree-enspt-ecole-nationale-superieure-des-postes-et-telecommunications-34	200	text/html
20250907194327	https://ornipreparation.com/downloads/derniers-sujets-ou-anciennes-epreuves-du-concours-dentree-enspt-ecole-nationale-superieure-des-postes-et-telecommunications-35	200	text/html
20250902190611	https://ornipreparation.com/downloads/derniers-sujets-ou-anciennes-epreuves-du-concours-dentree-enspt-ecole-nationale-superieure-des-postes-et-telecommunications-36	200	text/html
20250907143452	https://ornipreparation.com/downloads/derniers-sujets-ou-anciennes-epreuves-du-concours-dentree-enspt-ecole-nationale-superieure-des-postes-et-telecommunications-37	200	text/html
20250904030438	https://ornipreparation.com/downloads/derniers-sujets-ou-anciennes-epreuves-du-concours-dentree-enspt-ecole-nationale-superieure-des-postes-et-telecommunications-38	200	text/html
20250903155942	https://ornipreparation.com/downloads/derniers-sujets-ou-anciennes-epreuves-du-concours-dentree-enspt-ecole-nationale-superieure-des-postes-et-telecommunications-39	200	text/html
20250126083611	https://ornipreparation.com/downloads/sujets-evaluation-troisieme-allemand	200	text/html
20250126093640	https://ornipreparation.com/downloads/sujets-evaluation-troisieme-ecm	200	text/html
20240303152154	https://ornipreparation.com/dramatherapeute	200	text/html
20230923173353	https://ornipreparation.com/du-developpeur-de-jeux-au-responsable-des-services-informatiques-et-de-communication-vous-aurez-un-eventail-dopportunites-qui-soffrent-a-vous-en-tant-que-diplome-en-informatique	200	text/html
20230603140815	https://ornipreparation.com/ecole-africaine-de-la-meteorologie-et-de-laviation-civile-eamac	200	text/html
20230927093811	https://ornipreparation.com/ecole-africaine-des-metiers-de-larchitecture-et-de-lurbanisme-eamau	200	text/html
20230530054411	https://ornipreparation.com/ecole-de-gendarmerie-camerounaise	200	text/html
20230923181011	https://ornipreparation.com/ecole-de-genie-chimique-et-des-industries-minerales-egcim-de-luniversite-de-ngaoundere	200	text/html
20230603074444	https://ornipreparation.com/ecole-de-lhotellerie-et-du-tourisme-de-la-cemac-eht-cemac	200	text/html
20240424061915	https://ornipreparation.com/ecole-des-eaux-et-forets-du-cameroun	200	text/html
20230923170910	https://ornipreparation.com/ecole-des-sciences-et-de-medecine-veterinaire-esmv-de-luniversite-de-ngaoundere	200	text/html
20230923173526	https://ornipreparation.com/ecole-inter-etats-des-douanes-de-la-cemac-eied-cemac	200	text/html
20230604081022	https://ornipreparation.com/ecole-inter-etats-des-douanes-e-i-e-d	200	text/html
20230927084646	https://ornipreparation.com/ecole-militaire-interarmes-emia-du-cameroun	200	text/html
20230927091311	https://ornipreparation.com/ecole-nationale-des-eaux-et-forets-de-mbalmayo-enef	200	text/html
20230923173610	https://ornipreparation.com/ecole-nationale-superieur-polytechnique-enspd-universite-de-douala	200	text/html
20231004001857	https://ornipreparation.com/ecole-nationale-superieure-de-bertoua-ens-bertoua	200	text/html
20230603142557	https://ornipreparation.com/ecole-nationale-superieure-de-police-ensp	200	text/html
20231004010517	https://ornipreparation.com/ecole-nationale-superieure-des-mines-et-des-industries-petrolieres-ensmip-ex-imip	200	text/html
20230923180405	https://ornipreparation.com/ecole-nationale-superieure-des-sciences-agro-industrielles-ensai	200	text/html
20231003235907	https://ornipreparation.com/ecole-nationale-superieure-des-travaux-publics-annexe-de-buea	200	text/html
20230923184525	https://ornipreparation.com/ecole-nationale-superieure-des-travaux-publics-enstp-de-yaounde	200	text/html
20230923174134	https://ornipreparation.com/ecole-nationale-superieure-polytechnique-de-douala-ex-fgi-de-douala	200	text/html
20231003230356	https://ornipreparation.com/ecole-nationale-superieure-polytechnique-de-maroua-enspm	200	text/html
20230923170052	https://ornipreparation.com/ecole-nationale-superieure-polytechnique-de-yaounde-enspy	200	text/html
20231003232757	https://ornipreparation.com/ecole-normale-superieure-de-bambili-ou-bamenda-ens-bambili	200	text/html
20231004010113	https://ornipreparation.com/ecole-normale-superieure-de-lenseignement-technique-de-douala-enset	200	text/html
20230923183630	https://ornipreparation.com/ecole-normale-superieure-de-maroua-ensm	200	text/html
20230923175352	https://ornipreparation.com/ecole-normale-superieure-denseignement-technique-de-bambili-ou-bamenda-enset-bambili	200	text/html
20230923175839	https://ornipreparation.com/ecole-normale-superieure-denseignement-technique-enset-de-kumba	200	text/html
20231003234457	https://ornipreparation.com/ecole-normale-superieure-denseignement-technique-enset-de-lebolowa	200	text/html
20230603090238	https://ornipreparation.com/ecole-normale-superieure-ens-de-bertoua	200	text/html
20230923164730	https://ornipreparation.com/ecole-normale-superieure-ens-de-yaounde	200	text/html
20230530042117	https://ornipreparation.com/ecole-privee-catholique-dinfirmiers-de-yaounde	200	text/html
20230923182628	https://ornipreparation.com/ecole-regionale-de-securite-incendie-ersi-de-lasecna	200	text/html
20230603151819	https://ornipreparation.com/ecole-sup-prepa	200	text/html
20230530054141	https://ornipreparation.com/ecole-superieur-dingenieur-dafrique-centrale-esiac	200	text/html
20230530053712	https://ornipreparation.com/ecole-superieure-de-commerce-et-de-gestion-de-yaounde-escgy	200	text/html
20230604063510	https://ornipreparation.com/ecole-superieure-de-commerce-et-de-management-pigier-cameroun-effica-cameroun	200	text/html
20230604073242	https://ornipreparation.com/ecole-superieure-de-gestion-esg	200	text/html
20230603083524	https://ornipreparation.com/ecole-superieure-des-sciences-appliquees-de-bertoua	200	text/html
20230927074233	https://ornipreparation.com/ecole-superieure-des-sciences-de-la-finance-de-lassurance-et-des-risques-de-yaounde-essfar	200	text/html
20230923171313	https://ornipreparation.com/ecole-superieure-des-sciences-economiques-et-commerciales-essec-de-douala	200	text/html
20230923175311	https://ornipreparation.com/ecole-superieure-des-sciences-et-techniques-de-linformation-et-de-la-communication-esstic	200	text/html
20230926065335	https://ornipreparation.com/ecole-superieure-des-sciences-et-techniques-esset	200	text/html
20231003232024	https://ornipreparation.com/ecole-superieure-des-traducteurs-et-interpretes-asti-de-luniversite-de-buea	200	text/html
20231003234813	https://ornipreparation.com/ecole-superieure-speciale-darchitecture-du-cameroun-essaca	200	text/html
20230603134508	https://ornipreparation.com/ecole-superieure-technique-la-salle-est	200	text/html
20240424055027	https://ornipreparation.com/ecole-superieure-technique-la-salle-est-2	200	text/html
20231201093356	https://ornipreparation.com/ecoles-dadministration	200	text/html
20240714102836	https://ornipreparation.com/ecoles-darts	200	text/html
20241203062620	https://ornipreparation.com/ecoles-de-commerce	200	text/html
20241203045424	https://ornipreparation.com/ecoles-de-defense-et-de-securite	200	text/html
20231204221213	https://ornipreparation.com/ecoles-de-journalisme-et-communication	200	text/html
20231130100350	https://ornipreparation.com/ecoles-de-la-region-de-ladamaoua	200	text/html
20231201094401	https://ornipreparation.com/ecoles-de-la-region-de-lest	200	text/html
20250906060943	https://ornipreparation.com/ecoles-de-la-region-de-lextreme-nord	200	text/html
20231130015745	https://ornipreparation.com/ecoles-de-la-region-de-louest	200	text/html
20240714102041	https://ornipreparation.com/ecoles-de-la-region-du-centre	200	text/html
20241203053406	https://ornipreparation.com/ecoles-de-la-region-du-littoral	200	text/html
20231201102501	https://ornipreparation.com/ecoles-de-la-region-du-nord	200	text/html
20231201110216	https://ornipreparation.com/ecoles-de-la-region-du-nord-ouest	200	text/html
20231130011328	https://ornipreparation.com/ecoles-de-la-region-du-sud	200	text/html
20231204234028	https://ornipreparation.com/ecoles-de-la-region-du-sud-ouest	200	text/html
20230530052100	https://ornipreparation.com/ecoles-de-langues	200	text/html
20240815193421	https://ornipreparation.com/ecoles-de-medecine-et-sante	200	text/html
20231204220731	https://ornipreparation.com/ecoles-de-traduction-et-dinterpretariat	200	text/html
20231204231034	https://ornipreparation.com/ecoles-dingenieurs	200	text/html
20231003225921	https://ornipreparation.com/ecoles-internationales	200	text/html
20231201105725	https://ornipreparation.com/ecoles-normales-de-lenseignement	200	text/html
20230923185951	https://ornipreparation.com/ecoles-normales-dinstituteurs-de-lenseignement-technique-eniet	200	text/html
20231004002231	https://ornipreparation.com/ecoles-privees	200	text/html
20230530044557	https://ornipreparation.com/ecoles-sur-concours	200	text/html
20231004004934	https://ornipreparation.com/ecologiste	200	text/html
20230923174346	https://ornipreparation.com/economiste	200	text/html
20240303151624	https://ornipreparation.com/ecrivain	200	text/html
20231003225013	https://ornipreparation.com/ecrivain-scientifique	200	text/html
20231204234812	https://ornipreparation.com/editer-profil	200	text/html
20231004002044	https://ornipreparation.com/egem-ecole-de-geologie-et-dexploitation-miniere-de-luniversite-de-ngaoundere	200	text/html
20230530051715	https://ornipreparation.com/ejed-higher-institute-of-management-and-biomedical-sciences-ehimbs	200	text/html
20230927085558	https://ornipreparation.com/emploi-administration-sport-excellente-occasion-combiner-passion-sport-fitness-activites-commerciales-pratiques-gamme-organisations	200	text/html
20230603154015	https://ornipreparation.com/emploi-administration-sport-excellente-occasion-combiner-passion-sport-fitness-activites-commerciales-pratiques-gamme-organisations-2	200	text/html
20230530050125	https://ornipreparation.com/employeurs-apprecient-competences-scientifiques-analytiques-resolution-problemes-developpees-diplomes-microbiologie	200	text/html
20230604065229	https://ornipreparation.com/en-collaboration-avec-dautres-creatifs-les-redacteurs-publicitaires-utilisent-leurs-excellentes-competences-en-redaction-pour-creer-et-diffuser-des-campagnes-publicitaires-imaginatives-pour-leurs-c-3	200	text/html
20230603082713	https://ornipreparation.com/en-combinant-lingenierie-logicielle-et-lanalyse-de-donnees-les-ingenieurs-en-apprentissage-automatique-permettent-aux-machines-dapprendre-sans-avoir-besoin-de-programmation-supplementaire	200	text/html
20230603073136	https://ornipreparation.com/en-combinant-lingenierie-logicielle-et-lanalyse-de-donnees-les-ingenieurs-en-apprentissage-automatique-permettent-aux-machines-dapprendre-sans-avoir-besoin-de-programmation-supplementaire-2	200	text/html
20230604064704	https://ornipreparation.com/en-plus-de-travailler-dans-des-musees-et-des-galeries-les-diplomes-en-histoire-de-lart-travaillent-dans-des-roles-de-marketing-de-relations-publiques-et-de-gestion-devenements	200	text/html
20230603150930	https://ornipreparation.com/en-plus-de-vos-competences-theoriques-et-techniques-vous-aurez-besoin-de-determination-et-de-resilience-pour-reussir-dans-lindustrie-cinematographique-competitive	200	text/html
20230603140428	https://ornipreparation.com/en-responsabilisant-leurs-clients-les-coachs-de-vie-les-aident-a-prendre-des-decisions-et-des-changements-afin-de-realiser-leur-potentiel	200	text/html
20230603080745	https://ornipreparation.com/en-responsabilisant-leurs-clients-les-coachs-de-vie-les-aident-a-prendre-des-decisions-et-des-changements-afin-de-realiser-leur-potentiel-2	200	text/html
20230603142638	https://ornipreparation.com/en-responsabilisant-leurs-clients-les-coachs-de-vie-les-aident-a-prendre-des-decisions-et-des-changements-afin-de-realiser-leur-potentiel-3	200	text/html
20230603140517	https://ornipreparation.com/en-responsabilisant-leurs-clients-les-coachs-de-vie-les-aident-a-prendre-des-decisions-et-des-changements-afin-de-realiser-leur-potentiel-4	200	text/html
20230604080104	https://ornipreparation.com/en-suivant-une-formation-de-mediateur-vous-pourriez-aider-a-resoudre-et-a-obtenir-des-resultats-acceptables-en-cas-de-differends-juridiques-familiaux-ou-professionnels	200	text/html
20230530051629	https://ornipreparation.com/en-suivant-une-formation-de-mediateur-vous-pourriez-aider-a-resoudre-et-a-obtenir-des-resultats-acceptables-en-cas-de-differends-juridiques-familiaux-ou-professionnels-2	200	text/html
20230923180444	https://ornipreparation.com/en-tant-quanalyste-dapplications-vous-assurerez-la-maintenance-des-services-informatiques-et-aurez-une-correspondance-en-face-a-face-avec-les-utilisateurs-qui-ont-besoin-de-votre-support-techniqu	200	text/html
20230604072504	https://ornipreparation.com/en-tant-quavocat-vous-fournirez-un-soutien-et-des-conseils-juridiques-dexperts-sur-un-eventail-de-questions-personnelles-et-commerciales	200	text/html
20230603075835	https://ornipreparation.com/en-tant-quavocat-vous-fournirez-un-soutien-et-des-conseils-juridiques-dexperts-sur-un-eventail-de-questions-personnelles-et-commerciales-2	200	text/html
20230603144724	https://ornipreparation.com/en-tant-quavocat-vous-fournirez-un-soutien-et-des-conseils-juridiques-dexperts-sur-un-eventail-de-questions-personnelles-et-commerciales-3	200	text/html
20230603084547	https://ornipreparation.com/en-tant-que-collecteur-de-fonds-caritatif-vous-visez-a-augmenter-les-contributions-des-individus-et-des-groupes-en-etablissant-des-relations-et-en-explorant-de-nouvelles-opportunites-de-collecte-de-2	200	text/html
20230603133553	https://ornipreparation.com/en-tant-que-collecteur-de-fonds-caritatif-vous-visez-a-augmenter-les-contributions-des-individus-et-des-groupes-en-etablissant-des-relations-et-en-explorant-de-nouvelles-opportunites-de-collecte-de-f	200	text/html
20230603090941	https://ornipreparation.com/en-tant-que-consultant-acoustique-vous-fournirez-des-services-dacoustique-de-bruit-et-de-vibrations-tels-que-des-etudes-de-bruit-des-evaluations-du-bruit-et-des-conseils-de-conception-acoustique	200	text/html
20230604080714	https://ornipreparation.com/en-tant-que-consultant-acoustique-vous-fournirez-des-services-dacoustique-de-bruit-et-de-vibrations-tels-que-des-etudes-de-bruit-des-evaluations-du-bruit-et-des-conseils-de-conception-acoustique-2	200	text/html
20230530042243	https://ornipreparation.com/en-tant-que-consultant-acoustique-vous-fournirez-des-services-dacoustique-de-bruit-et-de-vibrations-tels-que-des-etudes-de-bruit-des-evaluations-du-bruit-et-des-conseils-de-conception-acoustique-3	200	text/html
20230604062350	https://ornipreparation.com/en-tant-que-consultant-acoustique-vous-fournirez-des-services-dacoustique-de-bruit-et-de-vibrations-tels-que-des-etudes-de-bruit-des-evaluations-du-bruit-et-des-conseils-de-conception-acoustique-4	200	text/html
20231004003143	https://ornipreparation.com/en-tant-que-diplome-en-criminologie-dote-de-competences-en-pensee-critique-en-analyse-et-en-communication-vous-etes-attrayant-pour-les-employeurs-a-linterieur-et-a-lexterieur-du-secteur-de-la-ju	200	text/html
20230927082613	https://ornipreparation.com/en-tant-que-gerant-de-restaurant-vous-veillerez-a-ce-que-votre-restaurant-fonctionne-de-maniere-efficace-et-rentable-tout-en-maintenant-sa-bonne-reputation-et-son-ethique	200	text/html
20230604071132	https://ornipreparation.com/en-tant-que-gerant-de-restaurant-vous-veillerez-a-ce-que-votre-restaurant-fonctionne-de-maniere-efficace-et-rentable-tout-en-maintenant-sa-bonne-reputation-et-son-ethique-2	200	text/html
20230603083904	https://ornipreparation.com/en-tant-que-journaliste-audiovisuel-votre-role-est-ancre-dans-la-communication-en-trouvant-des-histoires-et-en-les-amenant-rapidement-au-public-de-maniere-coherente-et-engageante	200	text/html
20230927080855	https://ornipreparation.com/en-tant-que-journaliste-audiovisuel-votre-role-est-ancre-dans-la-communication-en-trouvant-des-histoires-et-en-les-amenant-rapidement-au-public-de-maniere-coherente-et-engageante-2	200	text/html
20230604075834	https://ornipreparation.com/en-tant-que-journaliste-audiovisuel-votre-role-est-ancre-dans-la-communication-en-trouvant-des-histoires-et-en-les-amenant-rapidement-au-public-de-maniere-coherente-et-engageante-3	200	text/html
20230603144613	https://ornipreparation.com/en-tant-que-journaliste-audiovisuel-votre-role-est-ancre-dans-la-communication-en-trouvant-des-histoires-et-en-les-amenant-rapidement-au-public-de-maniere-coherente-et-engageante-5	200	text/html
20230603154246	https://ornipreparation.com/en-tant-que-journaliste-audiovisuel-votre-role-est-ancre-dans-la-communication-en-trouvant-des-histoires-et-en-les-amenant-rapidement-au-public-de-maniere-coherente-et-engageante-6	200	text/html
20230530040533	https://ornipreparation.com/en-tant-que-journaliste-audiovisuel-votre-role-est-ancre-dans-la-communication-en-trouvant-des-histoires-et-en-les-amenant-rapidement-au-public-de-maniere-coherente-et-engageante-7	200	text/html
20231004003856	https://ornipreparation.com/en-tant-que-metallurgiste-vous-pouvez-vous-specialiser-dans-divers-domaines-des-roles-de-fabrication-traditionnels-au-travail-avec-une-technologie-de-pointe	200	text/html
20230603154128	https://ornipreparation.com/en-tant-que-metallurgiste-vous-pouvez-vous-specialiser-dans-divers-domaines-des-roles-de-fabrication-traditionnels-au-travail-avec-une-technologie-de-pointe-2	200	text/html
20230604070507	https://ornipreparation.com/en-tant-que-metallurgiste-vous-pouvez-vous-specialiser-dans-divers-domaines-des-roles-de-fabrication-traditionnels-au-travail-avec-une-technologie-de-pointe-3	200	text/html
20230603145815	https://ornipreparation.com/en-tant-que-parajuriste-vous-effectuerez-certaines-taches-et-services-juridiques-comme-effectuer-des-recherches-juridiques-preparer-des-documents-juridiques-et-donner-des-conseils-juridiques	200	text/html
20230530051315	https://ornipreparation.com/en-tant-que-praticien-de-leducation-en-sante-mentale-emhp-vous-serez-en-mesure-daider-les-enfants-et-les-jeunes-ayant-des-difficultes-de-sante-mentale-et-de-leur-apporter-le-soutien-dont-ils-on	200	text/html
20230530051759	https://ornipreparation.com/en-tant-que-praticien-de-leducation-en-sante-mentale-emhp-vous-serez-en-mesure-daider-les-enfants-et-les-jeunes-ayant-des-difficultes-de-sante-mentale-et-de-leur-apporter-le-soutien-dont-ils-on-2	200	text/html
20230530033540	https://ornipreparation.com/en-tant-que-praticien-de-leducation-en-sante-mentale-emhp-vous-serez-en-mesure-daider-les-enfants-et-les-jeunes-ayant-des-difficultes-de-sante-mentale-et-de-leur-apporter-le-soutien-dont-ils-on-3	200	text/html
20230927085506	https://ornipreparation.com/en-tant-que-professeur-de-musique-prive-vous-combinerez-vos-capacites-musicales-et-pedagogiques-pour-donner-des-cours-de-musique-pour-apprendre-aux-eleves-a-jouer-dun-instrument-de-musique-ou-a-cha	200	text/html
20230603084659	https://ornipreparation.com/en-tant-que-responsable-de-la-recherche-sociale-du-gouvernement-vous-pouvez-influencer-les-politiques-affectant-les-citoyens-britanniques-en-utilisant-des-techniques-acquises-grace-a-votre-diplome	200	text/html
20240424064505	https://ornipreparation.com/en-tant-que-responsable-du-recyclage-vous-gererez-les-programmes-de-recyclage-locaux-et-planifierez-et-developperez-des-politiques-de-reduction-des-dechets	200	text/html
20240424065546	https://ornipreparation.com/en-tant-quenseignant-ayant-des-besoins-educatifs-speciaux-sen-vous-travaillerez-avec-des-enfants-et-des-jeunes-qui-ont-besoin-dun-soutien-supplementaire-ou-qui-necessitent-un-programme-dappre	200	text/html
20230603083707	https://ornipreparation.com/en-tant-quhydrogeologue-vous-apporterez-une-contribution-significative-a-lenvironnement-en-travaillant-a-mieux-proteger-et-gerer-les-ressources-en-eaux-souterraines	200	text/html
20240424071136	https://ornipreparation.com/en-tant-quinfirmiere-en-sante-mentale-vous-aiderez-les-patients-a-se-retablir-ou-a-accepter-leurs-conditions-afin-dameliorer-leur-qualite-de-vie	200	text/html
20230604081141	https://ornipreparation.com/en-tant-quinfirmiere-en-sante-mentale-vous-aiderez-les-patients-a-se-retablir-ou-a-accepter-leurs-conditions-afin-dameliorer-leur-qualite-de-vie-2	200	text/html
20230927082935	https://ornipreparation.com/en-tant-quinterprete-vous-devrez-ecouter-comprendre-et-memoriser-le-contenu-dans-la-langue-source-dorigine-puis-le-reproduire-dans-la-langue-cible	200	text/html
20231004001158	https://ornipreparation.com/enam-ecole-nationale-dadministration-et-de-magistrature	200	text/html
20230604070144	https://ornipreparation.com/enap-ecole-nationale-dadministration-penitentiaire	200	text/html
20230923170451	https://ornipreparation.com/enieg-ecoles-normales-dinstituteurs-de-lenseignement	200	text/html
20230923182001	https://ornipreparation.com/enqueteur-de-scene-de-crime	200	text/html
20231004004318	https://ornipreparation.com/enseignant-de-lenseignement-superieur	200	text/html
20231204225012	https://ornipreparation.com/enseignant-decole-primaire	200	text/html
20230603153755	https://ornipreparation.com/enseignant-primaire-besoin-passion-inspirer-jeunes-esprits-engagement-faire-sorte-chaque-enfant-realise-potentiel	200	text/html
20230923175638	https://ornipreparation.com/enseignante-du-secondaire	200	text/html
20230923183952	https://ornipreparation.com/enseignante-en-formation-continue	200	text/html
20231004001312	https://ornipreparation.com/enseignement-general-apres-le-bepc-au-cameroun	200	text/html
20230923183716	https://ornipreparation.com/enseignement-technique-commercial-apres-le-bepc	200	text/html
20231003230847	https://ornipreparation.com/enseignement-technique-industriel-apres-le-bepc-au-cameroun	200	text/html
20231204231143	https://ornipreparation.com/entraineur-personnel	200	text/html
20230530035748	https://ornipreparation.com/entraineurs-personnels-aident-atteindre-objectifs-mise-en-forme-carriere-ideale-personne-passionnee-rester-bonne-sante	200	text/html
20230530034220	https://ornipreparation.com/entraineurs-personnels-aident-autres-atteindre-objectifs-mise-forme-carriere-ideale-personne-passionnee-rester-bonne-sante	200	text/html
20240303160656	https://ornipreparation.com/epidemiologiste	200	text/html
20230923174528	https://ornipreparation.com/estimateur	200	text/html
20230927081858	https://ornipreparation.com/etant-en-numeratie-et-en-informatique-les-diplomes-en-genie-mecanique-sont-egalement-adaptes-aux-carrieres-dans-la-finance-et-la-gestion	200	text/html
20230530052516	https://ornipreparation.com/etes-interess-facon-corps-reagit-exercice-entrainement-carriere-physiologiste-exercice-pourrait-etre-pour-vous	200	text/html
20240303153128	https://ornipreparation.com/etiquette-produit/commissaires-de-police	200	text/html
20240303155132	https://ornipreparation.com/etiquette-produit/gardiens-de-la-paix	200	text/html
20240303161328	https://ornipreparation.com/etiquette-produit/inspecteurs-de-police	200	text/html
20240303154714	https://ornipreparation.com/etiquette-produit/officers-de-police	200	text/html
20240303163134	https://ornipreparation.com/etiquette-produit/police	200	text/html
20230603140727	https://ornipreparation.com/etre-en-bonne-forme-physique-nest-pas-la-seule-competence-dont-vous-avez-besoin-pour-travailler-en-tant-que-psychologue-du-sport-et-de-lexercice-vous-aurez-egalement-besoin-de-patience-dune-a	200	text/html
20230923182455	https://ornipreparation.com/etre-en-premiere-ligne-dune-usine-dingenierie-et-soccuper-de-lensemble-de-la-maintenance-des-equipements-necessite-une-approche-responsable-et-organisee	200	text/html
20230603080033	https://ornipreparation.com/etudier-a-chypre	200	text/html
20240815191737	https://ornipreparation.com/etudier-a-letranger	200	text/html
20230927093425	https://ornipreparation.com/etudier-a-singapour	200	text/html
20230530043806	https://ornipreparation.com/etudier-au-bresil	200	text/html
20230604064533	https://ornipreparation.com/etudier-au-canada	200	text/html
20230530034653	https://ornipreparation.com/etudier-au-danemark	200	text/html
20230530033653	https://ornipreparation.com/etudier-au-japon	200	text/html
20231003234242	https://ornipreparation.com/etudier-au-portugal	200	text/html
20230603140903	https://ornipreparation.com/etudier-au-royaume-uni	200	text/html
20230927091938	https://ornipreparation.com/etudier-aux-emirats-arabes-unis-eau	200	text/html
20230927074457	https://ornipreparation.com/etudier-aux-etats-unis	200	text/html
20230604081332	https://ornipreparation.com/etudier-aux-pays-bas	200	text/html
20230530050655	https://ornipreparation.com/etudier-en-afrique-du-sud	200	text/html
20230604080428	https://ornipreparation.com/etudier-en-allemagne	200	text/html
20230604072242	https://ornipreparation.com/etudier-en-australie	200	text/html
20230927090937	https://ornipreparation.com/etudier-en-autriche	200	text/html
20230604063415	https://ornipreparation.com/etudier-en-belgique	200	text/html
20230927080217	https://ornipreparation.com/etudier-en-chine	200	text/html
20230927083615	https://ornipreparation.com/etudier-en-espagne	200	text/html
20230604083505	https://ornipreparation.com/etudier-en-finlande	200	text/html
20230603071613	https://ornipreparation.com/etudier-en-france	200	text/html
20230604074412	https://ornipreparation.com/etudier-en-inde	200	text/html
20230530043647	https://ornipreparation.com/etudier-en-irlande	200	text/html
20230927073141	https://ornipreparation.com/etudier-en-islande	200	text/html
20230927072834	https://ornipreparation.com/etudier-en-italie	200	text/html
20230603084734	https://ornipreparation.com/etudier-en-malaisie	200	text/html
20230927083415	https://ornipreparation.com/etudier-en-norvege	200	text/html
20230603090449	https://ornipreparation.com/etudier-en-nouvelle-zelande	200	text/html
20231004000031	https://ornipreparation.com/etudier-en-pologne	200	text/html
20230604080338	https://ornipreparation.com/etudier-en-suede	200	text/html
20230603135352	https://ornipreparation.com/etudier-en-suisse	200	text/html
20230530051844	https://ornipreparation.com/etudier-en-turquie	200	text/html
20230530053632	https://ornipreparation.com/etudier-la-sociologie-ouvre-une-gamme-de-carrieres-dans-des-domaines-tels-que-le-bien-etre-leducation-la-recherche-sociale-et-le-gouvernement-local-et-central	200	text/html
20230923175759	https://ornipreparation.com/etudier-le-journalisme-ouvre-les-portes-a-une-gamme-de-carrieres-ou-votre-creativite-vos-competences-en-redaction-en-communication-et-en-recherche-sont-inestimables	200	text/html
20240424055741	https://ornipreparation.com/etudier-theologie-etudes-religieuses-permet-explorer-comment-croyances-pratiques-religieuses-faconnent-influencent-monde-lequel-nous-vivons	200	text/html
20230923183544	https://ornipreparation.com/evaluateur-des-risques-dincendie	200	text/html
20230923181505	https://ornipreparation.com/examinateur-de-brevets	200	text/html
20230530053116	https://ornipreparation.com/exigeant-une-connaissance-des-affaires-du-marketing-de-lanalyse-de-donnees-et-de-la-technologie-ainsi-que-dexcellentes-competences-en-communication-et-en-organisation-la-gestion-de-produits-es	200	text/html
20231003231510	https://ornipreparation.com/expert-comptable	200	text/html
20230923174714	https://ornipreparation.com/expert-comptable-agree	200	text/html
20230923182052	https://ornipreparation.com/expert-comptable-en-finances-publiques	200	text/html
20230923184135	https://ornipreparation.com/expert-en-planification-et-developpement	200	text/html
20230927091651	https://ornipreparation.com/expertise-comptable-offre-carriere-prestigieuse-nombreuses-opportunites-progression-potentiel-revenu-eleve	200	text/html
20231003233502	https://ornipreparation.com/faculte-dagriculture-et-de-medecine-veterinaire-de-luniversite-de-buea	200	text/html
20231003230758	https://ornipreparation.com/faculte-dagronomie-et-des-science-agricole-fasa	200	text/html
20240424054839	https://ornipreparation.com/faculte-de-medecine-et-de-sciences-pharmaceutiques-de-douala-fmsp	200	text/html
20230530051106	https://ornipreparation.com/faculte-de-medecine-et-des-sciences-biomedicales-de-yaounde-fmsb	200	text/html
20230926070251	https://ornipreparation.com/faculte-de-medecine-et-des-sciences-pharmaceutiques-fmsp-de-luniversite-de-dschang	200	text/html
20230923184439	https://ornipreparation.com/faculte-de-medecine-et-des-sciences-pharmaceutiques-fmsp-de-sangmelima-de-luniversite-debolowa	200	text/html
20240303160215	https://ornipreparation.com/faculte-de-sciences-pharmaceutiques-medicales-et-medico-sanitaires-debolowa	200	text/html
20230923163751	https://ornipreparation.com/faculte-dingenierie-et-de-technologie-fet-de-luniversite-de-buea	200	text/html
20231004004025	https://ornipreparation.com/faculty-of-health-sciences-de-buea-fhs	200	text/html
20230923184043	https://ornipreparation.com/faculty-of-health-sciences-de-luniversite-de-bamenda	200	text/html
20211129064942	http://ornipreparation.com/favicon.ico	200	image/vnd.microsoft.icon
20211129065037	http://ornipreparation.com/feed	200	application/rss+xml
20230604071434	https://ornipreparation.com/florence-nigtingale-higher-institute-of-health-and-biomedical-sciences	200	text/html
20230604073708	https://ornipreparation.com/fomic-polytechnic	200	text/html
20230604082359	https://ornipreparation.com/fonab-polytechnic	200	text/html
20230603155000	https://ornipreparation.com/fonab-polytechnic-2	200	text/html
20231130001542	https://ornipreparation.com/formateur-informatique	200	text/html
20250907054511	https://ornipreparation.com/formulaire-de-demande-de-devis	200	text/html
20240815183428	https://ornipreparation.com/formulaire-de-prise-de-rendez-vous	200	text/html
20231130005138	https://ornipreparation.com/formulaire-dinscription-au-concours	200	text/html
20231130010310	https://ornipreparation.com/formulaire-dinscription-aux-cours	200	text/html
20230927075829	https://ornipreparation.com/fotabe-higher-institute-fhi	200	text/html
20230923185031	https://ornipreparation.com/gardien-de-zoo	200	text/html
20230603080149	https://ornipreparation.com/gardiens-de-la-paix-de-la-police-camerounaise	200	text/html
20230530054356	https://ornipreparation.com/generation-idees-programmes-garantie-monde-pris-charge-plateau-aurez-besoin-creativite-connaissances-secteur-souci-detail-travail-varie	200	text/html
20230923170822	https://ornipreparation.com/geometre	200	text/html
20230923180122	https://ornipreparation.com/gerant-de-ferme	200	text/html
20240303154339	https://ornipreparation.com/gerant-de-galerie-dart-commerciale	200	text/html
20240618094040	https://ornipreparation.com/gestion-dentreprise	200	text/html
20230923185615	https://ornipreparation.com/gestion-du-batiment-et-de-la-construction	200	text/html
20231004010029	https://ornipreparation.com/gestionnaire-agent-de-logement	200	text/html
20240303150729	https://ornipreparation.com/gestionnaire-de-contenu-web	200	text/html
20230923185115	https://ornipreparation.com/gestionnaire-de-dossiers	200	text/html
20230923185659	https://ornipreparation.com/gestionnaire-de-foret-bois	200	text/html
20231201094241	https://ornipreparation.com/gestionnaire-de-la-chaine-dapprovisionnement	200	text/html
20240303154927	https://ornipreparation.com/gestionnaire-de-medias-sociaux	200	text/html
20230923171138	https://ornipreparation.com/gestionnaire-de-service-a-la-clientele	200	text/html
20230923180325	https://ornipreparation.com/gestionnaire-de-successions	200	text/html
20231003225325	https://ornipreparation.com/gestionnaire-des-domaines	200	text/html
20231003231558	https://ornipreparation.com/gestionnaire-du-patrimoine	200	text/html
20230604070222	https://ornipreparation.com/gestionnaires-contenu-web-assurent-contenu-site-web-bien-structure-facile-trouver-repond-besoins-utilisateurs	200	text/html
20230926070123	https://ornipreparation.com/gestionnaires-parcs-theme-offrent-experience-positive-agreable-clients-repondant-objectifs-commerciaux-maintenant-normes-securite	200	text/html
20231003230111	https://ornipreparation.com/grandes-ecoles-publiques	200	text/html
20240303160647	https://ornipreparation.com/graveur	200	text/html
20230603075521	https://ornipreparation.com/graveurs-utilisent-techniques-specialisees-telles-gravure-lithographie-serigraphie-pour-creer-images-variete-surfaces	200	text/html
20230926055251	https://ornipreparation.com/groupe-tankou-enseignement-superieur-gtes	200	text/html
20230927074059	https://ornipreparation.com/groupe-tankou-enseignement-superieur-gtes-2	200	text/html
20231201103458	https://ornipreparation.com/guide-dorientation	200	text/html
20230603141252	https://ornipreparation.com/gulf-field-higher-institute-of-petroleum-mining-business-and-management-sciences-gfhip	200	text/html
20230603145250	https://ornipreparation.com/havard-higher-institute-of-science-and-technology	200	text/html
20231004002156	https://ornipreparation.com/hello-world	200	text/html
20230323204517	https://ornipreparation.com/heritage-higher-institute-of-peace-development-studies-hehipeds	200	text/html
20230604063648	https://ornipreparation.com/higher-institute-for-business-and-management-sciences	200	text/html
20230604070345	https://ornipreparation.com/higher-institute-for-business-management-and-technology	200	text/html
20230604073853	https://ornipreparation.com/higher-institute-for-professional-development-and-training-hipdet	200	text/html
20230927090809	https://ornipreparation.com/higher-institute-of-applied-medical-sciences-buea	200	text/html
20230926052824	https://ornipreparation.com/higher-institute-of-applied-medical-sciences-buea-2	200	text/html
20230603150941	https://ornipreparation.com/higher-institute-of-business	200	text/html
20230603152406	https://ornipreparation.com/higher-institute-of-business-and-management-studies-hibms	200	text/html
20240424055651	https://ornipreparation.com/higher-institute-of-management-and-entrepreneurship-hime	200	text/html
20230927073238	https://ornipreparation.com/higher-institute-of-management-studies	200	text/html
20230530040910	https://ornipreparation.com/higher-institute-of-management-studies-2	200	text/html
20230603065255	https://ornipreparation.com/higher-institute-of-professional-excellence-hipe	200	text/html
20230603145043	https://ornipreparation.com/higher-institute-of-professional-studies	200	text/html
20230604064035	https://ornipreparation.com/higher-institute-of-professional-studies-and-career-development	200	text/html
20230927082813	https://ornipreparation.com/higher-institute-of-professionalism-and-technology-hemipt	200	text/html
20230604065428	https://ornipreparation.com/higher-institute-of-sciences-and-technology-hist	200	text/html
20230530045756	https://ornipreparation.com/higher-institute-of-technology	200	text/html
20240303154108	https://ornipreparation.com/higher-institute-of-technology-2	200	text/html
20230604070108	https://ornipreparation.com/higher-institute-of-technology-and-management-citec-hitm	200	text/html
20230530044634	https://ornipreparation.com/horti-florale-institute-hfi	200	text/html
20231003232713	https://ornipreparation.com/horticulteur-commercial	200	text/html
20231004004444	https://ornipreparation.com/horticulteur-dagrement	200	text/html
20230923175916	https://ornipreparation.com/hygieniste-dentaire	200	text/html
20230603071259	https://ornipreparation.com/iai-institut-africian-dinformatique	200	text/html
20230927091018	https://ornipreparation.com/iford-institut-de-formation-et-de-recherche-demographiques	200	text/html
20231004010318	https://ornipreparation.com/il-existe-de-bonnes-perspectives-de-carriere-pour-les-diplomes-interesses-a-aider-les-entreprises-a-economiser-de-largent-et-a-gerer-lenergie-plus-efficacement	200	text/html
20231003225152	https://ornipreparation.com/illustrateur	200	text/html
20231130021425	https://ornipreparation.com/illustrateur-medical	200	text/html
20230603143803	https://ornipreparation.com/impact-higher-institute-of-leadership-and-international-development	200	text/html
20231003233956	https://ornipreparation.com/impact-polytechnic	200	text/html
20231003231923	https://ornipreparation.com/infirmiere-veterinaire	200	text/html
20230603090109	https://ornipreparation.com/information-and-communication-technology-university-institute	200	text/html
20230603150535	https://ornipreparation.com/information-and-communication-technology-university-institute-ictu	200	text/html
20240618082825	https://ornipreparation.com/informatique	200	text/html
20231130011129	https://ornipreparation.com/ingenieur-chimiste	200	text/html
20230923183900	https://ornipreparation.com/ingenieur-civil-conseil	200	text/html
20231003231736	https://ornipreparation.com/ingenieur-civil-contractant	200	text/html
20230923185239	https://ornipreparation.com/ingenieur-de-chantier	200	text/html
20231130003336	https://ornipreparation.com/ingenieur-de-diffusion	200	text/html
20231004004652	https://ornipreparation.com/ingenieur-detudes	200	text/html
20231201093802	https://ornipreparation.com/ingenieur-du-son	200	text/html
20240618083632	https://ornipreparation.com/ingenieur-en-apprentissage-automatique	200	text/html
20240303145929	https://ornipreparation.com/ingenieur-en-eau	200	text/html
20230923165949	https://ornipreparation.com/ingenieur-en-structure	200	text/html
20230923184311	https://ornipreparation.com/ingenieur-environnemental	200	text/html
20240303162123	https://ornipreparation.com/ingenieur-geologue	200	text/html
20240303143922	https://ornipreparation.com/ingenieur-geotechnicien	200	text/html
20240303162548	https://ornipreparation.com/ingenieur-logiciel	200	text/html
20240303163620	https://ornipreparation.com/ingenieur-nucleaire	200	text/html
20231204232903	https://ornipreparation.com/ingenieur-reseau	200	text/html
20230923172241	https://ornipreparation.com/ingenieur-service-batiment	200	text/html
20230604074942	https://ornipreparation.com/ingenieurs-logiciels-appliquent-principes-scientifiques-mathematiques-afin-creer-logiciels-informatiques-resoudre-problemes	200	text/html
20230604081810	https://ornipreparation.com/ingenieurs-logiciels-appliquent-principes-scientifiques-mathematiques-creer-logiciels-informatiques-resoudre-problemes	200	text/html
20231004000601	https://ornipreparation.com/inscription-orniprepa	200	text/html
20231004003631	https://ornipreparation.com/inspecteur-des-batiments-historiques-agent-de-conservation	200	text/html
20230923181418	https://ornipreparation.com/inspecteur-en-sante-et-securite	200	text/html
20230927093049	https://ornipreparation.com/inspecteurs-de-la-police-camerounaise	200	text/html
20230530054404	https://ornipreparation.com/institut-agenla-academy	200	text/html
20230603073916	https://ornipreparation.com/institut-catholique-bonneau-debolowa-icabe	200	text/html
20230927084133	https://ornipreparation.com/institut-catholique-bonneau-debolowa-icabe-2	200	text/html
20230530045501	https://ornipreparation.com/institut-catholique-de-bafoussam-icab	200	text/html
20230530040701	https://ornipreparation.com/institut-dafrique-unie	200	text/html
20230603075914	https://ornipreparation.com/institut-de-technologie-de-lindustrie-du-management-et-de-lentrepreneuriat-intime	200	text/html
20230603145752	https://ornipreparation.com/institut-denseignement-superieur-foyaguem-iesf	200	text/html
20230923182540	https://ornipreparation.com/institut-des-arts-nautiques-et-de-la-peche-de-limbe-linafi	200	text/html
20240424054528	https://ornipreparation.com/institut-des-beaux-arts-cheikh-anta-diop-isbac	200	text/html
20230923175100	https://ornipreparation.com/institut-des-beaux-arts-de-foumban-ibaf-de-luniversite-de-dschang	200	text/html
20231004000641	https://ornipreparation.com/institut-des-beaux-arts-de-luniversite-de-douala-a-nkongsamba-iba	200	text/html
20230530035307	https://ornipreparation.com/institut-des-etudes-superieures-de-science-dindustrie-et-des-techniques-de-gestion-ihes-sitg	200	text/html
20231003231250	https://ornipreparation.com/institut-des-relations-internationales-du-cameroun-iric	200	text/html
20230603152224	https://ornipreparation.com/institut-des-sciences-economiques-et-informatique-de-gestion-iseig	200	text/html
20240424060330	https://ornipreparation.com/institut-des-sciences-economiques-et-informatiques-de-gestion-iseig	200	text/html
20231004005905	https://ornipreparation.com/institut-des-sciences-halieutiques-ish-de-luniversite-de-douala-a-yabassi	200	text/html
20230603090023	https://ornipreparation.com/institut-dexcellence-pkfokam	200	text/html
20230604082440	https://ornipreparation.com/institut-international-des-assurances-iia	200	text/html
20230604071519	https://ornipreparation.com/institut-mbassi-superieur-ims	200	text/html
20230923173441	https://ornipreparation.com/institut-national-de-la-jeunesse-et-des-sports-injs-de-yaounde	200	text/html
20230604071211	https://ornipreparation.com/institut-panafricain-pour-le-developpement-ipd	200	text/html
20230926061258	https://ornipreparation.com/institut-prepavogt	200	text/html
20230604075716	https://ornipreparation.com/institut-prive-des-sciences-de-la-sante-de-sangmelima-ipsssa	200	text/html
20230530051455	https://ornipreparation.com/institut-regional-detudes-superieures-en-securite-sociale-iresss	200	text/html
20230604065948	https://ornipreparation.com/institut-saint-jean	200	text/html
20230927080643	https://ornipreparation.com/institut-samba-superieur	200	text/html
20230604083113	https://ornipreparation.com/institut-sous-regional-de-statistique-et-deconomie-appliquee-issea	200	text/html
20230927090855	https://ornipreparation.com/institut-superieur-africain-denseignement-managerial-et-technologique-isa-emt	200	text/html
20230927092922	https://ornipreparation.com/institut-superieur-africain-des-technologies-de-linformation-et-de-la-connaissance-isatic	200	text/html
20230603082926	https://ornipreparation.com/institut-superieur-azimut-de-commerce-de-technologie-et-de-sante	200	text/html
20230603133645	https://ornipreparation.com/institut-superieur-camille-chazeaud	200	text/html
20231004003813	https://ornipreparation.com/institut-superieur-d-agriculture-du-bois-de-leau-et-de-lenvironnement-isabee-de-luniversite-de-bertoua	200	text/html
20230923181903	https://ornipreparation.com/institut-superieur-d-agriculture-du-bois-de-leau-et-de-lenvironnement-isabee-de-luniversite-debolowa	200	text/html
20230604080139	https://ornipreparation.com/institut-superieur-dagriculture-et-de-gestion	200	text/html
20231003233914	https://ornipreparation.com/institut-superieur-dagronomie-isa	200	text/html
20230603080227	https://ornipreparation.com/institut-superieur-dale-kietzman	200	text/html
20230603083415	https://ornipreparation.com/institut-superieur-de-bafang-isb	200	text/html
20230926063532	https://ornipreparation.com/institut-superieur-de-bafoussam	200	text/html
20230603075034	https://ornipreparation.com/institut-superieur-de-banka-bafang-isb	200	text/html
20230927082321	https://ornipreparation.com/institut-superieur-de-chimie-et-de-gestion-iscg	200	text/html
20230927091732	https://ornipreparation.com/institut-superieur-de-commerce-et-dadministration-des-collectivites-iscac	200	text/html
20231003230936	https://ornipreparation.com/institut-superieur-de-commerce-et-de-gestion-des-entreprises-sup-de-co	200	text/html
20230923174433	https://ornipreparation.com/institut-superieur-de-commerce-et-de-gestion-h-i-c-m-de-bamenda	200	text/html
20230530045646	https://ornipreparation.com/institut-superieur-de-commerce-et-de-management-iscm	200	text/html
20230927092322	https://ornipreparation.com/institut-superieur-de-formation-aux-metiers-de-telecommunications-de-linnovation-technologique-de-commerce-et-de-gestion-iftic-sup	200	text/html
20230604080636	https://ornipreparation.com/institut-superieur-de-formation-aux-metiers-de-telecommunications-de-linnovation-technologique-de-commerce-et-de-gestion-ifticsup	200	text/html
20230530041957	https://ornipreparation.com/institut-superieur-de-gestion-et-de-management-isgem	200	text/html
20230530044324	https://ornipreparation.com/institut-superieur-de-gestion-et-de-technologie-isget	200	text/html
20231004004400	https://ornipreparation.com/institut-superieur-de-gestion-et-de-technologieisget	200	text/html
20230603145937	https://ornipreparation.com/institut-superieur-de-gestion-et-deconomie-appliquee-de-bafoussam-sup-geco	200	text/html
20230603081555	https://ornipreparation.com/institut-superieur-de-gestion-et-dhotellerie-isgho	200	text/html
20230603154721	https://ornipreparation.com/institut-superieur-de-gestion-et-dhotellerie-kella-gamo-sidonie-isgh-kgs	200	text/html
20230603140001	https://ornipreparation.com/institut-superieur-de-gestion-et-du-design-isgd	200	text/html
20230603072925	https://ornipreparation.com/institut-superieur-de-gestion-isg	200	text/html
20230604071053	https://ornipreparation.com/institut-superieur-de-lemergence-ise	200	text/html
20230603140301	https://ornipreparation.com/institut-superieur-de-lentreprise-du-management-de-lindustrie-et-des-technologies-isemit	200	text/html
20230603082034	https://ornipreparation.com/institut-superieur-de-lentreprise-et-du-management-isem	200	text/html
20230603073553	https://ornipreparation.com/institut-superieur-de-management-du-manengouba-ismam	200	text/html
20230927085418	https://ornipreparation.com/institut-superieur-de-management-et-de-lentrepreneuriat-ime	200	text/html
20230603074035	https://ornipreparation.com/institut-superieur-de-management-et-de-technologies-avancees-ismta	200	text/html
20230603090407	https://ornipreparation.com/institut-superieur-de-management-et-des-sciences-appliquees-ismasa	200	text/html
20230603085329	https://ornipreparation.com/institut-superieur-de-management-et-des-technologies-appliquees-ismta	200	text/html
20230603065345	https://ornipreparation.com/institut-superieur-de-management-et-des-technologies-industrielles-ismti	200	text/html
20230530041203	https://ornipreparation.com/institut-superieur-de-management-international-ismi	200	text/html
20230603135659	https://ornipreparation.com/institut-superieur-de-management-isma	200	text/html
20230603144939	https://ornipreparation.com/institut-superieur-de-management-manengouba-ismam	200	text/html
20230603151047	https://ornipreparation.com/institut-superieur-de-pedagogie-isp	200	text/html
20230603074646	https://ornipreparation.com/institut-superieur-de-petrochimie-et-dingenierie-mathematique-ispim	200	text/html
20230604064451	https://ornipreparation.com/institut-superieur-de-psychopedagogie-appliquee-isppa-association-orchidee-home	200	text/html
20230926054314	https://ornipreparation.com/institut-superieur-de-technologie-avancee-et-du-management-douala-istama	200	text/html
20230927093825	https://ornipreparation.com/institut-superieur-de-technologie-et-de-gestion	200	text/html
20230603081835	https://ornipreparation.com/institut-superieur-de-technologie-et-de-gestion-2	200	text/html
20230530045537	https://ornipreparation.com/institut-superieur-de-technologie-et-de-gestion-dafrique-centrale-istg-ac	200	text/html
20230603071828	https://ornipreparation.com/institut-superieur-de-technologie-le-bon-berger-istb	200	text/html
20231003235102	https://ornipreparation.com/institut-superieur-de-technologie-medicale-de-nkolodom-istm	200	text/html
20230603142514	https://ornipreparation.com/institut-superieur-de-technologie-siantou	200	text/html
20230927080302	https://ornipreparation.com/institut-superieur-de-technologies-appliquees-instap	200	text/html
20230530045244	https://ornipreparation.com/institut-superieur-de-technologies-appliques-et-de-gestion-istag	200	text/html
20230604081841	https://ornipreparation.com/institut-superieur-de-technologies-avancees-et-du-managementistama	200	text/html
20230530043407	https://ornipreparation.com/institut-superieur-de-technologies-avancees-insta	200	text/html
20231004010432	https://ornipreparation.com/institut-superieur-de-technologies-et-de-managementistm	200	text/html
20230603082026	https://ornipreparation.com/institut-superieur-de-technologies-et-detudes-commerciales-de-bangangte-istec	200	text/html
20230927081544	https://ornipreparation.com/institut-superieur-de-technologies-medicales-de-yaounde-istm	200	text/html
20230530053552	https://ornipreparation.com/institut-superieur-de-tourisme-des-arts-et-metiers-istam	200	text/html
20230926064234	https://ornipreparation.com/institut-superieur-de-traduction-dinterpretariat-et-de-communication-istic	200	text/html
20230603152912	https://ornipreparation.com/institut-superieur-de-transport-de-tourisme-des-affaires-et-de-management-isttam	200	text/html
20230923164519	https://ornipreparation.com/institut-superieur-de-transport-et-logistique-hitl-de-luniversite-de-bamenda	200	text/html
20230604083439	https://ornipreparation.com/institut-superieur-denseignement-managerial-et-technologique-isemt	200	text/html
20230603065818	https://ornipreparation.com/institut-superieur-des-affaires-isa	200	text/html
20230927081416	https://ornipreparation.com/institut-superieur-des-arts-et-des-metiers-de-bafoussam-isamet	200	text/html
20240424065402	https://ornipreparation.com/institut-superieur-des-arts-et-metiers	200	text/html
20230603091320	https://ornipreparation.com/institut-superieur-des-formations-appliquees-isfa	200	text/html
20230927082027	https://ornipreparation.com/institut-superieur-des-hautes-etudes-commerciales-et-industrielles-sigmen-societe-civile-nanf-socinan-sarl	200	text/html
20230926051757	https://ornipreparation.com/institut-superieur-des-metiers-de-technologies-dafrique-centrale	200	text/html
20230604073411	https://ornipreparation.com/institut-superieur-des-metiers-ismet	200	text/html
20231004005545	https://ornipreparation.com/institut-superieur-des-metiers-notre-dame	200	text/html
20230604083426	https://ornipreparation.com/institut-superieur-des-professions-de-sante-isps	200	text/html
20230927092725	https://ornipreparation.com/institut-superieur-des-sciences-agronomiques-de-lenvironnement-et-de-lentrepreneuriat-rural-issaeer	200	text/html
20230604083411	https://ornipreparation.com/institut-superieur-des-sciences-appliquees-a-la-sante-inssas	200	text/html
20230530054348	https://ornipreparation.com/institut-superieur-des-sciences-appliquees-au-management-issam-essama	200	text/html
20230530054025	https://ornipreparation.com/institut-superieur-des-sciences-appliques-au-managementissamessama	200	text/html
20230927080812	https://ornipreparation.com/institut-superieur-des-sciences-arts-et-metiers-issam	200	text/html
20230603142835	https://ornipreparation.com/institut-superieur-des-sciences-biologiques-et-appliquees-issba	200	text/html
20230603134859	https://ornipreparation.com/institut-superieur-des-sciences-de-la-sante-de-luniversite-des-montagnes-udm	200	text/html
20240424070117	https://ornipreparation.com/institut-superieur-des-sciences-de-leducation-issed	200	text/html
20230926055959	https://ornipreparation.com/institut-superieur-des-sciences-de-lentreprise-isse	200	text/html
20240424055105	https://ornipreparation.com/institut-superieur-des-sciences-de-technologie-de-commerce-et-dagriculture-isstecoa	200	text/html
20230603075406	https://ornipreparation.com/institut-superieur-des-sciences-de-technologie-de-management-et-developpement-durable-isstmadd	200	text/html
20230604083449	https://ornipreparation.com/institut-superieur-des-sciences-de-technologie-et-de-commerce-association-pour-la-promotion-de-leducation-et-la-culture	200	text/html
20230530034036	https://ornipreparation.com/institut-superieur-des-sciences-et-de-management-iusm	200	text/html
20230603155031	https://ornipreparation.com/institut-superieur-des-sciences-et-de-technologie-de-bangangte-isst	200	text/html
20230530032707	https://ornipreparation.com/institut-superieur-des-sciences-et-des-energies-renouvelables-isser	200	text/html
20230530032926	https://ornipreparation.com/institut-superieur-des-sciences-et-des-technologies-sainte-maria	200	text/html
20240424064928	https://ornipreparation.com/institut-superieur-des-sciences-et-techniques-de-la-sante-de-ngaoundere-inessbin	200	text/html
20230530045942	https://ornipreparation.com/institut-superieur-des-sciences-et-techniques-de-la-sante-isstsm	200	text/html
20230927073834	https://ornipreparation.com/institut-superieur-des-sciences-et-techniques-de-yaounde-issty	200	text/html
20230927085648	https://ornipreparation.com/institut-superieur-des-sciences-et-technologies-de-la-sante-issts	200	text/html
20230927083335	https://ornipreparation.com/institut-superieur-des-sciences-et-technologies-nanfah-isstn	200	text/html
20230603154051	https://ornipreparation.com/institut-superieur-des-sciences-sociales-et-appliquees-i3sa	200	text/html
20230926043859	https://ornipreparation.com/institut-superieur-des-techniques-agricoles-dombessa	200	text/html
20230604075912	https://ornipreparation.com/institut-superieur-des-techniques-appliquees-et-de-management	200	text/html
20230603134349	https://ornipreparation.com/institut-superieur-des-techniques-appliquees-et-de-management-istam	200	text/html
20230927075740	https://ornipreparation.com/institut-superieur-des-techniques-economiques-et-comptables	200	text/html
20230927080050	https://ornipreparation.com/institut-superieur-des-techniques-industrielles-et-commerciales	200	text/html
20230603144832	https://ornipreparation.com/institut-superieur-des-techniques-tertiaires-et-industrielles-istti	200	text/html
20230926065545	https://ornipreparation.com/institut-superieur-des-technologies-dagriculture-et-de-commerce-istaco	200	text/html
20230603084235	https://ornipreparation.com/institut-superieur-des-technologies-de-linformation-et-de-la-communication	200	text/html
20230603140951	https://ornipreparation.com/institut-superieur-des-technologies-et-de-gestion	200	text/html
20230603072751	https://ornipreparation.com/institut-superieur-des-technologies-et-de-linnovation	200	text/html
20230603070919	https://ornipreparation.com/institut-superieur-des-technologies-et-du-design-industriel-istdi	200	text/html
20240424053932	https://ornipreparation.com/institut-superieur-detudes-commerciales-et-de-management-isecma	200	text/html
20230604080750	https://ornipreparation.com/institut-superieur-detudes-scientifiques-technologiques-et-manageriales-isestma	200	text/html
20240424062423	https://ornipreparation.com/institut-superieur-dinformatique-et-de-la-communication-isicom	200	text/html
20230927091103	https://ornipreparation.com/institut-superieur-du-genie-thermique-et-energetique	200	text/html
20230603075717	https://ornipreparation.com/institut-superieur-du-personnel-medico-sanitaire-ispm	200	text/html
20230927084256	https://ornipreparation.com/institut-superieur-du-septentrion-informatique	200	text/html
20230603080112	https://ornipreparation.com/institut-superieur-du-tourisme-de-lhotellerie-et-des-arts-culinaires-isthac	200	text/html
20230603152530	https://ornipreparation.com/institut-superieur-evangelique-des-technologies-et-de-gestion-isetag	200	text/html
20231003225553	https://ornipreparation.com/institut-superieur-fondation-mamadou-bako	200	text/html
20230530051931	https://ornipreparation.com/institut-superieur-hintel	200	text/html
20230603153219	https://ornipreparation.com/institut-superieur-industriel-et-commercial-de-garoua	200	text/html
20230530050904	https://ornipreparation.com/institut-superieur-industriel-et-commercial-de-garoua-isic	200	text/html
20230603154753	https://ornipreparation.com/institut-superieur-islamique-de-foumban-isif	200	text/html
20230927073646	https://ornipreparation.com/institut-superieur-jimit-isj	200	text/html
20230603074402	https://ornipreparation.com/institut-superieur-kalata-iska	200	text/html
20230603134712	https://ornipreparation.com/institut-superieur-la-perle-islape	200	text/html
20230927080514	https://ornipreparation.com/institut-superieur-la-rosiere	200	text/html
20230927084051	https://ornipreparation.com/institut-superieur-lead-isl	200	text/html
20230603080304	https://ornipreparation.com/institut-superieur-lumiere	200	text/html
20230603145900	https://ornipreparation.com/institut-superieur-maritime-et-de-gestion-isumag	200	text/html
20230603134011	https://ornipreparation.com/institut-superieur-matamfen-ismat	200	text/html
20230604063951	https://ornipreparation.com/institut-superieur-mingole-ism	200	text/html
20230603153029	https://ornipreparation.com/institut-superieur-mony-keng-imk	200	text/html
20230530045832	https://ornipreparation.com/institut-superieur-nyong-et-sanaga-isns	200	text/html
20230604072059	https://ornipreparation.com/institut-superieur-polytechnique	200	text/html
20230604061824	https://ornipreparation.com/institut-superieur-polytechnique-de-bansoa-ispb	200	text/html
20230603085042	https://ornipreparation.com/institut-superieur-polytechnique-les-armandins-ispa	200	text/html
20240424060610	https://ornipreparation.com/institut-superieur-professeurs-reunis-ispr	200	text/html
20230530050159	https://ornipreparation.com/institut-superieur-professeurs-reunis-ispr-2	200	text/html
20230530034744	https://ornipreparation.com/institut-superieur-professionnel-isp	200	text/html
20230530050301	https://ornipreparation.com/institut-superieur-protestant-des-sciences-et-technologies-delat	200	text/html
20230604063821	https://ornipreparation.com/institut-superieur-royal-baboutcha-nintcheu-isrb	200	text/html
20230604065508	https://ornipreparation.com/institut-superieur-royal-deumaga-isrd	200	text/html
20230604082517	https://ornipreparation.com/institut-superieur-saint-jean-paul-ii-isjp	200	text/html
20230603085803	https://ornipreparation.com/institut-superieur-simon-de-cyrene-issc	200	text/html
20230927092023	https://ornipreparation.com/institut-superieur-technologique	200	text/html
20230926065207	https://ornipreparation.com/institut-superieur-walya-walyasup	200	text/html
20231004004855	https://ornipreparation.com/institut-superieur-yerima-dewa	200	text/html
20230604071600	https://ornipreparation.com/institut-superieure-dinformatique-et-de-commerce-isico	200	text/html
20230927080430	https://ornipreparation.com/institut-ucac-icam	200	text/html
20230604082131	https://ornipreparation.com/institut-universitaire-agricole-de-management-des-metiers-de-la-production	200	text/html
20230604070700	https://ornipreparation.com/institut-universitaire-bengono-toure	200	text/html
20230530034831	https://ornipreparation.com/institut-universitaire-catholique-de-bertoua-iucab	200	text/html
20230927072722	https://ornipreparation.com/institut-universitaire-catholique-saint-jerome-de-douala-iucsjd	200	text/html
20230530050527	https://ornipreparation.com/institut-universitaire-catholique-sainte-therese-de-yaounde-inucasty	200	text/html
20230603081123	https://ornipreparation.com/institut-universitaire-de-la-cote-iuc	200	text/html
20230923172107	https://ornipreparation.com/institut-universitaire-de-technologie-du-bois-iut-bois-de-luniversite-de-yaounde-1-a-mbalmayo	200	text/html
20230923171050	https://ornipreparation.com/institut-universitaire-de-technologie-iut-de-douala	200	text/html
20230530053157	https://ornipreparation.com/institut-universitaire-des-sciences-des-technologies-et-de-lethique-iuste	200	text/html
20230603071109	https://ornipreparation.com/institut-universitaire-des-sciences-petrolieres-et-de-management-iuspm	200	text/html
20230603080819	https://ornipreparation.com/institut-universitaire-deseka-iue	200	text/html
20230530052352	https://ornipreparation.com/institut-universitaire-du-golfe-de-guinee-iug	200	text/html
20230603073052	https://ornipreparation.com/institut-universitaire-et-strategique-de-lestuaire	200	text/html
20230530042414	https://ornipreparation.com/institut-universitaire-evangelique-du-cameroun	200	text/html
20230530052714	https://ornipreparation.com/institut-universitaire-international	200	text/html
20230927091437	https://ornipreparation.com/institut-universitaire-la-vision	200	text/html
20230603151703	https://ornipreparation.com/institut-universitaire-louis-yinda-iuly	200	text/html
20230926045823	https://ornipreparation.com/institut-universitaire-prive-laic-de-lequateur	200	text/html
20230603085716	https://ornipreparation.com/institut-universitaire-protestant-de-yaounde	200	text/html
20230604070427	https://ornipreparation.com/institute-of-professional-studies-ips	200	text/html
20230603145417	https://ornipreparation.com/international-bilingual-academy-yaounde-ibay-sup	200	text/html
20230927082447	https://ornipreparation.com/international-university-of-bamenda	200	text/html
20231201094448	https://ornipreparation.com/invite	200	text/html
20230927083256	https://ornipreparation.com/isec-higher-institute-of-health-and-human-services	200	text/html
20230923170543	https://ornipreparation.com/iut-de-ngaoundere-institut-universitaire-et-technologique	200	text/html
20230923170156	https://ornipreparation.com/iut-institut-universitaire-de-technologie-fotso-victor-de-bandjoun	200	text/html
20230603153906	https://ornipreparation.com/jagora-university	200	text/html
20240303145250	https://ornipreparation.com/jeune-travailleur	200	text/html
20230923165427	https://ornipreparation.com/jeunesse-et-travail-communautaire	200	text/html
20230603154648	https://ornipreparation.com/jomatt-polytechnic-institute-of-education	200	text/html
20240618100313	https://ornipreparation.com/journalisme	200	text/html
20240303154641	https://ornipreparation.com/journaliste-de-magazines	200	text/html
20231004000840	https://ornipreparation.com/journaliste-de-presse	200	text/html
20240618083546	https://ornipreparation.com/journaliste-de-radiotelevision	200	text/html
20230603065700	https://ornipreparation.com/jsf-polytechnic	200	text/html
20230923180647	https://ornipreparation.com/juricomptable	200	text/html
20240223190408	https://ornipreparation.com/keukoua	200	text/html
20250831113645	https://ornipreparation.com/keukoua?redirect_to=https%3A%2F%2Fornipreparation.com%2Fspecialiste-seo	200	text/html
20250729124936	https://ornipreparation.com/keukoua?redirect_to=https%3A%2F%2Fornipreparation.com%2Fwebdesigner	200	text/html
20231004002308	https://ornipreparation.com/kinesitherapeute-animalier	200	text/html
20240618075137	https://ornipreparation.com/la-biologie	200	text/html
20231003232541	https://ornipreparation.com/la-dentisterie-est-un-diplome-professionnel-qui-vous-donne-les-connaissances-specialisees-les-competences-techniques-et-les-qualites-necessaires-pour-devenir-dentiste	200	text/html
20230603155407	https://ornipreparation.com/la-gestion-des-responsabilites-un-interet-pour-lenvironnement-et-la-durabilite-et-la-capacite-de-comprendre-une-legislation-complexe-ne-sont-que-quelques-unes-des-competences-dont-vous-aurez-besoin	200	text/html
20230530044359	https://ornipreparation.com/la-nutrition-est-un-element-essentiel-de-la-sante-publique-et-individuelle-et-un-diplome-en-nutrition-vous-donne-les-competences-et-les-connaissances-necessaires-pour-aider-les-gens-a-faire-les-bons-c	200	text/html
20230927075523	https://ornipreparation.com/la-plupart-des-diplomes-en-illustration-poursuivent-une-carriere-dartiste-mais-cette-forme-dart-applique-ouvre-egalement-dautres-opportunites-a-travers-une-gamme-de-plateformes-de-communication	200	text/html
20230603082703	https://ornipreparation.com/la-psychiatrie-pourrait-etre-le-cheminement-de-carriere-pour-vous-si-vous-avez-un-esprit-scientifique-solide-dexcellentes-competences-en-communication-et-le-desir-dameliorer-la-vie-des-personnes	200	text/html
20230603150753	https://ornipreparation.com/la-psychologie-medico-legale-peut-etre-difficile-mais-si-vous-etes-resilient-et-dispose-a-aider-et-a-comprendre-les-delinquants-cela-pourrait-etre-votre-carriere-ideale	200	text/html
20230604061712	https://ornipreparation.com/la-radioprotection-est-un-domaine-specialise-de-la-sante-et-de-la-securite-ouvert-aux-scientifiques-et-ingenieurs-souhaitant-appliquer-leurs-competences-dans-des-domaines-allant-de-la-medecine-a-la-2	200	text/html
20230603074951	https://ornipreparation.com/la-radioprotection-est-un-domaine-specialise-de-la-sante-et-de-la-securite-ouvert-aux-scientifiques-et-ingenieurs-souhaitant-appliquer-leurs-competences-dans-des-domaines-allant-de-la-medecine-a-la-p	200	text/html
20240424054649	https://ornipreparation.com/landmark-higher-institute-lhi	200	text/html
20240303165708	https://ornipreparation.com/langue-anglaise	200	text/html
20230926045244	https://ornipreparation.com/laureate-higher-institute-of-business-and-administration-lahiba	200	text/html
20230604064326	https://ornipreparation.com/le-bon-fonctionnement-dune-universite-dun-college-ou-dune-ecole-a-besoin-dadministrateurs-de-leducation-hautement-organises-amicaux-et-accessibles-qui-sont-passionnes-par-le-fait-de-faire	200	text/html
20230604065023	https://ornipreparation.com/le-marketing-est-une-carriere-universitaire-populaire-en-particulier-dans-les-domaines-en-developpement-des-medias-numeriques-et-sociaux-mais-lentree-est-extremement-competitive-vous-devrez-donc	200	text/html
20230927091608	https://ornipreparation.com/le-poste-de-gestionnaire-de-soins-est-un-role-de-leadership-de-premiere-ligne-dans-un-milieu-de-soins-residentiels	200	text/html
20230927091813	https://ornipreparation.com/le-risque-et-la-conformite-sont-lun-des-domaines-demploi-a-la-croissance-la-plus-rapide-dans-le-secteur-financier-et-un-choix-populaire-pour-ceux-qui-ont-le-souci-du-detail	200	text/html
20230926064552	https://ornipreparation.com/le-role-dingenieur-biomedical-vous-permet-de-combiner-ingenierie-conception-et-medecine-et-vous-donne-la-chance-de-travailler-avec-des-equipements-utilises-pour-les-traitements-les-diagnostics-et	200	text/html
20230603141122	https://ornipreparation.com/le-role-dun-planificateur-media-est-varie-rapide-et-saccompagne-de-beaucoup-de-pression-pour-reussir-vous-aurez-besoin-de-bonnes-competences-en-communication-et-dun-flair-commercial	200	text/html
20230926052740	https://ornipreparation.com/le-role-dun-planificateur-media-est-varie-rapide-et-saccompagne-de-beaucoup-de-pression-pour-reussir-vous-aurez-besoin-de-bonnes-competences-en-communication-et-dun-flair-commercial-2	200	text/html
20230530053317	https://ornipreparation.com/le-role-dun-planificateur-media-est-varie-rapide-et-saccompagne-de-beaucoup-de-pression-pour-reussir-vous-aurez-besoin-de-bonnes-competences-en-communication-et-dun-flair-commercial-3	200	text/html
20230603142717	https://ornipreparation.com/le-role-stimulant-et-varie-dun-travailleur-de-soutien-familial-est-ideal-pour-toute-personne-souhaitant-avoir-un-impact-positif-sur-la-vie-des-enfants-des-jeunes-et-des-familles	200	text/html
20230923172631	https://ornipreparation.com/le-succes-en-tant-quecrivain-depend-de-votre-determination-et-de-votre-perseverance-individuelles-cependant-les-competences-acquises-lors-dun-cours-decriture-creative-sont-utiles-dans-le-marke	200	text/html
20231003235828	https://ornipreparation.com/lecole-nationale-superieure-des-postes-des-telecommunications-et-des-technologies-de-linformation-et-de-la-communication-supptic-de-yaounde-ex-enspt	200	text/html
20231004005747	https://ornipreparation.com/lecole-superieure-des-sciences-economiques-et-commerciales-essec-de-luniversite-de-garoua	200	text/html
20230530054319	https://ornipreparation.com/les-acheteurs-au-detail-sont-essentiels-au-succes-dune-entreprise-de-vente-au-detail-car-ils-sassurent-que-les-produits-appropries-sont-achetes-au-bon-prix	200	text/html
20230927073743	https://ornipreparation.com/les-acheteurs-medias-negocient-achetent-et-controlent-les-espaces-publicitaires-et-le-temps-dantenne-pour-le-compte-des-clients	200	text/html
20230530041915	https://ornipreparation.com/les-acheteurs-medias-negocient-achetent-et-controlent-les-espaces-publicitaires-et-le-temps-dantenne-pour-le-compte-des-clients-2	200	text/html
20230604065148	https://ornipreparation.com/les-acteurs-communiquent-un-personnage-ou-une-situation-a-un-public-par-la-parole-le-langage-corporel-et-le-mouvement-a-travers-une-variete-de-mediums-y-compris-le-theatre-le-cinema-la-television	200	text/html
20230530045617	https://ornipreparation.com/les-administrateurs-de-bases-de-donnees-utilisent-des-logiciels-specialises-pour-organiser-et-maintenir-une-base-de-donnees-secu	200	text/html
20230530045100	https://ornipreparation.com/les-administrateurs-de-bases-de-donnees-utilisent-des-logiciels-specialises-pour-organiser-et-maintenir-une-base-de-donnees-securisee	200	text/html
20230604062957	https://ornipreparation.com/les-administrateurs-des-arts-jouent-un-role-important-dans-le-developpement-de-nouveaux-projets-en-organisant-des-tournees-et-des-evenements-et-en-assumant-des-responsabilites-de-marketing-et-de-pla-2	200	text/html
20230603084623	https://ornipreparation.com/les-administrateurs-des-arts-jouent-un-role-important-dans-le-developpement-de-nouveaux-projets-en-organisant-des-tournees-et-des-evenements-et-en-assumant-des-responsabilites-de-marketing-et-de-pla-3	200	text/html
20230604072208	https://ornipreparation.com/les-administrateurs-des-arts-jouent-un-role-important-dans-le-developpement-de-nouveaux-projets-en-organisant-des-tournees-et-des-evenements-et-en-assumant-des-responsabilites-de-marketing-et-de-pla-4	200	text/html
20230603072045	https://ornipreparation.com/les-administrateurs-des-arts-jouent-un-role-important-dans-le-developpement-de-nouveaux-projets-en-organisant-des-tournees-et-des-evenements-et-en-assumant-des-responsabilites-de-marketing-et-de-pla-5	200	text/html
20230530044201	https://ornipreparation.com/les-administrateurs-des-arts-jouent-un-role-important-dans-le-developpement-de-nouveaux-projets-en-organisant-des-tournees-et-des-evenements-et-en-assumant-des-responsabilites-de-marketing-et-de-pla-7	200	text/html
20230603155358	https://ornipreparation.com/les-administrateurs-des-arts-jouent-un-role-important-dans-le-developpement-de-nouveaux-projets-en-organisant-des-tournees-et-des-evenements-et-en-assumant-des-responsabilites-de-marketing-et-de-plan	200	text/html
20230603070259	https://ornipreparation.com/les-affaires-dans-le-monde-numeriquement-connecte-daujourdhui-sont-de-plus-en-plus-mondiales-et-de-nombreux-diplomes-en-commerce-international-travaillent-dans-divers-secteurs-decouvrez-ou-le-dip-2	200	text/html
20230603074606	https://ornipreparation.com/les-agents-de-formation-et-de-developpement-sont-responsables-de-lapprentissage-et-du-developpement-professionnel-de-la-main-doeuvre-dune-organisation	200	text/html
20230530045210	https://ornipreparation.com/les-agents-de-police-protegent-le-public-contre-le-crime-et-soutiennent-les-victimes-et-les-temoins-dactes-criminels-en-rassurant-les-habitants-de-la-communaute	200	text/html
20230603135829	https://ornipreparation.com/les-agents-de-probation-gerent-les-contrevenants-pour-proteger-le-public-et-reduire-lincidence-de-la-recidive-ils-aident-egalement-les-delinquants-a-faire-de-meilleurs-choix-de-vie	200	text/html
20230604074700	https://ornipreparation.com/les-agents-de-talent-appliquent-des-competences-de-communication-et-de-negociation-expertes-pour-representer-et-trouver-du-travail-pour-des-personnes-talentueuses-dans-lindustrie-du-divertissement	200	text/html
20230604074717	https://ornipreparation.com/les-agents-de-talent-appliquent-des-competences-de-communication-et-de-negociation-expertes-pour-representer-et-trouver-du-travail-pour-des-personnes-talentueuses-dans-lindustrie-du-divertissement-2	200	text/html
20230604080215	https://ornipreparation.com/les-agents-de-talent-appliquent-des-competences-de-communication-et-de-negociation-expertes-pour-representer-et-trouver-du-travail-pour-des-personnes-talentueuses-dans-lindustrie-du-divertissement-3	200	text/html
20230603091026	https://ornipreparation.com/les-agents-de-talent-appliquent-des-competences-de-communication-et-de-negociation-expertes-pour-representer-et-trouver-du-travail-pour-des-personnes-talentueuses-dans-lindustrie-du-divertissement-5	200	text/html
20230603072316	https://ornipreparation.com/les-agents-de-talent-appliquent-des-competences-de-communication-et-de-negociation-expertes-pour-representer-et-trouver-du-travail-pour-des-personnes-talentueuses-dans-lindustrie-du-divertissement-7	200	text/html
20230603141823	https://ornipreparation.com/les-agents-de-talent-appliquent-des-competences-de-communication-et-de-negociation-expertes-pour-representer-et-trouver-du-travail-pour-des-personnes-talentueuses-dans-lindustrie-du-divertissement-8	200	text/html
20230603084157	https://ornipreparation.com/les-agents-deducation-communautaire-aident-les-gens-a-acceder-a-lapprentissage-et-a-developper-leurs-competences	200	text/html
20230530041421	https://ornipreparation.com/les-agents-deducation-communautaire-aident-les-gens-a-acceder-a-lapprentissage-et-a-developper-leurs-competences-2	200	text/html
20230603152646	https://ornipreparation.com/les-agents-deducation-communautaire-aident-les-gens-a-acceder-a-lapprentissage-et-a-developper-leurs-competences-3	200	text/html
20230603073304	https://ornipreparation.com/les-agents-des-forces-frontalieres-protegent-le-royaume-uni-contre-les-menaces-de-terrorisme-la-contrebande-la-fraude-le-crime-organise-la-traite-des-etres-humains-et-le-commerce-illegal-darticl	200	text/html
20230603135249	https://ornipreparation.com/les-agents-des-forces-frontalieres-protegent-le-royaume-uni-contre-les-menaces-de-terrorisme-la-contrebande-la-fraude-le-crime-organise-la-traite-des-etres-humains-et-le-commerce-illegal-darticl-2	200	text/html
20230604080026	https://ornipreparation.com/les-agents-des-forces-frontalieres-protegent-le-royaume-uni-contre-les-menaces-de-terrorisme-la-contrebande-la-fraude-le-crime-organise-la-traite-des-etres-humains-et-le-commerce-illegal-darticl-3	200	text/html
20230603075240	https://ornipreparation.com/les-agents-des-normes-commerciales-agissent-au-nom-des-consommateurs-et-des-entreprises-pour-conseiller-et-appliquer-les-lois-qui-regissent-la-facon-dont-les-biens-et-services-sont-achetes-vendus-et	200	text/html
20230923183200	https://ornipreparation.com/les-agents-des-systemes-dinformation-geographique-sig-saisissent-et-analysent-une-gamme-de-donnees-geographiques-a-laide-de-systemes-sig-afin-daider-les-organisations-a-faire-des-plans-a-long	200	text/html
20230603140626	https://ornipreparation.com/les-agents-dinformation-gerent-et-developpent-linformation-pour-la-rendre-facilement-accessible-aux-autres	200	text/html
20230530053035	https://ornipreparation.com/les-agents-dinformation-gerent-et-developpent-linformation-pour-la-rendre-facilement-accessible-aux-autres-2	200	text/html
20230603154507	https://ornipreparation.com/les-agents-dinformation-gerent-et-developpent-linformation-pour-la-rendre-facilement-accessible-aux-autres-4	200	text/html
20230530040448	https://ornipreparation.com/les-agents-immobiliers-assurent-la-liaison-avec-les-clients-les-avocats-et-autres-professionnels-de-limmobilier-pour-negocier-les-ventes-et-les-locations-de-proprietes-residentielles-ou-commerciale	200	text/html
20230923182714	https://ornipreparation.com/les-agents-penitentiaires-sont-responsables-de-la-securite-de-lencadrement-de-la-formation-et-de-la-reinsertion-des-personnes-incarcerees-par-les-tribunaux	200	text/html
20230603145115	https://ornipreparation.com/les-aides-enseignants-jouent-un-role-important-dans-le-soutien-aux-activites-dapprentissage-dans-les-ecoles-et-les-creches	200	text/html
20230530052913	https://ornipreparation.com/les-aides-enseignants-jouent-un-role-important-dans-le-soutien-aux-activites-dapprentissage-dans-les-ecoles-et-les-creches-2	200	text/html
20230923164106	https://ornipreparation.com/les-aides-enseignants-jouent-un-role-important-dans-le-soutien-aux-activites-dapprentissage-dans-les-ecoles-et-les-creches-3	200	text/html
20230603150431	https://ornipreparation.com/les-ambulanciers-paramedicaux-fournissent-une-reponse-immediate-aux-appels-durgence-qui-peuvent-etre-dorigine-a-la-fois-traumatique-et-medicale-et-repondent-egalement-aux-references-des-medecins-g	200	text/html
20230604074247	https://ornipreparation.com/les-ambulanciers-paramedicaux-fournissent-une-reponse-immediate-aux-appels-durgence-qui-peuvent-etre-dorigine-a-la-fois-traumatique-et-medicale-et-repondent-egalement-aux-references-des-medecins-g-2	200	text/html
20230603153602	https://ornipreparation.com/les-analystes-de-la-cybersecurite-aident-a-proteger-une-organisation-en-utilisant-une-gamme-de-technologies-et-de-processus-pour-prevenir-detecter-et-gerer-les-cybermenaces	200	text/html
20230530033224	https://ornipreparation.com/les-analystes-de-la-cybersecurite-aident-a-proteger-une-organisation-en-utilisant-une-gamme-de-technologies-et-de-processus-pour-prevenir-detecter-et-gerer-les-cybermenaces-2	200	text/html
20230603072543	https://ornipreparation.com/les-analystes-de-systemes-examinent-les-systemes-et-linfrastructure-informatiques-dune-entreprise-et-determinent-comment-les-ameliorer	200	text/html
20230927092644	https://ornipreparation.com/les-analystes-du-renseignement-aident-a-assurer-la-securite-du-pays-en-evaluant-et-en-interpretant-les-donnees-du-renseignement	200	text/html
20230603084432	https://ornipreparation.com/les-analystes-medico-legaux-enquetent-sur-les-delits-informatiques-cybercriminalite-y-compris-les-violations-de-donnees-les-incidents-de-securite-et-dautres-activites-criminelles-en-ligne	200	text/html
20230927085112	https://ornipreparation.com/les-analystes-medico-legaux-enquetent-sur-les-delits-informatiques-cybercriminalite-y-compris-les-violations-de-donnees-les-incidents-de-securite-et-dautres-activites-criminelles-en-ligne-3	200	text/html
20230604083028	https://ornipreparation.com/les-analystes-medico-legaux-enquetent-sur-les-delits-informatiques-cybercriminalite-y-compris-les-violations-de-donnees-les-incidents-de-securite-et-dautres-activites-criminelles-en-ligne-4	200	text/html
20230530054301	https://ornipreparation.com/les-anesthesistes-sont-le-plus-grand-groupe-de-medecins-specialistes-dans-les-hopitaux-et-assurent-lanesthesie-et-la-gestion-de-la-douleur-aux-patients-qui-subissent-des-interventions-chirurgicales	200	text/html
20230603085201	https://ornipreparation.com/les-animateurs-de-jeunesse-guident-et-soutiennent-les-jeunes-dans-leur-developpement-personnel-social-et-educatif-pour-les-aider-a-atteindre-leur-plein-potentiel	200	text/html
20230603070818	https://ornipreparation.com/les-animateurs-de-jeunesse-guident-et-soutiennent-les-jeunes-dans-leur-developpement-personnel-social-et-educatif-pour-les-aider-a-atteindre-leur-plein-potentiel-2	200	text/html
20230530044123	https://ornipreparation.com/les-arpenteurs-geometres-en-milieu-rural-donnent-des-conseils-sur-la-propriete-rurale-et-les-questions-agricoles-pour-aider-les-agriculteurs-et-autres-clients-a-gerer-leurs-entreprises	200	text/html
20230604073437	https://ornipreparation.com/les-art-therapeutes-utilisent-les-arts-visuels-pour-aider-les-personnes-qui-ont-du-mal-a-exprimer-verbalement-leurs-sentiments-a-faire-face-a-des-problemes-emotionnels-difficiles-2	200	text/html
20230923184902	https://ornipreparation.com/les-assureurs-decident-si-les-demandes-de-couverture-dassurance-doivent-etre-acceptees-et-dans-laffirmative-quelles-sont-les-conditions-de-cette-acceptation	200	text/html
20230530033852	https://ornipreparation.com/les-avocats-donnent-des-conseils-juridiques-et-expliquent-la-loi-aux-clients-particuliers-ou-entreprises-en-travaillant-sur-les-aspects-juridiques-de-leurs-affaires-personnelles-et-professionnelles	200	text/html
20231003233626	https://ornipreparation.com/les-avocats-specialises-dans-les-frais-juridiques-sont-des-professionnels-du-droit-specialises-qui-travaillent-dans-le-domaine-du-droit-et-de-la-pratique-des-frais-juridiques	200	text/html
20230927084334	https://ornipreparation.com/les-avocats-specialises-dans-les-frais-juridiques-sont-des-professionnels-du-droit-specialises-qui-travaillent-dans-le-domaine-du-droit-et-de-la-pratique-des-frais-juridiques-2	200	text/html
20230530050410	https://ornipreparation.com/les-beaux-artistes-creent-des-oeuvres-originales-et-stimulantes-qui-peuvent-etre-esthetiquement-agreables-choquantes-ou-perturbatrices-a-travers-une-variete-de-medias	200	text/html
20230530050447	https://ornipreparation.com/les-beaux-artistes-creent-des-oeuvres-originales-et-stimulantes-qui-peuvent-etre-esthetiquement-agreables-choquantes-ou-perturbatrices-a-travers-une-variete-de-medias-2	200	text/html
20230603090858	https://ornipreparation.com/les-beaux-artistes-creent-des-oeuvres-originales-et-stimulantes-qui-peuvent-etre-esthetiquement-agreables-choquantes-ou-perturbatrices-a-travers-une-variete-de-medias-3	200	text/html
20230603072707	https://ornipreparation.com/les-bibliothecaires-publics-aident-a-fournir-un-centre-dinformation-de-lecture-et-culturel-pour-la-communaute-locale	200	text/html
20230603135528	https://ornipreparation.com/les-bibliothecaires-universitaires-travaillent-dans-les-universites-et-les-etablissements-denseignement-superieur-rendant-les-informations-academiques-et-les-ressources-de-connaissances-accessibles-2	200	text/html
20230927081732	https://ornipreparation.com/les-bons-stylistes-utilisent-leurs-connaissances-de-la-mode-pour-creer-des-presentoirs-et-des-tenues-attrayants-accentuant-la-marque-pour-laquelle-ils-travaillent-et-livrant-un-message-visuel	200	text/html
20230927073445	https://ornipreparation.com/les-bons-stylistes-utilisent-leurs-connaissances-de-la-mode-pour-creer-des-presentoirs-et-des-tenues-attrayants-accentuant-la-marque-pour-laquelle-ils-travaillent-et-livrant-un-message-visuel-2	200	text/html
20230604075334	https://ornipreparation.com/les-bons-stylistes-utilisent-leurs-connaissances-de-la-mode-pour-creer-des-presentoirs-et-des-tenues-attrayants-accentuant-la-marque-pour-laquelle-ils-travaillent-et-livrant-un-message-visuel-3	200	text/html
20230603082858	https://ornipreparation.com/les-brasseurs-techniques-gerent-le-processus-de-fabrication-de-la-biere-afin-dassurer-la-haute-qualite-et-la-coherence-du-produit-final	200	text/html
20230923180813	https://ornipreparation.com/les-cadres-juridiques-agrees-sont-des-avocats-qualifies-qui-se-specialisent-dans-un-domaine-particulier-du-droit-en-angleterre-et-au-pays-de-galles	200	text/html
20230530052307	https://ornipreparation.com/les-caracteristiques-sont-la-viande-dun-magazine-cest-le-travail-dun-editeur-de-magazine-de-sassurer-quils-sont-dactualite-engageants-et-precis	200	text/html
20230604073529	https://ornipreparation.com/les-charges-de-recherche-syndicale-informent-les-activites-et-le-developpement-strategique-des-syndicats-en-collectant-analysant-et-diffusant-des-informations-sur-les-questions-sociales-economiques	200	text/html
20240424063527	https://ornipreparation.com/les-chefs-travaillent-dans-une-variete-de-cadres-pour-preparer-cuisiner-et-preparer-des-plats	200	text/html
20230603142110	https://ornipreparation.com/les-chefs-travaillent-dans-une-variete-de-cadres-pour-preparer-cuisiner-et-preparer-des-plats-2	200	text/html
20230603090817	https://ornipreparation.com/les-chercheurs-travaillant-dans-le-domaine-des-sciences-physiques-etudient-les-systemes-non-vivants-pour-mieux-comprendre-le-fonctionnement-du-monde-physique-2	200	text/html
20230603152137	https://ornipreparation.com/les-competences-analytiques-et-de-recherche-acquises-grace-a-votre-diplome-en-geographie-sont-attrayantes-pour-un-eventail-demployeurs	200	text/html
20230604065629	https://ornipreparation.com/les-competences-de-pensee-logique-de-resolution-de-problemes-et-de-prise-de-decision-que-vous-apprenez-tout-en-etudiant-un-diplome-en-mathematiques-sont-tres-appreciees-par-les-employeurs-dans-de-no-2	200	text/html
20230603085240	https://ornipreparation.com/les-competences-linguistiques-peuvent-etre-utilisees-dans-presque-toutes-les-carrieres-et-en-particulier-dans-les-entreprises-qui-font-du-commerce-international	200	text/html
20230923173033	https://ornipreparation.com/les-competences-que-vous-acquerez-avec-un-diplome-en-gestion-dentreprise-vous-permettent-de-contribuer-a-lorganisation-de-votre-employeur-rapidement-et-efficacement	200	text/html
20230603084313	https://ornipreparation.com/les-competences-que-vous-acquerez-en-etudiant-langlais-sont-commercialisables-dans-la-plupart-des-secteurs-lisez-la-suite-pour-trouver-linspiration-sur-les-endroits-ou-vous-pourriez-utiliser-votr	200	text/html
20230923172019	https://ornipreparation.com/les-concepteurs-de-produits-ameliorent-la-convivialite-des-objets-du-quotidien-en-creant-de-nouveaux-designs-et-en-ameliorant-ceux-qui-existent-deja	200	text/html
20230530034129	https://ornipreparation.com/les-concepteurs-dexperience-utilisateur-ux-creent-des-applications-et-des-sites-web-accessibles-esthetiquement-attrayants-et-significatifs-que-les-gens-peuvent-utiliser-facilement-3	200	text/html
20230927082854	https://ornipreparation.com/les-concepteurs-sonores-utilisent-la-technologie-de-maniere-creative-pour-fournir-du-son-aux-images-en-mouvement-dans-une-gamme-de-supports-y-compris-le-cinema-les-jeux-et-le-theatre	200	text/html
20230603135744	https://ornipreparation.com/les-connaissances-specialisees-en-planification-et-gestion-des-couts-que-vous-obtenez-dun-diplome-en-metre-peuvent-vous-preparer-a-une-carriere-dans-le-secteur-de-limmobilier-et-de-la-construction	200	text/html
20230603081154	https://ornipreparation.com/les-conseillers-en-carriere-fournissent-des-informations-des-conseils-et-des-orientations-pour-aider-les-gens-a-faire-des-choix-realistes-concernant-leurs-etudes-leur-formation-et-leur-travail	200	text/html
20230530054341	https://ornipreparation.com/les-conseillers-en-carriere-fournissent-des-informations-des-conseils-et-des-orientations-pour-aider-les-gens-a-faire-des-choix-realistes-concernant-leurs-etudes-leur-formation-et-leur-travail-2	200	text/html
20230603084845	https://ornipreparation.com/les-conseillers-fournissent-des-conseils-gratuits-impartiaux-et-confidentiels-aux-clients-sur-un-eventail-de-questions-telles-que-la-dette-lemploi-et-le-logement	200	text/html
20230603150448	https://ornipreparation.com/les-conseillers-fournissent-des-conseils-gratuits-impartiaux-et-confidentiels-aux-clients-sur-un-eventail-de-questions-telles-que-la-dette-lemploi-et-le-logement-4	200	text/html
20230603074114	https://ornipreparation.com/les-consultants-en-affaires-publiques-utilisent-leur-comprehension-de-la-politique-et-des-communications-pour-offrir-des-conseils-strategiques-aux-clients	200	text/html
20230603081753	https://ornipreparation.com/les-consultants-en-affaires-publiques-utilisent-leur-comprehension-de-la-politique-et-des-communications-pour-offrir-des-conseils-strategiques-aux-clients-2	200	text/html
20230530052224	https://ornipreparation.com/les-consultants-en-affaires-publiques-utilisent-leur-comprehension-de-la-politique-et-des-communications-pour-offrir-des-conseils-strategiques-aux-clients-3	200	text/html
20230604070622	https://ornipreparation.com/les-consultants-en-informatique-sont-dexcellents-communicateurs-et-ont-dexcellentes-competences-organisationnelles-ainsi-quune-bonne-connaissance-et-comprehension-des-systemes-informatiques	200	text/html
20230603090737	https://ornipreparation.com/les-consultants-en-recrutement-ont-besoin-dexcellentes-competences-en-relations-humaines-et-de-la-volonte-de-rechercher-des-revenus-cibles-eleves-ote-et-des-primes-liees-aux-performances	200	text/html
20230603085850	https://ornipreparation.com/les-consultants-en-recrutement-ont-besoin-dexcellentes-competences-en-relations-humaines-et-de-la-volonte-de-rechercher-des-revenus-cibles-eleves-ote-et-des-primes-liees-aux-performances-2	200	text/html
20230604080944	https://ornipreparation.com/les-coordonnateurs-des-besoins-educatifs-speciaux-sefforcent-dameliorer-les-resultats-scolaires-en-dirigeant-et-en-coordonnant-loffre-pour-les-eleves-ayant-des-besoins-educatifs-speciaux	200	text/html
20230603152057	https://ornipreparation.com/les-coordonnateurs-des-besoins-educatifs-speciaux-sefforcent-dameliorer-les-resultats-scolaires-en-dirigeant-et-en-coordonnant-loffre-pour-les-eleves-ayant-des-besoins-educatifs-speciaux-2	200	text/html
20230604074919	https://ornipreparation.com/les-coureurs-travaillent-dans-un-role-dassistant-general-sur-des-productions-televisuelles-et-cinematographiques-effectuant-differentes-taches-et-travaillant-rapidement-et-de-maniere-reactive	200	text/html
20230604070738	https://ornipreparation.com/les-coureurs-travaillent-dans-un-role-dassistant-general-sur-des-productions-televisuelles-et-cinematographiques-effectuant-differentes-taches-et-travaillant-rapidement-et-de-maniere-reactive-2	200	text/html
20230603091149	https://ornipreparation.com/les-coureurs-travaillent-dans-un-role-dassistant-general-sur-des-productions-televisuelles-et-cinematographiques-effectuant-differentes-taches-et-travaillant-rapidement-et-de-maniere-reactive-3	200	text/html
20230923180930	https://ornipreparation.com/les-coureurs-travaillent-dans-un-role-dassistant-general-sur-des-productions-televisuelles-et-cinematographiques-effectuant-differentes-taches-et-travaillant-rapidement-et-de-maniere-reactive-4	200	text/html
20230603142954	https://ornipreparation.com/les-createurs-de-mode-utilisent-leur-perspective-technique-et-leur-flair-creatif-pour-travailler-sur-des-conceptions-de-vetements-nouveaux-et-originaux	200	text/html
20230530053749	https://ornipreparation.com/les-createurs-de-mode-utilisent-leur-perspective-technique-et-leur-flair-creatif-pour-travailler-sur-des-conceptions-de-vetements-nouveaux-et-originaux-2	200	text/html
20230603071436	https://ornipreparation.com/les-data-scientists-transforment-les-donnees-brutes-en-informations-utiles-que-les-organisations-peuvent-utiliser-pour-ameliorer-leurs-activites	200	text/html
20230604083535	https://ornipreparation.com/les-data-scientists-transforment-les-donnees-brutes-en-informations-utiles-que-les-organisations-peuvent-utiliser-pour-ameliorer-leurs-activites-2	200	text/html
20230926065252	https://ornipreparation.com/les-data-scientists-transforment-les-donnees-brutes-en-informations-utiles-que-les-organisations-peuvent-utiliser-pour-ameliorer-leurs-activites-3	200	text/html
20230603152723	https://ornipreparation.com/les-data-scientists-transforment-les-donnees-brutes-en-informations-utiles-que-les-organisations-peuvent-utiliser-pour-ameliorer-leurs-activites-4	200	text/html
20230604073342	https://ornipreparation.com/les-developpeurs-dapplications-obligent-les-ordinateurs-a-effectuer-des-taches-specifiques-en-fonction-des-specifications-de-leurs-clients	200	text/html
20230604081442	https://ornipreparation.com/les-developpeurs-dapplications-obligent-les-ordinateurs-a-effectuer-des-taches-specifiques-en-fonction-des-specifications-de-leurs-clients-2	200	text/html
20230530044831	https://ornipreparation.com/les-diplomes-en-beaux-arts-developpent-une-gamme-de-competences-pratiques-et-creatives-et-acquierent-une-experience-precieuse-de-la-participation-a-des-expositions-des-concours-et-de-la-constitution	200	text/html
20230603085003	https://ornipreparation.com/les-diplomes-en-conception-de-jeux-ont-la-creativite-les-competences-et-les-connaissances-necessaires-pour-travailler-dans-lindustrie-des-jeux-en-pleine-croissance-prenez-une-longueur-davance-da	200	text/html
20231003232204	https://ornipreparation.com/les-diplomes-en-sciences-et-en-ingenierie-possedant-des-competences-en-communication-et-en-vente-ont-de-bonnes-perspectives-a-mesure-que-la-demande-dingenieurs-technico-commerciaux-augmente	200	text/html
20240222033840	https://ornipreparation.com/les-diplomes-en-sciences-et-en-ingenierie-possedant-des-competences-en-communication-et-en-vente-ont-de-bonnes-perspectives-a-mesure-que-la-demande-dingenieurs-technico-commerciaux-augmente-2	200	text/html
20231004000116	https://ornipreparation.com/les-diplomes-en-sciences-et-en-ingenierie-possedant-des-competences-en-communication-et-en-vente-ont-de-bonnes-perspectives-a-mesure-que-la-demande-dingenieurs-technico-commerciaux-augmente-3	200	text/html
20231003232628	https://ornipreparation.com/les-diplomes-en-sciences-medico-legales-sont-hautement-employables-a-la-fois-dans-le-domaine-specialise-de-lenquete-medico-legale-et-dans-dautres-domaines-associes-necessitant-un-esprit-curieux	200	text/html
20230927073925	https://ornipreparation.com/les-diplomes-qui-entrent-dans-des-roles-de-support-technique-developpent-souvent-leur-carriere-en-elargissant-leurs-competences-au-sein-dune-industrie-ou-dun-domaine-specifique	200	text/html
20230603080713	https://ornipreparation.com/les-directeurs-de-comptes-de-promotion-des-ventes-utilisent-leurs-excellentes-competences-en-communication-en-travail-dequipe-et-en-resolution-de-problemes-pour-mener-des-campagnes-et-gagner-de-l	200	text/html
20230603074318	https://ornipreparation.com/les-directeurs-de-comptes-de-promotion-des-ventes-utilisent-leurs-excellentes-competences-en-communication-en-travail-dequipe-et-en-resolution-de-problemes-pour-mener-des-campagnes-et-gagner-de-l-2	200	text/html
20230927090449	https://ornipreparation.com/les-directeurs-de-comptes-de-promotion-des-ventes-utilisent-leurs-excellentes-competences-en-communication-en-travail-dequipe-et-en-resolution-de-problemes-pour-mener-des-campagnes-et-gagner-de-l-3	200	text/html
20230603153449	https://ornipreparation.com/les-directeurs-de-comptes-publicitaires-proposent-des-idees-creatives-pour-les-campagnes-publicitaires-et-servent-de-liaison-entre-une-agence-et-ses-clients	200	text/html
20230927093707	https://ornipreparation.com/les-directeurs-de-comptes-publicitaires-proposent-des-idees-creatives-pour-les-campagnes-publicitaires-et-servent-de-liaison-entre-une-agence-et-ses-clients-2	200	text/html
20230926054609	https://ornipreparation.com/les-directeurs-de-comptes-publicitaires-proposent-des-idees-creatives-pour-les-campagnes-publicitaires-et-servent-de-liaison-entre-une-agence-et-ses-clients-3	200	text/html
20231004005303	https://ornipreparation.com/les-directeurs-de-comptes-publicitaires-proposent-des-idees-creatives-pour-les-campagnes-publicitaires-et-servent-de-liaison-entre-une-agence-et-ses-clients-4	200	text/html
20230530032625	https://ornipreparation.com/les-directeurs-de-creation-sont-des-personnes-qui-ont-une-vue-densemble-qui-gerent-des-equipes-sur-plusieurs-comptes-avec-un-livre-ou-un-portefeuille-de-travaux-inspirants	200	text/html
20230603082251	https://ornipreparation.com/les-directeurs-de-restauration-planifient-organisent-et-developpent-les-services-de-restauration-des-organisations-et-des-entreprises	200	text/html
20231003232328	https://ornipreparation.com/les-directeurs-de-salle-de-television-sont-le-lien-vital-entre-les-realisateurs-et-les-personnes-impliquees-dans-une-production-televisee-dans-le-studio	200	text/html
20230923175719	https://ornipreparation.com/les-directeurs-de-salle-de-television-sont-le-lien-vital-entre-les-realisateurs-et-les-personnes-impliquees-dans-une-production-televisee-dans-le-studio-2	200	text/html
20230604065548	https://ornipreparation.com/les-directeurs-de-vente-au-detail-sont-responsables-de-la-gestion-quotidienne-dun-magasin-dans-le-but-de-maximiser-les-profits-tout-en-minimisant-les-couts	200	text/html
20230604072647	https://ornipreparation.com/les-directeurs-de-vente-au-detail-sont-responsables-de-la-gestion-quotidienne-dun-magasin-dans-le-but-de-maximiser-les-profits-tout-en-minimisant-les-couts-2	200	text/html
20230603143642	https://ornipreparation.com/les-dramatherapeutes-utilisent-les-arts-de-la-scene-pour-fournir-un-environnement-sur-pour-aider-les-gens-a-explorer-a-aborder-et-a-gerer-un-eventail-de-difficultes-personnelles-et-sociales	200	text/html
20230603082801	https://ornipreparation.com/les-ecrivains-a-succes-sont-creatifs-organises-disciplines-ont-dexcellentes-competences-en-recherche-et-une-passion-pour-le-partage-de-la-parole-ecrite	200	text/html
20230603071657	https://ornipreparation.com/les-ecrivains-a-succes-sont-creatifs-organises-disciplines-ont-dexcellentes-competences-en-recherche-et-une-passion-pour-le-partage-de-la-parole-ecrite-2	200	text/html
20230927081941	https://ornipreparation.com/les-enseignants-de-la-petite-enfance-travaillent-pour-inspirer-exciter-et-nourrir-les-enfants-ages-de-0-a-5-ans-a-une-etape-cruciale-de-leur-developpement	200	text/html
20230603141702	https://ornipreparation.com/les-entraineurs-personnels-aident-les-autres-a-atteindre-leurs-objectifs-de-mise-en-forme-cest-une-carriere-ideale-pour-quiconque-est-passionne-de-rester-en-bonne-sante	200	text/html
20230603143122	https://ornipreparation.com/les-epidemiologistes-etudient-les-schemas-les-causes-et-les-effets-des-maladies-chez-des-groupes-de-personnes	200	text/html
20230604073929	https://ornipreparation.com/les-epidemiologistes-etudient-les-schemas-les-causes-et-les-effets-des-maladies-chez-des-groupes-de-personnes-2	200	text/html
20230603150953	https://ornipreparation.com/les-ergotherapeutes-offrent-un-soutien-pratique-pour-aider-les-personnes-a-surmonter-les-obstacles-causes-par-la-maladie-le-vieillissement-ou-les-accidents-qui-les-empechent-davoir-une-vie-independ	200	text/html
20230926062316	https://ornipreparation.com/les-ergotherapeutes-offrent-un-soutien-pratique-pour-aider-les-personnes-a-surmonter-les-obstacles-causes-par-la-maladie-le-vieillissement-ou-les-accidents-qui-les-empechent-davoir-une-vie-independ-2	200	text/html
20230923165015	https://ornipreparation.com/les-etudes-americaines-sont-un-diplome-interdisciplinaire-combinant-lhistoire-la-politique-la-litterature-et-les-arts-et-exposant-les-diplomes-a-une-gamme-doptions-et-dopportunites	200	text/html
20230604075321	https://ornipreparation.com/les-experts-en-sinistres-agrees-utilisent-leurs-competences-pour-resoudre-des-reclamations-dassurance-importantes-complexes-ou-litigieuses-au-nom-des-compagnies-dassurance	200	text/html
20230923190121	https://ornipreparation.com/les-formateurs-en-informatique-concoivent-et-dispensent-des-cours-de-formation-en-technologies-de-linformation	200	text/html
20230603144759	https://ornipreparation.com/les-game-designers-sont-le-centre-de-la-creativite-au-coeur-de-la-production-dun-nouveau-jeu	200	text/html
20230927074410	https://ornipreparation.com/les-game-designers-sont-le-centre-de-la-creativite-au-coeur-de-la-production-dun-nouveau-jeu-2	200	text/html
20230603090613	https://ornipreparation.com/les-geochimistes-utilisent-leur-expertise-en-geologie-et-en-chimie-pour-aider-a-la-recherche-de-ressources-naturelles-ou-a-lassainissement-de-lenvironnement	200	text/html
20230926051618	https://ornipreparation.com/les-geologues-du-site-de-puits-etudient-et-classent-les-deblais-de-roche-des-puits-de-petrole-et-de-gaz-afin-de-determiner-comment-le-forage-doit-etre-commence-et-comment-il-doit-se-derouler	200	text/html
20230530052553	https://ornipreparation.com/les-geometres-mineraux-jouent-un-role-essentiel-dans-le-processus-dextraction-minerale-de-letude-initiale-du-site-aux-etapes-finales-et-a-la-restauration-de-la-zone	200	text/html
20230927093134	https://ornipreparation.com/les-geometres-mineraux-jouent-un-role-essentiel-dans-le-processus-dextraction-minerale-de-letude-initiale-du-site-aux-etapes-finales-et-a-la-restauration-de-la-zone-2	200	text/html
20231003230457	https://ornipreparation.com/les-geophysiciens-sinteressent-aux-processus-physiques-de-la-terre-et-sont-souvent-employes-par-des-societes-petrolieres-et-gazieres-et-des-agences-environnementales	200	text/html
20230604075755	https://ornipreparation.com/les-geophysiciens-sinteressent-aux-processus-physiques-de-la-terre-et-sont-souvent-employes-par-des-societes-petrolieres-et-gazieres-et-des-agences-environnementales-2	200	text/html
20230603141037	https://ornipreparation.com/les-geosciences-sont-une-vaste-discipline-et-le-terme-geoscientifique-fait-reference-a-toute-personne-dont-le-travail-se-concentre-sur-les-systemes-terrestres	200	text/html
20230530052633	https://ornipreparation.com/les-gerants-de-galeries-dart-commerciales-utilisent-leur-sensibilite-artistique-leur-sens-des-affaires-et-leurs-competences-interpersonnelles-pour-assurer-le-bon-fonctionnement-quotidien-dune-gal-2	200	text/html
20230603153941	https://ornipreparation.com/les-gerants-de-pub-sont-responsables-du-succes-commercial-dun-pub-ou-dun-bar-et-supervisent-tous-les-aspects-de-lentreprise	200	text/html
20230926052951	https://ornipreparation.com/les-gerants-de-pub-sont-responsables-du-succes-commercial-dun-pub-ou-dun-bar-et-supervisent-tous-les-aspects-de-lentreprise-2	200	text/html
20230927074947	https://ornipreparation.com/les-gestionnaires-de-carriere-coordonnent-lextraction-des-materiaux-des-sites-de-carriere-pour-une-utilisation-dans-lindustrie-et-la-construction	200	text/html
20230604080512	https://ornipreparation.com/les-gestionnaires-de-contenu-web-sassurent-que-le-contenu-dun-site-web-est-bien-structure-facile-a-trouver-et-repond-aux-besoins-de-ses-utilisateurs-2	200	text/html
20230603145319	https://ornipreparation.com/les-gestionnaires-de-contenu-web-sassurent-que-le-contenu-dun-site-web-est-bien-structure-facile-a-trouver-et-repond-aux-besoins-de-ses-utilisateurs-3	200	text/html
20230603074235	https://ornipreparation.com/les-gestionnaires-de-contenu-web-sassurent-que-le-contenu-dun-site-web-est-bien-structure-facile-a-trouver-et-repond-aux-besoins-de-ses-utilisateurs-4	200	text/html
20230603135136	https://ornipreparation.com/les-gestionnaires-de-contenu-web-sassurent-que-le-contenu-dun-site-web-est-bien-structure-facile-a-trouver-et-repond-aux-besoins-de-ses-utilisateurs-5	200	text/html
20230530053512	https://ornipreparation.com/les-gestionnaires-de-contenu-web-sassurent-que-le-contenu-dun-site-web-est-bien-structure-facile-a-trouver-et-repond-aux-besoins-de-ses-utilisateurs-6	200	text/html
20230923170358	https://ornipreparation.com/les-gestionnaires-de-risques-conseillent-les-organisations-sur-tout-risque-potentiel-pour-la-rentabilite-la-surete-la-securite-ou-lexistence-de-lentreprise	200	text/html
20230603153334	https://ornipreparation.com/les-gestionnaires-de-services-de-sante-sont-responsables-des-operations-financieres-strategiques-et-quotidiennes-de-la-gestion-dun-hopital-dun-cabinet-de-medecins-generalistes-ou-dun-service-d	200	text/html
20230603073007	https://ornipreparation.com/les-gestionnaires-de-services-de-sante-sont-responsables-des-operations-financieres-strategiques-et-quotidiennes-de-la-gestion-dun-hopital-dun-cabinet-de-medecins-generalistes-ou-dun-service-d-2	200	text/html
20230603080955	https://ornipreparation.com/les-gestionnaires-de-services-de-sante-sont-responsables-des-operations-financieres-strategiques-et-quotidiennes-de-la-gestion-dun-hopital-dun-cabinet-de-medecins-generalistes-ou-dun-service-d-3	200	text/html
20230530053238	https://ornipreparation.com/les-gestionnaires-de-services-de-sante-sont-responsables-des-operations-financieres-strategiques-et-quotidiennes-de-la-gestion-dun-hopital-dun-cabinet-de-medecins-generalistes-ou-dun-service-d-4	200	text/html
20230603080341	https://ornipreparation.com/les-gestionnaires-dhebergement-sont-charges-de-sassurer-que-lhebergement-repond-aux-besoins-des-locataires-des-invites-ou-des-residents	200	text/html
20230530045135	https://ornipreparation.com/les-graveurs-utilisent-des-techniques-specialisees-telles-que-la-gravure-la-lithographie-et-la-serigraphie-pour-creer-des-images-sur-une-variete-de-surfaces	200	text/html
20230604075949	https://ornipreparation.com/les-graveurs-utilisent-des-techniques-specialisees-telles-que-la-gravure-la-lithographie-et-la-serigraphie-pour-creer-des-images-sur-une-variete-de-surfaces-2	200	text/html
20230927084920	https://ornipreparation.com/les-horticulteurs-utilisent-les-bienfaits-therapeutiques-et-la-sante-mentale-du-jardinage-pour-aider-les-autres	200	text/html
20230604065309	https://ornipreparation.com/les-horticulteurs-utilisent-les-bienfaits-therapeutiques-et-la-sante-mentale-du-jardinage-pour-aider-les-autres-2	200	text/html
20230604074525	https://ornipreparation.com/les-industries-creatives-sont-competitives-donc-une-experience-de-travail-liee-aux-medias-est-cruciale-ainsi-quune-determination-personnelle-a-reussir	200	text/html
20230604070027	https://ornipreparation.com/les-infirmieres-en-difficulte-dapprentissage-aident-les-personnes-de-tous-ages-ayant-des-troubles-dapprentissage-a-maintenir-leur-sante-et-leur-bien-etre-et-a-vivre-leur-vie-de-maniere-aussi-compl	200	text/html
20230923165236	https://ornipreparation.com/les-ingenieurs-automobiles-concoivent-developpent-et-fabriquent-des-vehicules-tels-que-des-voitures-des-motos-des-bus-et-des-camions-et-leurs-systemes-dingenierie	200	text/html
20230603075638	https://ornipreparation.com/les-ingenieurs-de-forage-sont-essentiels-a-lindustrie-petroliere-gerant-le-forage-sur-et-efficace-des-puits-pour-se-procurer-du-petrole-ou-du-gaz	200	text/html
20230923163059	https://ornipreparation.com/les-ingenieurs-du-son-combinent-connaissances-techniques-creativite-et-une-excellente-oreille-pour-produire-un-son-live-ou-enregistre-de-haute-qualite-5	200	text/html
20230530041751	https://ornipreparation.com/les-ingenieurs-logiciels-appliquent-des-principes-scientifiques-et-mathematiques-afin-de-creer-des-logiciels-informatiques-et-de-resoudre-des-problemes	200	text/html
20230604081949	https://ornipreparation.com/les-ingenieurs-logiciels-appliquent-des-principes-scientifiques-et-mathematiques-afin-de-creer-des-logiciels-informatiques-et-de-resoudre-des-problemes-2	200	text/html
20230603073836	https://ornipreparation.com/les-ingenieurs-logiciels-appliquent-des-principes-scientifiques-et-mathematiques-afin-de-creer-des-logiciels-informatiques-et-de-resoudre-des-problemes-4	200	text/html
20230604083520	https://ornipreparation.com/les-ingenieurs-logiciels-appliquent-des-principes-scientifiques-et-mathematiques-afin-de-creer-des-logiciels-informatiques-et-de-resoudre-des-problemes-5	200	text/html
20230923172156	https://ornipreparation.com/les-ingenieurs-mecaniciens-creent-des-solutions-et-resolvent-des-problemes-jouant-un-role-central-dans-la-conception-et-la-mise-en-oeuvre-de-pieces-mobiles-dans-un-large-eventail-dindustries	200	text/html
20230923184732	https://ornipreparation.com/les-ingenieurs-miniers-appliquent-leurs-competences-scientifiques-et-technologiques-pour-extraire-des-mineraux-de-la-terre-dans-ce-role-multidisciplinaire	200	text/html
20231004004528	https://ornipreparation.com/les-ingenieurs-petroliers-sont-essentiels-a-leconomie-mondiale-garantissant-que-lextraction-de-petrole-et-de-gaz-est-sure-efficace-et-plus-abordable-pour-les-clients	200	text/html
20230603152800	https://ornipreparation.com/les-ingenieurs-terrestres-utilisent-leurs-connaissances-techniques-et-scientifiques-pour-resoudre-des-problemes-dingenierie-dans-les-secteurs-agricole-et-horticole	200	text/html
20230603151224	https://ornipreparation.com/les-ingenieurs-terrestres-utilisent-leurs-connaissances-techniques-et-scientifiques-pour-resoudre-des-problemes-dingenierie-dans-les-secteurs-agricole-et-horticole-2	200	text/html
20230603072454	https://ornipreparation.com/les-leves-hydrographiques-sont-un-role-specialise-qui-necessite-une-connaissance-de-lenvironnement-sous-marin-des-systemes-de-positionnement-global-et-des-systemes-de-navigation-sonore	200	text/html
20230530044947	https://ornipreparation.com/les-lexicographes-sont-fascines-par-les-mots-et-par-la-facon-dont-leur-signification-evolue-et-change-au-fil-du-temps-le-travail-consiste-a-rediger-compiler-et-editer-des-dictionnaires-pour-la-publi	200	text/html
20230530054212	https://ornipreparation.com/les-lexicographes-sont-fascines-par-les-mots-et-par-la-facon-dont-leur-signification-evolue-et-change-au-fil-du-temps-le-travail-consiste-a-rediger-compiler-et-editer-des-dictionnaires-pour-la-publi-2	200	text/html
20211129065051	http://ornipreparation.com/les-marchandiseurs-visuels-utilisent-leur-creativite-et-leur-connaissance-des-tendances-pour-developper-livrer-et-communiquer-des-concepts-et-des-strategies-visuels-pour-promouvoir-les-marques-de-ve-2	200	text/html
20211129065108	http://ornipreparation.com/les-marchandiseurs-visuels-utilisent-leur-creativite-et-leur-connaissance-des-tendances-pour-developper-livrer-et-communiquer-des-concepts-et-des-strategies-visuels-pour-promouvoir-les-marques-de-ve-2/feed	200	application/rss+xml
20230927075135	https://ornipreparation.com/les-marchandiseurs-visuels-utilisent-leur-creativite-et-leur-connaissance-des-tendances-pour-developper-livrer-et-communiquer-des-concepts-et-des-strategies-visuels-pour-promouvoir-les-marques-de-ve-3	200	text/html
20230603143314	https://ornipreparation.com/les-marchandiseurs-visuels-utilisent-leur-creativite-et-leur-connaissance-des-tendances-pour-developper-livrer-et-communiquer-des-concepts-et-des-strategies-visuels-pour-promouvoir-les-marques-de-ven	200	text/html
20230603090530	https://ornipreparation.com/les-medecins-hospitaliers-examinent-diagnostiquent-et-traitent-les-patients-atteints-de-diverses-maladies-affections-et-blessures-qui-ont-ete-referes-ou-admis-a-lhopital	200	text/html
20230603072836	https://ornipreparation.com/les-medecins-hospitaliers-examinent-diagnostiquent-et-traitent-les-patients-atteints-de-diverses-maladies-affections-et-blessures-qui-ont-ete-referes-ou-admis-a-lhopital-2	200	text/html
20230604074405	https://ornipreparation.com/les-meteorologues-sinteressent-au-temps-et-au-climat-et-effectuent-des-analyses-scientifiques-des-donnees-pour-faire-des-previsions	200	text/html
20230604081553	https://ornipreparation.com/les-meteorologues-sinteressent-au-temps-et-au-climat-et-effectuent-des-analyses-scientifiques-des-donnees-pour-faire-des-previsions-2	200	text/html
20230530053355	https://ornipreparation.com/les-mudloggers-jouent-un-role-essentiel-dans-le-forage-de-petrole-et-de-gaz-en-recueillant-des-informations-a-partir-dechantillons-de-roche-et-en-creant-un-journal-de-puits-detaille	200	text/html
20230603073633	https://ornipreparation.com/les-musiciens-creent-et-ou-interpretent-de-la-musique-dans-une-variete-de-genres-tels-que-le-classique-le-rock-la-pop-lindie-le-jazz-ou-le-folk	200	text/html
20230603143437	https://ornipreparation.com/les-naturopathes-encouragent-les-clients-a-atteindre-une-sante-et-un-bien-etre-optimaux-grace-a-lutilisation-de-therapies-naturelles-qui-favorisent-et-stimulent-la-capacite-du-corps-a-sameliorer-e-2	200	text/html
20230603150520	https://ornipreparation.com/les-naturopathes-encouragent-les-clients-a-atteindre-une-sante-et-un-bien-etre-optimaux-grace-a-lutilisation-de-therapies-naturelles-qui-favorisent-et-stimulent-la-capacite-du-corps-a-sameliorer-e-4	200	text/html
20230604071640	https://ornipreparation.com/les-nutritionnistes-utilisent-leurs-connaissances-en-science-alimentaire-pour-aider-les-individus-et-les-groupes-a-faire-les-bons-choix-quant-a-ce-quils-mangent	200	text/html
20230927074146	https://ornipreparation.com/les-operateurs-de-cameras-de-television-utilisent-des-cameras-et-dautres-equipements-techniques-pour-enregistrer-des-images-animees-pour-les-societes-de-diffusion-televisee-par-cable-et-en-streamin	200	text/html
20230603072624	https://ornipreparation.com/les-operateurs-de-cameras-de-television-utilisent-des-cameras-et-dautres-equipements-techniques-pour-enregistrer-des-images-animees-pour-les-societes-de-diffusion-televisee-par-cable-et-en-streamin-2	200	text/html
20230603075321	https://ornipreparation.com/les-operateurs-de-cameras-de-television-utilisent-des-cameras-et-dautres-equipements-techniques-pour-enregistrer-des-images-animees-pour-les-societes-de-diffusion-televisee-par-cable-et-en-streamin-3	200	text/html
20230603074727	https://ornipreparation.com/les-orthophonistes-aident-les-patients-de-tous-ages-avec-differents-niveaux-de-problemes-de-parole-de-langage-et-de-communication-ou-des-difficultes-a-avaler-boire-ou-manger	200	text/html
20231003234409	https://ornipreparation.com/les-photographes-de-presse-prennent-des-photos-pour-des-journaux-ou-des-magazines-pour-raconter-des-histoires-en-images-dactualites-dactualites-de-personnes-et-devenements	200	text/html
20230603081324	https://ornipreparation.com/les-praticiens-de-la-sante-environnementale-utilisent-leur-capacite-scientifique-et-technique-pour-sassurer-que-les-gens-peuvent-vivre-travailler-et-jouer-dans-des-environnements-surs-et-sains	200	text/html
20230604062243	https://ornipreparation.com/les-praticiens-du-bien-etre-psychologique-evaluent-et-soutiennent-les-adultes-qui-eprouvent-des-problemes-de-sante-mentale-courants-tels-que-des-symptomes-legers-a-moderes-de-depression-danxiete-et	200	text/html
20230603135044	https://ornipreparation.com/les-praticiens-du-bien-etre-psychologique-evaluent-et-soutiennent-les-adultes-qui-eprouvent-des-problemes-de-sante-mentale-courants-tels-que-des-symptomes-legers-a-moderes-de-depression-danxiete-et-2	200	text/html
20230604072023	https://ornipreparation.com/les-professeurs-danglais-langue-etrangere-efl-aident-les-adultes-et-les-enfants-a-apprendre-ou-a-ameliorer-leur-anglais-au-royaume-uni-et-dans-dautres-pays	200	text/html
20230530050944	https://ornipreparation.com/les-professeurs-danglais-langue-etrangere-efl-aident-les-adultes-et-les-enfants-a-apprendre-ou-a-ameliorer-leur-anglais-au-royaume-uni-et-dans-dautres-pays-2	200	text/html
20230927084411	https://ornipreparation.com/les-professeurs-de-lenseignement-superieur-es-enseignent-des-matieres-academiques-ou-professionnelles-aux-etudiants-de-premier-cycle-et-de-troisieme-cycle-ages-de-18-ans-et-plus	200	text/html
20230603150339	https://ornipreparation.com/les-prothesistes-et-les-orthesistes-evaluent-diagnostiquent-et-traitent-les-personnes-qui-ont-besoin-de-dispositifs-medicaux-externes-pour-remplacer-un-membre-manquant-ou-pour-faciliter-leur-mobilit-2	200	text/html
20230603074153	https://ornipreparation.com/les-prothesistes-et-les-orthesistes-evaluent-diagnostiquent-et-traitent-les-personnes-qui-ont-besoin-de-dispositifs-medicaux-externes-pour-remplacer-un-membre-manquant-ou-pour-faciliter-leur-mobilit-3	200	text/html
20230603145728	https://ornipreparation.com/les-prothesistes-et-les-orthesistes-evaluent-diagnostiquent-et-traitent-les-personnes-qui-ont-besoin-de-dispositifs-medicaux-externes-pour-remplacer-un-membre-manquant-ou-pour-faciliter-leur-mobilite	200	text/html
20230603071202	https://ornipreparation.com/les-psychologues-cliniciens-evaluent-et-traitent-les-clients-presentant-un-eventail-de-problemes-de-conditions-et-de-troubles-de-sante-mentale-ou-physique	200	text/html
20230604081700	https://ornipreparation.com/les-psychologues-conseils-travaillent-avec-leurs-clients-pour-ameliorer-leur-sante-mentale-et-leur-bien-etre-emotionnel	200	text/html
20230603082957	https://ornipreparation.com/les-psychologues-du-travail-se-concentrent-sur-la-facon-dont-les-gens-se-comportent-au-travail-afin-daugmenter-leur-productivite-leur-satisfaction-au-travail-et-lefficacite-globale-dune-organis	200	text/html
20230530050739	https://ornipreparation.com/les-psychologues-du-travail-se-concentrent-sur-la-facon-dont-les-gens-se-comportent-au-travail-afin-daugmenter-leur-productivite-leur-satisfaction-au-travail-et-lefficacite-globale-dune-organis-2	200	text/html
20230604082245	https://ornipreparation.com/les-radiologues-cliniciens-sont-des-medecins-qualifies-qui-se-specialisent-dans-lutilisation-de-limagerie-pour-enqueter-diagnostiquer-et-traiter-une-gamme-daffections-et-de-maladies-cliniques	200	text/html
20230530054334	https://ornipreparation.com/les-redacteurs-numeriques-comprennent-leur-public-et-les-engagent-grace-a-une-ecriture-persuasive-et-precise	200	text/html
20230530054103	https://ornipreparation.com/les-redacteurs-numeriques-comprennent-leur-public-et-les-engagent-grace-a-une-ecriture-persuasive-et-precise-3	200	text/html
20231003233258	https://ornipreparation.com/les-regisseurs-trouvent-le-bon-emplacement-pour-un-film-un-spectacle-ou-un-tournage-et-coordonnent-de-nombreux-elements-pratiques-et-logistiques-pour-un-projet	200	text/html
20230603152949	https://ornipreparation.com/les-regisseurs-trouvent-le-bon-emplacement-pour-un-film-un-spectacle-ou-un-tournage-et-coordonnent-de-nombreux-elements-pratiques-et-logistiques-pour-un-projet-3	200	text/html
20230923172847	https://ornipreparation.com/les-relations-internationales-sont-un-domaine-diversifie-qui-vous-permet-detudier-la-complexite-des-relations-entre-differents-pays-et-dappliquer-cette-comprehension-au-monde-du-travail	200	text/html
20211130135337	http://ornipreparation.com/les-representants-medicaux-promeuvent-et-vendent-les-produits-de-leur-entreprise-aux-principaux-professionnels-de-la-sante-6	200	text/html
20211130135343	http://ornipreparation.com/les-representants-medicaux-promeuvent-et-vendent-les-produits-de-leur-entreprise-aux-principaux-professionnels-de-la-sante-6/feed	200	application/rss+xml
20230604080905	https://ornipreparation.com/les-responsables-de-la-chaine-dapprovisionnement-sont-responsables-du-mouvement-des-marchandises-des-fabricants-et-des-fournisseurs-au-client	200	text/html
20230603141904	https://ornipreparation.com/les-responsables-de-la-logistique-et-de-la-distribution-sont-charges-dacheminer-les-marchandises-au-bon-endroit-au-bon-moment	200	text/html
20230530042921	https://ornipreparation.com/les-responsables-de-la-logistique-et-de-la-distribution-sont-charges-dacheminer-les-marchandises-au-bon-endroit-au-bon-moment-2	200	text/html
20230923173307	https://ornipreparation.com/les-responsables-de-la-qualite-visent-a-sassurer-que-les-produits-ou-services-fournis-par-une-organisation-sont-adaptes-a-lusage-conformes-a-la-loi-et-repondent-aux-attentes-des-clients-2	200	text/html
20230530044438	https://ornipreparation.com/les-responsables-des-affaires-reglementaires-sassurent-de-lautorisation-appropriee-de-la-commercialisation-et-de-la-conformite-legale-dune-gamme-de-produits-pharmaceutiques-et-medicaux-afin-de	200	text/html
20230603072134	https://ornipreparation.com/les-responsables-des-medias-sociaux-dirigent-la-strategie-des-medias-sociaux-dune-organisation-afin-dameliorer-la-visibilite-et-lengagement-des-clients-et-des-clients	200	text/html
20230603072220	https://ornipreparation.com/les-responsables-des-medias-sociaux-dirigent-la-strategie-des-medias-sociaux-dune-organisation-afin-dameliorer-la-visibilite-et-lengagement-des-clients-et-des-clients-2	200	text/html
20230603151457	https://ornipreparation.com/les-responsables-des-medias-sociaux-dirigent-la-strategie-des-medias-sociaux-dune-organisation-afin-dameliorer-la-visibilite-et-lengagement-des-clients-et-des-clients-4	200	text/html
20230603083820	https://ornipreparation.com/les-resultats-que-vous-produisez-en-tant-que-mathematicien-de-recherche-peuvent-etre-utilises-pour-approfondir-les-connaissances-dans-le-milieu-universitaire-ou-ameliorer-les-performances-et-resoudre	200	text/html
20230603071015	https://ornipreparation.com/les-scientifiques-de-la-qualite-de-leau-protegent-tous-les-aspects-de-la-qualite-de-leau-grace-a-des-tests-et-des-analyses-scientifiques	200	text/html
20230604064618	https://ornipreparation.com/les-selectionneurs-geneticiens-travaillent-a-lamelioration-de-la-qualite-et-des-performances-des-cultures-agricoles-et-horticoles-existantes-et-creent-de-nouvelles-varietes-de-plantes	200	text/html
20230603140134	https://ornipreparation.com/les-selectionneurs-geneticiens-travaillent-a-lamelioration-de-la-qualite-et-des-performances-des-cultures-agricoles-et-horticoles-existantes-et-creent-de-nouvelles-varietes-de-plantes-2	200	text/html
20230530033057	https://ornipreparation.com/les-soins-infirmiers-sont-un-diplome-professionnel-qui-developpe-vos-competences-personnelles-et-votre-professionnalisme-qui-sont-des-qualites-appreciees-par-de-nombreux-employeurs	200	text/html
20230927082405	https://ornipreparation.com/les-specialistes-du-jeu-de-sante-utilisent-des-techniques-de-jeu-therapeutique-pour-aider-les-enfants-a-comprendre-leur-etat-de-sante-leur-traitement-et-leur-impact-sur-leur-vie-quotidienne	200	text/html
20231003235630	https://ornipreparation.com/les-specialistes-du-jeu-de-sante-utilisent-des-techniques-de-jeu-therapeutique-pour-aider-les-enfants-a-comprendre-leur-etat-de-sante-leur-traitement-et-leur-impact-sur-leur-vie-quotidienne-2	200	text/html
20240424065751	https://ornipreparation.com/les-specialistes-du-marketing-numerique-utilisent-une-variete-de-methodes-de-marketing-numerique-pour-communiquer-avec-les-clients-et-promouvoir-les-ventes-et-les-activites	200	text/html
20230603070147	https://ornipreparation.com/les-specialistes-du-marketing-numerique-utilisent-une-variete-de-methodes-de-marketing-numerique-pour-communiquer-avec-les-clients-et-promouvoir-les-ventes-et-les-activites-2	200	text/html
20230603075954	https://ornipreparation.com/les-specialistes-du-marketing-numerique-utilisent-une-variete-de-methodes-de-marketing-numerique-pour-communiquer-avec-les-clients-et-promouvoir-les-ventes-et-les-activites-3	200	text/html
20230603153526	https://ornipreparation.com/les-specialistes-du-marketing-numerique-utilisent-une-variete-de-methodes-de-marketing-numerique-pour-communiquer-avec-les-clients-et-promouvoir-les-ventes-et-les-activites-4	200	text/html
20230927080132	https://ornipreparation.com/les-specialistes-du-marketing-numerique-utilisent-une-variete-de-methodes-de-marketing-numerique-pour-communiquer-avec-les-clients-et-promouvoir-les-ventes-et-les-activites-5	200	text/html
20230603070726	https://ornipreparation.com/les-specialistes-ppc-sont-des-experts-de-la-publicite-sur-internet-charges-de-planifier-et-doptimiser-lefficacite-des-campagnes-publicitaires-en-ligne	200	text/html
20230530042158	https://ornipreparation.com/les-specialistes-ppc-sont-des-experts-de-la-publicite-sur-internet-charges-de-planifier-et-doptimiser-lefficacite-des-campagnes-publicitaires-en-ligne-3	200	text/html
20230926045437	https://ornipreparation.com/les-techniciens-du-son-utilisent-des-connaissances-et-une-expertise-techniques-pour-produire-et-manipuler-le-son-pour-les-performances-et-les-enregistrements	200	text/html
20230603081025	https://ornipreparation.com/les-technologues-cliniques-sassurent-que-la-technologie-et-lequipement-utilises-pour-diagnostiquer-et-traiter-les-patients-dans-les-hopitaux-et-autres-etablissements-medicaux-sont-surs-precis-bi	200	text/html
20230603142756	https://ornipreparation.com/les-technologues-cliniques-sassurent-que-la-technologie-et-lequipement-utilises-pour-diagnostiquer-et-traiter-les-patients-dans-les-hopitaux-et-autres-etablissements-medicaux-sont-surs-precis-bi-2	200	text/html
20230604083549	https://ornipreparation.com/les-technologues-cliniques-sassurent-que-la-technologie-et-lequipement-utilises-pour-diagnostiquer-et-traiter-les-patients-dans-les-hopitaux-et-autres-etablissements-medicaux-sont-surs-precis-bi-3	200	text/html
20230530040616	https://ornipreparation.com/les-technologues-en-alimentation-sassurent-que-les-produits-alimentaires-sont-fabriques-en-toute-securite-legalement-et-selon-la-qualite-revendiquee	200	text/html
20230604081735	https://ornipreparation.com/les-technologues-en-alimentation-sassurent-que-les-produits-alimentaires-sont-produits-en-toute-securite-legalement-et-selon-la-qualite-revendiquee	200	text/html
20230603065925	https://ornipreparation.com/les-technologues-en-alimentation-sassurent-que-les-produits-alimentaires-sont-produits-en-toute-securite-legalement-et-selon-la-qualite-revendiquee-2	200	text/html
20230604063319	https://ornipreparation.com/les-technologues-en-vetements-et-textiles-ont-un-role-pratique-dans-la-selection-et-le-test-du-tissu-ou-du-materiau-ideal-pour-un-produit	200	text/html
20230530034604	https://ornipreparation.com/les-testeurs-de-penetration-simulent-des-cyberattaques-afin-didentifier-et-de-signaler-des-failles-de-securite-sur-les-systemes-informatiques-les-reseaux-et-les-infrastructures-y-compris-les-sites	200	text/html
20230923170641	https://ornipreparation.com/les-testeurs-de-penetration-simulent-des-cyberattaques-afin-didentifier-et-de-signaler-des-failles-de-securite-sur-les-systemes-informatiques-les-reseaux-et-les-infrastructures-y-compris-les-sites-2	200	text/html
20230603074811	https://ornipreparation.com/les-therapeutes-de-haute-intensite-soutiennent-les-personnes-qui-souffrent-de-problemes-de-sante-mentale-en-particulier-la-depression-et-lanxiete-moderees-a-severes	200	text/html
20230530044006	https://ornipreparation.com/les-therapeutes-de-haute-intensite-soutiennent-les-personnes-qui-souffrent-de-problemes-de-sante-mentale-en-particulier-la-depression-et-lanxiete-moderees-a-severes-2	200	text/html
20230604062128	https://ornipreparation.com/les-therapeutes-de-haute-intensite-soutiennent-les-personnes-qui-souffrent-de-problemes-de-sante-mentale-en-particulier-la-depression-et-lanxiete-moderees-a-severes-3	200	text/html
20230927080729	https://ornipreparation.com/les-therapeutes-nutritionnels-fournissent-des-recommandations-nutritionnelles-dietetiques-et-de-style-de-vie-personnalisees-pour-aider-a-ameliorer-la-sante-et-le-bien-etre-dun-individu	200	text/html
20230927082152	https://ornipreparation.com/les-therapeutes-nutritionnels-fournissent-des-recommandations-nutritionnelles-dietetiques-et-de-style-de-vie-personnalisees-pour-aider-a-ameliorer-la-sante-et-le-bien-etre-dun-individu-2	200	text/html
20230604073314	https://ornipreparation.com/les-therapeutes-par-le-jeu-utilisent-le-jeu-comme-outil-de-communication-pour-aider-les-enfants-a-comprendre-leur-monde-et-a-gerer-la-detresse-emotionnelle-et-les-traumatismes	200	text/html
20230603075117	https://ornipreparation.com/les-therapeutes-par-le-jeu-utilisent-le-jeu-comme-outil-de-communication-pour-aider-les-enfants-a-comprendre-leur-monde-et-a-gerer-la-detresse-emotionnelle-et-les-traumatismes-2	200	text/html
20230603073348	https://ornipreparation.com/les-therapeutes-par-le-jeu-utilisent-le-jeu-comme-outil-de-communication-pour-aider-les-enfants-a-comprendre-leur-monde-et-a-gerer-la-detresse-emotionnelle-et-les-traumatismes-3	200	text/html
20230603151323	https://ornipreparation.com/les-traducteurs-utilisent-leurs-competences-linguistiques-pour-traduire-une-langue-ecrite-dans-une-autre-en-conservant-le-plus-possible-le-sens-du-texte-original	200	text/html
20230926065502	https://ornipreparation.com/les-traducteurs-utilisent-leurs-competences-linguistiques-pour-traduire-une-langue-ecrite-dans-une-autre-en-conservant-le-plus-possible-le-sens-du-texte-original-2	200	text/html
20230604064850	https://ornipreparation.com/les-traducteurs-utilisent-leurs-competences-linguistiques-pour-traduire-une-langue-ecrite-dans-une-autre-en-conservant-le-plus-possible-le-sens-du-texte-original-3	200	text/html
20230603144150	https://ornipreparation.com/les-tuteurs-prives-travaillent-avec-les-etudiants-pour-ameliorer-leur-apprentissage-dans-differentes-matieres-et-les-preparer-aux-diplomes-et-aux-tests	200	text/html
20230604083330	https://ornipreparation.com/les-tuteurs-prives-travaillent-avec-les-etudiants-pour-ameliorer-leur-apprentissage-dans-differentes-matieres-et-les-preparer-aux-diplomes-et-aux-tests-2	200	text/html
20230604075042	https://ornipreparation.com/les-tuteurs-prives-travaillent-avec-les-etudiants-pour-ameliorer-leur-apprentissage-dans-differentes-matieres-et-les-preparer-aux-diplomes-et-aux-tests-3	200	text/html
20230603142913	https://ornipreparation.com/les-tuteurs-prives-travaillent-avec-les-etudiants-pour-ameliorer-leur-apprentissage-dans-differentes-matieres-et-les-preparer-aux-diplomes-et-aux-tests-4	200	text/html
20230603153412	https://ornipreparation.com/letude-de-la-photographie-ameliore-votre-comprehension-creative-sociale-et-culturelle-tout-en-developpant-vos-connaissances-techniques-specialisees-autour-de-lequipement-des-techniques-et-du-st	200	text/html
20230923172502	https://ornipreparation.com/letude-dun-diplome-en-education-vous-prepare-directement-a-une-gamme-de-carrieres-travaillant-avec-les-enfants-et-les-jeunes	200	text/html
20240303154300	https://ornipreparation.com/lexicographe	200	text/html
20230603083634	https://ornipreparation.com/lexperience-la-reputation-et-les-credits-ainsi-quune-passion-pour-tout-ce-qui-touche-au-theatre-sont-des-conditions-prealables-a-une-carriere-reussie-en-tant-que-metteur-en-scene-de-theatre	200	text/html
20230604063046	https://ornipreparation.com/lexperience-professionnelle-et-lengagement-politique-sont-plus-importants-que-le-sujet-de-votre-diplome-lorsque-vous-obtenez-un-travail-dans-les-coulisses-en-tant-quassistant-dun-politicien	200	text/html
20230603071743	https://ornipreparation.com/lexperience-professionnelle-et-lengagement-politique-sont-plus-importants-que-le-sujet-de-votre-diplome-lorsque-vous-obtenez-un-travail-dans-les-coulisses-en-tant-quassistant-dun-politicien-2	200	text/html
20230603085441	https://ornipreparation.com/lexploitation-de-lenergie-a-partir-de-lexploitation-miniere-ou-de-sources-renouvelables-est-une-preoccupation-majeure-a-travers-le-monde-et-une-carriere-dingenieur-en-energie-vous-mettra-a	200	text/html
20230923164846	https://ornipreparation.com/liaison-en-sciences-medicales	200	text/html
20230927073539	https://ornipreparation.com/lindustrie-de-levenementiel-est-un-secteur-dynamique-et-au-rythme-rapide-offrant-des-opportunites-de-travailler-sur-nimporte-quoi-des-evenements-et-festivals-pour-le-petit-personnel-aux-mariage	200	text/html
20230927074544	https://ornipreparation.com/lingenierie-electronique-est-une-industrie-passionnante-et-au-rythme-rapide-vous-pourriez-travailler-dans-les-telecommunications-la-fabrication-laerospatiale-ou-la-robotique	200	text/html
20230604083542	https://ornipreparation.com/liste-des-institutions-privees-denseignement-superieur-autorisees-au-cameroun	200	text/html
20230923183024	https://ornipreparation.com/lobjectif-dun-ingenieur-en-systemes-de-fabrication-est-de-rendre-un-processus-de-production-aussi-efficace-que-possible-afin-que-les-usines-puissent-fabriquer-des-biens-et-des-produits-dans-les-d	200	text/html
20230603151155	https://ornipreparation.com/maflekumen-higher-institute-of-health-sciences	200	text/html
20230603083057	https://ornipreparation.com/maflekumen-higher-institute-of-health-sciences-buea	200	text/html
20230923180040	https://ornipreparation.com/manager-financier	200	text/html
20231004002342	https://ornipreparation.com/marchandiseurs-visuels-utilisent-creativite-connaissance-tendances-developper-livrer-communiquer-concepts-strategies-visuels-promouvoir-marques-vente-detail	200	text/html
20240618091001	https://ornipreparation.com/mathematiques	200	text/html
20231003231338	https://ornipreparation.com/medecin-associe	200	text/html
20240303145620	https://ornipreparation.com/medecin-de-lhopital	200	text/html
20240303154959	https://ornipreparation.com/medecin-generaliste	200	text/html
20231003233545	https://ornipreparation.com/medecin-legiste	200	text/html
20231130014855	https://ornipreparation.com/medecine	200	text/html
20240303145141	https://ornipreparation.com/medecine-veterinaire	200	text/html
20240303151543	https://ornipreparation.com/mediateur	200	text/html
20231003231113	https://ornipreparation.com/mentions-legales	200	text/html
20240303155549	https://ornipreparation.com/mentor-dapprentissage	200	text/html
20230604072317	https://ornipreparation.com/mes-cours	200	text/html
20240618080437	https://ornipreparation.com/meteorologue	200	text/html
20231004010153	https://ornipreparation.com/metreur	200	text/html
20231003230609	https://ornipreparation.com/mettez-votre-passion-pour-la-science-ainsi-que-vos-excellentes-competences-en-communication-et-en-resolution-de-problemes-a-lepreuve-avec-une-carriere-en-genie-des-materiaux-2	200	text/html
20240303164556	https://ornipreparation.com/microbiologie	200	text/html
20231003231423	https://ornipreparation.com/microbiologiste	200	text/html
20230530053434	https://ornipreparation.com/modifier-le-mot-de-passe	200	text/html
20250904073427	https://ornipreparation.com/mon-compte	200	text/html
20230603081821	https://ornipreparation.com/monde-plus-axe-donnees-capable-traduire-informations-informations-utiles-pouvant-etre-utilisees-entreprises-organisations-competence-precieuse-posseder	200	text/html
20231003232410	https://ornipreparation.com/monteur-de-films-videos	200	text/html
20230604075514	https://ornipreparation.com/mot-de-passe-oublie	200	text/html
20240303144430	https://ornipreparation.com/musique-therapeute	200	text/html
20231003232454	https://ornipreparation.com/nanotechnologiste	200	text/html
20231004004733	https://ornipreparation.com/national-higher-institute-of-business-tourism-and-hotel-management-nahibuth	200	text/html
20230923184225	https://ornipreparation.com/national-higher-polytechnic-institute-nhpi-of-the-university-of-bamenda	200	text/html
20230603144003	https://ornipreparation.com/national-polytechnic-bambui	200	text/html
20230927084217	https://ornipreparation.com/national-polytechnic-bambui-2	200	text/html
20240303155857	https://ornipreparation.com/naturopathe	200	text/html
20231201092323	https://ornipreparation.com/neurologue	200	text/html
20231003233710	https://ornipreparation.com/neuroscientifique	200	text/html
20240815180233	https://ornipreparation.com/nos-preparations	200	text/html
20250729123953	https://ornipreparation.com/nos-preparations/prepa-concours-en-ligne	200	text/html
20250919164007	https://ornipreparation.com/nos-preparations/prepa-concours-en-ligne/embed	200	text/html
20250729124013	https://ornipreparation.com/nos-preparations/prepa-examens-en-ligne	200	text/html
20240417112432	https://ornipreparation.com/nos-preparations/preparation-des-examens	200	text/html
20240526212522	https://ornipreparation.com/nos-tarifs	200	text/html
20240418132110	https://ornipreparation.com/notre-approche-pedagogique	200	text/html
20231201103746	https://ornipreparation.com/notre-raison-detre	200	text/html
20231004005014	https://ornipreparation.com/nous-contacter	200	text/html
20230603074903	https://ornipreparation.com/nstitut-superieur-des-sciences-de-technologie-de-management-et-developpement-durable-isstmadd	200	text/html
20230923182850	https://ornipreparation.com/nutritionniste-animale	200	text/html
20230926044235	https://ornipreparation.com/nutritionnistes-utilisent-connaissances-science-alimentaire-aiderindividus-groupes-faire-bons-choix-quant-mangent	200	text/html
20230923183459	https://ornipreparation.com/officier-de-charite	200	text/html
20240303155337	https://ornipreparation.com/officier-de-police	200	text/html
20240623235119	https://ornipreparation.com/officier-de-prison	200	text/html
20240303145350	https://ornipreparation.com/officier-des-forces-frontalieres	200	text/html
20230923175556	https://ornipreparation.com/officier-du-gouvernement-local	200	text/html
20230923182233	https://ornipreparation.com/officier-du-service-diplomatique	200	text/html
20230604064202	https://ornipreparation.com/officiers-de-police-camerounaise	200	text/html
20240303144110	https://ornipreparation.com/ophtalmologiste	200	text/html
20231003232921	https://ornipreparation.com/orientation-academique	200	text/html
20240716025951	https://ornipreparation.com/page-sitemap.xml	200	text/xml
20230604081408	https://ornipreparation.com/pan-african-institute-for-development-paid	200	text/html
20230603080534	https://ornipreparation.com/panafrican-institute-of-strategy-and-techniligy-pist	200	text/html
20230530045024	https://ornipreparation.com/panier	200	text/html
20231201095529	https://ornipreparation.com/parajuriste	200	text/html
20240303162924	https://ornipreparation.com/pathologiste	200	text/html
20230530033338	https://ornipreparation.com/paul-nkwi-higher-institute-of-management-science-arts-and-technology-pn-himsat	200	text/html
20230927090538	https://ornipreparation.com/paulss-computer-higher-institute-of-technology-pc-hitech	200	text/html
20230923185909	https://ornipreparation.com/pedologue	200	text/html
20230923185321	https://ornipreparation.com/personnel-de-cabine	200	text/html
20230927092843	https://ornipreparation.com/pharmaciens-hospitaliers-responsables-achat-approvisionnement-medicaments-utilises-hopitaux	200	text/html
20230603141459	https://ornipreparation.com/pharmaciens-officine-travaillent-directives-juridiques-ethiques-assurer-approvisionnement-correct-produits-medicaux-grand-public	200	text/html
20231004002421	https://ornipreparation.com/pharmacologue	200	text/html
20231130095823	https://ornipreparation.com/photographe	200	text/html
20231003231646	https://ornipreparation.com/plan-du-site	200	text/html
20231004001426	https://ornipreparation.com/planificateur-de-transports	200	text/html
20231004002634	https://ornipreparation.com/politique-de-confidentialite	200	text/html
20240716011754	https://ornipreparation.com/post-sitemap.xml	200	text/xml
20240716052058	https://ornipreparation.com/post-sitemap2.xml	200	text/xml
20240717004404	https://ornipreparation.com/post_tag-sitemap.xml	200	text/xml
20240717034152	https://ornipreparation.com/post_tag-sitemap2.xml	200	text/xml
20230604064755	https://ornipreparation.com/pour-etre-un-bon-enseignant-au-primaire-vous-avez-besoin-dune-passion-pour-inspirer-les-jeunes-esprits-et-dun-engagement-a-faire-en-sorte-que-chaque-enfant-realise-son-potentiel-2	200	text/html
20230603080851	https://ornipreparation.com/pour-etre-un-bon-gestionnaire-de-droits-dedition-vous-aurez-besoin-dexcellentes-competences-en-negociation-et-de-la-capacite-detablir-des-contacts-avec-lindustrie	200	text/html
20230603155102	https://ornipreparation.com/pour-etre-un-bon-gestionnaire-de-droits-dedition-vous-aurez-besoin-dexcellentes-competences-en-negociation-et-de-la-capacite-detablir-des-contacts-avec-lindustrie-2	200	text/html
20230927092155	https://ornipreparation.com/pour-etre-un-bon-sous-editeur-vous-aurez-besoin-dun-excellent-sens-du-detail-de-la-capacite-dassurer-la-liaison-avec-les-journalistes-et-dautres-editeurs-et-de-la-creativite-necessaire-pour-re	200	text/html
20230603153257	https://ornipreparation.com/pour-reussir-en-tant-que-chercheur-operationnel-vous-aurez-besoin-dune-solide-capacite-mathematique-de-bonnes-competences-en-communication-et-de-la-confiance-necessaire-pour-analyser-de-grands-ens	200	text/html
20230923184356	https://ornipreparation.com/pour-reussir-en-tant-que-chercheur-operationnel-vous-aurez-besoin-dune-solide-capacite-mathematique-de-bonnes-competences-en-communication-et-de-la-confiance-necessaire-pour-analyser-de-grands-ens-2	200	text/html
20230927093258	https://ornipreparation.com/pour-reussir-en-tant-que-chercheur-operationnel-vous-aurez-besoin-dune-solide-capacite-mathematique-de-bonnes-competences-en-communication-et-de-la-confiance-necessaire-pour-analyser-de-grands-ens-3	200	text/html
20230603084350	https://ornipreparation.com/pour-une-carriere-reussie-en-tant-quauteur-technique-vous-devrez-apprendre-rapidement-avec-dexcellentes-competences-en-communication-et-la-capacite-de-transmettre-des-informations-factuelles-de	200	text/html
20230604080830	https://ornipreparation.com/pour-une-carriere-reussie-en-tant-quauteur-technique-vous-devrez-apprendre-rapidement-avec-dexcellentes-competences-en-communication-et-la-capacite-de-transmettre-des-informations-factuelles-de-2	200	text/html
20240618093544	https://ornipreparation.com/praticien-en-radioprotection	200	text/html
20230923164251	https://ornipreparation.com/praticienne-en-amelioration-de-la-sante	200	text/html
20231004005826	https://ornipreparation.com/prepa-concours-en-ligne	200	text/html
20231003234938	https://ornipreparation.com/prepa-examens-en-ligne	200	text/html
20231004003727	https://ornipreparation.com/preparation-au-baccalaureat-de-lenseignement-secondaire-general-esg	200	text/html
20231004003942	https://ornipreparation.com/preparation-au-brevet-detude-du-premier-cycle-bepc	200	text/html
20231003224718	https://ornipreparation.com/preparation-au-certificat-detudes-primaires-cep	200	text/html
20240815191128	https://ornipreparation.com/preparation-au-concours-de-lecole-nationale-superieure-des-travaux-publics-enstp	200	text/html
20231003230016	https://ornipreparation.com/preparation-au-concours-dentree-dans-les-ecoles-internationales	200	text/html
20231201090505	https://ornipreparation.com/preparation-au-concours-dentree-dans-les-ecoles-internationales/preparation-aux-concours-de-linstitut-de-formation-et-de-recherche-demographiques-iford	200	text/html
20250126075608	https://ornipreparation.com/preparation-au-concours-dentree-dans-les-ecoles-internationales/preparation-aux-concours-de-linstitut-de-formation-et-de-recherche-demographiques-iford/201	200	text/html
20250126084619	https://ornipreparation.com/preparation-au-concours-dentree-dans-les-ecoles-internationales/preparation-aux-concours-de-linstitut-de-formation-et-de-recherche-demographiques-iford/3	200	text/html
20231201091639	https://ornipreparation.com/preparation-au-concours-dentree-dans-les-ecoles-internationales/preparation-aux-concours-de-linstitut-international-des-assurances-iia	200	text/html
20231004003227	https://ornipreparation.com/preparation-au-concours-dentree-dans-les-ecoles-polytechniques	200	text/html
20231003235749	https://ornipreparation.com/preparation-au-concours-dentree-dans-les-ecoles-rattachees-aux-facultes	200	text/html
20231004001005	https://ornipreparation.com/preparation-au-concours-dentree-dans-les-ecoles-rattachees-aux-ministeres	200	text/html
20231003233008	https://ornipreparation.com/preparation-au-concours-dentree-dans-les-instituts-universitaires-de-technologies	200	text/html
20231003235307	https://ornipreparation.com/preparation-au-probatoire-de-lenseignement-secondaire-general-esg	200	text/html
20231004010358	https://ornipreparation.com/preparation-aux-concours-de-medecine	200	text/html
20231004000439	https://ornipreparation.com/preparation-aux-concours-des-ecoles-dadministration-enam	200	text/html
20231003224755	https://ornipreparation.com/preparation-aux-concours-des-ecoles-de-commerce	200	text/html
20231003233421	https://ornipreparation.com/preparation-aux-concours-des-ecoles-de-police	200	text/html
20240714112451	https://ornipreparation.com/preparation-aux-concours-des-ecoles-dingenierie	200	text/html
20231003235946	https://ornipreparation.com/preparation-aux-concours-des-ide-tms-et-sage-femme	200	text/html
20250903170631	https://ornipreparation.com/preparation-aux-concours-des-ide-tms-et-sage-femme/2	200	text/html
20250902101239	https://ornipreparation.com/preparation-aux-concours-des-ide-tms-et-sage-femme/201	200	text/html
20250918194903	https://ornipreparation.com/preparation-aux-concours-des-ide-tms-et-sage-femme/3	200	text/html
20250905084110	https://ornipreparation.com/preparation-aux-concours-des-ide-tms-et-sage-femme/4	200	text/html
20240815184302	https://ornipreparation.com/preparation-police-2022	200	text/html
20250907092751	https://ornipreparation.com/preparation-police-2022?add-to-cart=20013	200	text/html
20250908114929	https://ornipreparation.com/preparation-police-2022?add-to-cart=20072	200	text/html
20250914010533	https://ornipreparation.com/preparation-police-2022?add-to-cart=20084	200	text/html
20250908021804	https://ornipreparation.com/preparation-police-2022?add-to-cart=20092	200	text/html
20250908222423	https://ornipreparation.com/preparation-police-2022?add-to-cart=20117	200	text/html
20250907021855	https://ornipreparation.com/preparation-police-2022?add-to-cart=20125	200	text/html
20250906192547	https://ornipreparation.com/preparation-police-2022?add-to-cart=20127	200	text/html
20250916202756	https://ornipreparation.com/preparation-police-2022?add-to-cart=20129	200	text/html
20250912185400	https://ornipreparation.com/preparation-police-2022?add-to-cart=20131	200	text/html
20250908001207	https://ornipreparation.com/preparation-police-2022?add-to-cart=20133	200	text/html
20250907230349	https://ornipreparation.com/preparation-police-2022?add-to-cart=26317	200	text/html
20231201104437	https://ornipreparation.com/presentateur-de-diffusion	200	text/html
20240716051650	https://ornipreparation.com/product-sitemap.xml	200	text/xml
20240717034947	https://ornipreparation.com/product_cat-sitemap.xml	200	text/xml
20240808020224	https://ornipreparation.com/product_tag-sitemap.xml	200	text/xml
20230923165850	https://ornipreparation.com/producteur-de-musique	200	text/html
20230923184649	https://ornipreparation.com/producteur-de-television-film-video	200	text/html
20240303150814	https://ornipreparation.com/produit/15178	200	text/html
20240303151748	https://ornipreparation.com/produit/annale-enam-comptabilite	200	text/html
20240303151201	https://ornipreparation.com/produit/annale-enam-droit-administratif	200	text/html
20240303153220	https://ornipreparation.com/produit/annale-enam-droit-constitutionnel	200	text/html
20240303164906	https://ornipreparation.com/produit/annale-enam-droit-du-travail	200	text/html
20240303163259	https://ornipreparation.com/produit/annale-enam-droit-public	200	text/html
20240303155101	https://ornipreparation.com/produit/annale-enam-economie	200	text/html
20240303151705	https://ornipreparation.com/produit/annale-enam-pratique-de-la-culture-generale-aux-concours-administratifs	200	text/html
20240303155403	https://ornipreparation.com/produit/annales-dallemand-au-bepc	200	text/html
20240303162012	https://ornipreparation.com/produit/annales-danglais-au-bepc	200	text/html
20240303163342	https://ornipreparation.com/produit/annales-de-francais-au-bepc	200	text/html
20240303153630	https://ornipreparation.com/produit/annales-de-mathematiques-au-bepc	200	text/html
20240303165520	https://ornipreparation.com/produit/annales-de-pct-au-bepc	200	text/html
20240303163933	https://ornipreparation.com/produit/annales-de-svp-au-bepc	200	text/html
20240303155836	https://ornipreparation.com/produit/annales-decm-au-bepc	200	text/html
20240303164402	https://ornipreparation.com/produit/annales-despagnol-au-bepc	200	text/html
20240303165140	https://ornipreparation.com/produit/annales-dhistoire-geographie-au-bepc	200	text/html
20240303155916	https://ornipreparation.com/produit/annales-dinformatique-au-bepc	200	text/html
20240303154222	https://ornipreparation.com/produit/annales-enam-culture-generale	200	text/html
20240303145708	https://ornipreparation.com/produit/fascicule-police-gardiens-de-la-paix	200	text/html
20240303163816	https://ornipreparation.com/produit/fascicule-police-inspecteurs-de-police	200	text/html
20240303151828	https://ornipreparation.com/produit/fascicule-police-officiers-de-police	200	text/html
20240303165215	https://ornipreparation.com/produit/test	200	text/html
20231204225852	https://ornipreparation.com/professeur-danglais-langue-etrangere	200	text/html
20230603145348	https://ornipreparation.com/professionnel-de-la-sante-mentale-en-education	200	text/html
20240303161510	https://ornipreparation.com/professionnel-de-la-vente-informatique	200	text/html
20230603080417	https://ornipreparation.com/professionnel-de-leducation-en-sante-mentale	200	text/html
20230603155134	https://ornipreparation.com/professionnels-vente-informatique-utilisent-connaissances-techniques-produits-conseiller-guider-clients-achats-accompagner-service-apres-vente	200	text/html
20231201091249	https://ornipreparation.com/programmeur-multimedia	200	text/html
20240303150022	https://ornipreparation.com/prothesiste-orthesiste	200	text/html
20240303164010	https://ornipreparation.com/psychiatre	200	text/html
20240303165445	https://ornipreparation.com/psychologie	200	text/html
20240303161424	https://ornipreparation.com/psychologue-clinicien	200	text/html
20240303143439	https://ornipreparation.com/psychologue-conseil	200	text/html
20240303164204	https://ornipreparation.com/psychologue-de-la-sante	200	text/html
20240303163739	https://ornipreparation.com/psychologue-du-sport-et-de-lexercice	200	text/html
20240303161134	https://ornipreparation.com/psychologue-du-travail	200	text/html
20240303144635	https://ornipreparation.com/psychologue-judiciaire	200	text/html
20240303165254	https://ornipreparation.com/psychologue-scolaire	200	text/html
20240303145756	https://ornipreparation.com/psychotherapeute	200	text/html
20240303155522	https://ornipreparation.com/psychotherapeute-du-mouvement-de-la-danse	200	text/html
20230603142309	https://ornipreparation.com/pyramid-higher-institute-of-professional-studies	200	text/html
20230923165520	https://ornipreparation.com/que-vous-aimiez-relever-des-defis-techniques-ou-etre-creatif-et-innovant-lingenierie-aerospatiale-ouvre-des-opportunites-dans-un-large-eventail-dindustries-de-lautomobile-a-la-finance-et-a-l	200	text/html
20231003234634	https://ornipreparation.com/que-vous-travailliez-pour-un-cabinet-de-conseil-ou-que-vous-creiez-votre-propre-studio-un-diplome-en-design-graphique-ouvre-la-porte-a-une-gamme-de-carrieres-creatives	200	text/html
20230530050333	https://ornipreparation.com/quil-sagisse-de-telescopes-en-astronomie-dobservation-ou-de-modeles-informatiques-en-astronomie-theorique-une-carriere-dastronome-impliquera-des-recherches-approfondies-sur-les-processus-fond	200	text/html
20230530042037	https://ornipreparation.com/quil-sagisse-de-telescopes-en-astronomie-dobservation-ou-de-modeles-informatiques-en-astronomie-theorique-une-carriere-dastronome-impliquera-des-recherches-approfondies-sur-les-processus-fond-2	200	text/html
20231201104159	https://ornipreparation.com/radiologue-clinicien	200	text/html
20230530040951	https://ornipreparation.com/rapha-higher-institute-of-health-and-biomedical-sciences-kumba-raphihk	200	text/html
20231004010534	https://ornipreparation.com/realisateur	200	text/html
20240303151244	https://ornipreparation.com/redacteur-correcteur-dedition	200	text/html
20240303145024	https://ornipreparation.com/redacteur-numerique	200	text/html
20240303162229	https://ornipreparation.com/redacteur-publicitaire	200	text/html
20230604072823	https://ornipreparation.com/redemption-higher-institute-of-biomedical-and-management-sciences	200	text/html
20231130010056	https://ornipreparation.com/regisseur-de-theatre	200	text/html
20230603075441	https://ornipreparation.com/regisseurs-trouvent-emplacement-film-spectacle-tournage-coordonnent-nombreux-elements-pratiques-logistiques-projet	200	text/html
20231130120419	https://ornipreparation.com/reinitialiser	200	text/html
20230923165613	https://ornipreparation.com/representant-de-vacances	200	text/html
20230923181642	https://ornipreparation.com/responsable-activites-plein-air-education	200	text/html
20231004001544	https://ornipreparation.com/responsable-centre-de-conference	200	text/html
20240623233653	https://ornipreparation.com/responsable-centre-de-remise-en-forme	200	text/html
20231004002849	https://ornipreparation.com/responsable-dagence-de-voyages	200	text/html
20230923181231	https://ornipreparation.com/responsable-de-ferme-piscicole	200	text/html
20240303152110	https://ornipreparation.com/responsable-de-levenement	200	text/html
20231204233423	https://ornipreparation.com/responsable-de-salle-de-television	200	text/html
20231130001212	https://ornipreparation.com/responsable-demplacement	200	text/html
20231004002933	https://ornipreparation.com/responsable-des-achats	200	text/html
20231003232247	https://ornipreparation.com/responsable-des-relations-publiques	200	text/html
20240303145528	https://ornipreparation.com/responsable-des-services-de-sante	200	text/html
20240303144904	https://ornipreparation.com/responsable-des-systemes-dinformation	200	text/html
20230923165124	https://ornipreparation.com/responsable-developpement-commercial	200	text/html
20231004000800	https://ornipreparation.com/responsable-du-centre-dinformation-touristique	200	text/html
20230923165705	https://ornipreparation.com/responsable-marketing	200	text/html
20231004000520	https://ornipreparation.com/responsable-pedagogique-du-musee	200	text/html
20230604063136	https://ornipreparation.com/responsable-systemes-information-met-place-systemes-reseaux-informatiques-organisation-gere-equipe-professionnels-informatique	200	text/html
20230530051025	https://ornipreparation.com/responsables-affaires-reglementaires-assurent-licence-commercialisation-conformite-legale-appropriees-gamme-produits-pharmaceutiques-medicaux-controler-securite-efficacite	200	text/html
20230530050820	https://ornipreparation.com/responsables-marketing-generent-benefices-promotion-produits-services-grace-campagnes-marketing-coordonnees-2	200	text/html
20241113130941	https://ornipreparation.com/ressources	200	text/html
20231130101531	https://ornipreparation.com/ressources-telechargeables	200	text/html
20230603142350	https://ornipreparation.com/resultats-produisez-mathematicien-recherche-peuvent-utilises-approfondir-connaissances-milieu-universitaire-ameliorer-performances-resoudre-problemes-cadre-commercial	200	text/html
20230604071343	https://ornipreparation.com/reussir-chercheur-operationnel-besoin-solide-capacite-mathematique-bonnes-competences-communication-confiance-necessaire-analyser-ensembles-donnees	200	text/html
20211129064936	http://ornipreparation.com/robots.txt	200	text/plain
20230603090655	https://ornipreparation.com/role-divertirez-informerez-public-presentant-informations-divertissements-maniere-accessible-attrayante-television-radio-ligne	200	text/html
20230603144457	https://ornipreparation.com/role-stimulant-varie-travailleur-soutien-familial-ideal-toute-personne-souhaitant-impact-positif-vie-enfants-jeunes-familles	200	text/html
20230603134804	https://ornipreparation.com/rotas-institut-superieur-de-management-et-de-gestion-rotas-ismg	200	text/html
20230517142758	https://ornipreparation.com/rss.xml	200	text/xml
20230604070545	https://ornipreparation.com/sabena-flight-academy-africa	200	text/html
20230927074818	https://ornipreparation.com/saint-louis-higher-institute-of-engineering-and-technology-slhiet	200	text/html
20230603151624	https://ornipreparation.com/saint-louis-higher-institute-of-health-and-biomedical-sciences	200	text/html
20230603080607	https://ornipreparation.com/saint-louis-higher-institute-of-health-and-biomedical-sciences-2	200	text/html
20230530044241	https://ornipreparation.com/saint-michael-higher-institute-of-professional-studies-ships	200	text/html
20230927085336	https://ornipreparation.com/sanda-institut-superieur-de-management-sisma	200	text/html
20230530051403	https://ornipreparation.com/school-of-health-and-medical-sciences-catuc-de-kumbo	200	text/html
20240303153715	https://ornipreparation.com/science-culinaire	200	text/html
20230923170959	https://ornipreparation.com/sciences-biomedicales	200	text/html
20231004003102	https://ornipreparation.com/sciences-et-gestion-animales	200	text/html
20240303154417	https://ornipreparation.com/sciences-medicales	200	text/html
20230923181051	https://ornipreparation.com/scientifique-biomedical	200	text/html
20240303164049	https://ornipreparation.com/scientifique-de-la-qualite-de-leau	200	text/html
20230926063121	https://ornipreparation.com/scientifique-des-donnees	200	text/html
20231004005344	https://ornipreparation.com/scientifique-marin	200	text/html
20250909043654	https://ornipreparation.com/search/%7Bsearch_term_string%7D	200	text/html
20231004003537	https://ornipreparation.com/secretaire-de-la-societe	200	text/html
20231004002806	https://ornipreparation.com/selectionneur-de-plantes-geneticien	200	text/html
20240716021916	https://ornipreparation.com/shopengine-template-sitemap.xml	200	text/xml
20231204222745	https://ornipreparation.com/shopengine-template/boutique	200	text/html
20231130113028	https://ornipreparation.com/shopengine-template/panier	200	text/html
20231130112939	https://ornipreparation.com/shopengine-template/produit-unique	200	text/html
20231130013147	https://ornipreparation.com/shopengine-template/vue-rapide	200	text/html
20230603085935	https://ornipreparation.com/si-etre-en-charge-de-projets-de-ressources-et-de-personnes-vous-motive-et-que-vous-pouvez-travailler-sous-pression-avec-des-delais-serres-une-carriere-en-tant-que-chef-de-projet-peut-vous-convenir	200	text/html
20230923184946	https://ornipreparation.com/si-etre-en-charge-de-projets-de-ressources-et-de-personnes-vous-motive-et-que-vous-pouvez-travailler-sous-pression-avec-des-delais-serres-une-carriere-en-tant-que-chef-de-projet-peut-vous-convenir-2	200	text/html
20230603155305	https://ornipreparation.com/si-etre-en-charge-de-projets-de-ressources-et-de-personnes-vous-motive-et-que-vous-pouvez-travailler-sous-pression-avec-des-delais-serres-une-carriere-en-tant-que-chef-de-projet-peut-vous-convenir-3	200	text/html
20230530050230	https://ornipreparation.com/si-vous-aimez-defis-aimez-resolution-problemes-avez-fort-desir-assurer-securite-gens-carriere-detective-peut-vous-convenir	200	text/html
20230604065712	https://ornipreparation.com/si-vous-aimez-evaluer-et-analyser-des-donnees-creer-des-solutions-travailler-avec-diverses-personnes-et-maitriser-les-technologies-de-linformation-une-carriere-danalyste-daffaires-pourrait-et	200	text/html
20230603141946	https://ornipreparation.com/si-vous-aimez-le-mouvement-et-la-danse-et-que-vous-voulez-aider-a-faire-une-difference-dans-la-vie-des-gens-cette-carriere-pourrait-etre-pour-vous	200	text/html
20230927073044	https://ornipreparation.com/si-vous-aimez-les-defis-aimez-la-resolution-de-problemes-et-avez-un-fort-desir-dassurer-la-securite-des-gens-une-carriere-de-detective-peut-vous-convenir	200	text/html
20231003225816	https://ornipreparation.com/si-vous-aimez-les-defis-aimez-la-resolution-de-problemes-et-avez-un-fort-desir-dassurer-la-securite-des-gens-une-carriere-de-detective-peut-vous-convenir-2	200	text/html
20230604064410	https://ornipreparation.com/si-vous-aimez-les-defis-aimez-la-resolution-de-problemes-et-avez-un-fort-desir-dassurer-la-securite-des-gens-une-carriere-de-detective-peut-vous-convenir-3	200	text/html
20230927081328	https://ornipreparation.com/si-vous-aimez-les-defis-aimez-la-resolution-de-problemes-et-avez-un-fort-desir-dassurer-la-securite-des-gens-une-carriere-de-detective-peut-vous-convenir-4	200	text/html
20230927083929	https://ornipreparation.com/si-vous-aimez-prendre-des-photos-et-que-vous-avez-loeil-pour-une-photo-vous-pouvez-mettre-vos-competences-en-photographie-a-profit-dans-divers-domaines-de-la-publicite-aux-evenements-sociaux	200	text/html
20230530040322	https://ornipreparation.com/si-vous-aimez-prendre-des-photos-et-que-vous-avez-loeil-pour-une-photo-vous-pouvez-mettre-vos-competences-en-photographie-a-profit-dans-divers-domaines-de-la-publicite-aux-evenements-sociaux-2	200	text/html
20230604062815	https://ornipreparation.com/si-vous-aimez-prendre-des-photos-et-que-vous-avez-loeil-pour-une-photo-vous-pouvez-mettre-vos-competences-en-photographie-a-profit-dans-divers-domaines-de-la-publicite-aux-evenements-sociaux-3	200	text/html
20230603073221	https://ornipreparation.com/si-vous-aspirez-a-une-carriere-a-la-radio-il-est-probable-que-vous-commencerez-votre-parcours-en-tant-quassistant-de-diffusion-radio	200	text/html
20211129064938	http://ornipreparation.com/si-vous-avez-de-solides-competences-en-conception-aimez-travailler-en-collaboration-et-pouvez-respecter-des-delais-serres-la-conception-dexposition-pourrait-etre-la-carriere-pour-vous	200	text/html
20211129064956	http://ornipreparation.com/si-vous-avez-de-solides-competences-en-conception-aimez-travailler-en-collaboration-et-pouvez-respecter-des-delais-serres-la-conception-dexposition-pourrait-etre-la-carriere-pour-vous/feed	200	application/rss+xml
20230603143037	https://ornipreparation.com/si-vous-avez-dexcellentes-competences-en-grammaire-et-en-communication-et-un-vif-interet-pour-ledition-envisagez-une-carriere-en-tant-quassistant-editorial-3	200	text/html
20230530053945	https://ornipreparation.com/si-vous-avez-dexcellentes-competences-en-grammaire-et-en-communication-et-un-vif-interet-pour-ledition-envisagez-une-carriere-en-tant-quassistant-editorial-4	200	text/html
20230927083137	https://ornipreparation.com/si-vous-avez-le-sens-des-affaires-les-competences-necessaires-pour-motiver-les-autres-et-le-dynamisme-et-lenergie-necessaires-pour-reussir-une-carriere-de-directeur-de-restauration-rapide-pourrait	200	text/html
20230603073754	https://ornipreparation.com/si-vous-avez-un-diplome-en-physique-et-que-vous-souhaitez-vous-impliquer-dans-les-dernieres-technologies-medicales-envisagez-de-suivre-une-formation-complementaire-pour-devenir-chercheur-clinicien-en	200	text/html
20230927093837	https://ornipreparation.com/si-vous-avez-un-esprit-analytique-et-la-determination-inebranlable-de-lire-les-marches-financiers-et-de-prendre-des-decisions-en-toute-confiance-vous-excellerez-en-tant-que-trader	200	text/html
20230927084804	https://ornipreparation.com/si-vous-avez-un-esprit-analytique-et-la-determination-inebranlable-de-lire-les-marches-financiers-et-de-prendre-des-decisions-en-toute-confiance-vous-excellerez-en-tant-que-trader-2	200	text/html
20230603091258	https://ornipreparation.com/si-vous-avez-un-esprit-analytique-et-la-determination-inebranlable-de-lire-les-marches-financiers-et-de-prendre-des-decisions-en-toute-confiance-vous-excellerez-en-tant-que-trader-3	200	text/html
20230604082940	https://ornipreparation.com/si-vous-etes-infirmiere-ou-sage-femme-et-que-vous-souhaitez-travailler-dans-la-communaute-avec-de-nouveaux-parents-et-des-enfants-dage-prescolaire-les-visites-medicales-pourraient-etre-pour-vous	200	text/html
20230603084115	https://ornipreparation.com/si-vous-etes-tres-organise-travaillez-bien-sous-pression-et-aimez-la-coordination-et-la-planification-le-role-de-responsable-des-installations-pourrait-etre-ideal-pour-vous	200	text/html
20230604065752	https://ornipreparation.com/si-vous-etudiez-la-photographie-le-graphisme-ou-lart-et-que-vous-vous-interessez-a-lanatomie-une-carriere-dans-lillustration-medicale-pourrait-etre-pour-vous	200	text/html
20230530033439	https://ornipreparation.com/si-vous-etudiez-la-photographie-le-graphisme-ou-lart-et-que-vous-vous-interessez-a-lanatomie-une-carriere-dans-lillustration-medicale-pourrait-etre-pour-vous-2	200	text/html
20230521134430	https://ornipreparation.com/sitemap_index.xml	200	text/xml
20230926065123	https://ornipreparation.com/smu-higher-institute	200	text/html
20240303164634	https://ornipreparation.com/sociologie	200	text/html
20231130011050	https://ornipreparation.com/solliciteur	200	text/html
20240618075709	https://ornipreparation.com/sous-editeur-de-presse	200	text/html
20240618081643	https://ornipreparation.com/souscripteur-dassurance	200	text/html
20231004005505	https://ornipreparation.com/specialiste-des-ressources-humaines	200	text/html
20230923180851	https://ornipreparation.com/specialiste-multimedia	200	text/html
20230603085631	https://ornipreparation.com/specialiste-optimisation-moteurs-recherche-seo-utilise-competences-analyse-numerique-marketing-transformer-presence-ligne-entreprise	200	text/html
20240303155031	https://ornipreparation.com/specialiste-ppc	200	text/html
20240303160047	https://ornipreparation.com/specialiste-seo	200	text/html
20230603140345	https://ornipreparation.com/specialistes-marketing-numerique-utilisent-variete-methodes-marketing-numerique-communiquer-clients-promouvoir-ventes-activites	200	text/html
20231004002543	https://ornipreparation.com/st-francis-higher-institute-of-nursing-and-midwifery	200	text/html
20230603141209	https://ornipreparation.com/st-joan-of-arc-higher-institute-of-medical-and-management-sciences	200	text/html
20230530053906	https://ornipreparation.com/st-judes-higher-institute-of-nursing-and-biomedical	200	text/html
20230530045906	https://ornipreparation.com/st-judes-higher-institute-of-nursing-and-biomedical-studies	200	text/html
20230530043127	https://ornipreparation.com/st-louis-higher-institute-of-medical-studies-douala-slhims	200	text/html
20240624010915	https://ornipreparation.com/statisticien	200	text/html
20240618083026	https://ornipreparation.com/streamer-rapide-de-la-fonction-publique	200	text/html
20230603075757	https://ornipreparation.com/suivant-formation-mediateur-pourriez-aider-resoudre-obtenir-resultats-acceptables-differends-juridiques-familiaux-professionnels	200	text/html
20230604062906	https://ornipreparation.com/swisslink-higher-institute-of-business-and-technology-shibat	200	text/html
20230604064120	https://ornipreparation.com/tableau-de-bord	200	text/html
20241210154030	https://ornipreparation.com/tag/academy	200	text/html
20250212081445	https://ornipreparation.com/tag/access	200	text/html
20250213023754	https://ornipreparation.com/tag/access-higher-institute-of-professional-studies-access-hips	200	text/html
20241203062636	https://ornipreparation.com/tag/achas	200	text/html
20241214164509	https://ornipreparation.com/tag/achas-higher-institute-of-sustainable-tourism	200	text/html
20241203042600	https://ornipreparation.com/tag/acheteur	200	text/html
20231130014610	https://ornipreparation.com/tag/acheteur-au-detail	200	text/html
20240911072954	https://ornipreparation.com/tag/activites	200	text/html
20231201094043	https://ornipreparation.com/tag/actuaire	200	text/html
20240911064453	https://ornipreparation.com/tag/actuariel	200	text/html
20240911075342	https://ornipreparation.com/tag/adjointe	200	text/html
20240911071321	https://ornipreparation.com/tag/administrateur	200	text/html
20231204222459	https://ornipreparation.com/tag/administrateur-artistique	200	text/html
20241210142753	https://ornipreparation.com/tag/administratif	200	text/html
20250118225839	https://ornipreparation.com/tag/administration	200	text/html
20240911060249	https://ornipreparation.com/tag/adulte	200	text/html
20241203043546	https://ornipreparation.com/tag/adultes	200	text/html
20241203043113	https://ornipreparation.com/tag/adventiste	200	text/html
20250124133555	https://ornipreparation.com/tag/aerospatial	200	text/html
20231130021254	https://ornipreparation.com/tag/africain	200	text/html
20250119004806	https://ornipreparation.com/tag/africaine	200	text/html
20240911060403	https://ornipreparation.com/tag/african	200	text/html
20240911072220	https://ornipreparation.com/tag/africian	200	text/html
20250125200425	https://ornipreparation.com/tag/afrique	200	text/html
20250125182416	https://ornipreparation.com/tag/agence	200	text/html
20240911062746	https://ornipreparation.com/tag/agente	200	text/html
20240911070757	https://ornipreparation.com/tag/agree	200	text/html
20241214164722	https://ornipreparation.com/tag/agrement	200	text/html
20241203061104	https://ornipreparation.com/tag/agricole	200	text/html
20240911062641	https://ornipreparation.com/tag/agriculture	200	text/html
20240911054108	https://ornipreparation.com/tag/agro	200	text/html
20240911062530	https://ornipreparation.com/tag/aide	200	text/html
20231204230640	https://ornipreparation.com/tag/air	200	text/html
20240911074015	https://ornipreparation.com/tag/alimentation	200	text/html
20231130001429	https://ornipreparation.com/tag/alpha	200	text/html
20240911071003	https://ornipreparation.com/tag/amenagement-urbain	200	text/html
20240911060556	https://ornipreparation.com/tag/americaines	200	text/html
20240911063617	https://ornipreparation.com/tag/analyste	200	text/html
20231201105334	https://ornipreparation.com/tag/analyste-de-systemes	200	text/html
20250213221914	https://ornipreparation.com/tag/angleterre	200	text/html
20240911071813	https://ornipreparation.com/tag/animales	200	text/html
20240911063332	https://ornipreparation.com/tag/animateur	200	text/html
20231201093923	https://ornipreparation.com/tag/animation	200	text/html
20250119001643	https://ornipreparation.com/tag/animaux	200	text/html
20240911063158	https://ornipreparation.com/tag/appliques	200	text/html
20240911062149	https://ornipreparation.com/tag/arbitre	200	text/html
20231130013410	https://ornipreparation.com/tag/arc	200	text/html
20231204230231	https://ornipreparation.com/tag/archidiocese	200	text/html
20240911063248	https://ornipreparation.com/tag/archiviste	200	text/html
20240911073336	https://ornipreparation.com/tag/armandins	200	text/html
20240911055401	https://ornipreparation.com/tag/arme	200	text/html
20231201093600	https://ornipreparation.com/tag/armees	200	text/html
20231204231454	https://ornipreparation.com/tag/arpenteur	200	text/html
20231204235305	https://ornipreparation.com/tag/arpenteur-geometre	200	text/html
20231130011445	https://ornipreparation.com/tag/art	200	text/html
20240911070841	https://ornipreparation.com/tag/assistante	200	text/html
20231201110122	https://ornipreparation.com/tag/assistante-politique	200	text/html
20240911063040	https://ornipreparation.com/tag/associe	200	text/html
20240911054835	https://ornipreparation.com/tag/astronome	200	text/html
20231201100507	https://ornipreparation.com/tag/auditeur	200	text/html
20231130005855	https://ornipreparation.com/tag/aumonier	200	text/html
20240911074218	https://ornipreparation.com/tag/automatique	200	text/html
20240911075131	https://ornipreparation.com/tag/avancee	200	text/html
20231130012355	https://ornipreparation.com/tag/aviation	200	text/html
20231201105646	https://ornipreparation.com/tag/azimut	200	text/html
20240911055202	https://ornipreparation.com/tag/baboutcha	200	text/html
20240911055121	https://ornipreparation.com/tag/bafoussam	200	text/html
20231201105008	https://ornipreparation.com/tag/bambui	200	text/html
20231201095838	https://ornipreparation.com/tag/bamenda	200	text/html
20231130004728	https://ornipreparation.com/tag/biaka-university-institute-of-buea-buib	200	text/html
20231201100955	https://ornipreparation.com/tag/bibliothecaire	200	text/html
20231201110100	https://ornipreparation.com/tag/biologiques	200	text/html
20231130015318	https://ornipreparation.com/tag/biomedicales	200	text/html
20231204232311	https://ornipreparation.com/tag/bois	200	text/html
20231204231322	https://ornipreparation.com/tag/brevets	200	text/html
20231201094122	https://ornipreparation.com/tag/british-higher-institute-of-science-and-technology	200	text/html
20231130005655	https://ornipreparation.com/tag/business	200	text/html
20231204234505	https://ornipreparation.com/tag/career	200	text/html
20231204225404	https://ornipreparation.com/tag/catholic	200	text/html
20231130001916	https://ornipreparation.com/tag/catholic-school-of-health-sciences-shisong	200	text/html
20231204220649	https://ornipreparation.com/tag/catuc	200	text/html
20231130002246	https://ornipreparation.com/tag/centre	200	text/html
20231130011603	https://ornipreparation.com/tag/chargee-de-formation	200	text/html
20231201091724	https://ornipreparation.com/tag/chargee-de-recherche	200	text/html
20231204231216	https://ornipreparation.com/tag/charite	200	text/html
20231201110231	https://ornipreparation.com/tag/cheikh-anta-diop	200	text/html
20231130004809	https://ornipreparation.com/tag/chercheur	200	text/html
20231204235115	https://ornipreparation.com/tag/chimie	200	text/html
20231130011012	https://ornipreparation.com/tag/chirurgien	200	text/html
20231130104055	https://ornipreparation.com/tag/cinema	200	text/html
20231204233658	https://ornipreparation.com/tag/civile	200	text/html
20231201110046	https://ornipreparation.com/tag/clinique	200	text/html
20231204230308	https://ornipreparation.com/tag/collecte	200	text/html
20231204230959	https://ornipreparation.com/tag/commerciales	200	text/html
20231201102004	https://ornipreparation.com/tag/commissaires	200	text/html
20231204223648	https://ornipreparation.com/tag/communication	200	text/html
20231130111125	https://ornipreparation.com/tag/comptabilite	200	text/html
20231204230419	https://ornipreparation.com/tag/comptables	200	text/html
20231201094848	https://ornipreparation.com/tag/construction	200	text/html
20231201091031	https://ornipreparation.com/tag/consultant-education	200	text/html
20231204234112	https://ornipreparation.com/tag/coordinateur	200	text/html
20231201101109	https://ornipreparation.com/tag/data	200	text/html
20231130115520	https://ornipreparation.com/tag/designer-textile	200	text/html
20231201104117	https://ornipreparation.com/tag/developpement-durable	200	text/html
20231204225052	https://ornipreparation.com/tag/dinterpretariat-et-de-communication-istic	200	text/html
20231130002346	https://ornipreparation.com/tag/donnees	200	text/html
20231201105452	https://ornipreparation.com/tag/douane	200	text/html
20231204223845	https://ornipreparation.com/tag/du-management	200	text/html
20231204232336	https://ornipreparation.com/tag/durable	200	text/html
20231130020931	https://ornipreparation.com/tag/eaux	200	text/html
20231204223300	https://ornipreparation.com/tag/ecole-sup-prepa	200	text/html
20231130010727	https://ornipreparation.com/tag/ecoles-polytechnique	200	text/html
20231204225708	https://ornipreparation.com/tag/effica	200	text/html
20231204234850	https://ornipreparation.com/tag/egem	200	text/html
20231201102755	https://ornipreparation.com/tag/ehimbs	200	text/html
20231201110239	https://ornipreparation.com/tag/enam	200	text/html
20231130012317	https://ornipreparation.com/tag/energetique	200	text/html
20231130020156	https://ornipreparation.com/tag/enqueteur-de-scene-de-crime	200	text/html
20231204233223	https://ornipreparation.com/tag/enseignant	200	text/html
20231204223108	https://ornipreparation.com/tag/entrepreneurship	200	text/html
20231130120009	https://ornipreparation.com/tag/entretien	200	text/html
20231130105912	https://ornipreparation.com/tag/esg	200	text/html
20231204232743	https://ornipreparation.com/tag/essfar	200	text/html
20231204222002	https://ornipreparation.com/tag/estuaire	200	text/html
20231130113409	https://ornipreparation.com/tag/etats	200	text/html
20231130002833	https://ornipreparation.com/tag/ethique	200	text/html
20231201100919	https://ornipreparation.com/tag/etudes	200	text/html
20231201103330	https://ornipreparation.com/tag/etudier-au-danemark	200	text/html
20231201090855	https://ornipreparation.com/tag/etudier-au-portugal	200	text/html
20231130001318	https://ornipreparation.com/tag/etudier-aux-emirats-arabes	200	text/html
20231204222220	https://ornipreparation.com/tag/etudier-aux-emirats-arabes-unis-eau	200	text/html
20231201100844	https://ornipreparation.com/tag/etudier-en-allemagne	200	text/html
20231204222906	https://ornipreparation.com/tag/etudier-en-espagne	200	text/html
20231201110010	https://ornipreparation.com/tag/etudier-en-france	200	text/html
20231201104644	https://ornipreparation.com/tag/etudier-en-nouvelle-zelande	200	text/html
20231130005538	https://ornipreparation.com/tag/etudier-en-suisse	200	text/html
20231204235419	https://ornipreparation.com/tag/evaluateu	200	text/html
20231130013708	https://ornipreparation.com/tag/expositions	200	text/html
20231204233025	https://ornipreparation.com/tag/faculte	200	text/html
20231130002915	https://ornipreparation.com/tag/fhi	200	text/html
20231201102708	https://ornipreparation.com/tag/financiers	200	text/html
20231130014935	https://ornipreparation.com/tag/fomic-polytechnic	200	text/html
20231204235457	https://ornipreparation.com/tag/fonds	200	text/html
20231130002437	https://ornipreparation.com/tag/foret	200	text/html
20231204223532	https://ornipreparation.com/tag/forets	200	text/html
20231130003210	https://ornipreparation.com/tag/foyaguem	200	text/html
20231204223148	https://ornipreparation.com/tag/generaliste	200	text/html
20231201110201	https://ornipreparation.com/tag/geophysicien	200	text/html
20231204233304	https://ornipreparation.com/tag/gestion-devenements	200	text/html
20231204230040	https://ornipreparation.com/tag/golfe	200	text/html
20231201095800	https://ornipreparation.com/tag/grandes-ecoles-garoua	200	text/html
20231201095953	https://ornipreparation.com/tag/grandes-ecoles-ngaoundere	200	text/html
20231204221922	https://ornipreparation.com/tag/graphique	200	text/html
20231130013034	https://ornipreparation.com/tag/groupe-tankou-enseignement-superieur-gtes	200	text/html
20231201085945	https://ornipreparation.com/tag/gulf-field-higher-institute-of-petroleum	200	text/html
20231201104727	https://ornipreparation.com/tag/havard	200	text/html
20231201101034	https://ornipreparation.com/tag/heritage-higher-institute-of-peace-development-studies-hehipeds	200	text/html
20231201101755	https://ornipreparation.com/tag/hfi	200	text/html
20231130013743	https://ornipreparation.com/tag/higher-institute-for-business	200	text/html
20231130020614	https://ornipreparation.com/tag/higher-institute-for-business-and-management-sciences	200	text/html
20231130014037	https://ornipreparation.com/tag/higher-institute-of-business-and-management-studies-hibms	200	text/html
20231201093519	https://ornipreparation.com/tag/higher-institute-of-management-studies	200	text/html
20231130013110	https://ornipreparation.com/tag/higher-institute-of-professional-studies	200	text/html
20231130015015	https://ornipreparation.com/tag/hipdet	200	text/html
20231130112402	https://ornipreparation.com/tag/horticulture	200	text/html
20231201103008	https://ornipreparation.com/tag/hospitalier	200	text/html
20231204233740	https://ornipreparation.com/tag/hydrogeologue	200	text/html
20231201110030	https://ornipreparation.com/tag/iford	200	text/html
20231204222701	https://ornipreparation.com/tag/ime	200	text/html
20231130013852	https://ornipreparation.com/tag/impact	200	text/html
20231201104807	https://ornipreparation.com/tag/ims	200	text/html
20240911061205	https://ornipreparation.com/tag/industrielles	200	text/html
20231130011805	https://ornipreparation.com/tag/infirmiere	200	text/html
20231201100117	https://ornipreparation.com/tag/ingenieur-controle	200	text/html
20231130020116	https://ornipreparation.com/tag/ingenieur-structure	200	text/html
20231130002059	https://ornipreparation.com/tag/instap	200	text/html
20231201093438	https://ornipreparation.com/tag/institut	200	text/html
20231130021359	https://ornipreparation.com/tag/institut-des-etudes-superieures-de-science	200	text/html
20231130001640	https://ornipreparation.com/tag/institut-superieur-dagriculture-et-de-gestion	200	text/html
20231204234312	https://ornipreparation.com/tag/institut-superieur-de-bafang-isb	200	text/html
20231130002958	https://ornipreparation.com/tag/institut-superieur-de-banka-bafang-isb	200	text/html
20231201085840	https://ornipreparation.com/tag/institut-superieur-de-gestion-et-de-management-isgem	200	text/html
20231130004226	https://ornipreparation.com/tag/institut-superieur-de-gestion-et-dhotellerie-isgho	200	text/html
20231204222416	https://ornipreparation.com/tag/institut-superieur-de-lentreprise-et-du-management-isem	200	text/html
20231201105947	https://ornipreparation.com/tag/institut-superieur-de-petrochimie-et-dingenierie-mathematique-ispim	200	text/html
20231130012624	https://ornipreparation.com/tag/institut-superieur-de-psychopedagogie-appliquee-isppa-association-orchidee-home	200	text/html
20231130104655	https://ornipreparation.com/tag/institut-superieur-de-technologie-et-de-gestion	200	text/html
20231130011406	https://ornipreparation.com/tag/institut-superieur-de-technologie-le-bon-berger-istb	200	text/html
20231201105608	https://ornipreparation.com/tag/institut-superieur-de-transport	200	text/html
20231204231749	https://ornipreparation.com/tag/institut-superieur-denseignement-managerial-et-technologique-isemt	200	text/html
20231130113719	https://ornipreparation.com/tag/institut-superieur-des-metiers-notre-dame	200	text/html
20231204232603	https://ornipreparation.com/tag/institut-superieur-des-techniques-appliquees-et-de-management	200	text/html
20231204231250	https://ornipreparation.com/tag/institut-superieur-fondation-mamadou-bako	200	text/html
20231130003506	https://ornipreparation.com/tag/institut-superieur-maritime-et-de-gestion-isumag	200	text/html
20231130102037	https://ornipreparation.com/tag/institut-superieur-polytechnique	200	text/html
20231130115844	https://ornipreparation.com/tag/institut-superieur-polytechnique-les-armandins-ispa	200	text/html
20231201105803	https://ornipreparation.com/tag/institut-universitaire-agricole-de-management-des-metiers-de-la-production	200	text/html
20231130005737	https://ornipreparation.com/tag/institutions	200	text/html
20231130014111	https://ornipreparation.com/tag/international-university-of-bamenda	200	text/html
20231201104035	https://ornipreparation.com/tag/ipsssa	200	text/html
20231201094807	https://ornipreparation.com/tag/isb	200	text/html
20231130021331	https://ornipreparation.com/tag/iscm	200	text/html
20231204222947	https://ornipreparation.com/tag/isec	200	text/html
20231130014735	https://ornipreparation.com/tag/isem	200	text/html
20231130002748	https://ornipreparation.com/tag/isget	200	text/html
20231201091421	https://ornipreparation.com/tag/isif	200	text/html
20231130014222	https://ornipreparation.com/tag/ismat	200	text/html
20231130001824	https://ornipreparation.com/tag/isp	200	text/html
20231204232624	https://ornipreparation.com/tag/ispa	200	text/html
20231130095211	https://ornipreparation.com/tag/ispim	200	text/html
20231130021514	https://ornipreparation.com/tag/isrb	200	text/html
20231204230001	https://ornipreparation.com/tag/issea	200	text/html
20231201090317	https://ornipreparation.com/tag/isss	200	text/html
20231204220946	https://ornipreparation.com/tag/iuste	200	text/html
20231130110527	https://ornipreparation.com/tag/iut-cameroun	200	text/html
20231130003941	https://ornipreparation.com/tag/jeu	200	text/html
20231130005012	https://ornipreparation.com/tag/journalisme	200	text/html
20231130003730	https://ornipreparation.com/tag/kinesitherapeute	200	text/html
20231204222826	https://ornipreparation.com/tag/la-genetique	200	text/html
20231130020732	https://ornipreparation.com/tag/langue	200	text/html
20231130013524	https://ornipreparation.com/tag/laureate-higher-institute-of-business-and-administration-lahiba	200	text/html
20231130003641	https://ornipreparation.com/tag/lead	200	text/html
20231201104236	https://ornipreparation.com/tag/learning	200	text/html
20231204233101	https://ornipreparation.com/tag/les-nutritionnistes-animaliers-utilisent-leurs-connaissances-scientifiques-pour-donner-des-conseils-sur-leffet-de-lalimentation	200	text/html
20231204223337	https://ornipreparation.com/tag/maflekumen	200	text/html
20231201095607	https://ornipreparation.com/tag/magistrature	200	text/html
20231130011524	https://ornipreparation.com/tag/medecin	200	text/html
20231130014439	https://ornipreparation.com/tag/mentor	200	text/html
20231204230712	https://ornipreparation.com/tag/metallurgiste	200	text/html
20231130102326	https://ornipreparation.com/tag/metiers	200	text/html
20231204232159	https://ornipreparation.com/tag/metreur	200	text/html
20231201091118	https://ornipreparation.com/tag/michael	200	text/html
20231130003254	https://ornipreparation.com/tag/microbiologie	200	text/html
20231201100349	https://ornipreparation.com/tag/microbiologiste	200	text/html
20231130015829	https://ornipreparation.com/tag/midwifery	200	text/html
20231204225441	https://ornipreparation.com/tag/mines	200	text/html
20231130010222	https://ornipreparation.com/tag/mingole	200	text/html
20231204233502	https://ornipreparation.com/tag/miniere	200	text/html
20231204225324	https://ornipreparation.com/tag/mining	200	text/html
20231204231353	https://ornipreparation.com/tag/mission	200	text/html
20231201102842	https://ornipreparation.com/tag/mode	200	text/html
20231204221551	https://ornipreparation.com/tag/modeliste	200	text/html
20231130094833	https://ornipreparation.com/tag/montagnes	200	text/html
20231130012240	https://ornipreparation.com/tag/monteur	200	text/html
20231130015951	https://ornipreparation.com/tag/mony	200	text/html
20231204224151	https://ornipreparation.com/tag/multimedia	200	text/html
20231130004438	https://ornipreparation.com/tag/musee	200	text/html
20231201102925	https://ornipreparation.com/tag/musicien	200	text/html
20231204232700	https://ornipreparation.com/tag/musique	200	text/html
20231201092456	https://ornipreparation.com/tag/nahibuth	200	text/html
20231130095658	https://ornipreparation.com/tag/nanfah	200	text/html
20231201105133	https://ornipreparation.com/tag/national	200	text/html
20231130015618	https://ornipreparation.com/tag/nationale	200	text/html
20231130010809	https://ornipreparation.com/tag/nature	200	text/html
20231204224306	https://ornipreparation.com/tag/naturopathe	200	text/html
20231130005933	https://ornipreparation.com/tag/neurologue	200	text/html
20231130104740	https://ornipreparation.com/tag/neuroscientifique	200	text/html
20231130104010	https://ornipreparation.com/tag/nintcheu	200	text/html
20231201102626	https://ornipreparation.com/tag/nkwi	200	text/html
20231130100158	https://ornipreparation.com/tag/nord-cameroun	200	text/html
20231201100035	https://ornipreparation.com/tag/nord-ouest-cameroun	200	text/html
20231201102037	https://ornipreparation.com/tag/normes	200	text/html
20231130113500	https://ornipreparation.com/tag/nucleaire	200	text/html
20231130021012	https://ornipreparation.com/tag/numerique	200	text/html
20231201101859	https://ornipreparation.com/tag/nursing	200	text/html
20231204222326	https://ornipreparation.com/tag/nutritionniste	200	text/html
20231130005458	https://ornipreparation.com/tag/nyong	200	text/html
20231130005615	https://ornipreparation.com/tag/obala	200	text/html
20231204223611	https://ornipreparation.com/tag/officie	200	text/html
20231204233541	https://ornipreparation.com/tag/officier-de-police	200	text/html
20231130021052	https://ornipreparation.com/tag/officiers	200	text/html
20231130114701	https://ornipreparation.com/tag/operationnel	200	text/html
20231130113115	https://ornipreparation.com/tag/orientation	200	text/html
20231201104356	https://ornipreparation.com/tag/ouest-cameroun	200	text/html
20231130021132	https://ornipreparation.com/tag/pan-african-institute-for-development-paid	200	text/html
20231130112438	https://ornipreparation.com/tag/panafrican	200	text/html
20231130003554	https://ornipreparation.com/tag/parajuriste	200	text/html
20231130004648	https://ornipreparation.com/tag/paramedical	200	text/html
20231201101144	https://ornipreparation.com/tag/parc	200	text/html
20231130021524	https://ornipreparation.com/tag/particulier	200	text/html
20231201094202	https://ornipreparation.com/tag/particuliers	200	text/html
20231130020320	https://ornipreparation.com/tag/pathologie	200	text/html
20231201103052	https://ornipreparation.com/tag/patrimoine	200	text/html
20231130020446	https://ornipreparation.com/tag/paul	200	text/html
20231130010647	https://ornipreparation.com/tag/paul-nkwi-higher-institute-of-management	200	text/html
20231130002526	https://ornipreparation.com/tag/paulss	200	text/html
20231130013558	https://ornipreparation.com/tag/paulss-computer-higher-institute-of-technology-pc-hitech	200	text/html
20231204231847	https://ornipreparation.com/tag/pays	200	text/html
20231130103157	https://ornipreparation.com/tag/paysagiste	200	text/html
20231201104932	https://ornipreparation.com/tag/pc-hitech	200	text/html
20231130005218	https://ornipreparation.com/tag/pedagogique	200	text/html
20231130021445	https://ornipreparation.com/tag/pedologue	200	text/html
20231130015407	https://ornipreparation.com/tag/penetration	200	text/html
20231201103409	https://ornipreparation.com/tag/penitentiaire	200	text/html
20231204232133	https://ornipreparation.com/tag/perle	200	text/html
20231204221716	https://ornipreparation.com/tag/personnel	200	text/html
20231204234620	https://ornipreparation.com/tag/personnel-de-cabine	200	text/html
20231201090039	https://ornipreparation.com/tag/petite	200	text/html
20231130014654	https://ornipreparation.com/tag/petrolieres	200	text/html
20231201085352	https://ornipreparation.com/tag/pharmaceutiques	200	text/html
20231130110200	https://ornipreparation.com/tag/pharmacologue	200	text/html
20231204231554	https://ornipreparation.com/tag/photographe	200	text/html
20231201110138	https://ornipreparation.com/tag/photographie	200	text/html
20231201110112	https://ornipreparation.com/tag/piscicole	200	text/html
20231130012700	https://ornipreparation.com/tag/pist	200	text/html
20231201101400	https://ornipreparation.com/tag/planification	200	text/html
20231130010932	https://ornipreparation.com/tag/plein	200	text/html
20231204220150	https://ornipreparation.com/tag/politique	200	text/html
20231201091903	https://ornipreparation.com/tag/politiques	200	text/html
20231204232719	https://ornipreparation.com/tag/polytechnic	200	text/html
20231204224821	https://ornipreparation.com/tag/polytechniques	200	text/html
20231201092110	https://ornipreparation.com/tag/postes	200	text/html
20231130012201	https://ornipreparation.com/tag/ppc	200	text/html
20231201094556	https://ornipreparation.com/tag/praticien	200	text/html
20231204233141	https://ornipreparation.com/tag/praticienne	200	text/html
20231130011644	https://ornipreparation.com/tag/prepavogt	200	text/html
20231201101434	https://ornipreparation.com/tag/presse	200	text/html
20231201092833	https://ornipreparation.com/tag/primaire	200	text/html
20231204224343	https://ornipreparation.com/tag/prison	200	text/html
20231130113159	https://ornipreparation.com/tag/prive	200	text/html
20231130104139	https://ornipreparation.com/tag/privees	200	text/html
20231130113953	https://ornipreparation.com/tag/procede	200	text/html
20231204224419	https://ornipreparation.com/tag/producteur	200	text/html
20231130004931	https://ornipreparation.com/tag/production	200	text/html
20231204231423	https://ornipreparation.com/tag/production-du-film	200	text/html
20231201090620	https://ornipreparation.com/tag/produit	200	text/html
20231201095451	https://ornipreparation.com/tag/produits	200	text/html
20231204224038	https://ornipreparation.com/tag/professeur	200	text/html
20231201091204	https://ornipreparation.com/tag/professeurs	200	text/html
20231204222539	https://ornipreparation.com/tag/promotion	200	text/html
20231130005258	https://ornipreparation.com/tag/protestant	200	text/html
20231204223027	https://ornipreparation.com/tag/prothesiste	200	text/html
20231204222621	https://ornipreparation.com/tag/psychologie	200	text/html
20231130120743	https://ornipreparation.com/tag/psychotherapeute	200	text/html
20231130010606	https://ornipreparation.com/tag/public	200	text/html
20231204225818	https://ornipreparation.com/tag/publicitaire	200	text/html
20231201092705	https://ornipreparation.com/tag/publics	200	text/html
20231130014350	https://ornipreparation.com/tag/publique	200	text/html
20231130111554	https://ornipreparation.com/tag/puits	200	text/html
20231201095330	https://ornipreparation.com/tag/pyramid	200	text/html
20231130013817	https://ornipreparation.com/tag/pyramid-higher-institute-of-professional-studies	200	text/html
20231130020035	https://ornipreparation.com/tag/qualite	200	text/html
20231204225631	https://ornipreparation.com/tag/radiologue	200	text/html
20231130002701	https://ornipreparation.com/tag/radioprotection	200	text/html
20231204223726	https://ornipreparation.com/tag/radiotelevision	200	text/html
20231201103700	https://ornipreparation.com/tag/rapha	200	text/html
20231130020654	https://ornipreparation.com/tag/raphihk	200	text/html
20231130010442	https://ornipreparation.com/tag/recherche	200	text/html
20231204214931	https://ornipreparation.com/tag/recrutement	200	text/html
20231201103911	https://ornipreparation.com/tag/recyclage	200	text/html
20231130012002	https://ornipreparation.com/tag/redemption	200	text/html
20231130012042	https://ornipreparation.com/tag/regional	200	text/html
20231130003420	https://ornipreparation.com/tag/reglementaires	200	text/html
20231204222128	https://ornipreparation.com/tag/remise	200	text/html
20231201090226	https://ornipreparation.com/tag/renouvelables	200	text/html
20231204232359	https://ornipreparation.com/tag/renseignement	200	text/html
20231204231524	https://ornipreparation.com/tag/representant	200	text/html
20231204230924	https://ornipreparation.com/tag/residentiel	200	text/html
20231201100810	https://ornipreparation.com/tag/responsable-des-achats	200	text/html
20231204221757	https://ornipreparation.com/tag/responsable-support	200	text/html
20231201104602	https://ornipreparation.com/tag/ressource	200	text/html
20231201102237	https://ornipreparation.com/tag/restaurant	200	text/html
20231204230344	https://ornipreparation.com/tag/restauration	200	text/html
20231130003818	https://ornipreparation.com/tag/reunis	200	text/html
20231130112848	https://ornipreparation.com/tag/rosiere	200	text/html
20231130021211	https://ornipreparation.com/tag/rotas	200	text/html
20231130114618	https://ornipreparation.com/tag/rurale	200	text/html
20231130001053	https://ornipreparation.com/tag/sabena-flight-academy-africa	200	text/html
20231201101723	https://ornipreparation.com/tag/saint	200	text/html
20231201104316	https://ornipreparation.com/tag/saint-michael-higher-institute-of-professional-studies-ships	200	text/html
20231130105501	https://ornipreparation.com/tag/sainte	200	text/html
20231130015228	https://ornipreparation.com/tag/salle	200	text/html
20231130103923	https://ornipreparation.com/tag/samba	200	text/html
20231130095543	https://ornipreparation.com/tag/sanaga	200	text/html
20231204231819	https://ornipreparation.com/tag/sanda	200	text/html
20231204220343	https://ornipreparation.com/tag/sangmelima	200	text/html
20231201101508	https://ornipreparation.com/tag/sanitaire	200	text/html
20231201104520	https://ornipreparation.com/tag/sanitaires	200	text/html
20231130004145	https://ornipreparation.com/tag/sante	200	text/html
20231130102502	https://ornipreparation.com/tag/school	200	text/html
20231130105830	https://ornipreparation.com/tag/science	200	text/html
20231130004606	https://ornipreparation.com/tag/science-culinaire	200	text/html
20231204233620	https://ornipreparation.com/tag/sciences	200	text/html
20231204232041	https://ornipreparation.com/tag/scientifique	200	text/html
20231130012848	https://ornipreparation.com/tag/scientist	200	text/html
20231130002615	https://ornipreparation.com/tag/scolaire	200	text/html
20231201085718	https://ornipreparation.com/tag/selectionneur	200	text/html
20231201092152	https://ornipreparation.com/tag/senco	200	text/html
20231204234545	https://ornipreparation.com/tag/service	200	text/html
20231201092410	https://ornipreparation.com/tag/services	200	text/html
20231130020811	https://ornipreparation.com/tag/shibat	200	text/html
20231201090716	https://ornipreparation.com/tag/ships	200	text/html
20231204233935	https://ornipreparation.com/tag/shisong	200	text/html
20231201090943	https://ornipreparation.com/tag/simon	200	text/html
20231130000927	https://ornipreparation.com/tag/sinistres	200	text/html
20231130013334	https://ornipreparation.com/tag/sisma	200	text/html
20231130015537	https://ornipreparation.com/tag/sites	200	text/html
20231201110130	https://ornipreparation.com/tag/slhiet	200	text/html
20231201091507	https://ornipreparation.com/tag/slhims	200	text/html
20231204230745	https://ornipreparation.com/tag/smu	200	text/html
20231130115437	https://ornipreparation.com/tag/smu-higher-institute	200	text/html
20231204230117	https://ornipreparation.com/tag/sociales	200	text/html
20231201100311	https://ornipreparation.com/tag/societe	200	text/html
20231130005055	https://ornipreparation.com/tag/sociologie	200	text/html
20231201105918	https://ornipreparation.com/tag/soins	200	text/html
20231130003901	https://ornipreparation.com/tag/son	200	text/html
20231130020402	https://ornipreparation.com/tag/sous	200	text/html
20231204230603	https://ornipreparation.com/tag/specialiste	200	text/html
20231201095915	https://ornipreparation.com/tag/specialiste-ppc	200	text/html
20231204233832	https://ornipreparation.com/tag/specialiste-seo	200	text/html
20231201100543	https://ornipreparation.com/tag/speciaux	200	text/html
20231204225555	https://ornipreparation.com/tag/sport	200	text/html
20231130010526	https://ornipreparation.com/tag/sportif	200	text/html
20231130003125	https://ornipreparation.com/tag/st	200	text/html
20231204215346	https://ornipreparation.com/tag/st-louis	200	text/html
20231204232224	https://ornipreparation.com/tag/st-louis-higher-institute-of-medical-studies-douala-slhims	200	text/html
20231201103253	https://ornipreparation.com/tag/stages	200	text/html
20231201091810	https://ornipreparation.com/tag/statisticien	200	text/html
20231201101931	https://ornipreparation.com/tag/statistique	200	text/html
20231204220514	https://ornipreparation.com/tag/statistiques	200	text/html
20231201091335	https://ornipreparation.com/tag/strategique	200	text/html
20231201100157	https://ornipreparation.com/tag/strategy	200	text/html
20231201092539	https://ornipreparation.com/tag/studies	200	text/html
20231130020239	https://ornipreparation.com/tag/styliste-modeliste	200	text/html
20231130100445	https://ornipreparation.com/tag/successions	200	text/html
20231201085221	https://ornipreparation.com/tag/sud-cameroun	200	text/html
20231204234153	https://ornipreparation.com/tag/sud-ouest-cameroun	200	text/html
20231201095054	https://ornipreparation.com/tag/sup	200	text/html
20231130011922	https://ornipreparation.com/tag/sup-de-co	200	text/html
20231204221041	https://ornipreparation.com/tag/sup-prepa	200	text/html
20231201092951	https://ornipreparation.com/tag/superieur	200	text/html
20231130095927	https://ornipreparation.com/tag/superieure	200	text/html
20231204221507	https://ornipreparation.com/tag/support	200	text/html
20231130015140	https://ornipreparation.com/tag/sustainable	200	text/html
20231204225517	https://ornipreparation.com/tag/swisslink	200	text/html
20231204232107	https://ornipreparation.com/tag/syndicale	200	text/html
20231201090808	https://ornipreparation.com/tag/talents	200	text/html
20231204234658	https://ornipreparation.com/tag/taniform-higher-institute-of-learning-thil	200	text/html
20231201092912	https://ornipreparation.com/tag/tankou	200	text/html
20231204220253	https://ornipreparation.com/tag/technicien	200	text/html
20231130004354	https://ornipreparation.com/tag/technico-commercial	200	text/html
20231201100656	https://ornipreparation.com/tag/techniligy	200	text/html
20231201090134	https://ornipreparation.com/tag/technique	200	text/html
20231201092623	https://ornipreparation.com/tag/techniques	200	text/html
20231130014001	https://ornipreparation.com/tag/technologie	200	text/html
20231204221426	https://ornipreparation.com/tag/technologies	200	text/html
20231130010851	https://ornipreparation.com/tag/technologiques-et-manageriales-isestma	200	text/html
20231201110224	https://ornipreparation.com/tag/television	200	text/html
20231130010137	https://ornipreparation.com/tag/terre	200	text/html
20231204215816	https://ornipreparation.com/tag/tertiaires	200	text/html
20231204215527	https://ornipreparation.com/tag/testeur-de-logiciel	200	text/html
20231201093155	https://ornipreparation.com/tag/textile	200	text/html
20231204234429	https://ornipreparation.com/tag/theatre	200	text/html
20231201101253	https://ornipreparation.com/tag/theme	200	text/html
20231204235342	https://ornipreparation.com/tag/theologie	200	text/html
20231204225205	https://ornipreparation.com/tag/therapeute	200	text/html
20231130002152	https://ornipreparation.com/tag/therapy	200	text/html
20231204220600	https://ornipreparation.com/tag/thermique	200	text/html
20231204232248	https://ornipreparation.com/tag/thil	200	text/html
20231201100733	https://ornipreparation.com/tag/tourism	200	text/html
20231204221344	https://ornipreparation.com/tag/tourisme	200	text/html
20231130002008	https://ornipreparation.com/tag/touristique	200	text/html
20231204223923	https://ornipreparation.com/tag/tournee	200	text/html
20231130011249	https://ornipreparation.com/tag/toxicologue	200	text/html
20231130112753	https://ornipreparation.com/tag/traducteur	200	text/html
20231130014813	https://ornipreparation.com/tag/training	200	text/html
20231201103952	https://ornipreparation.com/tag/transport	200	text/html
20231201105530	https://ornipreparation.com/tag/transporteur	200	text/html
20231204235535	https://ornipreparation.com/tag/transports	200	text/html
20231130015911	https://ornipreparation.com/tag/travail	200	text/html
20231130020852	https://ornipreparation.com/tag/travailler	200	text/html
20231201104848	https://ornipreparation.com/tag/travailler-a-singapour	200	text/html
20231201095411	https://ornipreparation.com/tag/travailler-au-danemark	200	text/html
20231130004310	https://ornipreparation.com/tag/travailler-aux-etats-unis	200	text/html
20231204225744	https://ornipreparation.com/tag/travailler-aux-usa	200	text/html
20231201090406	https://ornipreparation.com/tag/travailler-en-afrique-du-sud	200	text/html
20231201103829	https://ornipreparation.com/tag/travailler-en-allemagne	200	text/html
20231204230453	https://ornipreparation.com/tag/travailler-en-australie	200	text/html
20231201101617	https://ornipreparation.com/tag/travailler-en-espagne	200	text/html
20231201095013	https://ornipreparation.com/tag/travailler-en-finlande	200	text/html
20231201092235	https://ornipreparation.com/tag/travailler-en-france	200	text/html
20231201100622	https://ornipreparation.com/tag/travailler-en-islande	200	text/html
20231201085044	https://ornipreparation.com/tag/travailler-en-pologne	200	text/html
20231204225926	https://ornipreparation.com/tag/travailler-en-suede	200	text/html
20231130015453	https://ornipreparation.com/tag/travailler-en-suisse	200	text/html
20231204234232	https://ornipreparation.com/tag/travailler-en-turquie	200	text/html
20231201110146	https://ornipreparation.com/tag/travailleur	200	text/html
20231130012512	https://ornipreparation.com/tag/travailleuse	200	text/html
20231130015702	https://ornipreparation.com/tag/travaux	200	text/html
20231201085608	https://ornipreparation.com/tag/troubles	200	text/html
20231130120540	https://ornipreparation.com/tag/trustech	200	text/html
20231204231622	https://ornipreparation.com/tag/ucac-icam	200	text/html
20231204222046	https://ornipreparation.com/tag/udm	200	text/html
20231204225244	https://ornipreparation.com/tag/unie	200	text/html
20231130004850	https://ornipreparation.com/tag/universitaire	200	text/html
20231130014259	https://ornipreparation.com/tag/universite	200	text/html
20231130103753	https://ornipreparation.com/tag/universite-buea	200	text/html
20231130005815	https://ornipreparation.com/tag/urbain	200	text/html
20231130120136	https://ornipreparation.com/tag/urbanisme	200	text/html
20231130005419	https://ornipreparation.com/tag/urbaniste	200	text/html
20231201110154	https://ornipreparation.com/tag/uvre	200	text/html
20231130100255	https://ornipreparation.com/tag/ux	200	text/html
20231204233343	https://ornipreparation.com/tag/vaal	200	text/html
20231130013258	https://ornipreparation.com/tag/vente	200	text/html
20231201103602	https://ornipreparation.com/tag/ventes	200	text/html
20231204235004	https://ornipreparation.com/tag/vetements	200	text/html
20231204224534	https://ornipreparation.com/tag/veterinaire	200	text/html
20231130012122	https://ornipreparation.com/tag/vfx	200	text/html
20231204230815	https://ornipreparation.com/tag/video	200	text/html
20231204232012	https://ornipreparation.com/tag/videos	200	text/html
20231204231721	https://ornipreparation.com/tag/vie	200	text/html
20231130110810	https://ornipreparation.com/tag/visuel	200	text/html
20231130013447	https://ornipreparation.com/tag/vit	200	text/html
20231204224613	https://ornipreparation.com/tag/walya	200	text/html
20231130004102	https://ornipreparation.com/tag/walyasup	200	text/html
20231201110208	https://ornipreparation.com/tag/web	200	text/html
20231204220834	https://ornipreparation.com/tag/webdesigner	200	text/html
20231201084731	https://ornipreparation.com/tag/yaounde	200	text/html
20231201100234	https://ornipreparation.com/tag/yinda	200	text/html
20231130012812	https://ornipreparation.com/tag/ysem	200	text/html
20231130001731	https://ornipreparation.com/tag/zoo	200	text/html
20230604070303	https://ornipreparation.com/taniform-higher-institute-of-learning-thil	200	text/html
20230604081915	https://ornipreparation.com/tant-parajuriste-effectuerez-certaines-taches-services-juridiques-comme-effectuer-recherches-juridiques-preparer-documents-juridiques-donner-conseils-juridiques	200	text/html
20231004002501	https://ornipreparation.com/technicien-animalier-ou-veterinaire	200	text/html
20230923165757	https://ornipreparation.com/technicien-cao	200	text/html
20240303153020	https://ornipreparation.com/technicien-de-laboratoire-enseignant	200	text/html
20231004003016	https://ornipreparation.com/technicien-de-laboratoire-scientifique	200	text/html
20231003225659	https://ornipreparation.com/technicien-dentaire	200	text/html
20240618095751	https://ornipreparation.com/technicien-du-son-diffusion-film-video	200	text/html
20230923181134	https://ornipreparation.com/technicien-effets-speciaux	200	text/html
20230604081519	https://ornipreparation.com/techniciens-son-utilisent-connaissances-expertise-techniques-produire-manipuler-son-performances-enregistrements	200	text/html
20240303155754	https://ornipreparation.com/technologue-en-alimentation	200	text/html
20230923172328	https://ornipreparation.com/technologue-en-architecture	200	text/html
20230923185531	https://ornipreparation.com/technologue-en-pathologie-anatomique	200	text/html
20230604065830	https://ornipreparation.com/technologues-couleurs-charges-superviser-application-couleurs-gamme-produits-sein-industrie-manufacturiere	200	text/html
20231003235508	https://ornipreparation.com/technologues-vetements-textiles-role-pratique-selection-test-tissu-materiau-ideal-produit	200	text/html
20231201102430	https://ornipreparation.com/telechargements	200	text/html
20231003234323	https://ornipreparation.com/telechargements/epreuves-zero	200	text/html
20231204235227	https://ornipreparation.com/telechargements/epreuves-zero/epreuves-zero-du-baccalaureat	200	text/html
20231130012548	https://ornipreparation.com/telechargements/epreuves-zero/epreuves-zero-du-bepc	200	text/html
20231204223415	https://ornipreparation.com/telechargements/epreuves-zero/epreuves-zero-du-cap	200	text/html
20231204234736	https://ornipreparation.com/telechargements/epreuves-zero/epreuves-zero-du-probatoire	200	text/html
20231004001818	https://ornipreparation.com/telechargements/sujets-de-bts	200	text/html
20231004001043	https://ornipreparation.com/telechargements/sujets-de-concours	200	text/html
20231201103134	https://ornipreparation.com/telechargements/sujets-de-concours/sujets-des-concours-de-police	200	text/html
20231130100647	https://ornipreparation.com/telechargements/sujets-de-concours/sujets-des-concours-de-police/sujets-des-concours-de-police-gardiens-de-la-paix	200	text/html
20231130100551	https://ornipreparation.com/telechargements/sujets-de-concours/sujets-des-concours-de-police/sujets-des-concours-de-police-inspecteurs-de-police	200	text/html
20231204224736	https://ornipreparation.com/telechargements/sujets-de-concours/sujets-des-concours-de-police/sujets-des-concours-de-police-niveau-commissaires-de-police	200	text/html
20231130015058	https://ornipreparation.com/telechargements/sujets-de-concours/sujets-des-concours-de-police/sujets-des-concours-de-police-officiers-de-police	200	text/html
20231204231108	https://ornipreparation.com/telechargements/sujets-de-concours/sujets-des-concours-des-ecloes-de-defense	200	text/html
20231130000439	https://ornipreparation.com/telechargements/sujets-de-concours/sujets-des-concours-des-ecoles-commerce	200	text/html
20231204223452	https://ornipreparation.com/telechargements/sujets-de-concours/sujets-des-concours-des-ecoles-dadministration	200	text/html
20250918081941	https://ornipreparation.com/telechargements/sujets-de-concours/sujets-des-concours-des-ecoles-dadministration/2	200	text/html
20250915200659	https://ornipreparation.com/telechargements/sujets-de-concours/sujets-des-concours-des-ecoles-dadministration/201	200	text/html
20250918121403	https://ornipreparation.com/telechargements/sujets-de-concours/sujets-des-concours-des-ecoles-dadministration/3	200	text/html
20231201093114	https://ornipreparation.com/telechargements/sujets-de-concours/sujets-des-concours-des-ecoles-dart	200	text/html
20231201095646	https://ornipreparation.com/telechargements/sujets-de-concours/sujets-des-concours-des-ecoles-de-medecine	200	text/html
20231130010357	https://ornipreparation.com/telechargements/sujets-de-concours/sujets-des-concours-des-ecoles-denseignement	200	text/html
20231204220029	https://ornipreparation.com/telechargements/sujets-de-concours/sujets-des-concours-des-ecoles-denseignement/sujets-du-concours-dentree-a-lens-de-bamenda	200	text/html
20231201102539	https://ornipreparation.com/telechargements/sujets-de-concours/sujets-des-concours-des-ecoles-denseignement/sujets-du-concours-dentree-a-lens-de-bertoua	200	text/html
20231201105413	https://ornipreparation.com/telechargements/sujets-de-concours/sujets-des-concours-des-ecoles-denseignement/sujets-du-concours-dentree-a-lens-de-maroua	200	text/html
20231204215919	https://ornipreparation.com/telechargements/sujets-de-concours/sujets-des-concours-des-ecoles-denseignement/sujets-du-concours-dentree-a-lens-de-yaounde	200	text/html
20250125193355	https://ornipreparation.com/telechargements/sujets-de-concours/sujets-des-concours-des-ecoles-denseignement/sujets-du-concours-dentree-a-lenset-de-bamenda	200	text/html
20231204232421	https://ornipreparation.com/telechargements/sujets-de-concours/sujets-des-concours-des-ecoles-denseignement/sujets-du-concours-dentree-a-lenset-de-douala	200	text/html
20240815175320	https://ornipreparation.com/telechargements/sujets-de-concours/sujets-des-concours-des-ecoles-denseignement/sujets-du-concours-dentree-a-lenset-de-kumba	200	text/html
20231201105051	https://ornipreparation.com/telechargements/sujets-de-concours/sujets-des-concours-des-ecoles-denseignement/sujets-du-concours-dentree-a-lenset-debolowa	200	text/html
20231204221840	https://ornipreparation.com/telechargements/sujets-de-concours/sujets-des-concours-des-ecoles-dingenierie	200	text/html
20231204225129	https://ornipreparation.com/telechargements/sujets-de-concours/sujets-des-concours-des-ecoles-internationales	200	text/html
20231003235426	https://ornipreparation.com/telechargements/sujets-des-sequences	200	text/html
20240714114906	https://ornipreparation.com/telechargements/sujets-des-sequences/sujets-devaluations-sequentielles-de-4eme-annee	200	text/html
20231130012959	https://ornipreparation.com/telechargements/sujets-des-sequences/sujets-devaluations-sequentielles-de-premieres	200	text/html
20231130003043	https://ornipreparation.com/telechargements/sujets-des-sequences/sujets-devaluations-sequentielles-de-terminales	200	text/html
20240714115037	https://ornipreparation.com/telechargements/sujets-des-sequences/sujets-devaluations-sequentielles-de-troisieme	200	text/html
20231004001120	https://ornipreparation.com/telechargements/sujets-dexamens	200	text/html
20240815173611	https://ornipreparation.com/telechargements/sujets-dexamens/sujets-dexamen-du-baccalaureat	200	text/html
20231204232815	https://ornipreparation.com/telechargements/sujets-dexamens/sujets-dexamen-du-bepc	200	text/html
20231130113908	https://ornipreparation.com/telechargements/sujets-dexamens/sujets-dexamen-du-cap	200	text/html
20231130000746	https://ornipreparation.com/telechargements/sujets-dexamens/sujets-dexamen-du-probatoire	200	text/html
20230521151028	https://ornipreparation.com/termes-et-conditions	200	text/html
20240303165407	https://ornipreparation.com/testeur-de-logiciel	200	text/html
20231130021500	https://ornipreparation.com/testeur-de-penetration	200	text/html
20230530050019	https://ornipreparation.com/testeurs-logiciels-analysent-logiciels-systemes-eviter-risques-prevenir-problemes	200	text/html
20230603142149	https://ornipreparation.com/testeurs-logiciels-analysent-logiciels-systemes-risques-prevenir-problemes	200	text/html
20230604063600	https://ornipreparation.com/the-vaal-institut-of-technology-vit	200	text/html
20240303154822	https://ornipreparation.com/therapeute-de-haute-intensite	200	text/html
20231004004234	https://ornipreparation.com/therapeute-dentaire	200	text/html
20231201103214	https://ornipreparation.com/therapeute-du-sport	200	text/html
20240303163422	https://ornipreparation.com/therapeute-par-le-jeu	200	text/html
20230926043949	https://ornipreparation.com/therapeute-sport-pouvez-gamme-blessures-sportives-fournir-traitement-reeducation-soutien-donner-conseils-prevention	200	text/html
20230603081055	https://ornipreparation.com/therapeute-sport-pouvez-voir-une-gamme-blessures-sportives-fournir-traitement-reeducation-soutien-donner-conseils-prevention	200	text/html
20230927083732	https://ornipreparation.com/tirez-le-meilleur-parti-de-votre-cursus-et-de-vos-opportunites-dexperience-professionnelle-pour-constituer-votre-portfolio-et-vous-faire-connaitre-dans-le-monde-de-la-mode	200	text/html
20230603144648	https://ornipreparation.com/tous-les-cours	200	text/html
20231004004150	https://ornipreparation.com/toxicologue	200	text/html
20240618083217	https://ornipreparation.com/trader-financier	200	text/html
20241203042407	https://ornipreparation.com/traducteur	200	text/html
20230923174848	https://ornipreparation.com/transporteur-agree	200	text/html
20230603134617	https://ornipreparation.com/travaillant-en-etroite-collaboration-avec-les-acheteurs-les-marchandiseurs-au-detail-predisent-les-tendances-des-ventes-a-venir-pour-assurer-une-rentabilite-maximale	200	text/html
20230604063907	https://ornipreparation.com/travailler-a-chypre	200	text/html
20231130013222	https://ornipreparation.com/travailler-a-letranger	200	text/html
20230604082607	https://ornipreparation.com/travailler-a-singapour	200	text/html
20230603080641	https://ornipreparation.com/travailler-au-bresil	200	text/html
20231003230209	https://ornipreparation.com/travailler-au-canada	200	text/html
20230603070546	https://ornipreparation.com/travailler-au-danemark	200	text/html
20230603150244	https://ornipreparation.com/travailler-au-japon	200	text/html
20230927090723	https://ornipreparation.com/travailler-au-portugal	200	text/html
20230927075353	https://ornipreparation.com/travailler-au-royaume-uni	200	text/html
20230604075636	https://ornipreparation.com/travailler-aux-emirats-arabes-unis-eau	200	text/html
20230603090324	https://ornipreparation.com/travailler-aux-pays-bas	200	text/html
20230603084923	https://ornipreparation.com/travailler-aux-usa	200	text/html
20240418142413	https://ornipreparation.com/travailler-avec-nous	200	text/html
20230604075349	https://ornipreparation.com/travailler-comme-infirmiere-adulte-vous-offre-la-chance-de-faire-une-reelle-difference-dans-la-vie-des-autres	200	text/html
20230604082023	https://ornipreparation.com/travailler-comme-infirmiere-adulte-vous-offre-la-chance-de-faire-une-reelle-difference-dans-la-vie-des-autres-2	200	text/html
20211130143852	http://ornipreparation.com/travailler-comme-infirmiere-adulte-vous-offre-la-chance-de-faire-une-reelle-difference-dans-la-vie-des-autres-3	200	text/html
20211130143857	http://ornipreparation.com/travailler-comme-infirmiere-adulte-vous-offre-la-chance-de-faire-une-reelle-difference-dans-la-vie-des-autres-3/feed	200	application/rss+xml
20230603073512	https://ornipreparation.com/travailler-comme-statisticien-signifie-traiter-des-donnees-et-aider-a-trouver-des-solutions-pratiques-aux-problemes-si-vous-etes-feru-de-chiffres-doue-en-informatique-et-aimez-compiler-des-informati	200	text/html
20230530052954	https://ornipreparation.com/travailler-comme-statisticien-signifie-traiter-donnees-trouver-solutions-pratiques-problemes-feru-chiffres-doue-informatique-aimez-compiler-informations-poste-pourrait	200	text/html
20230927093847	https://ornipreparation.com/travailler-en-afrique-du-sud	200	text/html
20230927083016	https://ornipreparation.com/travailler-en-allemagne	200	text/html
20230603155334	https://ornipreparation.com/travailler-en-australie	200	text/html
20240424052748	https://ornipreparation.com/travailler-en-autriche	200	text/html
20230603072410	https://ornipreparation.com/travailler-en-belgique	200	text/html
20230604063225	https://ornipreparation.com/travailler-en-chine	200	text/html
20230927081641	https://ornipreparation.com/travailler-en-espagne	200	text/html
20230603074527	https://ornipreparation.com/travailler-en-finlande	200	text/html
20230927075608	https://ornipreparation.com/travailler-en-france	200	text/html
20230926053901	https://ornipreparation.com/travailler-en-inde	200	text/html
20230530051543	https://ornipreparation.com/travailler-en-irlande	200	text/html
20230530043449	https://ornipreparation.com/travailler-en-islande	200	text/html
20230603084032	https://ornipreparation.com/travailler-en-italie	200	text/html
20231003231027	https://ornipreparation.com/travailler-en-malaisie	200	text/html
20230927080939	https://ornipreparation.com/travailler-en-norvege	200	text/html
20230530045427	https://ornipreparation.com/travailler-en-nouvelle-zelande	200	text/html
20230603154400	https://ornipreparation.com/travailler-en-pologne	200	text/html
20230604075140	https://ornipreparation.com/travailler-en-suede	200	text/html
20230927093509	https://ornipreparation.com/travailler-en-suisse	200	text/html
20230603143358	https://ornipreparation.com/travailler-en-turquie	200	text/html
20230603081226	https://ornipreparation.com/travailler-entraineur-sportif-offre-carriere-enrichissante-aidant-individus-equipes-domaines-capacites-sportifs	200	text/html
20230927074632	https://ornipreparation.com/travailler-entraineur-sportif-offre-carriere-enrichissante-aidant-individus-equipes-domaines-capacites-sportifs-2	200	text/html
20230603152608	https://ornipreparation.com/travailler-pharmacien-communautaire-hospitalierdiplomes-pharmacie-peuvent-egalement-trouver-opportunites-milieu-universitaire-industrie-pharmaceutique-organismes-reglementation	200	text/html
20230603091229	https://ornipreparation.com/travailleur-de-conseil	200	text/html
20240303152451	https://ornipreparation.com/travailleur-des-arts-communautaires	200	text/html
20231003234728	https://ornipreparation.com/travailleur-social	200	text/html
20240303150541	https://ornipreparation.com/travailleuse-daide-a-la-famille	200	text/html
20240303150433	https://ornipreparation.com/travaux-publics	200	text/html
20230530033945	https://ornipreparation.com/trustech-higher-institute-of-technology-and-professional-management	200	text/html
20240618083103	https://ornipreparation.com/tuteur-prive	200	text/html
20230603145637	https://ornipreparation.com/un-bon-oeil-pour-la-couleur-la-texture-les-tissus-et-les-motifs-nest-pas-tout-ce-qui-est-necessaire-pour-reussir-en-tant-que-designer-textile-vous-devrez-egalement-nouer-des-contacts-avec-lind	200	text/html
20230604083158	https://ornipreparation.com/un-bon-oeil-pour-la-couleur-la-texture-les-tissus-et-les-motifs-nest-pas-tout-ce-qui-est-necessaire-pour-reussir-en-tant-que-designer-textile-vous-devrez-egalement-nouer-des-contacts-avec-lind-2	200	text/html
20231003233215	https://ornipreparation.com/un-bon-oeil-pour-la-couleur-la-texture-les-tissus-et-les-motifs-nest-pas-tout-ce-qui-est-necessaire-pour-reussir-en-tant-que-designer-textile-vous-devrez-egalement-nouer-des-contacts-avec-lind-3	200	text/html
20230603154857	https://ornipreparation.com/un-bon-producteur-de-radio-est-tout-aussi-important-pour-une-emission-de-radio-que-les-presentateurs-en-gardant-tout-en-arriere-plan-en-restant-calme-sous-la-pression-et-en-proposant-des-idees-creat	200	text/html
20230603134132	https://ornipreparation.com/un-choregraphe-a-succes-demontre-une-passion-et-un-talent-vifs-pour-la-danse-associes-a-de-la-perseverance-de-la-determination-et-dexcellentes-competences-en-enseignement-et-en-leadership	200	text/html
20230603082011	https://ornipreparation.com/un-choregraphe-a-succes-demontre-une-passion-et-un-talent-vifs-pour-la-danse-associes-a-de-la-perseverance-de-la-determination-et-dexcellentes-competences-en-enseignement-et-en-leadership-2	200	text/html
20230604082208	https://ornipreparation.com/un-choregraphe-a-succes-demontre-une-passion-et-un-talent-vifs-pour-la-danse-associes-a-de-la-perseverance-de-la-determination-et-dexcellentes-competences-en-enseignement-et-en-leadership-3	200	text/html
20231003231201	https://ornipreparation.com/un-clerc-davocats-est-charge-de-gerer-la-pratique-et-les-activites-commerciales-des-avocats-au-sein-dun-ensemble-de-cabinets-davocats-cest-un-role-exigeant-crucial-pour-le-bon-fonctionnement	200	text/html
20231204230529	https://ornipreparation.com/un-coach-sportif	200	text/html
20230923175434	https://ornipreparation.com/un-diplome-classique-developpe-votre-flexibilite-intellectuelle-et-vos-capacites-de-reflexion-analytique-decouvrez-la-gamme-de-carrieres-que-vous-pourriez-poursuivre	200	text/html
20230603140047	https://ornipreparation.com/un-diplome-detudes-en-sante-couvre-un-eventail-de-questions-et-vous-aide-a-developper-les-competences-necessaires-pour-poursuivre-une-carriere-dans-les-domaines-de-la-sante-des-services-sociaux-de	200	text/html
20230923173215	https://ornipreparation.com/un-diplome-en-agriculture-vous-donne-les-connaissances-et-les-competences-necessaires-pour-gerer-des-entreprises-agricoles-et-agricoles-ou-pour-travailler-dans-des-domaines-tels-que-les-ventes-agrico	200	text/html
20230923171456	https://ornipreparation.com/un-diplome-en-art-dramatique-peut-vous-preparer-a-une-carriere-dans-les-arts-de-la-scene-mais-vous-devrez-etre-adaptable-entreprenant-et-perseverant-pour-reussir-dans-cet-environnement-competitif	200	text/html
20230603143220	https://ornipreparation.com/un-diplome-en-coaching-sportif-pourrait-vous-permettre-de-travailler-dans-divers-contextes-des-clubs-sportifs-professionnels-aux-ecoles-primaires-et-aux-prisons	200	text/html
20230927083057	https://ornipreparation.com/un-diplome-en-design-dinterieur-vous-dotera-des-competences-creatives-et-techniques-specifiques-dont-vous-aurez-besoin-pour-reussir-dans-le-domaine	200	text/html
20231003232839	https://ornipreparation.com/un-diplome-en-droit-est-une-passerelle-vers-une-carriere-davocat-ou-davocat-mais-ce-nest-pas-la-seule-voie-que-vous-pouvez-choisir-de-nombreuses-options-soffrent-a-vous-au-dela-de-la-profess	200	text/html
20230604075432	https://ornipreparation.com/un-diplome-en-genetique-peut-mener-a-une-carriere-dans-la-sante-la-recherche-scientifique-ou-lindustrie-et-fournit-egalement-une-gamme-de-competences-qui-peuvent-etre-utilisees-dans-de-nombreux-aut	200	text/html
20230926065625	https://ornipreparation.com/un-diplome-en-geologie-vous-prepare-a-une-carriere-dans-les-secteurs-de-lenergie-de-lenvironnement-ou-de-lingenierie-et-une-experience-de-travail-connexe-peut-vous-aider-a-vous-donner-un-avanta	200	text/html
20230603065525	https://ornipreparation.com/un-diplome-en-gestion-des-ressources-humaines-grh-peut-etre-applique-a-presque-toutes-les-organisations-de-tous-les-secteurs-cest-une-qualification-polyvalente-pour-traiter-lembauche-la-format	200	text/html
20230530050051	https://ornipreparation.com/un-diplome-en-histoire-vous-donne-les-competences-qui-peuvent-vous-emmener-dans-une-variete-de-carrieres-allant-du-travail-dans-les-musees-et-le-patrimoine-a-lenseignement-ou-a-la-comptabilite	200	text/html
20230603142432	https://ornipreparation.com/un-diplome-en-politique-sociale-vous-donne-les-connaissances-et-la-comprehension-necessaires-pour-influencer-les-decisions-importantes-qui-affectent-la-communaute-qui-vous-entoure	200	text/html
20230603075159	https://ornipreparation.com/un-diplome-en-psychologie-est-un-excellent-point-de-depart-pour-une-carriere-a-la-fois-dans-les-sciences-et-les-arts-car-il-vous-dote-dun-eventail-de-competences-et-ouvre-des-opportunites-avec-un-e	200	text/html
20230604074912	https://ornipreparation.com/un-diplome-en-relations-publiques-vous-confere-les-solides-competences-en-communication-et-en-promotion-necessaires-pour-gerer-la-reputation-de-clients-importants-et-influencer-lopinion-des-medias	200	text/html
20230603073713	https://ornipreparation.com/un-diplome-en-science-et-ingenierie-des-materiaux-vous-fournit-les-competences-techniques-informatiques-et-interpersonnelles-necessaires-pour-des-carrieres-dans-un-large-eventail-de-secteurs	200	text/html
20230530052833	https://ornipreparation.com/un-diplome-en-sciences-alimentaires-peut-mener-a-une-carriere-dans-un-certain-nombre-de-secteurs-differents-notamment-la-fabrication-lingenierie-et-la-sante	200	text/html
20230603151542	https://ornipreparation.com/un-diplome-en-sciences-de-lenvironnement-vous-donne-les-competences-et-les-connaissances-necessaires-pour-une-gamme-demplois-dans-des-domaines-tels-que-la-conservation-la-durabilite-la-recherche	200	text/html
20230603151410	https://ornipreparation.com/un-neurologue-est-un-medecin-implique-dans-la-gestion-des-affections-affectant-a-la-fois-le-systeme-nerveux-central-cerveau-et-moelle-epiniere-et-le-systeme-nerveux-peripherique	200	text/html
20230530034918	https://ornipreparation.com/un-pathologiste-est-un-medecin-qui-interprete-et-diagnostique-les-changements-causes-par-la-maladie-dans-les-cellules-et-les-tissus-du-corps	200	text/html
20230923185404	https://ornipreparation.com/un-veritable-interet-pour-le-soutien-aux-entreprises-et-la-capacite-dutiliser-vos-propres-experiences-dans-un-eventail-de-specialites-sont-plus-importants-quun-sujet-de-diplome-specifique	200	text/html
20230603080455	https://ornipreparation.com/un-veritable-interet-pour-le-soutien-aux-entreprises-et-la-capacite-dutiliser-vos-propres-experiences-dans-un-eventail-de-specialites-sont-plus-importants-quun-sujet-de-diplome-specifique-2	200	text/html
20230603083949	https://ornipreparation.com/une-carriere-dans-la-recherche-en-telecommunications-vous-conviendrait-si-vous-etes-analytique-et-desireux-de-developper-de-nouvelles-technologies-en-telephonie-television-et-internet	200	text/html
20230604083513	https://ornipreparation.com/une-carriere-dans-le-conseil-en-education-peut-vous-donner-la-liberte-de-faconner-votre-propre-cheminement-de-carriere-tout-en-realisant-votre-passion-pour-leducation-et-le-parcours-des-apprenants	200	text/html
20230604083527	https://ornipreparation.com/une-carriere-dans-le-conseil-en-education-peut-vous-donner-la-liberte-de-faconner-votre-propre-cheminement-de-carriere-tout-en-realisant-votre-passion-pour-leducation-et-le-parcours-des-apprenants-2	200	text/html
20230530033755	https://ornipreparation.com/une-carriere-dans-le-conseil-en-education-peut-vous-donner-la-liberte-de-faconner-votre-propre-cheminement-de-carriere-tout-en-realisant-votre-passion-pour-leducation-et-le-parcours-des-apprenants-3	200	text/html
20230530035048	https://ornipreparation.com/une-carriere-dans-le-conseil-en-education-peut-vous-donner-la-liberte-de-faconner-votre-propre-cheminement-de-carriere-tout-en-realisant-votre-passion-pour-leducation-et-le-parcours-des-apprenants-4	200	text/html
20230603080924	https://ornipreparation.com/une-carriere-de-createur-de-bijoux-vous-permet-de-combiner-votre-talent-creatif-et-vos-competences-commerciales-avec-une-capacite-dartisanat-pratique	200	text/html
20230603152318	https://ornipreparation.com/une-carriere-de-createur-de-bijoux-vous-permet-de-combiner-votre-talent-creatif-et-vos-competences-commerciales-avec-une-capacite-dartisanat-pratique-2	200	text/html
20230927091146	https://ornipreparation.com/une-carriere-en-actuariat-vous-conviendra-si-vous-avez-de-solides-capacites-mathematiques-etes-doue-pour-la-resolution-de-problemes-et-aimez-analyser-des-donnees	200	text/html
20230604062001	https://ornipreparation.com/une-carriere-en-ingenierie-aerospatiale-vous-permettra-de-travailler-avec-des-technologies-de-pointe-et-des-entreprises-internationales	200	text/html
20230923164622	https://ornipreparation.com/une-carriere-en-ingenierie-aerospatiale-vous-permettra-de-travailler-avec-des-technologies-de-pointe-et-des-entreprises-internationales-2	200	text/html
20230530051234	https://ornipreparation.com/une-connaissance-approfondie-de-lorthographe-et-de-la-grammaire-est-essentielle-dans-le-monde-de-ledition-tout-comme-la-capacite-de-travailler-dans-des-delais-serres-2	200	text/html
20230603154826	https://ornipreparation.com/une-connaissance-approfondie-de-lorthographe-et-de-la-grammaire-est-essentielle-dans-le-monde-de-ledition-tout-comme-la-capacite-de-travailler-dans-des-delais-serres-3	200	text/html
20230530044517	https://ornipreparation.com/une-experience-pertinente-dans-lindustrie-et-un-diplome-accredite-peuvent-augmenter-considerablement-vos-chances-dobtenir-un-emploi-en-tant-quingenieur-electricien	200	text/html
20230530042329	https://ornipreparation.com/une-infirmiere-pour-enfants-travaille-avec-des-enfants-de-tous-ages-qui-souffrent-de-nombreuses-maladies-et-conditions-differentes-soutenant-la-famille-ainsi-que-lenfant	200	text/html
20230927085909	https://ornipreparation.com/une-infirmiere-pour-enfants-travaille-avec-des-enfants-de-tous-ages-qui-souffrent-de-nombreuses-maladies-et-conditions-differentes-soutenant-la-famille-ainsi-que-lenfant-2	200	text/html
20230927074728	https://ornipreparation.com/une-nature-calme-et-attentionnee-et-la-capacite-de-bien-communiquer-et-de-mettre-les-autres-a-laise-sont-des-attributs-essentiels-pour-une-sage-femme	200	text/html
20230604071255	https://ornipreparation.com/une-nature-calme-et-attentionnee-et-la-capacite-de-bien-communiquer-et-de-mettre-les-autres-a-laise-sont-des-attributs-essentiels-pour-une-sage-femme-2	200	text/html
20230603134951	https://ornipreparation.com/universite-adventiste-cosendai	200	text/html
20230604083304	https://ornipreparation.com/universite-catholique-dafrique-centrale-ucac	200	text/html
20231004003356	https://ornipreparation.com/universites-publiques	200	text/html
20241203062831	https://ornipreparation.com/universites-publiques/universite-de-bamenda	200	text/html
20231130113816	https://ornipreparation.com/universites-publiques/universite-de-bertoua	200	text/html
20231130010015	https://ornipreparation.com/universites-publiques/universite-de-buea	200	text/html
20231204230154	https://ornipreparation.com/universites-publiques/universite-de-douala	200	text/html
20241203053338	https://ornipreparation.com/universites-publiques/universite-de-dschang	200	text/html
20231130100052	https://ornipreparation.com/universites-publiques/universite-de-garoua	200	text/html
20231201105842	https://ornipreparation.com/universites-publiques/universite-de-maroua	200	text/html
20250903135703	https://ornipreparation.com/universites-publiques/universite-de-ngaoundere	200	text/html
20241203053534	https://ornipreparation.com/universites-publiques/universite-de-yaounde-1	200	text/html
20231204224227	https://ornipreparation.com/universites-publiques/universite-de-yaounde-2	200	text/html
20231130011209	https://ornipreparation.com/universites-publiques/universite-debolowa	200	text/html
20231003230709	https://ornipreparation.com/urbaniste	200	text/html
20230927083811	https://ornipreparation.com/utilisez-votre-esprit-innovant-et-vos-competences-en-resolution-de-problemes-pour-ameliorer-les-systemes-de-fabrication-et-les-produits-en-tant-que-scientifique-en-developpement-de-produits-processu-2	200	text/html
20230603141335	https://ornipreparation.com/utilisez-votre-esprit-innovant-et-vos-competences-en-resolution-de-problemes-pour-ameliorer-les-systemes-de-fabrication-et-les-produits-en-tant-que-scientifique-en-developpement-de-produits-processu-3	200	text/html
20230530043845	https://ornipreparation.com/utilisez-votre-esprit-innovant-et-vos-competences-en-resolution-de-problemes-pour-ameliorer-les-systemes-de-fabrication-et-les-produits-en-tant-que-scientifique-en-developpement-de-produits-processus	200	text/html
20230604064244	https://ornipreparation.com/utilisez-votre-flair-artistique-et-vos-solides-competences-interpersonnelles-pour-vous-engager-avec-les-gens-de-votre-communaute-locale-et-realiser-des-projets-creatifs-sous-des-formes-telles-que-la-2	200	text/html
20230603145444	https://ornipreparation.com/utilisez-votre-flair-artistique-et-vos-solides-competences-interpersonnelles-pour-vous-engager-avec-les-gens-de-votre-communaute-locale-et-realiser-des-projets-creatifs-sous-des-formes-telles-que-la-4	200	text/html
20230603143723	https://ornipreparation.com/utilisez-votre-flair-artistique-solides-competences-interpersonnelles-engager-gens-votre-communaute-locale-realiser-projets-creatifs-formes-telles-artisanat-danse-cinema	200	text/html
20230530051147	https://ornipreparation.com/utilisez-votre-melange-de-competences-creatives-et-de-techniques-horticoles-pratiques-pour-trouver-du-travail-dans-des-domaines-allant-des-parcs-et-jardins-publics-a-larchitecture-de-paysage-et-au-d-2	200	text/html
20230603070453	https://ornipreparation.com/veterinaires-prodiguent-soins-medicaux-gamme-animaux-animaux-domestiques-ceux-fermes-zoos-passant-animaux-sauvages-blesses	200	text/html
20230603144114	https://ornipreparation.com/votre-diplome-en-linguistique-vous-prepare-a-des-carrieres-allant-du-marketing-et-de-ledition-a-lorthophonie	200	text/html
20230604065107	https://ornipreparation.com/votre-responsabilite-en-tant-que-chef-de-bureau-est-de-superviser-les-activites-administratives-qui-facilitent-le-bon-fonctionnement-dun-bureau-en-organisant-les-personnes-les-informations-et-les	200	text/html
20230530054233	https://ornipreparation.com/vous-aurez-besoin-combinaison-competences-creatives-techniques-capacite-travailler-equipe-role-programmeur-multimedia	200	text/html
20230603145013	https://ornipreparation.com/vous-aurez-besoin-dun-flair-creatif-dune-capacite-pratique-et-dune-connaissance-a-jour-des-tendances-de-la-mode-et-de-la-beaute-pour-devenir-maquilleuse	200	text/html
20230604082855	https://ornipreparation.com/vous-aurez-besoin-dune-combinaison-de-competences-creatives-et-techniques-et-de-la-capacite-de-travailler-en-equipe-dans-le-role-de-programmeur-multimedia	200	text/html
20230603141418	https://ornipreparation.com/vous-aurez-besoin-dune-combinaison-de-competences-creatives-et-techniques-et-de-la-capacite-de-travailler-en-equipe-dans-le-role-de-programmeur-multimedia-2	200	text/html
20230923170254	https://ornipreparation.com/vous-aurez-besoin-dune-experience-substantielle-de-travail-avec-des-enfants-et-des-adolescents-dans-un-cadre-de-soins-sociaux-de-sante-ou-deducation-pour-travailler-en-tant-que-psychotherapeute-p	200	text/html
20230603071345	https://ornipreparation.com/vous-aurez-probablement-besoin-dun-diplome-en-ergonomie-en-facteurs-humains-ou-dans-un-domaine-connexe-pour-commencer-a-etudier-les-capacites-physiques-et-psychologiques-du-corps-humain	200	text/html
20230604082805	https://ornipreparation.com/vous-produisez-des-conceptions-de-meubles-et-dautres-articles-qui-seront-produits-en-serie-produits-en-petits-lots-ou-fabriques-en-tant-que-pieces-individuelles-uniques	200	text/html
20230604074059	https://ornipreparation.com/vous-utiliserez-votre-haut-niveau-de-musicalite-ainsi-que-votre-formation-professionnelle-de-troisieme-cycle-pour-vous-connecter-et-soutenir-vos-clients-en-tant-que-musicotherapeute-2	200	text/html
20231003232119	https://ornipreparation.com/voyage-et-tourisme	200	text/html
20240303160243	https://ornipreparation.com/webdesigner	200	text/html
20230521124930	https://ornipreparation.com/wp-admin/css/color-picker.min.css?ver=6.2.2	200	text/css
20240714210206	https://ornipreparation.com/wp-admin/css/color-picker.min.css?ver=6.5.5	200	text/css
20240807164212	https://ornipreparation.com/wp-admin/css/color-picker.min.css?ver=6.6.1	200	text/css
20241003095626	https://ornipreparation.com/wp-admin/css/color-picker.min.css?ver=6.6.2	200	text/css
20250223230844	https://ornipreparation.com/wp-admin/css/color-picker.min.css?ver=6.7.2	200	text/css
20250808220107	https://ornipreparation.com/wp-admin/css/color-picker.min.css?ver=6.8.2	200	text/css
20251024230522	https://ornipreparation.com/wp-admin/css/color-picker.min.css?ver=6.8.3	200	text/css
20260515122107	https://ornipreparation.com/wp-admin/css/color-picker.min.css?ver=6.9.4	200	text/css
20211129070608	http://ornipreparation.com/wp-admin/css/forms.min.css?ver=5.8.2	200	text/css
20211129065113	http://ornipreparation.com/wp-admin/css/l10n.min.css?ver=5.8.2	200	text/css
20211129135125	http://ornipreparation.com/wp-admin/css/login.min.css?ver=5.8.2	200	text/css
20211129072227	http://ornipreparation.com/wp-admin/images/loading.gif	200	image/gif
20211129135126	http://ornipreparation.com/wp-admin/images/w-logo-blue.png?ver=20131202	200	image/png
20211129135126	http://ornipreparation.com/wp-admin/images/wordpress-logo.svg?ver=20131107	200	image/svg+xml
20211129065114	http://ornipreparation.com/wp-admin/js/password-strength-meter.min.js?ver=5.8.2	200	application/javascript
20250729124153	https://ornipreparation.com/wp-admin/js/password-strength-meter.min.js?ver=6.8.2	200	application/javascript
20211129135126	http://ornipreparation.com/wp-admin/js/user-profile.min.js?ver=5.8.2	200	application/javascript
20250304220731	https://ornipreparation.com/wp-admin/load-scripts.php?c=1	200	application/javascript
20211129065142	http://ornipreparation.com/wp-content/plugins/addon-elements-for-elementor-page-builder/assets/css/arrow-left.svg	200	image/svg+xml
20211130104005	http://ornipreparation.com/wp-content/plugins/addon-elements-for-elementor-page-builder/assets/css/arrow-right.svg	200	image/svg+xml
20211129065013	http://ornipreparation.com/wp-content/plugins/addon-elements-for-elementor-page-builder/assets/css/eae.min.css?ver=1.0	200	text/css
20211130135341	http://ornipreparation.com/wp-content/plugins/addon-elements-for-elementor-page-builder/assets/css/eae.min.css?ver=1.11.12	200	text/css
20211129135222	http://ornipreparation.com/wp-content/plugins/addon-elements-for-elementor-page-builder/assets/digit-sep-svg.svg	200	image/svg+xml
20211129072143	http://ornipreparation.com/wp-content/plugins/addon-elements-for-elementor-page-builder/assets/digits-svg-alpha.svg	200	image/svg+xml
20211129065038	http://ornipreparation.com/wp-content/plugins/addon-elements-for-elementor-page-builder/assets/js/animated-main.min.js?ver=1.0	200	application/javascript
20211129064954	http://ornipreparation.com/wp-content/plugins/addon-elements-for-elementor-page-builder/assets/js/eae.min.js?ver=1.0	200	application/javascript
20211130135347	http://ornipreparation.com/wp-content/plugins/addon-elements-for-elementor-page-builder/assets/js/eae.min.js?ver=1.11.12	200	application/javascript
20211129065002	http://ornipreparation.com/wp-content/plugins/addon-elements-for-elementor-page-builder/assets/js/particles.min.js?ver=1.0	200	application/javascript
20211130135348	http://ornipreparation.com/wp-content/plugins/addon-elements-for-elementor-page-builder/assets/js/particles.min.js?ver=2.0.0	200	application/javascript
20211130140856	http://ornipreparation.com/wp-content/plugins/addon-elements-for-elementor-page-builder/assets/lib/magnific.min.js?ver=1.1.0	200	application/javascript
20211129065023	http://ornipreparation.com/wp-content/plugins/addon-elements-for-elementor-page-builder/assets/lib/magnific.min.js?ver=1.9	200	application/javascript
20211129064957	http://ornipreparation.com/wp-content/plugins/addon-elements-for-elementor-page-builder/assets/lib/vegas/vegas.min.css?ver=1.0	200	text/css
20211130135345	http://ornipreparation.com/wp-content/plugins/addon-elements-for-elementor-page-builder/assets/lib/vegas/vegas.min.css?ver=2.4.0	200	text/css
20211129065042	http://ornipreparation.com/wp-content/plugins/addon-elements-for-elementor-page-builder/assets/lib/vegas/vegas.min.js?ver=2.4.0	200	application/javascript
20211129065024	http://ornipreparation.com/wp-content/plugins/ajax-search-lite/css/fonts/icons2.eot	200	application/vnd.ms-fontobject
20211129064945	http://ornipreparation.com/wp-content/plugins/ajax-search-lite/css/fonts/icons2.svg	200	image/svg+xml
20211129065031	http://ornipreparation.com/wp-content/plugins/ajax-search-lite/css/fonts/icons2.ttf	200	application/font-sfnt
20211129065032	http://ornipreparation.com/wp-content/plugins/ajax-search-lite/css/fonts/icons2.woff	200	application/font-woff
20211129064952	http://ornipreparation.com/wp-content/plugins/ajax-search-lite/css/fonts/icons2.woff2	200	unk
20230521132142	https://ornipreparation.com/wp-content/plugins/ajax-search-lite/css/style-classic-blue.css	200	text/css
20230521120038	https://ornipreparation.com/wp-content/plugins/ajax-search-lite/css/style-classic-blue.css?ver=4.11.2	200	text/css
20250223230844	https://ornipreparation.com/wp-content/plugins/ajax-search-lite/css/style-classic-blue.css?ver=4.12.5	200	text/css
20250404212057	https://ornipreparation.com/wp-content/plugins/ajax-search-lite/css/style-classic-blue.css?ver=4.12.6	200	text/css
20251025001404	https://ornipreparation.com/wp-content/plugins/ajax-search-lite/css/style-classic-blue.css?ver=4.13.2	200	text/css
20211129065042	http://ornipreparation.com/wp-content/plugins/ajax-search-lite/css/style-simple-red.css?ver=4.9.5	200	text/css
20230521083010	https://ornipreparation.com/wp-content/plugins/ajax-search-lite/css/style.basic.css	200	text/css
20230521083422	https://ornipreparation.com/wp-content/plugins/ajax-search-lite/css/style.basic.css?ver=4.11.2	200	text/css
20250223230844	https://ornipreparation.com/wp-content/plugins/ajax-search-lite/css/style.basic.css?ver=4.12.5	200	text/css
20250404211722	https://ornipreparation.com/wp-content/plugins/ajax-search-lite/css/style.basic.css?ver=4.12.6	200	text/css
20250913174827	https://ornipreparation.com/wp-content/plugins/ajax-search-lite/css/style.basic.css?ver=4.13.2	200	text/css
20211129064947	http://ornipreparation.com/wp-content/plugins/ajax-search-lite/css/style.basic.css?ver=4.9.5	200	text/css
20211129065023	http://ornipreparation.com/wp-content/plugins/ajax-search-lite/js/min/jquery.ajaxsearchlite.min.js?ver=4.9.5	200	application/javascript
20251024230639	https://ornipreparation.com/wp-content/plugins/ajax-search-lite/js/min/plugin/merged/asl.min.js	200	application/javascript
20250913174827	https://ornipreparation.com/wp-content/plugins/ajax-search-lite/js/min/plugin/merged/asl.min.js?ver=4777	200	application/javascript
20230521130321	https://ornipreparation.com/wp-content/plugins/ajax-search-lite/js/min/plugin/optimized/asl-autocomplete.js	200	text/javascript
20230521082538	https://ornipreparation.com/wp-content/plugins/ajax-search-lite/js/min/plugin/optimized/asl-autocomplete.js?ver=4758	200	text/javascript
20250223230846	https://ornipreparation.com/wp-content/plugins/ajax-search-lite/js/min/plugin/optimized/asl-autocomplete.js?ver=4767	200	text/javascript
20250404230220	https://ornipreparation.com/wp-content/plugins/ajax-search-lite/js/min/plugin/optimized/asl-autocomplete.js?ver=4768	200	application/javascript
20230521163806	https://ornipreparation.com/wp-content/plugins/ajax-search-lite/js/min/plugin/optimized/asl-core.js	200	text/javascript
20230521091742	https://ornipreparation.com/wp-content/plugins/ajax-search-lite/js/min/plugin/optimized/asl-core.js?ver=4758	200	text/javascript
20250223230846	https://ornipreparation.com/wp-content/plugins/ajax-search-lite/js/min/plugin/optimized/asl-core.js?ver=4767	200	text/javascript
20250404211005	https://ornipreparation.com/wp-content/plugins/ajax-search-lite/js/min/plugin/optimized/asl-core.js?ver=4768	200	application/javascript
20230521103739	https://ornipreparation.com/wp-content/plugins/ajax-search-lite/js/min/plugin/optimized/asl-load.js	200	text/javascript
20230521121747	https://ornipreparation.com/wp-content/plugins/ajax-search-lite/js/min/plugin/optimized/asl-load.js?ver=4758	200	text/javascript
20250223230850	https://ornipreparation.com/wp-content/plugins/ajax-search-lite/js/min/plugin/optimized/asl-load.js?ver=4767	200	text/javascript
20250404210045	https://ornipreparation.com/wp-content/plugins/ajax-search-lite/js/min/plugin/optimized/asl-load.js?ver=4768	200	application/javascript
20230521154759	https://ornipreparation.com/wp-content/plugins/ajax-search-lite/js/min/plugin/optimized/asl-prereq.js	200	text/javascript
20230521083356	https://ornipreparation.com/wp-content/plugins/ajax-search-lite/js/min/plugin/optimized/asl-prereq.js?ver=4758	200	text/javascript
20250223230844	https://ornipreparation.com/wp-content/plugins/ajax-search-lite/js/min/plugin/optimized/asl-prereq.js?ver=4767	200	text/javascript
20250404220453	https://ornipreparation.com/wp-content/plugins/ajax-search-lite/js/min/plugin/optimized/asl-prereq.js?ver=4768	200	application/javascript
20230521083952	https://ornipreparation.com/wp-content/plugins/ajax-search-lite/js/min/plugin/optimized/asl-results-vertical.js	200	text/javascript
20230521074755	https://ornipreparation.com/wp-content/plugins/ajax-search-lite/js/min/plugin/optimized/asl-results-vertical.js?ver=4758	200	text/javascript
20250223230843	https://ornipreparation.com/wp-content/plugins/ajax-search-lite/js/min/plugin/optimized/asl-results-vertical.js?ver=4767	200	text/javascript
20250404213009	https://ornipreparation.com/wp-content/plugins/ajax-search-lite/js/min/plugin/optimized/asl-results-vertical.js?ver=4768	200	application/javascript
20230521082926	https://ornipreparation.com/wp-content/plugins/ajax-search-lite/js/min/plugin/optimized/asl-wrapper.js	200	text/javascript
20230521133531	https://ornipreparation.com/wp-content/plugins/ajax-search-lite/js/min/plugin/optimized/asl-wrapper.js?ver=4758	200	text/javascript
20250223230844	https://ornipreparation.com/wp-content/plugins/ajax-search-lite/js/min/plugin/optimized/asl-wrapper.js?ver=4767	200	text/javascript
20250404210705	https://ornipreparation.com/wp-content/plugins/ajax-search-lite/js/min/plugin/optimized/asl-wrapper.js?ver=4768	200	application/javascript
20250404212525	https://ornipreparation.com/wp-content/plugins/astra-sites/inc/lib/onboarding/assets/dist/template-preview/main.js	200	application/javascript
20250223230846	https://ornipreparation.com/wp-content/plugins/astra-sites/inc/lib/onboarding/assets/dist/template-preview/main.js?ver=06758d4d807d9d22c6ea	200	text/javascript
20211129064945	http://ornipreparation.com/wp-content/plugins/awesome-contact-form7-for-elementor/assets/css/style.css?ver=5.8.2	200	text/css
20250223230842	https://ornipreparation.com/wp-content/plugins/contact-form-7-image-captcha/css/cf7ic-style.css?ver=3.3.7	200	text/css
20230521084918	https://ornipreparation.com/wp-content/plugins/contact-form-7/includes/css/styles.css	200	text/css
20211129065040	http://ornipreparation.com/wp-content/plugins/contact-form-7/includes/css/styles.css?ver=5.5.3	200	text/css
20230521130632	https://ornipreparation.com/wp-content/plugins/contact-form-7/includes/css/styles.css?ver=5.7.6	200	text/css
20240714225939	https://ornipreparation.com/wp-content/plugins/contact-form-7/includes/css/styles.css?ver=5.8	200	text/css
20250223230842	https://ornipreparation.com/wp-content/plugins/contact-form-7/includes/css/styles.css?ver=6.0.3	200	text/css
20250404213848	https://ornipreparation.com/wp-content/plugins/contact-form-7/includes/css/styles.css?ver=6.0.5	200	text/css
20250729123628	https://ornipreparation.com/wp-content/plugins/contact-form-7/includes/css/styles.css?ver=6.0.6	200	text/css
20251024230016	https://ornipreparation.com/wp-content/plugins/contact-form-7/includes/css/styles.css?ver=6.1.1	200	text/css
20230521091214	https://ornipreparation.com/wp-content/plugins/contact-form-7/includes/js/index.js	200	text/javascript
20211129065001	http://ornipreparation.com/wp-content/plugins/contact-form-7/includes/js/index.js?ver=5.5.3	200	application/javascript
20230521083046	https://ornipreparation.com/wp-content/plugins/contact-form-7/includes/js/index.js?ver=5.7.6	200	text/javascript
20240715231055	https://ornipreparation.com/wp-content/plugins/contact-form-7/includes/js/index.js?ver=5.8	200	text/javascript
20250223230846	https://ornipreparation.com/wp-content/plugins/contact-form-7/includes/js/index.js?ver=6.0.3	200	text/javascript
20250404210638	https://ornipreparation.com/wp-content/plugins/contact-form-7/includes/js/index.js?ver=6.0.5	200	application/javascript
20250729123633	https://ornipreparation.com/wp-content/plugins/contact-form-7/includes/js/index.js?ver=6.0.6	200	application/javascript
20251024233252	https://ornipreparation.com/wp-content/plugins/contact-form-7/includes/js/index.js?ver=6.1.1	200	application/javascript
20230521120048	https://ornipreparation.com/wp-content/plugins/contact-form-7/includes/swv/js/index.js	200	text/javascript
20230521092420	https://ornipreparation.com/wp-content/plugins/contact-form-7/includes/swv/js/index.js?ver=5.7.6	200	text/javascript
20240714203120	https://ornipreparation.com/wp-content/plugins/contact-form-7/includes/swv/js/index.js?ver=5.8	200	text/javascript
20250223230849	https://ornipreparation.com/wp-content/plugins/contact-form-7/includes/swv/js/index.js?ver=6.0.3	200	text/javascript
20250405011323	https://ornipreparation.com/wp-content/plugins/contact-form-7/includes/swv/js/index.js?ver=6.0.5	200	application/javascript
20250729123632	https://ornipreparation.com/wp-content/plugins/contact-form-7/includes/swv/js/index.js?ver=6.0.6	200	application/javascript
20251024233325	https://ornipreparation.com/wp-content/plugins/contact-form-7/includes/swv/js/index.js?ver=6.1.1	200	application/javascript
20211129064956	http://ornipreparation.com/wp-content/plugins/country-phone-field-contact-form-7/assets/css/countrySelect.min.css?ver=5.8.2	200	text/css
20211129065013	http://ornipreparation.com/wp-content/plugins/country-phone-field-contact-form-7/assets/css/intlTelInput.min.css?ver=5.8.2	200	text/css
20211129065151	http://ornipreparation.com/wp-content/plugins/country-phone-field-contact-form-7/assets/img/flags.png	200	image/png
20211130104019	http://ornipreparation.com/wp-content/plugins/country-phone-field-contact-form-7/assets/img/flags@2x.png	200	image/png
20211129065002	http://ornipreparation.com/wp-content/plugins/country-phone-field-contact-form-7/assets/js/countrySelect.min.js?ver=5.8.2	200	application/javascript
20211129065003	http://ornipreparation.com/wp-content/plugins/country-phone-field-contact-form-7/assets/js/intlTelInput.min.js?ver=5.8.2	200	application/javascript
20230521074723	https://ornipreparation.com/wp-content/plugins/download-manager/assets/bootstrap/css/bootstrap.min.css	200	text/css
20211129065005	http://ornipreparation.com/wp-content/plugins/download-manager/assets/bootstrap/css/bootstrap.min.css?ver=5.8.2	200	text/css
20230521185315	https://ornipreparation.com/wp-content/plugins/download-manager/assets/bootstrap/css/bootstrap.min.css?ver=6.2.2	200	text/css
20240714200800	https://ornipreparation.com/wp-content/plugins/download-manager/assets/bootstrap/css/bootstrap.min.css?ver=6.5.5	200	text/css
20240807155249	https://ornipreparation.com/wp-content/plugins/download-manager/assets/bootstrap/css/bootstrap.min.css?ver=6.6.1	200	text/css
20241003085028	https://ornipreparation.com/wp-content/plugins/download-manager/assets/bootstrap/css/bootstrap.min.css?ver=6.6.2	200	text/css
20250223230842	https://ornipreparation.com/wp-content/plugins/download-manager/assets/bootstrap/css/bootstrap.min.css?ver=6.7.2	200	text/css
20230521110745	https://ornipreparation.com/wp-content/plugins/download-manager/assets/bootstrap/js/bootstrap.bundle.min.js	200	text/javascript
20211129065020	http://ornipreparation.com/wp-content/plugins/download-manager/assets/bootstrap/js/bootstrap.bundle.min.js?ver=5.8.2	200	application/javascript
20230521080524	https://ornipreparation.com/wp-content/plugins/download-manager/assets/bootstrap/js/bootstrap.bundle.min.js?ver=6.2.2	200	text/javascript
20240714200737	https://ornipreparation.com/wp-content/plugins/download-manager/assets/bootstrap/js/bootstrap.bundle.min.js?ver=6.5.5	200	text/javascript
20240807173824	https://ornipreparation.com/wp-content/plugins/download-manager/assets/bootstrap/js/bootstrap.bundle.min.js?ver=6.6.1	200	text/javascript
20241003084640	https://ornipreparation.com/wp-content/plugins/download-manager/assets/bootstrap/js/bootstrap.bundle.min.js?ver=6.6.2	200	text/javascript
20250223230846	https://ornipreparation.com/wp-content/plugins/download-manager/assets/bootstrap/js/bootstrap.bundle.min.js?ver=6.7.2	200	text/javascript
20230523163451	https://ornipreparation.com/wp-content/plugins/download-manager/assets/css/front.css	200	text/css
20211129064948	http://ornipreparation.com/wp-content/plugins/download-manager/assets/css/front.css?ver=5.8.2	200	text/css
20230523195938	https://ornipreparation.com/wp-content/plugins/download-manager/assets/css/front.css?ver=6.2.2	200	text/css
20240715220859	https://ornipreparation.com/wp-content/plugins/download-manager/assets/css/front.css?ver=6.5.5	200	text/css
20240807165547	https://ornipreparation.com/wp-content/plugins/download-manager/assets/css/front.css?ver=6.6.1	200	text/css
20241003081246	https://ornipreparation.com/wp-content/plugins/download-manager/assets/css/front.css?ver=6.6.2	200	text/css
20250223230843	https://ornipreparation.com/wp-content/plugins/download-manager/assets/css/front.css?ver=6.7.2	200	text/css
20211129065131	http://ornipreparation.com/wp-content/plugins/download-manager/assets/images/loader.svg	200	image/svg+xml
20211129065132	http://ornipreparation.com/wp-content/plugins/download-manager/assets/images/plus.svg	200	image/svg+xml
20211129072136	http://ornipreparation.com/wp-content/plugins/download-manager/assets/images/sort.svg	200	image/svg+xml
20230521125147	https://ornipreparation.com/wp-content/plugins/download-manager/assets/js/front.js	200	text/javascript
20211129064953	http://ornipreparation.com/wp-content/plugins/download-manager/assets/js/front.js?ver=6.0.9	200	application/javascript
20230521075536	https://ornipreparation.com/wp-content/plugins/download-manager/assets/js/front.js?ver=6.2.2	200	text/javascript
20240714211234	https://ornipreparation.com/wp-content/plugins/easy-digital-downloads/assets/js/edd-ajax.js	200	text/javascript
20240717075021	https://ornipreparation.com/wp-content/plugins/easy-digital-downloads/assets/js/edd-ajax.js?ver=3.1.5	200	text/javascript
20240717030351	https://ornipreparation.com/wp-content/plugins/easy-digital-downloads/includes/blocks/build/checkout/style-index.css	200	text/css
20240714214307	https://ornipreparation.com/wp-content/plugins/easy-digital-downloads/includes/blocks/build/checkout/style-index.css?ver=2.0.0	200	text/css
20230521214441	https://ornipreparation.com/wp-content/plugins/elementor-pro/assets/css/frontend.min.css	200	text/css
20230521130619	https://ornipreparation.com/wp-content/plugins/elementor-pro/assets/css/frontend.min.css?ver=3.11.4	200	text/css
20240714201830	https://ornipreparation.com/wp-content/plugins/elementor-pro/assets/css/frontend.min.css?ver=3.13.2	200	text/css
20211129064950	http://ornipreparation.com/wp-content/plugins/elementor-pro/assets/css/frontend.min.css?ver=3.5.0	200	text/css
20260515121419	https://ornipreparation.com/wp-content/plugins/elementor-pro/assets/css/modules/sticky.min.css?ver=3.27.0	200	text/css
20260515122107	https://ornipreparation.com/wp-content/plugins/elementor-pro/assets/css/widget-animated-headline.min.css?ver=3.27.0	200	text/css
20250404210243	https://ornipreparation.com/wp-content/plugins/elementor-pro/assets/css/widget-nav-menu.min.css	200	text/css
20250223230842	https://ornipreparation.com/wp-content/plugins/elementor-pro/assets/css/widget-nav-menu.min.css?ver=3.27.0	200	text/css
20250808220105	https://ornipreparation.com/wp-content/plugins/elementor-pro/assets/css/widget-post-info.min.css	200	text/css
20250223230846	https://ornipreparation.com/wp-content/plugins/elementor-pro/assets/css/widget-post-info.min.css?ver=3.27.0	200	text/css
20260515122106	https://ornipreparation.com/wp-content/plugins/elementor-pro/assets/css/widget-posts.min.css?ver=3.27.0	200	text/css
20250404225157	https://ornipreparation.com/wp-content/plugins/elementor-pro/assets/css/widget-price-table.min.css	200	text/css
20250405000517	https://ornipreparation.com/wp-content/plugins/elementor-pro/assets/css/widget-price-table.min.css?ver=3.27.0	200	text/css
20250404210254	https://ornipreparation.com/wp-content/plugins/elementor-pro/assets/css/widget-search-form.min.css	200	text/css
20250223230845	https://ornipreparation.com/wp-content/plugins/elementor-pro/assets/css/widget-search-form.min.css?ver=3.27.0	200	text/css
20250904050040	https://ornipreparation.com/wp-content/plugins/elementor-pro/assets/css/widget-sitemap.min.css?ver=3.27.0	200	text/css
20250808220110	https://ornipreparation.com/wp-content/plugins/elementor-pro/assets/css/widget-social.min.css	200	text/css
20250223230848	https://ornipreparation.com/wp-content/plugins/elementor-pro/assets/css/widget-social.min.css?ver=3.27.0	200	text/css
20250729124616	https://ornipreparation.com/wp-content/plugins/elementor-pro/assets/css/widget-woocommerce-products-archive.min.css?ver=3.27.0	200	text/css
20251024230503	https://ornipreparation.com/wp-content/plugins/elementor-pro/assets/css/widget-woocommerce-products.min.css	200	text/css
20250729124616	https://ornipreparation.com/wp-content/plugins/elementor-pro/assets/css/widget-woocommerce-products.min.css?ver=3.27.0	200	text/css
20230521080612	https://ornipreparation.com/wp-content/plugins/elementor-pro/assets/js/elements-handlers.min.js	200	text/javascript
20230521124728	https://ornipreparation.com/wp-content/plugins/elementor-pro/assets/js/elements-handlers.min.js?ver=3.11.4	200	text/javascript
20240716012620	https://ornipreparation.com/wp-content/plugins/elementor-pro/assets/js/elements-handlers.min.js?ver=3.13.2	200	text/javascript
20250223230845	https://ornipreparation.com/wp-content/plugins/elementor-pro/assets/js/elements-handlers.min.js?ver=3.27.0	200	text/javascript
20230521085450	https://ornipreparation.com/wp-content/plugins/elementor-pro/assets/js/frontend.min.js	200	text/javascript
20230521085120	https://ornipreparation.com/wp-content/plugins/elementor-pro/assets/js/frontend.min.js?ver=3.11.4	200	text/javascript
20240714204240	https://ornipreparation.com/wp-content/plugins/elementor-pro/assets/js/frontend.min.js?ver=3.13.2	200	text/javascript
20250223230850	https://ornipreparation.com/wp-content/plugins/elementor-pro/assets/js/frontend.min.js?ver=3.27.0	200	text/javascript
20211129065002	http://ornipreparation.com/wp-content/plugins/elementor-pro/assets/js/frontend.min.js?ver=3.5.0	200	application/javascript
20250729123636	https://ornipreparation.com/wp-content/plugins/elementor-pro/assets/js/nav-menu.a23fbd67486c5bedf26c.bundle.min.js	200	application/javascript
20211129065035	http://ornipreparation.com/wp-content/plugins/elementor-pro/assets/js/preloaded-elements-handlers.min.js?ver=3.5.0	200	application/javascript
20250729124920	https://ornipreparation.com/wp-content/plugins/elementor-pro/assets/js/search-form.b7065999d77832a1b764.bundle.min.js	200	application/javascript
20250729124920	https://ornipreparation.com/wp-content/plugins/elementor-pro/assets/js/social.f215e8a3efafbdbeb7ef.bundle.min.js	200	application/javascript
20230521103526	https://ornipreparation.com/wp-content/plugins/elementor-pro/assets/js/webpack-pro.runtime.min.js	200	text/javascript
20230523002939	https://ornipreparation.com/wp-content/plugins/elementor-pro/assets/js/webpack-pro.runtime.min.js?ver=3.11.4	200	text/javascript
20240715223637	https://ornipreparation.com/wp-content/plugins/elementor-pro/assets/js/webpack-pro.runtime.min.js?ver=3.13.2	200	text/javascript
20250223230849	https://ornipreparation.com/wp-content/plugins/elementor-pro/assets/js/webpack-pro.runtime.min.js?ver=3.27.0	200	text/javascript
20211129064958	http://ornipreparation.com/wp-content/plugins/elementor-pro/assets/js/webpack-pro.runtime.min.js?ver=3.5.0	200	application/javascript
20230521121212	https://ornipreparation.com/wp-content/plugins/elementor-pro/assets/lib/smartmenus/jquery.smartmenus.min.js	200	text/javascript
20211129065014	http://ornipreparation.com/wp-content/plugins/elementor-pro/assets/lib/smartmenus/jquery.smartmenus.min.js?ver=1.0.1	200	application/javascript
20250223230849	https://ornipreparation.com/wp-content/plugins/elementor-pro/assets/lib/smartmenus/jquery.smartmenus.min.js?ver=1.2.1	200	text/javascript
20211129064946	http://ornipreparation.com/wp-content/plugins/elementor-pro/assets/lib/sticky/jquery.sticky.min.js?ver=3.5.0	200	application/javascript
20250404221100	https://ornipreparation.com/wp-content/plugins/elementor/assets/css/conditionals/apple-webkit.min.css	200	text/css
20250223230843	https://ornipreparation.com/wp-content/plugins/elementor/assets/css/conditionals/apple-webkit.min.css?ver=3.27.0	200	text/css
20250405000407	https://ornipreparation.com/wp-content/plugins/elementor/assets/css/conditionals/apple-webkit.min.css?ver=3.28.1	200	text/css
20250808220102	https://ornipreparation.com/wp-content/plugins/elementor/assets/css/conditionals/apple-webkit.min.css?ver=3.29.1	200	text/css
20251024224849	https://ornipreparation.com/wp-content/plugins/elementor/assets/css/conditionals/apple-webkit.min.css?ver=3.31.5	200	text/css
20260515121357	https://ornipreparation.com/wp-content/plugins/elementor/assets/css/conditionals/apple-webkit.min.css?ver=3.33.4	200	text/css
20250404210122	https://ornipreparation.com/wp-content/plugins/elementor/assets/css/conditionals/e-swiper.min.css	200	text/css
20250223230846	https://ornipreparation.com/wp-content/plugins/elementor/assets/css/conditionals/e-swiper.min.css?ver=3.27.0	200	text/css
20250404212349	https://ornipreparation.com/wp-content/plugins/elementor/assets/css/conditionals/e-swiper.min.css?ver=3.28.1	200	text/css
20250808220103	https://ornipreparation.com/wp-content/plugins/elementor/assets/css/conditionals/e-swiper.min.css?ver=3.29.1	200	text/css
20251024233656	https://ornipreparation.com/wp-content/plugins/elementor/assets/css/conditionals/e-swiper.min.css?ver=3.31.5	200	text/css
20260515121357	https://ornipreparation.com/wp-content/plugins/elementor/assets/css/conditionals/e-swiper.min.css?ver=3.33.4	200	text/css
20230521075351	https://ornipreparation.com/wp-content/plugins/elementor/assets/css/frontend.min.css	200	text/css
20230521123218	https://ornipreparation.com/wp-content/plugins/elementor/assets/css/frontend.min.css?ver=3.13.2	200	text/css
20240715020114	https://ornipreparation.com/wp-content/plugins/elementor/assets/css/frontend.min.css?ver=3.15.2	200	text/css
20250223230843	https://ornipreparation.com/wp-content/plugins/elementor/assets/css/frontend.min.css?ver=3.27.0	200	text/css
20250404231801	https://ornipreparation.com/wp-content/plugins/elementor/assets/css/frontend.min.css?ver=3.28.1	200	text/css
20250808220129	https://ornipreparation.com/wp-content/plugins/elementor/assets/css/frontend.min.css?ver=3.29.1	200	text/css
20251024225210	https://ornipreparation.com/wp-content/plugins/elementor/assets/css/frontend.min.css?ver=3.31.5	200	text/css
20260515121357	https://ornipreparation.com/wp-content/plugins/elementor/assets/css/frontend.min.css?ver=3.33.4	200	text/css
20211129065028	http://ornipreparation.com/wp-content/plugins/elementor/assets/css/frontend.min.css?ver=3.4.8	200	text/css
20250404212124	https://ornipreparation.com/wp-content/plugins/elementor/assets/css/widget-divider.min.css	200	text/css
20250405031015	https://ornipreparation.com/wp-content/plugins/elementor/assets/css/widget-divider.min.css?ver=3.28.1	200	text/css
20250808220631	https://ornipreparation.com/wp-content/plugins/elementor/assets/css/widget-divider.min.css?ver=3.29.1	200	text/css
20250918012527	https://ornipreparation.com/wp-content/plugins/elementor/assets/css/widget-divider.min.css?ver=3.31.5	200	text/css
20250904191326	https://ornipreparation.com/wp-content/plugins/elementor/assets/css/widget-google_maps.min.css?ver=3.29.1	200	text/css
20250404211946	https://ornipreparation.com/wp-content/plugins/elementor/assets/css/widget-heading.min.css	200	text/css
20250223230845	https://ornipreparation.com/wp-content/plugins/elementor/assets/css/widget-heading.min.css?ver=3.27.0	200	text/css
20250404212540	https://ornipreparation.com/wp-content/plugins/elementor/assets/css/widget-heading.min.css?ver=3.28.1	200	text/css
20250808220406	https://ornipreparation.com/wp-content/plugins/elementor/assets/css/widget-heading.min.css?ver=3.29.1	200	text/css
20250914174703	https://ornipreparation.com/wp-content/plugins/elementor/assets/css/widget-heading.min.css?ver=3.31.5	200	text/css
20260515121357	https://ornipreparation.com/wp-content/plugins/elementor/assets/css/widget-heading.min.css?ver=3.33.4	200	text/css
20250404222048	https://ornipreparation.com/wp-content/plugins/elementor/assets/css/widget-icon-box.min.css	200	text/css
20250404212445	https://ornipreparation.com/wp-content/plugins/elementor/assets/css/widget-icon-box.min.css?ver=3.28.1	200	text/css
20250808220306	https://ornipreparation.com/wp-content/plugins/elementor/assets/css/widget-icon-box.min.css?ver=3.29.1	200	text/css
20250918012527	https://ornipreparation.com/wp-content/plugins/elementor/assets/css/widget-icon-box.min.css?ver=3.31.5	200	text/css
20260515121419	https://ornipreparation.com/wp-content/plugins/elementor/assets/css/widget-icon-box.min.css?ver=3.33.4	200	text/css
20250404222444	https://ornipreparation.com/wp-content/plugins/elementor/assets/css/widget-icon-list.min.css	200	text/css
20250223230846	https://ornipreparation.com/wp-content/plugins/elementor/assets/css/widget-icon-list.min.css?ver=3.27.0	200	text/css
20250404222524	https://ornipreparation.com/wp-content/plugins/elementor/assets/css/widget-icon-list.min.css?ver=3.28.1	200	text/css
20250808220108	https://ornipreparation.com/wp-content/plugins/elementor/assets/css/widget-icon-list.min.css?ver=3.29.1	200	text/css
20251024225520	https://ornipreparation.com/wp-content/plugins/elementor/assets/css/widget-icon-list.min.css?ver=3.31.5	200	text/css
20260515121357	https://ornipreparation.com/wp-content/plugins/elementor/assets/css/widget-icon-list.min.css?ver=3.33.4	200	text/css
20250916074248	https://ornipreparation.com/wp-content/plugins/elementor/assets/css/widget-image-box.min.css?ver=3.31.5	200	text/css
20250404222803	https://ornipreparation.com/wp-content/plugins/elementor/assets/css/widget-image-carousel.min.css	200	text/css
20250405002634	https://ornipreparation.com/wp-content/plugins/elementor/assets/css/widget-image-carousel.min.css?ver=3.28.1	200	text/css
20250808220646	https://ornipreparation.com/wp-content/plugins/elementor/assets/css/widget-image-carousel.min.css?ver=3.29.1	200	text/css
20250918012527	https://ornipreparation.com/wp-content/plugins/elementor/assets/css/widget-image-carousel.min.css?ver=3.31.5	200	text/css
20260515121419	https://ornipreparation.com/wp-content/plugins/elementor/assets/css/widget-image-carousel.min.css?ver=3.33.4	200	text/css
20250404212817	https://ornipreparation.com/wp-content/plugins/elementor/assets/css/widget-image.min.css	200	text/css
20250223230845	https://ornipreparation.com/wp-content/plugins/elementor/assets/css/widget-image.min.css?ver=3.27.0	200	text/css
20250404231011	https://ornipreparation.com/wp-content/plugins/elementor/assets/css/widget-image.min.css?ver=3.28.1	200	text/css
20250808220114	https://ornipreparation.com/wp-content/plugins/elementor/assets/css/widget-image.min.css?ver=3.29.1	200	text/css
20250914174700	https://ornipreparation.com/wp-content/plugins/elementor/assets/css/widget-image.min.css?ver=3.31.5	200	text/css
20260515121357	https://ornipreparation.com/wp-content/plugins/elementor/assets/css/widget-image.min.css?ver=3.33.4	200	text/css
20250404210457	https://ornipreparation.com/wp-content/plugins/elementor/assets/css/widget-social-icons.min.css	200	text/css
20250223230849	https://ornipreparation.com/wp-content/plugins/elementor/assets/css/widget-social-icons.min.css?ver=3.27.0	200	text/css
20250404212141	https://ornipreparation.com/wp-content/plugins/elementor/assets/css/widget-social-icons.min.css?ver=3.28.1	200	text/css
20250808220141	https://ornipreparation.com/wp-content/plugins/elementor/assets/css/widget-social-icons.min.css?ver=3.29.1	200	text/css
20250914174700	https://ornipreparation.com/wp-content/plugins/elementor/assets/css/widget-social-icons.min.css?ver=3.31.5	200	text/css
20260515121357	https://ornipreparation.com/wp-content/plugins/elementor/assets/css/widget-social-icons.min.css?ver=3.33.4	200	text/css
20250405062854	https://ornipreparation.com/wp-content/plugins/elementor/assets/css/widget-spacer.min.css	200	text/css
20250223230843	https://ornipreparation.com/wp-content/plugins/elementor/assets/css/widget-spacer.min.css?ver=3.27.0	200	text/css
20250404210816	https://ornipreparation.com/wp-content/plugins/elementor/assets/css/widget-spacer.min.css?ver=3.28.1	200	text/css
20250808220144	https://ornipreparation.com/wp-content/plugins/elementor/assets/css/widget-spacer.min.css?ver=3.29.1	200	text/css
20250914174700	https://ornipreparation.com/wp-content/plugins/elementor/assets/css/widget-spacer.min.css?ver=3.31.5	200	text/css
20260515121357	https://ornipreparation.com/wp-content/plugins/elementor/assets/css/widget-spacer.min.css?ver=3.33.4	200	text/css
20230521085116	https://ornipreparation.com/wp-content/plugins/elementor/assets/js/frontend-modules.min.js	200	text/javascript
20230521111501	https://ornipreparation.com/wp-content/plugins/elementor/assets/js/frontend-modules.min.js?ver=3.13.2	200	text/javascript
20240715003305	https://ornipreparation.com/wp-content/plugins/elementor/assets/js/frontend-modules.min.js?ver=3.15.2	200	text/javascript
20250223230844	https://ornipreparation.com/wp-content/plugins/elementor/assets/js/frontend-modules.min.js?ver=3.27.0	200	text/javascript
20250405021816	https://ornipreparation.com/wp-content/plugins/elementor/assets/js/frontend-modules.min.js?ver=3.28.1	200	application/javascript
20250808220108	https://ornipreparation.com/wp-content/plugins/elementor/assets/js/frontend-modules.min.js?ver=3.29.1	200	application/javascript
20250914174158	https://ornipreparation.com/wp-content/plugins/elementor/assets/js/frontend-modules.min.js?ver=3.31.5	200	application/javascript
20260515121400	https://ornipreparation.com/wp-content/plugins/elementor/assets/js/frontend-modules.min.js?ver=3.33.4	200	text/javascript
20211129065025	http://ornipreparation.com/wp-content/plugins/elementor/assets/js/frontend-modules.min.js?ver=3.4.8	200	application/javascript
20230521082011	https://ornipreparation.com/wp-content/plugins/elementor/assets/js/frontend.min.js	200	text/javascript
20230521083350	https://ornipreparation.com/wp-content/plugins/elementor/assets/js/frontend.min.js?ver=3.13.2	200	text/javascript
20240714203644	https://ornipreparation.com/wp-content/plugins/elementor/assets/js/frontend.min.js?ver=3.15.2	200	text/javascript
20250223230849	https://ornipreparation.com/wp-content/plugins/elementor/assets/js/frontend.min.js?ver=3.27.0	200	text/javascript
20250405020800	https://ornipreparation.com/wp-content/plugins/elementor/assets/js/frontend.min.js?ver=3.28.1	200	application/javascript
20250808220304	https://ornipreparation.com/wp-content/plugins/elementor/assets/js/frontend.min.js?ver=3.29.1	200	application/javascript
20250914174229	https://ornipreparation.com/wp-content/plugins/elementor/assets/js/frontend.min.js?ver=3.31.5	200	application/javascript
20260515121400	https://ornipreparation.com/wp-content/plugins/elementor/assets/js/frontend.min.js?ver=3.33.4	200	text/javascript
20211129065017	http://ornipreparation.com/wp-content/plugins/elementor/assets/js/frontend.min.js?ver=3.4.8	200	application/javascript
20250729123636	https://ornipreparation.com/wp-content/plugins/elementor/assets/js/image-carousel.6167d20b95b33386757b.bundle.min.js	200	application/javascript
20211129065043	http://ornipreparation.com/wp-content/plugins/elementor/assets/js/preloaded-modules.min.js?ver=3.4.8	200	application/javascript
20250830081217	https://ornipreparation.com/wp-content/plugins/elementor/assets/js/section-frontend-handlers.d85ab872da118940910d.bundle.min.js	200	application/javascript
20260515121402	https://ornipreparation.com/wp-content/plugins/elementor/assets/js/shared-frontend-handlers.03caa53373b56d3bab67.bundle.min.js	200	text/javascript
20250830081217	https://ornipreparation.com/wp-content/plugins/elementor/assets/js/shared-frontend-handlers.30dc2f9c080845a413a6.bundle.min.js	200	application/javascript
20250729123636	https://ornipreparation.com/wp-content/plugins/elementor/assets/js/text-editor.c084ef86600b6f11690d.bundle.min.js	200	application/javascript
20230521094023	https://ornipreparation.com/wp-content/plugins/elementor/assets/js/webpack.runtime.min.js	200	text/javascript
20230521095150	https://ornipreparation.com/wp-content/plugins/elementor/assets/js/webpack.runtime.min.js?ver=3.13.2	200	text/javascript
20240714195455	https://ornipreparation.com/wp-content/plugins/elementor/assets/js/webpack.runtime.min.js?ver=3.15.2	200	text/javascript
20250223230849	https://ornipreparation.com/wp-content/plugins/elementor/assets/js/webpack.runtime.min.js?ver=3.27.0	200	text/javascript
20250404221102	https://ornipreparation.com/wp-content/plugins/elementor/assets/js/webpack.runtime.min.js?ver=3.28.1	200	application/javascript
20250808220102	https://ornipreparation.com/wp-content/plugins/elementor/assets/js/webpack.runtime.min.js?ver=3.29.1	200	application/javascript
20250914174157	https://ornipreparation.com/wp-content/plugins/elementor/assets/js/webpack.runtime.min.js?ver=3.31.5	200	application/javascript
20260515121400	https://ornipreparation.com/wp-content/plugins/elementor/assets/js/webpack.runtime.min.js?ver=3.33.4	200	text/javascript
20211129065051	http://ornipreparation.com/wp-content/plugins/elementor/assets/js/webpack.runtime.min.js?ver=3.4.8	200	application/javascript
20211129064952	http://ornipreparation.com/wp-content/plugins/elementor/assets/lib/animations/animations.min.css?ver=3.4.8	200	text/css
20211129065040	http://ornipreparation.com/wp-content/plugins/elementor/assets/lib/dialog/dialog.min.js?ver=4.8.1	200	application/javascript
20230521165349	https://ornipreparation.com/wp-content/plugins/elementor/assets/lib/eicons/css/elementor-icons.min.css	200	text/css
20211129065018	http://ornipreparation.com/wp-content/plugins/elementor/assets/lib/eicons/css/elementor-icons.min.css?ver=5.13.0	200	text/css
20230521081112	https://ornipreparation.com/wp-content/plugins/elementor/assets/lib/eicons/css/elementor-icons.min.css?ver=5.20.0	200	text/css
20240714225711	https://ornipreparation.com/wp-content/plugins/elementor/assets/lib/eicons/css/elementor-icons.min.css?ver=5.21.0	200	text/css
20250223230843	https://ornipreparation.com/wp-content/plugins/elementor/assets/lib/eicons/css/elementor-icons.min.css?ver=5.35.0	200	text/css
20250404232644	https://ornipreparation.com/wp-content/plugins/elementor/assets/lib/eicons/css/elementor-icons.min.css?ver=5.36.0	200	text/css
20250808220226	https://ornipreparation.com/wp-content/plugins/elementor/assets/lib/eicons/css/elementor-icons.min.css?ver=5.40.0	200	text/css
20250914174744	https://ornipreparation.com/wp-content/plugins/elementor/assets/lib/eicons/css/elementor-icons.min.css?ver=5.43.0	200	text/css
20260515121357	https://ornipreparation.com/wp-content/plugins/elementor/assets/lib/eicons/css/elementor-icons.min.css?ver=5.44.0	200	text/css
20211129065029	http://ornipreparation.com/wp-content/plugins/elementor/assets/lib/eicons/fonts/eicons.eot?5.10.0	200	application/vnd.ms-fontobject
20211129072146	http://ornipreparation.com/wp-content/plugins/elementor/assets/lib/eicons/fonts/eicons.eot?5.13.0	200	application/vnd.ms-fontobject
20250223230851	https://ornipreparation.com/wp-content/plugins/elementor/assets/lib/eicons/fonts/eicons.eot?5.35.0	200	application/vnd.ms-fontobject
20211129064959	http://ornipreparation.com/wp-content/plugins/elementor/assets/lib/eicons/fonts/eicons.svg?5.10.0	200	image/svg+xml
20211130104008	http://ornipreparation.com/wp-content/plugins/elementor/assets/lib/eicons/fonts/eicons.svg?5.13.0	200	image/svg+xml
20250223230849	https://ornipreparation.com/wp-content/plugins/elementor/assets/lib/eicons/fonts/eicons.svg?5.35.0	200	image/svg+xml
20211129064954	http://ornipreparation.com/wp-content/plugins/elementor/assets/lib/eicons/fonts/eicons.ttf?5.10.0	200	application/font-sfnt
20211130104006	http://ornipreparation.com/wp-content/plugins/elementor/assets/lib/eicons/fonts/eicons.ttf?5.13.0	200	application/font-sfnt
20250223230852	https://ornipreparation.com/wp-content/plugins/elementor/assets/lib/eicons/fonts/eicons.ttf?5.35.0	200	application/font-sfnt
20211129064948	http://ornipreparation.com/wp-content/plugins/elementor/assets/lib/eicons/fonts/eicons.woff2?5.10.0	200	unk
20211129072155	http://ornipreparation.com/wp-content/plugins/elementor/assets/lib/eicons/fonts/eicons.woff2?5.13.0	200	unk
20250223230852	https://ornipreparation.com/wp-content/plugins/elementor/assets/lib/eicons/fonts/eicons.woff2?5.35.0	200	font/woff2
20250729123633	https://ornipreparation.com/wp-content/plugins/elementor/assets/lib/eicons/fonts/eicons.woff2?5.36.0	200	font/woff2
20250830101439	https://ornipreparation.com/wp-content/plugins/elementor/assets/lib/eicons/fonts/eicons.woff2?5.41.0	200	font/woff2
20211129065010	http://ornipreparation.com/wp-content/plugins/elementor/assets/lib/eicons/fonts/eicons.woff?5.10.0	200	application/font-woff
20211129072203	http://ornipreparation.com/wp-content/plugins/elementor/assets/lib/eicons/fonts/eicons.woff?5.13.0	200	application/font-woff
20250223230850	https://ornipreparation.com/wp-content/plugins/elementor/assets/lib/eicons/fonts/eicons.woff?5.35.0	200	application/font-woff
20250404212128	https://ornipreparation.com/wp-content/plugins/elementor/assets/lib/font-awesome/css/all.css	200	text/css
20250223230842	https://ornipreparation.com/wp-content/plugins/elementor/assets/lib/font-awesome/css/all.css?ver=4.7.3	200	text/css
20250404213441	https://ornipreparation.com/wp-content/plugins/elementor/assets/lib/font-awesome/css/all.css?ver=4.7.6	200	text/css
20251024232141	https://ornipreparation.com/wp-content/plugins/elementor/assets/lib/font-awesome/css/all.css?ver=4.8.4	200	text/css
20260515121355	https://ornipreparation.com/wp-content/plugins/elementor/assets/lib/font-awesome/css/all.css?ver=4.8.6	200	text/css
20230521080531	https://ornipreparation.com/wp-content/plugins/elementor/assets/lib/font-awesome/css/all.min.css	200	text/css
20230521082559	https://ornipreparation.com/wp-content/plugins/elementor/assets/lib/font-awesome/css/all.min.css?ver=3.13.2	200	text/css
20240714204836	https://ornipreparation.com/wp-content/plugins/elementor/assets/lib/font-awesome/css/all.min.css?ver=3.15.2	200	text/css
20250223230846	https://ornipreparation.com/wp-content/plugins/elementor/assets/lib/font-awesome/css/all.min.css?ver=3.27.0	200	text/css
20250404211348	https://ornipreparation.com/wp-content/plugins/elementor/assets/lib/font-awesome/css/all.min.css?ver=3.28.1	200	text/css
20250808220114	https://ornipreparation.com/wp-content/plugins/elementor/assets/lib/font-awesome/css/all.min.css?ver=3.29.1	200	text/css
20251025064033	https://ornipreparation.com/wp-content/plugins/elementor/assets/lib/font-awesome/css/all.min.css?ver=3.31.5	200	text/css
20260515121357	https://ornipreparation.com/wp-content/plugins/elementor/assets/lib/font-awesome/css/all.min.css?ver=3.33.4	200	text/css
20211129065026	http://ornipreparation.com/wp-content/plugins/elementor/assets/lib/font-awesome/css/all.min.css?ver=4.7.1	200	text/css
20230523002657	https://ornipreparation.com/wp-content/plugins/elementor/assets/lib/font-awesome/css/brands.min.css	200	text/css
20211129065006	http://ornipreparation.com/wp-content/plugins/elementor/assets/lib/font-awesome/css/brands.min.css?ver=5.15.3	200	text/css
20230521074445	https://ornipreparation.com/wp-content/plugins/elementor/assets/lib/font-awesome/css/font-awesome.min.css	200	text/css
20211129065030	http://ornipreparation.com/wp-content/plugins/elementor/assets/lib/font-awesome/css/font-awesome.min.css?ver=4.7.0	200	text/css
20230521085316	https://ornipreparation.com/wp-content/plugins/elementor/assets/lib/font-awesome/css/fontawesome.min.css	200	text/css
20211129064943	http://ornipreparation.com/wp-content/plugins/elementor/assets/lib/font-awesome/css/fontawesome.min.css?ver=5.15.3	200	text/css
20230521083904	https://ornipreparation.com/wp-content/plugins/elementor/assets/lib/font-awesome/css/regular.min.css	200	text/css
20211129065032	http://ornipreparation.com/wp-content/plugins/elementor/assets/lib/font-awesome/css/regular.min.css?ver=5.15.3	200	text/css
20230521153006	https://ornipreparation.com/wp-content/plugins/elementor/assets/lib/font-awesome/css/solid.min.css	200	text/css
20211129064959	http://ornipreparation.com/wp-content/plugins/elementor/assets/lib/font-awesome/css/solid.min.css?ver=5.15.3	200	text/css
20230521095741	https://ornipreparation.com/wp-content/plugins/elementor/assets/lib/font-awesome/css/v4-shims.min.css	200	text/css
20211129064958	http://ornipreparation.com/wp-content/plugins/elementor/assets/lib/font-awesome/css/v4-shims.min.css?ver=1.0	200	text/css
20230521085244	https://ornipreparation.com/wp-content/plugins/elementor/assets/lib/font-awesome/css/v4-shims.min.css?ver=3.13.2	200	text/css
20240714201915	https://ornipreparation.com/wp-content/plugins/elementor/assets/lib/font-awesome/css/v4-shims.min.css?ver=3.15.2	200	text/css
20250223230842	https://ornipreparation.com/wp-content/plugins/elementor/assets/lib/font-awesome/css/v4-shims.min.css?ver=3.27.0	200	text/css
20250404222813	https://ornipreparation.com/wp-content/plugins/elementor/assets/lib/font-awesome/css/v4-shims.min.css?ver=3.28.1	200	text/css
20250808220126	https://ornipreparation.com/wp-content/plugins/elementor/assets/lib/font-awesome/css/v4-shims.min.css?ver=3.29.1	200	text/css
20251024225504	https://ornipreparation.com/wp-content/plugins/elementor/assets/lib/font-awesome/css/v4-shims.min.css?ver=3.31.5	200	text/css
20260515121357	https://ornipreparation.com/wp-content/plugins/elementor/assets/lib/font-awesome/css/v4-shims.min.css?ver=3.33.4	200	text/css
20211129135237	http://ornipreparation.com/wp-content/plugins/elementor/assets/lib/font-awesome/fonts/fontawesome-webfont.eot	200	application/vnd.ms-fontobject
20211129065214	http://ornipreparation.com/wp-content/plugins/elementor/assets/lib/font-awesome/fonts/fontawesome-webfont.eot?v=4.7.0	200	application/vnd.ms-fontobject
20211129072211	http://ornipreparation.com/wp-content/plugins/elementor/assets/lib/font-awesome/fonts/fontawesome-webfont.svg?v=4.7.0	200	image/svg+xml
20211129135239	http://ornipreparation.com/wp-content/plugins/elementor/assets/lib/font-awesome/fonts/fontawesome-webfont.ttf?v=4.7.0	200	application/font-sfnt
20211129065216	http://ornipreparation.com/wp-content/plugins/elementor/assets/lib/font-awesome/fonts/fontawesome-webfont.woff2?v=4.7.0	200	unk
20211129072217	http://ornipreparation.com/wp-content/plugins/elementor/assets/lib/font-awesome/fonts/fontawesome-webfont.woff?v=4.7.0	200	application/font-woff
20230521152127	https://ornipreparation.com/wp-content/plugins/elementor/assets/lib/font-awesome/js/v4-shims.min.js	200	text/javascript
20211129065047	http://ornipreparation.com/wp-content/plugins/elementor/assets/lib/font-awesome/js/v4-shims.min.js?ver=1.0	200	application/javascript
20230521114016	https://ornipreparation.com/wp-content/plugins/elementor/assets/lib/font-awesome/js/v4-shims.min.js?ver=3.13.2	200	text/javascript
20240716042628	https://ornipreparation.com/wp-content/plugins/elementor/assets/lib/font-awesome/js/v4-shims.min.js?ver=3.15.2	200	text/javascript
20250223230845	https://ornipreparation.com/wp-content/plugins/elementor/assets/lib/font-awesome/js/v4-shims.min.js?ver=3.27.0	200	text/javascript
20250404230026	https://ornipreparation.com/wp-content/plugins/elementor/assets/lib/font-awesome/js/v4-shims.min.js?ver=3.28.1	200	application/javascript
20250808220116	https://ornipreparation.com/wp-content/plugins/elementor/assets/lib/font-awesome/js/v4-shims.min.js?ver=3.29.1	200	application/javascript
20251024231751	https://ornipreparation.com/wp-content/plugins/elementor/assets/lib/font-awesome/js/v4-shims.min.js?ver=3.31.5	200	application/javascript
20260515121359	https://ornipreparation.com/wp-content/plugins/elementor/assets/lib/font-awesome/js/v4-shims.min.js?ver=3.33.4	200	text/javascript
20211130104003	http://ornipreparation.com/wp-content/plugins/elementor/assets/lib/font-awesome/webfonts/fa-brands-400.eot	200	application/vnd.ms-fontobject
20211129065139	http://ornipreparation.com/wp-content/plugins/elementor/assets/lib/font-awesome/webfonts/fa-brands-400.svg	200	image/svg+xml
20211130104001	http://ornipreparation.com/wp-content/plugins/elementor/assets/lib/font-awesome/webfonts/fa-brands-400.ttf	200	application/font-sfnt
20211129072141	http://ornipreparation.com/wp-content/plugins/elementor/assets/lib/font-awesome/webfonts/fa-brands-400.woff	200	application/font-woff
20211129065137	http://ornipreparation.com/wp-content/plugins/elementor/assets/lib/font-awesome/webfonts/fa-brands-400.woff2	200	unk
20211129065206	http://ornipreparation.com/wp-content/plugins/elementor/assets/lib/font-awesome/webfonts/fa-regular-400.eot	200	application/vnd.ms-fontobject
20211130104021	http://ornipreparation.com/wp-content/plugins/elementor/assets/lib/font-awesome/webfonts/fa-regular-400.svg	200	image/svg+xml
20211129065211	http://ornipreparation.com/wp-content/plugins/elementor/assets/lib/font-awesome/webfonts/fa-regular-400.ttf	200	application/font-sfnt
20211129065209	http://ornipreparation.com/wp-content/plugins/elementor/assets/lib/font-awesome/webfonts/fa-regular-400.woff	200	application/font-woff
20211129065212	http://ornipreparation.com/wp-content/plugins/elementor/assets/lib/font-awesome/webfonts/fa-regular-400.woff2	200	unk
20211129065134	http://ornipreparation.com/wp-content/plugins/elementor/assets/lib/font-awesome/webfonts/fa-solid-900.eot	200	application/vnd.ms-fontobject
20211130103958	http://ornipreparation.com/wp-content/plugins/elementor/assets/lib/font-awesome/webfonts/fa-solid-900.svg	200	image/svg+xml
20211130103956	http://ornipreparation.com/wp-content/plugins/elementor/assets/lib/font-awesome/webfonts/fa-solid-900.ttf	200	application/font-sfnt
20211129072138	http://ornipreparation.com/wp-content/plugins/elementor/assets/lib/font-awesome/webfonts/fa-solid-900.woff	200	application/font-woff
20211130103954	http://ornipreparation.com/wp-content/plugins/elementor/assets/lib/font-awesome/webfonts/fa-solid-900.woff2	200	unk
20211129065049	http://ornipreparation.com/wp-content/plugins/elementor/assets/lib/share-link/share-link.min.js?ver=3.4.8	200	application/javascript
20230521110045	https://ornipreparation.com/wp-content/plugins/elementor/assets/lib/swiper/css/swiper.min.css	200	text/css
20230521083807	https://ornipreparation.com/wp-content/plugins/elementor/assets/lib/swiper/css/swiper.min.css?ver=5.3.6	200	text/css
20211129064954	http://ornipreparation.com/wp-content/plugins/elementor/assets/lib/swiper/swiper.min.js?ver=5.3.6	200	application/javascript
20250404220213	https://ornipreparation.com/wp-content/plugins/elementor/assets/lib/swiper/v8/css/swiper.min.css	200	text/css
20250223230843	https://ornipreparation.com/wp-content/plugins/elementor/assets/lib/swiper/v8/css/swiper.min.css?ver=8.4.5	200	text/css
20250404211136	https://ornipreparation.com/wp-content/plugins/elementor/assets/lib/swiper/v8/swiper.min.js	200	application/javascript
20250223230845	https://ornipreparation.com/wp-content/plugins/elementor/assets/lib/swiper/v8/swiper.min.js?ver=8.4.5	200	text/javascript
20230521100446	https://ornipreparation.com/wp-content/plugins/elementor/assets/lib/waypoints/waypoints.min.js	200	text/javascript
20211129065003	http://ornipreparation.com/wp-content/plugins/elementor/assets/lib/waypoints/waypoints.min.js?ver=4.0.2	200	application/javascript
20211129064951	http://ornipreparation.com/wp-content/plugins/essential-addons-for-elementor-lite/assets/admin/images/templately/logo-icon.svg	200	image/svg+xml
20230521195608	https://ornipreparation.com/wp-content/plugins/essential-addons-for-elementor-lite/assets/front-end/css/view/general.min.css	200	text/css
20230521085212	https://ornipreparation.com/wp-content/plugins/essential-addons-for-elementor-lite/assets/front-end/css/view/general.min.css?ver=5.7.2	200	text/css
20240714204354	https://ornipreparation.com/wp-content/plugins/essential-addons-for-elementor-lite/assets/front-end/css/view/general.min.css?ver=5.8.6	200	text/css
20250223230842	https://ornipreparation.com/wp-content/plugins/essential-addons-for-elementor-lite/assets/front-end/css/view/general.min.css?ver=6.1.1	200	text/css
20250808220124	https://ornipreparation.com/wp-content/plugins/essential-addons-for-elementor-lite/assets/front-end/css/view/general.min.css?ver=6.1.20	200	text/css
20250404231148	https://ornipreparation.com/wp-content/plugins/essential-addons-for-elementor-lite/assets/front-end/css/view/general.min.css?ver=6.1.9	200	text/css
20250914174706	https://ornipreparation.com/wp-content/plugins/essential-addons-for-elementor-lite/assets/front-end/css/view/general.min.css?ver=6.3.1	200	text/css
20260515121357	https://ornipreparation.com/wp-content/plugins/essential-addons-for-elementor-lite/assets/front-end/css/view/general.min.css?ver=6.5.6	200	text/css
20230521091846	https://ornipreparation.com/wp-content/plugins/essential-addons-for-elementor-lite/assets/front-end/js/view/general.min.js	200	text/javascript
20240715080307	https://ornipreparation.com/wp-content/plugins/essential-addons-for-elementor-lite/assets/front-end/js/view/general.min.js?ver=5.8.6	200	text/javascript
20250223230849	https://ornipreparation.com/wp-content/plugins/essential-addons-for-elementor-lite/assets/front-end/js/view/general.min.js?ver=6.1.1	200	text/javascript
20250808220110	https://ornipreparation.com/wp-content/plugins/essential-addons-for-elementor-lite/assets/front-end/js/view/general.min.js?ver=6.1.20	200	application/javascript
20250404211840	https://ornipreparation.com/wp-content/plugins/essential-addons-for-elementor-lite/assets/front-end/js/view/general.min.js?ver=6.1.9	200	application/javascript
20250914174229	https://ornipreparation.com/wp-content/plugins/essential-addons-for-elementor-lite/assets/front-end/js/view/general.min.js?ver=6.3.1	200	application/javascript
20260515121400	https://ornipreparation.com/wp-content/plugins/essential-addons-for-elementor-lite/assets/front-end/js/view/general.min.js?ver=6.5.6	200	text/javascript
20251024225649	https://ornipreparation.com/wp-content/plugins/exclusive-addons-for-elementor/assets/css/exad-styles.min.css	200	text/css
20251024225102	https://ornipreparation.com/wp-content/plugins/exclusive-addons-for-elementor/assets/css/exad-styles.min.css?ver=6.8.3	200	text/css
20260515121358	https://ornipreparation.com/wp-content/plugins/exclusive-addons-for-elementor/assets/css/exad-styles.min.css?ver=6.9.4	200	text/css
20250914175048	https://ornipreparation.com/wp-content/plugins/exclusive-addons-for-elementor/assets/fonts/remix-icon/remixicon.eot?t=1590207869815	200	application/vnd.ms-fontobject
20251024235108	https://ornipreparation.com/wp-content/plugins/exclusive-addons-for-elementor/assets/fonts/remix-icon/remixicon.min.css	200	text/css
20251024233018	https://ornipreparation.com/wp-content/plugins/exclusive-addons-for-elementor/assets/fonts/remix-icon/remixicon.min.css?ver=2.7.9.5	200	text/css
20250914175048	https://ornipreparation.com/wp-content/plugins/exclusive-addons-for-elementor/assets/fonts/remix-icon/remixicon.svg?t=1590207869815	200	image/svg+xml
20260515122118	https://ornipreparation.com/wp-content/plugins/exclusive-addons-for-elementor/assets/fonts/remix-icon/remixicon.ttf?t=1590207869815	200	font/ttf
20260515122118	https://ornipreparation.com/wp-content/plugins/exclusive-addons-for-elementor/assets/fonts/remix-icon/remixicon.woff2?t=1590207869815	200	font/woff2
20250914175048	https://ornipreparation.com/wp-content/plugins/exclusive-addons-for-elementor/assets/fonts/remix-icon/remixicon.woff?t=1590207869815	200	font/woff
20251024234815	https://ornipreparation.com/wp-content/plugins/exclusive-addons-for-elementor/assets/fonts/teeny-icon/teeny-icon-style.min.css	200	text/css
20251024233717	https://ornipreparation.com/wp-content/plugins/exclusive-addons-for-elementor/assets/fonts/teeny-icon/teeny-icon-style.min.css?ver=2.7.9.5	200	text/css
20251024230052	https://ornipreparation.com/wp-content/plugins/exclusive-addons-for-elementor/assets/js/exad-scripts.min.js	200	application/javascript
20250914174231	https://ornipreparation.com/wp-content/plugins/exclusive-addons-for-elementor/assets/js/exad-scripts.min.js?ver=2.7.9.5	200	application/javascript
20251025021944	https://ornipreparation.com/wp-content/plugins/exclusive-addons-for-elementor/assets/vendor/css/imagehover.css	200	text/css
20251025001858	https://ornipreparation.com/wp-content/plugins/exclusive-addons-for-elementor/assets/vendor/css/imagehover.css?ver=6.8.3	200	text/css
20260515121358	https://ornipreparation.com/wp-content/plugins/exclusive-addons-for-elementor/assets/vendor/css/imagehover.css?ver=6.9.4	200	text/css
20251024231637	https://ornipreparation.com/wp-content/plugins/exclusive-addons-for-elementor/assets/vendor/css/slick-theme.min.css	200	text/css
20250914174824	https://ornipreparation.com/wp-content/plugins/exclusive-addons-for-elementor/assets/vendor/css/slick-theme.min.css?ver=6.8.2	200	text/css
20251024231543	https://ornipreparation.com/wp-content/plugins/exclusive-addons-for-elementor/assets/vendor/css/slick-theme.min.css?ver=6.8.3	200	text/css
20260515121358	https://ornipreparation.com/wp-content/plugins/exclusive-addons-for-elementor/assets/vendor/css/slick-theme.min.css?ver=6.9.4	200	text/css
20251024225735	https://ornipreparation.com/wp-content/plugins/exclusive-addons-for-elementor/assets/vendor/css/slick.min.css	200	text/css
20250914174823	https://ornipreparation.com/wp-content/plugins/exclusive-addons-for-elementor/assets/vendor/css/slick.min.css?ver=6.8.2	200	text/css
20251024232226	https://ornipreparation.com/wp-content/plugins/exclusive-addons-for-elementor/assets/vendor/css/slick.min.css?ver=6.8.3	200	text/css
20260515121358	https://ornipreparation.com/wp-content/plugins/exclusive-addons-for-elementor/assets/vendor/css/slick.min.css?ver=6.9.4	200	text/css
20251024232354	https://ornipreparation.com/wp-content/plugins/exclusive-addons-for-elementor/assets/vendor/css/swiper.min.css	200	text/css
20251024230716	https://ornipreparation.com/wp-content/plugins/exclusive-addons-for-elementor/assets/vendor/css/swiper.min.css?ver=2.7.9.5	200	text/css
20260515122112	https://ornipreparation.com/wp-content/plugins/exclusive-addons-for-elementor/assets/vendor/fonts/slick.eot	200	application/vnd.ms-fontobject
20250914175018	https://ornipreparation.com/wp-content/plugins/exclusive-addons-for-elementor/assets/vendor/fonts/slick.svg	200	image/svg+xml
20260515122112	https://ornipreparation.com/wp-content/plugins/exclusive-addons-for-elementor/assets/vendor/fonts/slick.ttf	200	font/ttf
20251024231946	https://ornipreparation.com/wp-content/plugins/exclusive-addons-for-elementor/assets/vendor/js/jquery.sticky-sidebar.js	200	application/javascript
20251024232533	https://ornipreparation.com/wp-content/plugins/exclusive-addons-for-elementor/assets/vendor/js/jquery.sticky-sidebar.js?ver=2.7.9.5	200	application/javascript
20211129064958	http://ornipreparation.com/wp-content/plugins/generate-pdf-using-contact-form-7/assets/css/cf7-pdf-generation-public-min.css?ver=1.2	200	text/css
20211129065007	http://ornipreparation.com/wp-content/plugins/generate-pdf-using-contact-form-7/assets/js/cf7-pdf-generation-public-min.js?ver=1.2	200	application/javascript
20211130104015	http://ornipreparation.com/wp-content/plugins/happy-elementor-addons/assets/fonts/happy-icons.svg	200	image/svg+xml
20211129135228	http://ornipreparation.com/wp-content/plugins/happy-elementor-addons/assets/fonts/happy-icons.woff	200	application/font-woff
20211129072205	http://ornipreparation.com/wp-content/plugins/happy-elementor-addons/assets/fonts/happy-icons.woff2	200	unk
20251025055820	https://ornipreparation.com/wp-content/plugins/happy-elementor-addons/assets/fonts/huge-icons/huge-icons.min.css	200	text/css
20251024233905	https://ornipreparation.com/wp-content/plugins/happy-elementor-addons/assets/fonts/huge-icons/huge-icons.min.css?ver=3.20.0	200	text/css
20250918012532	https://ornipreparation.com/wp-content/plugins/happy-elementor-addons/assets/fonts/huge-icons/huge-icons.svg	200	image/svg+xml
20250918012532	https://ornipreparation.com/wp-content/plugins/happy-elementor-addons/assets/fonts/huge-icons/huge-icons.woff	200	font/woff
20230521081340	https://ornipreparation.com/wp-content/plugins/happy-elementor-addons/assets/fonts/style.min.css	200	text/css
20250223230846	https://ornipreparation.com/wp-content/plugins/happy-elementor-addons/assets/fonts/style.min.css?ver=3.16.1	200	text/css
20250404210734	https://ornipreparation.com/wp-content/plugins/happy-elementor-addons/assets/fonts/style.min.css?ver=3.16.3	200	text/css
20251025004817	https://ornipreparation.com/wp-content/plugins/happy-elementor-addons/assets/fonts/style.min.css?ver=3.20.0	200	text/css
20260515121357	https://ornipreparation.com/wp-content/plugins/happy-elementor-addons/assets/fonts/style.min.css?ver=3.20.8	200	text/css
20211129065019	http://ornipreparation.com/wp-content/plugins/happy-elementor-addons/assets/fonts/style.min.css?ver=3.3.0	200	text/css
20230521074454	https://ornipreparation.com/wp-content/plugins/happy-elementor-addons/assets/fonts/style.min.css?ver=3.8.4	200	text/css
20240715005836	https://ornipreparation.com/wp-content/plugins/happy-elementor-addons/assets/fonts/style.min.css?ver=3.8.6	200	text/css
20250808220106	https://ornipreparation.com/wp-content/plugins/happy-elementor-addons/assets/js/extension-advanced-tooltip.min.js	200	application/javascript
20250223230847	https://ornipreparation.com/wp-content/plugins/happy-elementor-addons/assets/js/extension-advanced-tooltip.min.js?ver=3.16.1	200	text/javascript
20250729124918	https://ornipreparation.com/wp-content/plugins/happy-elementor-addons/assets/js/extension-advanced-tooltip.min.js?ver=3.16.3	200	application/javascript
20250914174230	https://ornipreparation.com/wp-content/plugins/happy-elementor-addons/assets/js/extension-advanced-tooltip.min.js?ver=3.20.0	200	application/javascript
20260515121400	https://ornipreparation.com/wp-content/plugins/happy-elementor-addons/assets/js/extension-advanced-tooltip.min.js?ver=3.20.8	200	text/javascript
20250404213936	https://ornipreparation.com/wp-content/plugins/happy-elementor-addons/assets/js/extension-reading-progress-bar.min.js	200	application/javascript
20250223230843	https://ornipreparation.com/wp-content/plugins/happy-elementor-addons/assets/js/extension-reading-progress-bar.min.js?ver=3.16.1	200	text/javascript
20250404221033	https://ornipreparation.com/wp-content/plugins/happy-elementor-addons/assets/js/extension-reading-progress-bar.min.js?ver=3.16.3	200	application/javascript
20250914174331	https://ornipreparation.com/wp-content/plugins/happy-elementor-addons/assets/js/extension-reading-progress-bar.min.js?ver=3.20.0	200	application/javascript
20260515121400	https://ornipreparation.com/wp-content/plugins/happy-elementor-addons/assets/js/extension-reading-progress-bar.min.js?ver=3.20.8	200	text/javascript
20230521125721	https://ornipreparation.com/wp-content/plugins/happy-elementor-addons/assets/js/happy-addons.min.js	200	text/javascript
20250223230843	https://ornipreparation.com/wp-content/plugins/happy-elementor-addons/assets/js/happy-addons.min.js?ver=3.16.1	200	text/javascript
20250405144302	https://ornipreparation.com/wp-content/plugins/happy-elementor-addons/assets/js/happy-addons.min.js?ver=3.16.3	200	application/javascript
20250914174230	https://ornipreparation.com/wp-content/plugins/happy-elementor-addons/assets/js/happy-addons.min.js?ver=3.20.0	200	application/javascript
20260515121400	https://ornipreparation.com/wp-content/plugins/happy-elementor-addons/assets/js/happy-addons.min.js?ver=3.20.8	200	text/javascript
20211129065035	http://ornipreparation.com/wp-content/plugins/happy-elementor-addons/assets/js/happy-addons.min.js?ver=3.3.0	200	application/javascript
20230521133526	https://ornipreparation.com/wp-content/plugins/happy-elementor-addons/assets/js/happy-addons.min.js?ver=3.8.4	200	text/javascript
20240714201836	https://ornipreparation.com/wp-content/plugins/happy-elementor-addons/assets/js/happy-addons.min.js?ver=3.8.6	200	text/javascript
20250405015720	https://ornipreparation.com/wp-content/plugins/happy-elementor-addons/assets/vendor/dom-purify/purify.min.js	200	application/javascript
20250223230844	https://ornipreparation.com/wp-content/plugins/happy-elementor-addons/assets/vendor/dom-purify/purify.min.js?ver=3.1.6	200	text/javascript
20250729123636	https://ornipreparation.com/wp-content/plugins/happy-elementor-addons/assets/vendor/slick/ajax-loader.gif	200	image/gif
20230521090016	https://ornipreparation.com/wp-content/plugins/happy-elementor-addons/assets/vendor/slick/slick-theme.css	200	text/css
20250404211613	https://ornipreparation.com/wp-content/plugins/happy-elementor-addons/assets/vendor/slick/slick-theme.css?ver=3.16.3	200	text/css
20251024233816	https://ornipreparation.com/wp-content/plugins/happy-elementor-addons/assets/vendor/slick/slick-theme.css?ver=3.20.0	200	text/css
20230521102723	https://ornipreparation.com/wp-content/plugins/happy-elementor-addons/assets/vendor/slick/slick-theme.css?ver=3.8.4	200	text/css
20240716001752	https://ornipreparation.com/wp-content/plugins/happy-elementor-addons/assets/vendor/slick/slick-theme.css?ver=3.8.6	200	text/css
20230521081922	https://ornipreparation.com/wp-content/plugins/happy-elementor-addons/assets/vendor/slick/slick.css	200	text/css
20250404210530	https://ornipreparation.com/wp-content/plugins/happy-elementor-addons/assets/vendor/slick/slick.css?ver=3.16.3	200	text/css
20250918012529	https://ornipreparation.com/wp-content/plugins/happy-elementor-addons/assets/vendor/slick/slick.css?ver=3.20.0	200	text/css
20220919055948	https://ornipreparation.com/wp-content/plugins/happy-elementor-addons/assets/vendor/slick/slick.css?ver=3.4.3	200	text/css
20230521140052	https://ornipreparation.com/wp-content/plugins/happy-elementor-addons/assets/vendor/slick/slick.css?ver=3.8.4	200	text/css
20240716041734	https://ornipreparation.com/wp-content/plugins/happy-elementor-addons/assets/vendor/slick/slick.css?ver=3.8.6	200	text/css
20230521094309	https://ornipreparation.com/wp-content/plugins/happy-elementor-addons/assets/vendor/slick/slick.min.js	200	text/javascript
20250404211840	https://ornipreparation.com/wp-content/plugins/happy-elementor-addons/assets/vendor/slick/slick.min.js?ver=3.16.3	200	application/javascript
20251025013234	https://ornipreparation.com/wp-content/plugins/happy-elementor-addons/assets/vendor/slick/slick.min.js?ver=3.20.0	200	application/javascript
20230521093319	https://ornipreparation.com/wp-content/plugins/happy-elementor-addons/assets/vendor/slick/slick.min.js?ver=3.8.4	200	text/javascript
20240716003911	https://ornipreparation.com/wp-content/plugins/happy-elementor-addons/assets/vendor/slick/slick.min.js?ver=3.8.6	200	text/javascript
20211129070611	http://ornipreparation.com/wp-content/plugins/ionos-assistant/css/assistant.css?ver=5.8.2	200	text/css
20211129070620	http://ornipreparation.com/wp-content/plugins/ionos-assistant/css/fonts/Open_Sans/OpenSans-Light.ttf	200	application/font-sfnt
20211129070613	http://ornipreparation.com/wp-content/plugins/ionos-assistant/css/fonts/Open_Sans/OpenSans-Light.woff	200	application/font-woff
20211129070622	http://ornipreparation.com/wp-content/plugins/ionos-assistant/css/fonts/Open_Sans/OpenSans-Light.woff2	200	unk
20211129070616	http://ornipreparation.com/wp-content/plugins/ionos-assistant/css/fonts/Open_Sans/OpenSans-Regular.ttf	200	application/font-sfnt
20211130104024	http://ornipreparation.com/wp-content/plugins/ionos-assistant/css/fonts/Open_Sans/OpenSans-Regular.woff	200	application/font-woff
20211129072229	http://ornipreparation.com/wp-content/plugins/ionos-assistant/css/fonts/Open_Sans/OpenSans-Regular.woff2	200	unk
20211129135247	http://ornipreparation.com/wp-content/plugins/ionos-assistant/css/fonts/Open_Sans/OpenSans-Semibold.ttf	200	application/font-sfnt
20211129070615	http://ornipreparation.com/wp-content/plugins/ionos-assistant/css/fonts/Open_Sans/OpenSans-Semibold.woff	200	application/font-woff
20211129135249	http://ornipreparation.com/wp-content/plugins/ionos-assistant/css/fonts/Open_Sans/OpenSans-Semibold.woff2	200	unk
20211129072125	http://ornipreparation.com/wp-content/plugins/ionos-assistant/css/login.css?ver=5.8.2	200	text/css
20211129070619	http://ornipreparation.com/wp-content/plugins/ionos-assistant/images/card/arrow.png	200	image/png
20211129065030	http://ornipreparation.com/wp-content/plugins/ionos-assistant/js/cookies.js?ver=5.8.2	200	application/javascript
20211129065115	http://ornipreparation.com/wp-content/plugins/ionos-assistant/js/login.js	200	application/javascript
20211129065022	http://ornipreparation.com/wp-content/plugins/jetpack/css/jetpack.css?ver=10.3	200	text/css
20211129072207	http://ornipreparation.com/wp-content/plugins/jetpack/modules/shortcodes/images/collapse.png	200	image/png
20211129135231	http://ornipreparation.com/wp-content/plugins/jetpack/modules/shortcodes/images/expand.png	200	image/png
20211129065149	http://ornipreparation.com/wp-content/plugins/jetpack/modules/shortcodes/images/slide-nav.png	200	image/png
20211130104017	http://ornipreparation.com/wp-content/plugins/jetpack/modules/shortcodes/img/slideshow-controls-2x.png	200	image/png
20211129065205	http://ornipreparation.com/wp-content/plugins/jetpack/modules/shortcodes/img/slideshow-controls.png	200	image/png
20211129065047	http://ornipreparation.com/wp-content/plugins/master-addons/assets/css/master-addons-styles.css?ver=5.8.2	200	text/css
20211129065218	http://ornipreparation.com/wp-content/plugins/master-addons/assets/images/spinner-dark.svg	200	image/svg+xml
20211129065219	http://ornipreparation.com/wp-content/plugins/master-addons/assets/images/spinner-default.svg	200	image/svg+xml
20211129135245	http://ornipreparation.com/wp-content/plugins/master-addons/assets/images/spinner-light.svg	200	image/svg+xml
20211129065017	http://ornipreparation.com/wp-content/plugins/master-addons/assets/js/master-addons-scripts.js?ver=1.7.5	200	application/javascript
20211129065009	http://ornipreparation.com/wp-content/plugins/master-addons/assets/js/plugins.js?ver=1.7.5	200	application/javascript
20211130135355	http://ornipreparation.com/wp-content/plugins/post-views-counter/css/frontend.css?ver=1.3.10	200	text/css
20211129065015	http://ornipreparation.com/wp-content/plugins/post-views-counter/css/frontend.css?ver=1.3.9	200	text/css
20230521090140	https://ornipreparation.com/wp-content/plugins/post-views-counter/css/frontend.min.css	200	text/css
20230521075840	https://ornipreparation.com/wp-content/plugins/post-views-counter/css/frontend.min.css?ver=1.3.13	200	text/css
20250223230842	https://ornipreparation.com/wp-content/plugins/post-views-counter/css/frontend.min.css?ver=1.4.8	200	text/css
20250404221906	https://ornipreparation.com/wp-content/plugins/post-views-counter/css/frontend.min.css?ver=1.5.2	200	text/css
20250914174458	https://ornipreparation.com/wp-content/plugins/post-views-counter/css/frontend.min.css?ver=1.5.5	200	text/css
20211129065006	http://ornipreparation.com/wp-content/plugins/powerpack-lite-for-elementor/assets/css/min/frontend.min.css?ver=2.6.1	200	text/css
20220919055947	https://ornipreparation.com/wp-content/plugins/shopengine/assets/css/shopengine-icon.css?ver=2.1.0	200	text/css
20230521103434	https://ornipreparation.com/wp-content/plugins/shopengine/assets/css/shopengine-modal.css	200	text/css
20230521082147	https://ornipreparation.com/wp-content/plugins/shopengine/assets/css/shopengine-modal.css?ver=4.2.0	200	text/css
20250223230845	https://ornipreparation.com/wp-content/plugins/shopengine/assets/css/shopengine-modal.css?ver=4.7.3	200	text/css
20250404214328	https://ornipreparation.com/wp-content/plugins/shopengine/assets/css/shopengine-modal.css?ver=4.7.6	200	text/css
20251024231907	https://ornipreparation.com/wp-content/plugins/shopengine/assets/css/shopengine-modal.css?ver=4.8.4	200	text/css
20260515121358	https://ornipreparation.com/wp-content/plugins/shopengine/assets/css/shopengine-modal.css?ver=4.8.6	200	text/css
20230521103326	https://ornipreparation.com/wp-content/plugins/shopengine/assets/css/shopengine-public.css	200	text/css
20230521074259	https://ornipreparation.com/wp-content/plugins/shopengine/assets/css/shopengine-public.css?ver=4.2.0	200	text/css
20250223230842	https://ornipreparation.com/wp-content/plugins/shopengine/assets/css/shopengine-public.css?ver=4.7.3	200	text/css
20250404215714	https://ornipreparation.com/wp-content/plugins/shopengine/assets/css/shopengine-public.css?ver=4.7.6	200	text/css
20251024232609	https://ornipreparation.com/wp-content/plugins/shopengine/assets/css/shopengine-public.css?ver=4.8.4	200	text/css
20260515121355	https://ornipreparation.com/wp-content/plugins/shopengine/assets/css/shopengine-public.css?ver=4.8.6	200	text/css
20250223230850	https://ornipreparation.com/wp-content/plugins/shopengine/assets/fonts/shopengine-advanced-search	200	application/font-woff
20250223230845	https://ornipreparation.com/wp-content/plugins/shopengine/assets/fonts/shopengine.woff	200	application/font-woff
20230521104944	https://ornipreparation.com/wp-content/plugins/shopengine/assets/js/filter.js	200	text/javascript
20230521081256	https://ornipreparation.com/wp-content/plugins/shopengine/assets/js/filter.js?ver=4.2.0	200	text/javascript
20250223230848	https://ornipreparation.com/wp-content/plugins/shopengine/assets/js/filter.js?ver=4.7.3	200	text/javascript
20250404214027	https://ornipreparation.com/wp-content/plugins/shopengine/assets/js/filter.js?ver=4.7.6	200	application/javascript
20250914174156	https://ornipreparation.com/wp-content/plugins/shopengine/assets/js/filter.js?ver=4.8.3	200	application/javascript
20251024230138	https://ornipreparation.com/wp-content/plugins/shopengine/assets/js/filter.js?ver=4.8.4	200	application/javascript
20260515121400	https://ornipreparation.com/wp-content/plugins/shopengine/assets/js/filter.js?ver=4.8.6	200	text/javascript
20230521074811	https://ornipreparation.com/wp-content/plugins/shopengine/assets/js/public.js	200	text/javascript
20230521125649	https://ornipreparation.com/wp-content/plugins/shopengine/assets/js/public.js?ver=4.2.0	200	text/javascript
20250223230846	https://ornipreparation.com/wp-content/plugins/shopengine/assets/js/public.js?ver=4.7.3	200	text/javascript
20250404214823	https://ornipreparation.com/wp-content/plugins/shopengine/assets/js/public.js?ver=4.7.6	200	application/javascript
20250914174156	https://ornipreparation.com/wp-content/plugins/shopengine/assets/js/public.js?ver=4.8.3	200	application/javascript
20251024225823	https://ornipreparation.com/wp-content/plugins/shopengine/assets/js/public.js?ver=4.8.4	200	application/javascript
20260515121400	https://ornipreparation.com/wp-content/plugins/shopengine/assets/js/public.js?ver=4.8.6	200	text/javascript
20230521191052	https://ornipreparation.com/wp-content/plugins/shopengine/assets/js/shopengine-modal.js	200	text/javascript
20230521115547	https://ornipreparation.com/wp-content/plugins/shopengine/assets/js/shopengine-modal.js?ver=4.2.0	200	text/javascript
20250223230845	https://ornipreparation.com/wp-content/plugins/shopengine/assets/js/shopengine-modal.js?ver=4.7.3	200	text/javascript
20250405032938	https://ornipreparation.com/wp-content/plugins/shopengine/assets/js/shopengine-modal.js?ver=4.7.6	200	application/javascript
20251025000347	https://ornipreparation.com/wp-content/plugins/shopengine/assets/js/shopengine-modal.js?ver=4.8.4	200	application/javascript
20260515121358	https://ornipreparation.com/wp-content/plugins/shopengine/assets/js/shopengine-modal.js?ver=4.8.6	200	text/javascript
20230521073735	https://ornipreparation.com/wp-content/plugins/shopengine/assets/js/simple-scrollbar.js	200	text/javascript
20230521093032	https://ornipreparation.com/wp-content/plugins/shopengine/assets/js/simple-scrollbar.js?ver=4.2.0	200	text/javascript
20250223230845	https://ornipreparation.com/wp-content/plugins/shopengine/assets/js/simple-scrollbar.js?ver=4.7.3	200	text/javascript
20250404233200	https://ornipreparation.com/wp-content/plugins/shopengine/assets/js/simple-scrollbar.js?ver=4.7.6	200	application/javascript
20251024232357	https://ornipreparation.com/wp-content/plugins/shopengine/assets/js/simple-scrollbar.js?ver=4.8.4	200	application/javascript
20260515121359	https://ornipreparation.com/wp-content/plugins/shopengine/assets/js/simple-scrollbar.js?ver=4.8.6	200	text/javascript
20230521111046	https://ornipreparation.com/wp-content/plugins/shopengine/modules/comparison/assets/css/comparison.css	200	text/css
20230521130351	https://ornipreparation.com/wp-content/plugins/shopengine/modules/comparison/assets/css/comparison.css?ver=6.2.2	200	text/css
20240714215545	https://ornipreparation.com/wp-content/plugins/shopengine/modules/comparison/assets/css/comparison.css?ver=6.5.5	200	text/css
20240807154647	https://ornipreparation.com/wp-content/plugins/shopengine/modules/comparison/assets/css/comparison.css?ver=6.6.1	200	text/css
20241003093900	https://ornipreparation.com/wp-content/plugins/shopengine/modules/comparison/assets/css/comparison.css?ver=6.6.2	200	text/css
20250223230843	https://ornipreparation.com/wp-content/plugins/shopengine/modules/comparison/assets/css/comparison.css?ver=6.7.2	200	text/css
20250729123630	https://ornipreparation.com/wp-content/plugins/shopengine/modules/comparison/assets/css/comparison.css?ver=6.8.2	200	text/css
20251024234809	https://ornipreparation.com/wp-content/plugins/shopengine/modules/comparison/assets/css/comparison.css?ver=6.8.3	200	text/css
20260515121358	https://ornipreparation.com/wp-content/plugins/shopengine/modules/comparison/assets/css/comparison.css?ver=6.9.4	200	text/css
20230521101032	https://ornipreparation.com/wp-content/plugins/shopengine/modules/comparison/assets/js/comparison.js	200	text/javascript
20230521082614	https://ornipreparation.com/wp-content/plugins/shopengine/modules/comparison/assets/js/comparison.js?ver=4.2.0	200	text/javascript
20250223230851	https://ornipreparation.com/wp-content/plugins/shopengine/modules/comparison/assets/js/comparison.js?ver=4.7.3	200	text/javascript
20250404211830	https://ornipreparation.com/wp-content/plugins/shopengine/modules/comparison/assets/js/comparison.js?ver=4.7.6	200	application/javascript
20251024225532	https://ornipreparation.com/wp-content/plugins/shopengine/modules/comparison/assets/js/comparison.js?ver=4.8.4	200	application/javascript
20260515121400	https://ornipreparation.com/wp-content/plugins/shopengine/modules/comparison/assets/js/comparison.js?ver=4.8.6	200	text/javascript
20230521152158	https://ornipreparation.com/wp-content/plugins/shopengine/modules/quick-view/assets/js/script.js	200	text/javascript
20230521090115	https://ornipreparation.com/wp-content/plugins/shopengine/modules/quick-view/assets/js/script.js?ver=6.2.2	200	text/javascript
20240715050630	https://ornipreparation.com/wp-content/plugins/shopengine/modules/quick-view/assets/js/script.js?ver=6.5.5	200	text/javascript
20240808202946	https://ornipreparation.com/wp-content/plugins/shopengine/modules/quick-view/assets/js/script.js?ver=6.6.1	200	text/javascript
20241003083113	https://ornipreparation.com/wp-content/plugins/shopengine/modules/quick-view/assets/js/script.js?ver=6.6.2	200	text/javascript
20250223230847	https://ornipreparation.com/wp-content/plugins/shopengine/modules/quick-view/assets/js/script.js?ver=6.7.2	200	text/javascript
20250729123631	https://ornipreparation.com/wp-content/plugins/shopengine/modules/quick-view/assets/js/script.js?ver=6.8.2	200	application/javascript
20251024225521	https://ornipreparation.com/wp-content/plugins/shopengine/modules/quick-view/assets/js/script.js?ver=6.8.3	200	application/javascript
20260515121359	https://ornipreparation.com/wp-content/plugins/shopengine/modules/quick-view/assets/js/script.js?ver=6.9.4	200	text/javascript
20230521211714	https://ornipreparation.com/wp-content/plugins/shopengine/modules/swatches/assets/css/frontend.css	200	text/css
20230521132649	https://ornipreparation.com/wp-content/plugins/shopengine/modules/swatches/assets/css/frontend.css?ver=4.2.0	200	text/css
20250223230843	https://ornipreparation.com/wp-content/plugins/shopengine/modules/swatches/assets/css/frontend.css?ver=4.7.3	200	text/css
20250404212711	https://ornipreparation.com/wp-content/plugins/shopengine/modules/swatches/assets/css/frontend.css?ver=4.7.6	200	text/css
20251025004113	https://ornipreparation.com/wp-content/plugins/shopengine/modules/swatches/assets/css/frontend.css?ver=4.8.4	200	text/css
20260515121358	https://ornipreparation.com/wp-content/plugins/shopengine/modules/swatches/assets/css/frontend.css?ver=4.8.6	200	text/css
20230521091720	https://ornipreparation.com/wp-content/plugins/shopengine/modules/swatches/assets/js/frontend.js	200	text/javascript
20230521080352	https://ornipreparation.com/wp-content/plugins/shopengine/modules/swatches/assets/js/frontend.js?ver=4.2.0	200	text/javascript
20250223230848	https://ornipreparation.com/wp-content/plugins/shopengine/modules/swatches/assets/js/frontend.js?ver=4.7.3	200	text/javascript
20250404222908	https://ornipreparation.com/wp-content/plugins/shopengine/modules/swatches/assets/js/frontend.js?ver=4.7.6	200	application/javascript
20251024225217	https://ornipreparation.com/wp-content/plugins/shopengine/modules/swatches/assets/js/frontend.js?ver=4.8.4	200	application/javascript
20260515121401	https://ornipreparation.com/wp-content/plugins/shopengine/modules/swatches/assets/js/frontend.js?ver=4.8.6	200	text/javascript
20230521074653	https://ornipreparation.com/wp-content/plugins/shopengine/modules/swatches/loop-product-support/assets/swatches.css	200	text/css
20220919055952	https://ornipreparation.com/wp-content/plugins/shopengine/modules/swatches/loop-product-support/assets/swatches.css?ver=1646945150	200	text/css
20230521080912	https://ornipreparation.com/wp-content/plugins/shopengine/modules/swatches/loop-product-support/assets/swatches.css?ver=1684655050	200	text/css
20230523015311	https://ornipreparation.com/wp-content/plugins/shopengine/modules/swatches/loop-product-support/assets/swatches.css?ver=1684681829	200	text/css
20240714200726	https://ornipreparation.com/wp-content/plugins/shopengine/modules/swatches/loop-product-support/assets/swatches.css?ver=1720986566	200	text/css
20240715234836	https://ornipreparation.com/wp-content/plugins/shopengine/modules/swatches/loop-product-support/assets/swatches.css?ver=1721083097	200	text/css
20240715231837	https://ornipreparation.com/wp-content/plugins/shopengine/modules/swatches/loop-product-support/assets/swatches.css?ver=1721083982	200	text/css
20240808023733	https://ornipreparation.com/wp-content/plugins/shopengine/modules/swatches/loop-product-support/assets/swatches.css?ver=1723057652	200	text/css
20240807222703	https://ornipreparation.com/wp-content/plugins/shopengine/modules/swatches/loop-product-support/assets/swatches.css?ver=1723061218	200	text/css
20240807205017	https://ornipreparation.com/wp-content/plugins/shopengine/modules/swatches/loop-product-support/assets/swatches.css?ver=1723063620	200	text/css
20240808055811	https://ornipreparation.com/wp-content/plugins/shopengine/modules/swatches/loop-product-support/assets/swatches.css?ver=1723065271	200	text/css
20240808151108	https://ornipreparation.com/wp-content/plugins/shopengine/modules/swatches/loop-product-support/assets/swatches.css?ver=1723129372	200	text/css
20240809015739	https://ornipreparation.com/wp-content/plugins/shopengine/modules/swatches/loop-product-support/assets/swatches.css?ver=1723154073	200	text/css
20240812014619	https://ornipreparation.com/wp-content/plugins/shopengine/modules/swatches/loop-product-support/assets/swatches.css?ver=1723340233	200	text/css
20241003081218	https://ornipreparation.com/wp-content/plugins/shopengine/modules/swatches/loop-product-support/assets/swatches.css?ver=1727941570	200	text/css
20241003233702	https://ornipreparation.com/wp-content/plugins/shopengine/modules/swatches/loop-product-support/assets/swatches.css?ver=1727941957	200	text/css
20250223230846	https://ornipreparation.com/wp-content/plugins/shopengine/modules/swatches/loop-product-support/assets/swatches.css?ver=1740352118	200	text/css
20250404212659	https://ornipreparation.com/wp-content/plugins/shopengine/modules/swatches/loop-product-support/assets/swatches.css?ver=1743800352	200	text/css
20250404220459	https://ornipreparation.com/wp-content/plugins/shopengine/modules/swatches/loop-product-support/assets/swatches.css?ver=1743801660	200	text/css
20250729123630	https://ornipreparation.com/wp-content/plugins/shopengine/modules/swatches/loop-product-support/assets/swatches.css?ver=1753792586	200	text/css
20250729124858	https://ornipreparation.com/wp-content/plugins/shopengine/modules/swatches/loop-product-support/assets/swatches.css?ver=1753792791	200	text/css
20250729124154	https://ornipreparation.com/wp-content/plugins/shopengine/modules/swatches/loop-product-support/assets/swatches.css?ver=1753792799	200	text/css
20250729124154	https://ornipreparation.com/wp-content/plugins/shopengine/modules/swatches/loop-product-support/assets/swatches.css?ver=1753792804	200	text/css
20250729124915	https://ornipreparation.com/wp-content/plugins/shopengine/modules/swatches/loop-product-support/assets/swatches.css?ver=1753793352	200	text/css
20250808220102	https://ornipreparation.com/wp-content/plugins/shopengine/modules/swatches/loop-product-support/assets/swatches.css?ver=1754690266	200	text/css
20250808220539	https://ornipreparation.com/wp-content/plugins/shopengine/modules/swatches/loop-product-support/assets/swatches.css?ver=1754690462	200	text/css
20250808220558	https://ornipreparation.com/wp-content/plugins/shopengine/modules/swatches/loop-product-support/assets/swatches.css?ver=1754690474	200	text/css
20250808220906	https://ornipreparation.com/wp-content/plugins/shopengine/modules/swatches/loop-product-support/assets/swatches.css?ver=1754690873	200	text/css
20250830081203	https://ornipreparation.com/wp-content/plugins/shopengine/modules/swatches/loop-product-support/assets/swatches.css?ver=1756541520	200	text/css
20250830091703	https://ornipreparation.com/wp-content/plugins/shopengine/modules/swatches/loop-product-support/assets/swatches.css?ver=1756545384	200	text/css
20250830101431	https://ornipreparation.com/wp-content/plugins/shopengine/modules/swatches/loop-product-support/assets/swatches.css?ver=1756548867	200	text/css
20250830222804	https://ornipreparation.com/wp-content/plugins/shopengine/modules/swatches/loop-product-support/assets/swatches.css?ver=1756592870	200	text/css
20250831045235	https://ornipreparation.com/wp-content/plugins/shopengine/modules/swatches/loop-product-support/assets/swatches.css?ver=1756615714	200	text/css
20250831063858	https://ornipreparation.com/wp-content/plugins/shopengine/modules/swatches/loop-product-support/assets/swatches.css?ver=1756622330	200	text/css
20250831110418	https://ornipreparation.com/wp-content/plugins/shopengine/modules/swatches/loop-product-support/assets/swatches.css?ver=1756638251	200	text/css
20250831123917	https://ornipreparation.com/wp-content/plugins/shopengine/modules/swatches/loop-product-support/assets/swatches.css?ver=1756643947	200	text/css
20250831201407	https://ornipreparation.com/wp-content/plugins/shopengine/modules/swatches/loop-product-support/assets/swatches.css?ver=1756671231	200	text/css
20250831205424	https://ornipreparation.com/wp-content/plugins/shopengine/modules/swatches/loop-product-support/assets/swatches.css?ver=1756673641	200	text/css
20250901085902	https://ornipreparation.com/wp-content/plugins/shopengine/modules/swatches/loop-product-support/assets/swatches.css?ver=1756716015	200	text/css
20250901203228	https://ornipreparation.com/wp-content/plugins/shopengine/modules/swatches/loop-product-support/assets/swatches.css?ver=1756758743	200	text/css
20250902003450	https://ornipreparation.com/wp-content/plugins/shopengine/modules/swatches/loop-product-support/assets/swatches.css?ver=1756773261	200	text/css
20250902062931	https://ornipreparation.com/wp-content/plugins/shopengine/modules/swatches/loop-product-support/assets/swatches.css?ver=1756794555	200	text/css
20250902083118	https://ornipreparation.com/wp-content/plugins/shopengine/modules/swatches/loop-product-support/assets/swatches.css?ver=1756801864	200	text/css
20250902102714	https://ornipreparation.com/wp-content/plugins/shopengine/modules/swatches/loop-product-support/assets/swatches.css?ver=1756808825	200	text/css
20250902112949	https://ornipreparation.com/wp-content/plugins/shopengine/modules/swatches/loop-product-support/assets/swatches.css?ver=1756812580	200	text/css
20250902162935	https://ornipreparation.com/wp-content/plugins/shopengine/modules/swatches/loop-product-support/assets/swatches.css?ver=1756830562	200	text/css
20250902190741	https://ornipreparation.com/wp-content/plugins/shopengine/modules/swatches/loop-product-support/assets/swatches.css?ver=1756839972	200	text/css
20250903112447	https://ornipreparation.com/wp-content/plugins/shopengine/modules/swatches/loop-product-support/assets/swatches.css?ver=1756898565	200	text/css
20250903153702	https://ornipreparation.com/wp-content/plugins/shopengine/modules/swatches/loop-product-support/assets/swatches.css?ver=1756913784	200	text/css
20250903170345	https://ornipreparation.com/wp-content/plugins/shopengine/modules/swatches/loop-product-support/assets/swatches.css?ver=1756919020	200	text/css
20250903170645	https://ornipreparation.com/wp-content/plugins/shopengine/modules/swatches/loop-product-support/assets/swatches.css?ver=1756919192	200	text/css
20250904091706	https://ornipreparation.com/wp-content/plugins/shopengine/modules/swatches/loop-product-support/assets/swatches.css?ver=1756977407	200	text/css
20250904100336	https://ornipreparation.com/wp-content/plugins/shopengine/modules/swatches/loop-product-support/assets/swatches.css?ver=1756980214	200	text/css
20250904174522	https://ornipreparation.com/wp-content/plugins/shopengine/modules/swatches/loop-product-support/assets/swatches.css?ver=1757007917	200	text/css
20250904191326	https://ornipreparation.com/wp-content/plugins/shopengine/modules/swatches/loop-product-support/assets/swatches.css?ver=1757013198	200	text/css
20250905001208	https://ornipreparation.com/wp-content/plugins/shopengine/modules/swatches/loop-product-support/assets/swatches.css?ver=1757031115	200	text/css
20250905044305	https://ornipreparation.com/wp-content/plugins/shopengine/modules/swatches/loop-product-support/assets/swatches.css?ver=1757047369	200	text/css
20250905084147	https://ornipreparation.com/wp-content/plugins/shopengine/modules/swatches/loop-product-support/assets/swatches.css?ver=1757061671	200	text/css
20250905130057	https://ornipreparation.com/wp-content/plugins/shopengine/modules/swatches/loop-product-support/assets/swatches.css?ver=1757077256	200	text/css
20250906000347	https://ornipreparation.com/wp-content/plugins/shopengine/modules/swatches/loop-product-support/assets/swatches.css?ver=1757116617	200	text/css
20250906103351	https://ornipreparation.com/wp-content/plugins/shopengine/modules/swatches/loop-product-support/assets/swatches.css?ver=1757154826	200	text/css
20250906140414	https://ornipreparation.com/wp-content/plugins/shopengine/modules/swatches/loop-product-support/assets/swatches.css?ver=1757167444	200	text/css
20250906141727	https://ornipreparation.com/wp-content/plugins/shopengine/modules/swatches/loop-product-support/assets/swatches.css?ver=1757167666	200	text/css
20250906152550	https://ornipreparation.com/wp-content/plugins/shopengine/modules/swatches/loop-product-support/assets/swatches.css?ver=1757172346	200	text/css
20250906175219	https://ornipreparation.com/wp-content/plugins/shopengine/modules/swatches/loop-product-support/assets/swatches.css?ver=1757181136	200	text/css
20250906185549	https://ornipreparation.com/wp-content/plugins/shopengine/modules/swatches/loop-product-support/assets/swatches.css?ver=1757184886	200	text/css
20250906192554	https://ornipreparation.com/wp-content/plugins/shopengine/modules/swatches/loop-product-support/assets/swatches.css?ver=1757186748	200	text/css
20250907035332	https://ornipreparation.com/wp-content/plugins/shopengine/modules/swatches/loop-product-support/assets/swatches.css?ver=1757217202	200	text/css
20250907054637	https://ornipreparation.com/wp-content/plugins/shopengine/modules/swatches/loop-product-support/assets/swatches.css?ver=1757223912	200	text/css
20250907082159	https://ornipreparation.com/wp-content/plugins/shopengine/modules/swatches/loop-product-support/assets/swatches.css?ver=1757233308	200	text/css
20250907092813	https://ornipreparation.com/wp-content/plugins/shopengine/modules/swatches/loop-product-support/assets/swatches.css?ver=1757237272	200	text/css
20250907145426	https://ornipreparation.com/wp-content/plugins/shopengine/modules/swatches/loop-product-support/assets/swatches.css?ver=1757255693	200	text/css
20250907211239	https://ornipreparation.com/wp-content/plugins/shopengine/modules/swatches/loop-product-support/assets/swatches.css?ver=1757279536	200	text/css
20250907230427	https://ornipreparation.com/wp-content/plugins/shopengine/modules/swatches/loop-product-support/assets/swatches.css?ver=1757286230	200	text/css
20250907233516	https://ornipreparation.com/wp-content/plugins/shopengine/modules/swatches/loop-product-support/assets/swatches.css?ver=1757288111	200	text/css
20250908020837	https://ornipreparation.com/wp-content/plugins/shopengine/modules/swatches/loop-product-support/assets/swatches.css?ver=1757296880	200	text/css
20250908114937	https://ornipreparation.com/wp-content/plugins/shopengine/modules/swatches/loop-product-support/assets/swatches.css?ver=1757332170	200	text/css
20250908214707	https://ornipreparation.com/wp-content/plugins/shopengine/modules/swatches/loop-product-support/assets/swatches.css?ver=1757368022	200	text/css
20250908222431	https://ornipreparation.com/wp-content/plugins/shopengine/modules/swatches/loop-product-support/assets/swatches.css?ver=1757370264	200	text/css
20250909043654	https://ornipreparation.com/wp-content/plugins/shopengine/modules/swatches/loop-product-support/assets/swatches.css?ver=1757392613	200	text/css
20250909210256	https://ornipreparation.com/wp-content/plugins/shopengine/modules/swatches/loop-product-support/assets/swatches.css?ver=1757451652	200	text/css
20250910074351	https://ornipreparation.com/wp-content/plugins/shopengine/modules/swatches/loop-product-support/assets/swatches.css?ver=1757490218	200	text/css
20250911003939	https://ornipreparation.com/wp-content/plugins/shopengine/modules/swatches/loop-product-support/assets/swatches.css?ver=1757550936	200	text/css
20250911123558	https://ornipreparation.com/wp-content/plugins/shopengine/modules/swatches/loop-product-support/assets/swatches.css?ver=1757594149	200	text/css
20250911133808	https://ornipreparation.com/wp-content/plugins/shopengine/modules/swatches/loop-product-support/assets/swatches.css?ver=1757597867	200	text/css
20250912003635	https://ornipreparation.com/wp-content/plugins/shopengine/modules/swatches/loop-product-support/assets/swatches.css?ver=1757636545	200	text/css
20250912200332	https://ornipreparation.com/wp-content/plugins/shopengine/modules/swatches/loop-product-support/assets/swatches.css?ver=1757707408	200	text/css
20250913112405	https://ornipreparation.com/wp-content/plugins/shopengine/modules/swatches/loop-product-support/assets/swatches.css?ver=1757762552	200	text/css
20250913174827	https://ornipreparation.com/wp-content/plugins/shopengine/modules/swatches/loop-product-support/assets/swatches.css?ver=1757785698	200	text/css
20250914010540	https://ornipreparation.com/wp-content/plugins/shopengine/modules/swatches/loop-product-support/assets/swatches.css?ver=1757811934	200	text/css
20250914174823	https://ornipreparation.com/wp-content/plugins/shopengine/modules/swatches/loop-product-support/assets/swatches.css?ver=1757871609	200	text/css
20250914234253	https://ornipreparation.com/wp-content/plugins/shopengine/modules/swatches/loop-product-support/assets/swatches.css?ver=1757893354	200	text/css
20250915050057	https://ornipreparation.com/wp-content/plugins/shopengine/modules/swatches/loop-product-support/assets/swatches.css?ver=1757911666	200	text/css
20250915200717	https://ornipreparation.com/wp-content/plugins/shopengine/modules/swatches/loop-product-support/assets/swatches.css?ver=1757966820	200	text/css
20250916012935	https://ornipreparation.com/wp-content/plugins/shopengine/modules/swatches/loop-product-support/assets/swatches.css?ver=1757985509	200	text/css
20250916020721	https://ornipreparation.com/wp-content/plugins/shopengine/modules/swatches/loop-product-support/assets/swatches.css?ver=1757988432	200	text/css
20250916074248	https://ornipreparation.com/wp-content/plugins/shopengine/modules/swatches/loop-product-support/assets/swatches.css?ver=1758008565	200	text/css
20250916202815	https://ornipreparation.com/wp-content/plugins/shopengine/modules/swatches/loop-product-support/assets/swatches.css?ver=1758054477	200	text/css
20250917022342	https://ornipreparation.com/wp-content/plugins/shopengine/modules/swatches/loop-product-support/assets/swatches.css?ver=1758075813	200	text/css
20250917230457	https://ornipreparation.com/wp-content/plugins/shopengine/modules/swatches/loop-product-support/assets/swatches.css?ver=1758149873	200	text/css
20250918012527	https://ornipreparation.com/wp-content/plugins/shopengine/modules/swatches/loop-product-support/assets/swatches.css?ver=1758158722	200	text/css
20250918070407	https://ornipreparation.com/wp-content/plugins/shopengine/modules/swatches/loop-product-support/assets/swatches.css?ver=1758179008	200	text/css
20250918194311	https://ornipreparation.com/wp-content/plugins/shopengine/modules/swatches/loop-product-support/assets/swatches.css?ver=1758224573	200	text/css
20250918214924	https://ornipreparation.com/wp-content/plugins/shopengine/modules/swatches/loop-product-support/assets/swatches.css?ver=1758232116	200	text/css
20250920123312	https://ornipreparation.com/wp-content/plugins/shopengine/modules/swatches/loop-product-support/assets/swatches.css?ver=1758371580	200	text/css
20251025010304	https://ornipreparation.com/wp-content/plugins/shopengine/modules/swatches/loop-product-support/assets/swatches.css?ver=1761345721	200	text/css
20251025001127	https://ornipreparation.com/wp-content/plugins/shopengine/modules/swatches/loop-product-support/assets/swatches.css?ver=1761348504	200	text/css
20251025000949	https://ornipreparation.com/wp-content/plugins/shopengine/modules/swatches/loop-product-support/assets/swatches.css?ver=1761350461	200	text/css
20260515121358	https://ornipreparation.com/wp-content/plugins/shopengine/modules/swatches/loop-product-support/assets/swatches.css?ver=1778847235	200	text/css
20260515122107	https://ornipreparation.com/wp-content/plugins/shopengine/modules/swatches/loop-product-support/assets/swatches.css?ver=1778847256	200	text/css
20260515121419	https://ornipreparation.com/wp-content/plugins/shopengine/modules/swatches/loop-product-support/assets/swatches.css?ver=1778847257	200	text/css
20260515121420	https://ornipreparation.com/wp-content/plugins/shopengine/modules/swatches/loop-product-support/assets/swatches.css?ver=1778847258	200	text/css
20230521075241	https://ornipreparation.com/wp-content/plugins/shopengine/modules/swatches/loop-product-support/assets/swatches.js	200	text/javascript
20230521090734	https://ornipreparation.com/wp-content/plugins/shopengine/modules/swatches/loop-product-support/assets/swatches.js?ver=1515155	200	text/javascript
20230521151417	https://ornipreparation.com/wp-content/plugins/shopengine/modules/wishlist/assets/css/wishlist.css	200	text/css
20230521092633	https://ornipreparation.com/wp-content/plugins/shopengine/modules/wishlist/assets/css/wishlist.css?ver=4.2.0	200	text/css
20250223230845	https://ornipreparation.com/wp-content/plugins/shopengine/modules/wishlist/assets/css/wishlist.css?ver=4.7.3	200	text/css
20250404210748	https://ornipreparation.com/wp-content/plugins/shopengine/modules/wishlist/assets/css/wishlist.css?ver=4.7.6	200	text/css
20250914174823	https://ornipreparation.com/wp-content/plugins/shopengine/modules/wishlist/assets/css/wishlist.css?ver=4.8.3	200	text/css
20251024230645	https://ornipreparation.com/wp-content/plugins/shopengine/modules/wishlist/assets/css/wishlist.css?ver=4.8.4	200	text/css
20260515121358	https://ornipreparation.com/wp-content/plugins/shopengine/modules/wishlist/assets/css/wishlist.css?ver=4.8.6	200	text/css
20230521085900	https://ornipreparation.com/wp-content/plugins/shopengine/modules/wishlist/assets/js/wishlist.js	200	text/javascript
20230521085712	https://ornipreparation.com/wp-content/plugins/shopengine/modules/wishlist/assets/js/wishlist.js?ver=6.2.2	200	text/javascript
20240715034641	https://ornipreparation.com/wp-content/plugins/shopengine/modules/wishlist/assets/js/wishlist.js?ver=6.5.5	200	text/javascript
20240807162400	https://ornipreparation.com/wp-content/plugins/shopengine/modules/wishlist/assets/js/wishlist.js?ver=6.6.1	200	text/javascript
20241003110913	https://ornipreparation.com/wp-content/plugins/shopengine/modules/wishlist/assets/js/wishlist.js?ver=6.6.2	200	text/javascript
20250223230844	https://ornipreparation.com/wp-content/plugins/shopengine/modules/wishlist/assets/js/wishlist.js?ver=6.7.2	200	text/javascript
20250729123631	https://ornipreparation.com/wp-content/plugins/shopengine/modules/wishlist/assets/js/wishlist.js?ver=6.8.2	200	application/javascript
20251024230035	https://ornipreparation.com/wp-content/plugins/shopengine/modules/wishlist/assets/js/wishlist.js?ver=6.8.3	200	application/javascript
20260515121359	https://ornipreparation.com/wp-content/plugins/shopengine/modules/wishlist/assets/js/wishlist.js?ver=6.9.4	200	text/javascript
20230521094411	https://ornipreparation.com/wp-content/plugins/shopengine/widgets/init/assets/css/widget-frontend.css	200	text/css
20230521103221	https://ornipreparation.com/wp-content/plugins/shopengine/widgets/init/assets/css/widget-frontend.css?ver=4.2.0	200	text/css
20250223230842	https://ornipreparation.com/wp-content/plugins/shopengine/widgets/init/assets/css/widget-frontend.css?ver=4.7.3	200	text/css
20250404210241	https://ornipreparation.com/wp-content/plugins/shopengine/widgets/init/assets/css/widget-frontend.css?ver=4.7.6	200	text/css
20250914174459	https://ornipreparation.com/wp-content/plugins/shopengine/widgets/init/assets/css/widget-frontend.css?ver=4.8.3	200	text/css
20251024231016	https://ornipreparation.com/wp-content/plugins/shopengine/widgets/init/assets/css/widget-frontend.css?ver=4.8.4	200	text/css
20260515121355	https://ornipreparation.com/wp-content/plugins/shopengine/widgets/init/assets/css/widget-frontend.css?ver=4.8.6	200	text/css
20250223230851	https://ornipreparation.com/wp-content/plugins/shopengine/widgets/init/assets/fonts/star.eot	200	application/vnd.ms-fontobject
20250223230846	https://ornipreparation.com/wp-content/plugins/shopengine/widgets/init/assets/fonts/star.svg	200	image/svg+xml
20250223230845	https://ornipreparation.com/wp-content/plugins/shopengine/widgets/init/assets/fonts/star.ttf	200	application/font-sfnt
20250223230849	https://ornipreparation.com/wp-content/plugins/shopengine/widgets/init/assets/fonts/star.woff	200	application/font-woff
20250223230850	https://ornipreparation.com/wp-content/plugins/shopengine/widgets/init/assets/fonts/WooCommerce.eot	200	application/vnd.ms-fontobject
20250223230848	https://ornipreparation.com/wp-content/plugins/shopengine/widgets/init/assets/fonts/WooCommerce.svg	200	image/svg+xml
20250223230849	https://ornipreparation.com/wp-content/plugins/shopengine/widgets/init/assets/fonts/WooCommerce.ttf	200	application/font-sfnt
20250223230846	https://ornipreparation.com/wp-content/plugins/shopengine/widgets/init/assets/fonts/WooCommerce.woff	200	application/font-woff
20250223230844	https://ornipreparation.com/wp-content/plugins/shopengine/widgets/init/assets/images/shopping-bag.svg	200	image/svg+xml
20230521081435	https://ornipreparation.com/wp-content/plugins/shopengine/widgets/init/assets/js/widgets.js	200	text/javascript
20220919054440	https://ornipreparation.com/wp-content/plugins/shopengine/widgets/init/assets/js/widgets.js?ver=2.1.0	200	application/javascript
20230521080753	https://ornipreparation.com/wp-content/plugins/shopengine/widgets/init/assets/js/widgets.js?ver=4.2.0	200	text/javascript
20250223230847	https://ornipreparation.com/wp-content/plugins/shopengine/widgets/init/assets/js/widgets.js?ver=4.7.3	200	text/javascript
20250404221909	https://ornipreparation.com/wp-content/plugins/shopengine/widgets/init/assets/js/widgets.js?ver=4.7.6	200	application/javascript
20250914174332	https://ornipreparation.com/wp-content/plugins/shopengine/widgets/init/assets/js/widgets.js?ver=4.8.3	200	application/javascript
20251024225933	https://ornipreparation.com/wp-content/plugins/shopengine/widgets/init/assets/js/widgets.js?ver=4.8.4	200	application/javascript
20260515121401	https://ornipreparation.com/wp-content/plugins/shopengine/widgets/init/assets/js/widgets.js?ver=4.8.6	200	text/javascript
20250304220732	https://ornipreparation.com/wp-content/plugins/strato-assistant/css/login.css?ver=1741124958	200	text/css
20250404212631	https://ornipreparation.com/wp-content/plugins/woocommerce/assets/client/blocks/wc-blocks.css	200	text/css
20251024235014	https://ornipreparation.com/wp-content/plugins/woocommerce/assets/client/blocks/wc-blocks.css?ver=wc-10.1.2	200	text/css
20260515121359	https://ornipreparation.com/wp-content/plugins/woocommerce/assets/client/blocks/wc-blocks.css?ver=wc-10.3.7	200	text/css
20250223230845	https://ornipreparation.com/wp-content/plugins/woocommerce/assets/client/blocks/wc-blocks.css?ver=wc-9.6.0	200	text/css
20250404213921	https://ornipreparation.com/wp-content/plugins/woocommerce/assets/client/blocks/wc-blocks.css?ver=wc-9.7.1	200	text/css
20250404211825	https://ornipreparation.com/wp-content/plugins/woocommerce/assets/css/brands.css	200	text/css
20251024231537	https://ornipreparation.com/wp-content/plugins/woocommerce/assets/css/brands.css?ver=10.1.2	200	text/css
20260515121356	https://ornipreparation.com/wp-content/plugins/woocommerce/assets/css/brands.css?ver=10.3.7	200	text/css
20250223230843	https://ornipreparation.com/wp-content/plugins/woocommerce/assets/css/brands.css?ver=9.6.0	200	text/css
20250404211713	https://ornipreparation.com/wp-content/plugins/woocommerce/assets/css/brands.css?ver=9.7.1	200	text/css
20230521083718	https://ornipreparation.com/wp-content/plugins/woocommerce/assets/css/photoswipe/default-skin/default-skin.min.css	200	text/css
20251024224842	https://ornipreparation.com/wp-content/plugins/woocommerce/assets/css/photoswipe/default-skin/default-skin.min.css?ver=10.1.2	200	text/css
20260515121359	https://ornipreparation.com/wp-content/plugins/woocommerce/assets/css/photoswipe/default-skin/default-skin.min.css?ver=10.3.7	200	text/css
20211129065001	http://ornipreparation.com/wp-content/plugins/woocommerce/assets/css/photoswipe/default-skin/default-skin.min.css?ver=5.9.0	200	text/css
20230521144431	https://ornipreparation.com/wp-content/plugins/woocommerce/assets/css/photoswipe/default-skin/default-skin.min.css?ver=7.7.0	200	text/css
20240714202625	https://ornipreparation.com/wp-content/plugins/woocommerce/assets/css/photoswipe/default-skin/default-skin.min.css?ver=8.0.1	200	text/css
20250223230845	https://ornipreparation.com/wp-content/plugins/woocommerce/assets/css/photoswipe/default-skin/default-skin.min.css?ver=9.6.0	200	text/css
20250404210022	https://ornipreparation.com/wp-content/plugins/woocommerce/assets/css/photoswipe/default-skin/default-skin.min.css?ver=9.7.1	200	text/css
20211129065119	http://ornipreparation.com/wp-content/plugins/woocommerce/assets/css/photoswipe/default-skin/default-skin.png	200	image/png
20211129072140	http://ornipreparation.com/wp-content/plugins/woocommerce/assets/css/photoswipe/default-skin/default-skin.svg	200	image/svg+xml
20211129065136	http://ornipreparation.com/wp-content/plugins/woocommerce/assets/css/photoswipe/default-skin/preloader.gif	200	image/gif
20230521171824	https://ornipreparation.com/wp-content/plugins/woocommerce/assets/css/photoswipe/photoswipe.min.css	200	text/css
20251024234032	https://ornipreparation.com/wp-content/plugins/woocommerce/assets/css/photoswipe/photoswipe.min.css?ver=10.1.2	200	text/css
20260515121359	https://ornipreparation.com/wp-content/plugins/woocommerce/assets/css/photoswipe/photoswipe.min.css?ver=10.3.7	200	text/css
20211129065015	http://ornipreparation.com/wp-content/plugins/woocommerce/assets/css/photoswipe/photoswipe.min.css?ver=5.9.0	200	text/css
20230521092301	https://ornipreparation.com/wp-content/plugins/woocommerce/assets/css/photoswipe/photoswipe.min.css?ver=7.7.0	200	text/css
20240714203654	https://ornipreparation.com/wp-content/plugins/woocommerce/assets/css/photoswipe/photoswipe.min.css?ver=8.0.1	200	text/css
20250223230848	https://ornipreparation.com/wp-content/plugins/woocommerce/assets/css/photoswipe/photoswipe.min.css?ver=9.6.0	200	text/css
20250405035104	https://ornipreparation.com/wp-content/plugins/woocommerce/assets/css/photoswipe/photoswipe.min.css?ver=9.7.1	200	text/css
20250223230847	https://ornipreparation.com/wp-content/plugins/woocommerce/assets/fonts/cardo_normal_400.woff2	200	font/woff2
20250223230847	https://ornipreparation.com/wp-content/plugins/woocommerce/assets/fonts/Inter-VariableFont_slnt,wght.woff2	200	font/woff2
20211129065055	http://ornipreparation.com/wp-content/plugins/woocommerce/assets/fonts/star.eot	200	application/vnd.ms-fontobject
20211129065117	http://ornipreparation.com/wp-content/plugins/woocommerce/assets/fonts/star.svg	200	image/svg+xml
20211129065058	http://ornipreparation.com/wp-content/plugins/woocommerce/assets/fonts/star.ttf	200	application/font-sfnt
20211130103953	http://ornipreparation.com/wp-content/plugins/woocommerce/assets/fonts/star.woff	200	application/font-woff
20211129065121	http://ornipreparation.com/wp-content/plugins/woocommerce/assets/fonts/WooCommerce.eot	200	application/vnd.ms-fontobject
20211129072135	http://ornipreparation.com/wp-content/plugins/woocommerce/assets/fonts/WooCommerce.svg	200	image/svg+xml
20211129065100	http://ornipreparation.com/wp-content/plugins/woocommerce/assets/fonts/WooCommerce.ttf	200	application/font-sfnt
20211129065124	http://ornipreparation.com/wp-content/plugins/woocommerce/assets/fonts/WooCommerce.woff	200	application/font-woff
20211129072133	http://ornipreparation.com/wp-content/plugins/woocommerce/assets/images/icons/credit-cards/amex.svg	200	image/svg+xml
20211129065127	http://ornipreparation.com/wp-content/plugins/woocommerce/assets/images/icons/credit-cards/diners.svg	200	image/svg+xml
20211130103952	http://ornipreparation.com/wp-content/plugins/woocommerce/assets/images/icons/credit-cards/discover.svg	200	image/svg+xml
20211130103950	http://ornipreparation.com/wp-content/plugins/woocommerce/assets/images/icons/credit-cards/jcb.svg	200	image/svg+xml
20211129065057	http://ornipreparation.com/wp-content/plugins/woocommerce/assets/images/icons/credit-cards/laser.svg	200	image/svg+xml
20211129065100	http://ornipreparation.com/wp-content/plugins/woocommerce/assets/images/icons/credit-cards/maestro.svg	200	image/svg+xml
20211129065126	http://ornipreparation.com/wp-content/plugins/woocommerce/assets/images/icons/credit-cards/mastercard.svg	200	image/svg+xml
20211129065123	http://ornipreparation.com/wp-content/plugins/woocommerce/assets/images/icons/credit-cards/visa.svg	200	image/svg+xml
20211129065120	http://ornipreparation.com/wp-content/plugins/woocommerce/assets/images/icons/loader.svg	200	image/svg+xml
20230521121732	https://ornipreparation.com/wp-content/plugins/woocommerce/assets/js/flexslider/jquery.flexslider.min.js	200	text/javascript
20251024230458	https://ornipreparation.com/wp-content/plugins/woocommerce/assets/js/flexslider/jquery.flexslider.min.js?ver=2.7.2-wc.10.1.2	200	application/javascript
20260515121401	https://ornipreparation.com/wp-content/plugins/woocommerce/assets/js/flexslider/jquery.flexslider.min.js?ver=2.7.2-wc.10.3.7	200	text/javascript
20211129065025	http://ornipreparation.com/wp-content/plugins/woocommerce/assets/js/flexslider/jquery.flexslider.min.js?ver=2.7.2-wc.5.9.0	200	application/javascript
20230521123427	https://ornipreparation.com/wp-content/plugins/woocommerce/assets/js/flexslider/jquery.flexslider.min.js?ver=2.7.2-wc.7.7.0	200	text/javascript
20240714215205	https://ornipreparation.com/wp-content/plugins/woocommerce/assets/js/flexslider/jquery.flexslider.min.js?ver=2.7.2-wc.8.0.1	200	text/javascript
20250223230842	https://ornipreparation.com/wp-content/plugins/woocommerce/assets/js/flexslider/jquery.flexslider.min.js?ver=2.7.2-wc.9.6.0	200	text/javascript
20250405002450	https://ornipreparation.com/wp-content/plugins/woocommerce/assets/js/flexslider/jquery.flexslider.min.js?ver=2.7.2-wc.9.7.1	200	application/javascript
20230521081506	https://ornipreparation.com/wp-content/plugins/woocommerce/assets/js/frontend/add-to-cart-variation.min.js	200	text/javascript
20251024225216	https://ornipreparation.com/wp-content/plugins/woocommerce/assets/js/frontend/add-to-cart-variation.min.js?ver=10.1.2	200	application/javascript
20260515121401	https://ornipreparation.com/wp-content/plugins/woocommerce/assets/js/frontend/add-to-cart-variation.min.js?ver=10.3.7	200	text/javascript
20211129065004	http://ornipreparation.com/wp-content/plugins/woocommerce/assets/js/frontend/add-to-cart-variation.min.js?ver=5.9.0	200	application/javascript
20230521073735	https://ornipreparation.com/wp-content/plugins/woocommerce/assets/js/frontend/add-to-cart-variation.min.js?ver=7.7.0	200	text/javascript
20240714205127	https://ornipreparation.com/wp-content/plugins/woocommerce/assets/js/frontend/add-to-cart-variation.min.js?ver=8.0.1	200	text/javascript
20250223230844	https://ornipreparation.com/wp-content/plugins/woocommerce/assets/js/frontend/add-to-cart-variation.min.js?ver=9.6.0	200	text/javascript
20250405001009	https://ornipreparation.com/wp-content/plugins/woocommerce/assets/js/frontend/add-to-cart-variation.min.js?ver=9.7.1	200	application/javascript
20230521131545	https://ornipreparation.com/wp-content/plugins/woocommerce/assets/js/frontend/add-to-cart.min.js	200	text/javascript
20251024230351	https://ornipreparation.com/wp-content/plugins/woocommerce/assets/js/frontend/add-to-cart.min.js?ver=10.1.2	200	application/javascript
20260515121401	https://ornipreparation.com/wp-content/plugins/woocommerce/assets/js/frontend/add-to-cart.min.js?ver=10.3.7	200	text/javascript
20211129065049	http://ornipreparation.com/wp-content/plugins/woocommerce/assets/js/frontend/add-to-cart.min.js?ver=5.9.0	200	application/javascript
20230521111114	https://ornipreparation.com/wp-content/plugins/woocommerce/assets/js/frontend/add-to-cart.min.js?ver=7.7.0	200	text/javascript
20240714213143	https://ornipreparation.com/wp-content/plugins/woocommerce/assets/js/frontend/add-to-cart.min.js?ver=8.0.1	200	text/javascript
20250223230845	https://ornipreparation.com/wp-content/plugins/woocommerce/assets/js/frontend/add-to-cart.min.js?ver=9.6.0	200	text/javascript
20250404210540	https://ornipreparation.com/wp-content/plugins/woocommerce/assets/js/frontend/add-to-cart.min.js?ver=9.7.1	200	application/javascript
20230521095730	https://ornipreparation.com/wp-content/plugins/woocommerce/assets/js/frontend/cart-fragments.min.js	200	text/javascript
20211129065005	http://ornipreparation.com/wp-content/plugins/woocommerce/assets/js/frontend/cart-fragments.min.js?ver=5.9.0	200	application/javascript
20230521115221	https://ornipreparation.com/wp-content/plugins/woocommerce/assets/js/frontend/cart-fragments.min.js?ver=7.7.0	200	text/javascript
20250405015011	https://ornipreparation.com/wp-content/plugins/woocommerce/assets/js/frontend/order-attribution.min.js	200	application/javascript
20250914174331	https://ornipreparation.com/wp-content/plugins/woocommerce/assets/js/frontend/order-attribution.min.js?ver=10.1.2	200	application/javascript
20260515121400	https://ornipreparation.com/wp-content/plugins/woocommerce/assets/js/frontend/order-attribution.min.js?ver=10.3.7	200	text/javascript
20250223230845	https://ornipreparation.com/wp-content/plugins/woocommerce/assets/js/frontend/order-attribution.min.js?ver=9.6.0	200	text/javascript
20250404210646	https://ornipreparation.com/wp-content/plugins/woocommerce/assets/js/frontend/order-attribution.min.js?ver=9.7.1	200	application/javascript
20230521100904	https://ornipreparation.com/wp-content/plugins/woocommerce/assets/js/frontend/single-product.min.js	200	text/javascript
20250914174458	https://ornipreparation.com/wp-content/plugins/woocommerce/assets/js/frontend/single-product.min.js?ver=10.1.2	200	application/javascript
20260515121401	https://ornipreparation.com/wp-content/plugins/woocommerce/assets/js/frontend/single-product.min.js?ver=10.3.7	200	text/javascript
20211129065038	http://ornipreparation.com/wp-content/plugins/woocommerce/assets/js/frontend/single-product.min.js?ver=5.9.0	200	application/javascript
20230521110751	https://ornipreparation.com/wp-content/plugins/woocommerce/assets/js/frontend/single-product.min.js?ver=7.7.0	200	text/javascript
20250223230845	https://ornipreparation.com/wp-content/plugins/woocommerce/assets/js/frontend/single-product.min.js?ver=9.6.0	200	text/javascript
20250404210608	https://ornipreparation.com/wp-content/plugins/woocommerce/assets/js/frontend/single-product.min.js?ver=9.7.1	200	application/javascript
20230521103146	https://ornipreparation.com/wp-content/plugins/woocommerce/assets/js/frontend/woocommerce.min.js	200	text/javascript
20250914174120	https://ornipreparation.com/wp-content/plugins/woocommerce/assets/js/frontend/woocommerce.min.js?ver=10.1.2	200	application/javascript
20260515121401	https://ornipreparation.com/wp-content/plugins/woocommerce/assets/js/frontend/woocommerce.min.js?ver=10.3.7	200	text/javascript
20211129065005	http://ornipreparation.com/wp-content/plugins/woocommerce/assets/js/frontend/woocommerce.min.js?ver=5.9.0	200	application/javascript
20230521094201	https://ornipreparation.com/wp-content/plugins/woocommerce/assets/js/frontend/woocommerce.min.js?ver=7.7.0	200	text/javascript
20240714200454	https://ornipreparation.com/wp-content/plugins/woocommerce/assets/js/frontend/woocommerce.min.js?ver=8.0.1	200	text/javascript
20250223230845	https://ornipreparation.com/wp-content/plugins/woocommerce/assets/js/frontend/woocommerce.min.js?ver=9.6.0	200	text/javascript
20250404223955	https://ornipreparation.com/wp-content/plugins/woocommerce/assets/js/frontend/woocommerce.min.js?ver=9.7.1	200	application/javascript
20230521125102	https://ornipreparation.com/wp-content/plugins/woocommerce/assets/js/jquery-blockui/jquery.blockUI.min.js	200	text/javascript
20251024225530	https://ornipreparation.com/wp-content/plugins/woocommerce/assets/js/jquery-blockui/jquery.blockUI.min.js?ver=2.7.0-wc.10.1.2	200	application/javascript
20260515121401	https://ornipreparation.com/wp-content/plugins/woocommerce/assets/js/jquery-blockui/jquery.blockUI.min.js?ver=2.7.0-wc.10.3.7	200	text/javascript
20211129064944	http://ornipreparation.com/wp-content/plugins/woocommerce/assets/js/jquery-blockui/jquery.blockUI.min.js?ver=2.7.0-wc.5.9.0	200	application/javascript
20230521094822	https://ornipreparation.com/wp-content/plugins/woocommerce/assets/js/jquery-blockui/jquery.blockUI.min.js?ver=2.7.0-wc.7.7.0	200	text/javascript
20240714225458	https://ornipreparation.com/wp-content/plugins/woocommerce/assets/js/jquery-blockui/jquery.blockUI.min.js?ver=2.7.0-wc.8.0.1	200	text/javascript
20250223230843	https://ornipreparation.com/wp-content/plugins/woocommerce/assets/js/jquery-blockui/jquery.blockUI.min.js?ver=2.7.0-wc.9.6.0	200	text/javascript
20250406131849	https://ornipreparation.com/wp-content/plugins/woocommerce/assets/js/jquery-blockui/jquery.blockUI.min.js?ver=2.7.0-wc.9.7.1	200	application/javascript
20230521150133	https://ornipreparation.com/wp-content/plugins/woocommerce/assets/js/js-cookie/js.cookie.min.js	200	text/javascript
20251024233946	https://ornipreparation.com/wp-content/plugins/woocommerce/assets/js/js-cookie/js.cookie.min.js?ver=2.1.4-wc.10.1.2	200	application/javascript
20260515121401	https://ornipreparation.com/wp-content/plugins/woocommerce/assets/js/js-cookie/js.cookie.min.js?ver=2.1.4-wc.10.3.7	200	text/javascript
20211129065039	http://ornipreparation.com/wp-content/plugins/woocommerce/assets/js/js-cookie/js.cookie.min.js?ver=2.1.4-wc.5.9.0	200	application/javascript
20230521080517	https://ornipreparation.com/wp-content/plugins/woocommerce/assets/js/js-cookie/js.cookie.min.js?ver=2.1.4-wc.7.7.0	200	text/javascript
20240714200727	https://ornipreparation.com/wp-content/plugins/woocommerce/assets/js/js-cookie/js.cookie.min.js?ver=2.1.4-wc.8.0.1	200	text/javascript
20250223230844	https://ornipreparation.com/wp-content/plugins/woocommerce/assets/js/js-cookie/js.cookie.min.js?ver=2.1.4-wc.9.6.0	200	text/javascript
20250404210540	https://ornipreparation.com/wp-content/plugins/woocommerce/assets/js/js-cookie/js.cookie.min.js?ver=2.1.4-wc.9.7.1	200	application/javascript
20230521094135	https://ornipreparation.com/wp-content/plugins/woocommerce/assets/js/photoswipe/photoswipe-ui-default.min.js	200	text/javascript
20251024225150	https://ornipreparation.com/wp-content/plugins/woocommerce/assets/js/photoswipe/photoswipe-ui-default.min.js?ver=4.1.1-wc.10.1.2	200	application/javascript
20260515121401	https://ornipreparation.com/wp-content/plugins/woocommerce/assets/js/photoswipe/photoswipe-ui-default.min.js?ver=4.1.1-wc.10.3.7	200	text/javascript
20211129064947	http://ornipreparation.com/wp-content/plugins/woocommerce/assets/js/photoswipe/photoswipe-ui-default.min.js?ver=4.1.1-wc.5.9.0	200	application/javascript
20230521123343	https://ornipreparation.com/wp-content/plugins/woocommerce/assets/js/photoswipe/photoswipe-ui-default.min.js?ver=4.1.1-wc.7.7.0	200	text/javascript
20240716003925	https://ornipreparation.com/wp-content/plugins/woocommerce/assets/js/photoswipe/photoswipe-ui-default.min.js?ver=4.1.1-wc.8.0.1	200	text/javascript
20250223230851	https://ornipreparation.com/wp-content/plugins/woocommerce/assets/js/photoswipe/photoswipe-ui-default.min.js?ver=4.1.1-wc.9.6.0	200	text/javascript
20250404212200	https://ornipreparation.com/wp-content/plugins/woocommerce/assets/js/photoswipe/photoswipe-ui-default.min.js?ver=4.1.1-wc.9.7.1	200	application/javascript
20230521103326	https://ornipreparation.com/wp-content/plugins/woocommerce/assets/js/photoswipe/photoswipe.min.js	200	text/javascript
20251024235137	https://ornipreparation.com/wp-content/plugins/woocommerce/assets/js/photoswipe/photoswipe.min.js?ver=4.1.1-wc.10.1.2	200	application/javascript
20260515121401	https://ornipreparation.com/wp-content/plugins/woocommerce/assets/js/photoswipe/photoswipe.min.js?ver=4.1.1-wc.10.3.7	200	text/javascript
20211129065006	http://ornipreparation.com/wp-content/plugins/woocommerce/assets/js/photoswipe/photoswipe.min.js?ver=4.1.1-wc.5.9.0	200	application/javascript
20230521084623	https://ornipreparation.com/wp-content/plugins/woocommerce/assets/js/photoswipe/photoswipe.min.js?ver=4.1.1-wc.7.7.0	200	text/javascript
20240715003658	https://ornipreparation.com/wp-content/plugins/woocommerce/assets/js/photoswipe/photoswipe.min.js?ver=4.1.1-wc.8.0.1	200	text/javascript
20250223230850	https://ornipreparation.com/wp-content/plugins/woocommerce/assets/js/photoswipe/photoswipe.min.js?ver=4.1.1-wc.9.6.0	200	text/javascript
20250404215410	https://ornipreparation.com/wp-content/plugins/woocommerce/assets/js/photoswipe/photoswipe.min.js?ver=4.1.1-wc.9.7.1	200	application/javascript
20250405053413	https://ornipreparation.com/wp-content/plugins/woocommerce/assets/js/sourcebuster/sourcebuster.min.js	200	application/javascript
20251024230710	https://ornipreparation.com/wp-content/plugins/woocommerce/assets/js/sourcebuster/sourcebuster.min.js?ver=10.1.2	200	application/javascript
20260515121400	https://ornipreparation.com/wp-content/plugins/woocommerce/assets/js/sourcebuster/sourcebuster.min.js?ver=10.3.7	200	text/javascript
20250223230850	https://ornipreparation.com/wp-content/plugins/woocommerce/assets/js/sourcebuster/sourcebuster.min.js?ver=9.6.0	200	text/javascript
20250404213547	https://ornipreparation.com/wp-content/plugins/woocommerce/assets/js/sourcebuster/sourcebuster.min.js?ver=9.7.1	200	application/javascript
20230521085510	https://ornipreparation.com/wp-content/plugins/woocommerce/assets/js/zoom/jquery.zoom.min.js	200	text/javascript
20251024233232	https://ornipreparation.com/wp-content/plugins/woocommerce/assets/js/zoom/jquery.zoom.min.js?ver=1.7.21-wc.10.1.2	200	application/javascript
20260515121401	https://ornipreparation.com/wp-content/plugins/woocommerce/assets/js/zoom/jquery.zoom.min.js?ver=1.7.21-wc.10.3.7	200	text/javascript
20211129064954	http://ornipreparation.com/wp-content/plugins/woocommerce/assets/js/zoom/jquery.zoom.min.js?ver=1.7.21-wc.5.9.0	200	application/javascript
20230521115638	https://ornipreparation.com/wp-content/plugins/woocommerce/assets/js/zoom/jquery.zoom.min.js?ver=1.7.21-wc.7.7.0	200	text/javascript
20240714233733	https://ornipreparation.com/wp-content/plugins/woocommerce/assets/js/zoom/jquery.zoom.min.js?ver=1.7.21-wc.8.0.1	200	text/javascript
20250223230846	https://ornipreparation.com/wp-content/plugins/woocommerce/assets/js/zoom/jquery.zoom.min.js?ver=1.7.21-wc.9.6.0	200	text/javascript
20250405015845	https://ornipreparation.com/wp-content/plugins/woocommerce/assets/js/zoom/jquery.zoom.min.js?ver=1.7.21-wc.9.7.1	200	application/javascript
20240714195721	https://ornipreparation.com/wp-content/plugins/woocommerce/packages/woocommerce-blocks/build/active-filters.css	200	text/css
20240714215628	https://ornipreparation.com/wp-content/plugins/woocommerce/packages/woocommerce-blocks/build/active-filters.css?ver=10.6.5	200	text/css
20240714211551	https://ornipreparation.com/wp-content/plugins/woocommerce/packages/woocommerce-blocks/build/add-to-cart-form.css	200	text/css
20240714203257	https://ornipreparation.com/wp-content/plugins/woocommerce/packages/woocommerce-blocks/build/add-to-cart-form.css?ver=10.6.5	200	text/css
20240714195003	https://ornipreparation.com/wp-content/plugins/woocommerce/packages/woocommerce-blocks/build/all-products.css	200	text/css
20240714204100	https://ornipreparation.com/wp-content/plugins/woocommerce/packages/woocommerce-blocks/build/all-products.css?ver=10.6.5	200	text/css
20240714220051	https://ornipreparation.com/wp-content/plugins/woocommerce/packages/woocommerce-blocks/build/all-reviews.css	200	text/css
20240715083009	https://ornipreparation.com/wp-content/plugins/woocommerce/packages/woocommerce-blocks/build/all-reviews.css?ver=10.6.5	200	text/css
20240714205512	https://ornipreparation.com/wp-content/plugins/woocommerce/packages/woocommerce-blocks/build/attribute-filter.css	200	text/css
20240714210740	https://ornipreparation.com/wp-content/plugins/woocommerce/packages/woocommerce-blocks/build/attribute-filter.css?ver=10.6.5	200	text/css
20240716004735	https://ornipreparation.com/wp-content/plugins/woocommerce/packages/woocommerce-blocks/build/breadcrumbs.css	200	text/css
20240714205408	https://ornipreparation.com/wp-content/plugins/woocommerce/packages/woocommerce-blocks/build/breadcrumbs.css?ver=10.6.5	200	text/css
20240715000907	https://ornipreparation.com/wp-content/plugins/woocommerce/packages/woocommerce-blocks/build/cart.css	200	text/css
20240714224839	https://ornipreparation.com/wp-content/plugins/woocommerce/packages/woocommerce-blocks/build/cart.css?ver=10.6.5	200	text/css
20240716184907	https://ornipreparation.com/wp-content/plugins/woocommerce/packages/woocommerce-blocks/build/catalog-sorting.css	200	text/css
20240714195825	https://ornipreparation.com/wp-content/plugins/woocommerce/packages/woocommerce-blocks/build/catalog-sorting.css?ver=10.6.5	200	text/css
20240714200016	https://ornipreparation.com/wp-content/plugins/woocommerce/packages/woocommerce-blocks/build/checkout.css	200	text/css
20240716004533	https://ornipreparation.com/wp-content/plugins/woocommerce/packages/woocommerce-blocks/build/checkout.css?ver=10.6.5	200	text/css
20240715022349	https://ornipreparation.com/wp-content/plugins/woocommerce/packages/woocommerce-blocks/build/customer-account.css	200	text/css
20240714202525	https://ornipreparation.com/wp-content/plugins/woocommerce/packages/woocommerce-blocks/build/customer-account.css?ver=10.6.5	200	text/css
20240714195139	https://ornipreparation.com/wp-content/plugins/woocommerce/packages/woocommerce-blocks/build/featured-category.css	200	text/css
20240714202613	https://ornipreparation.com/wp-content/plugins/woocommerce/packages/woocommerce-blocks/build/featured-category.css?ver=10.6.5	200	text/css
20240715224654	https://ornipreparation.com/wp-content/plugins/woocommerce/packages/woocommerce-blocks/build/featured-product.css	200	text/css
20240714233105	https://ornipreparation.com/wp-content/plugins/woocommerce/packages/woocommerce-blocks/build/featured-product.css?ver=10.6.5	200	text/css
20240714211933	https://ornipreparation.com/wp-content/plugins/woocommerce/packages/woocommerce-blocks/build/mini-cart-contents.css	200	text/css
20240716044227	https://ornipreparation.com/wp-content/plugins/woocommerce/packages/woocommerce-blocks/build/mini-cart-contents.css?ver=10.6.5	200	text/css
20240716133942	https://ornipreparation.com/wp-content/plugins/woocommerce/packages/woocommerce-blocks/build/mini-cart.css	200	text/css
20240714202253	https://ornipreparation.com/wp-content/plugins/woocommerce/packages/woocommerce-blocks/build/mini-cart.css?ver=10.6.5	200	text/css
20240715055654	https://ornipreparation.com/wp-content/plugins/woocommerce/packages/woocommerce-blocks/build/packages-style.css	200	text/css
20240715015012	https://ornipreparation.com/wp-content/plugins/woocommerce/packages/woocommerce-blocks/build/price-filter.css	200	text/css
20240717012927	https://ornipreparation.com/wp-content/plugins/woocommerce/packages/woocommerce-blocks/build/price-filter.css?ver=10.6.5	200	text/css
20240714200323	https://ornipreparation.com/wp-content/plugins/woocommerce/packages/woocommerce-blocks/build/product-add-to-cart.css	200	text/css
20240715005255	https://ornipreparation.com/wp-content/plugins/woocommerce/packages/woocommerce-blocks/build/product-add-to-cart.css?ver=10.6.5	200	text/css
20240714203130	https://ornipreparation.com/wp-content/plugins/woocommerce/packages/woocommerce-blocks/build/product-button.css	200	text/css
20240714201241	https://ornipreparation.com/wp-content/plugins/woocommerce/packages/woocommerce-blocks/build/product-categories.css	200	text/css
20240714205943	https://ornipreparation.com/wp-content/plugins/woocommerce/packages/woocommerce-blocks/build/product-categories.css?ver=10.6.5	200	text/css
20240714200824	https://ornipreparation.com/wp-content/plugins/woocommerce/packages/woocommerce-blocks/build/product-details.css	200	text/css
20240716114956	https://ornipreparation.com/wp-content/plugins/woocommerce/packages/woocommerce-blocks/build/product-details.css?ver=10.6.5	200	text/css
20240716102554	https://ornipreparation.com/wp-content/plugins/woocommerce/packages/woocommerce-blocks/build/product-image-gallery.css	200	text/css
20240714213613	https://ornipreparation.com/wp-content/plugins/woocommerce/packages/woocommerce-blocks/build/product-image-gallery.css?ver=10.6.5	200	text/css
20240714222323	https://ornipreparation.com/wp-content/plugins/woocommerce/packages/woocommerce-blocks/build/product-image.css	200	text/css
20240714205353	https://ornipreparation.com/wp-content/plugins/woocommerce/packages/woocommerce-blocks/build/product-image.css?ver=10.6.5	200	text/css
20240715220235	https://ornipreparation.com/wp-content/plugins/woocommerce/packages/woocommerce-blocks/build/product-query.css	200	text/css
20240714225243	https://ornipreparation.com/wp-content/plugins/woocommerce/packages/woocommerce-blocks/build/product-query.css?ver=10.6.5	200	text/css
20240716105238	https://ornipreparation.com/wp-content/plugins/woocommerce/packages/woocommerce-blocks/build/product-results-count.css	200	text/css
20240716004302	https://ornipreparation.com/wp-content/plugins/woocommerce/packages/woocommerce-blocks/build/product-results-count.css?ver=10.6.5	200	text/css
20240716130217	https://ornipreparation.com/wp-content/plugins/woocommerce/packages/woocommerce-blocks/build/product-reviews.css?ver=10.6.5	200	text/css
20240717065546	https://ornipreparation.com/wp-content/plugins/woocommerce/packages/woocommerce-blocks/build/product-sale-badge.css	200	text/css
20240714213206	https://ornipreparation.com/wp-content/plugins/woocommerce/packages/woocommerce-blocks/build/product-sale-badge.css?ver=10.6.5	200	text/css
20240714201758	https://ornipreparation.com/wp-content/plugins/woocommerce/packages/woocommerce-blocks/build/product-search.css	200	text/css
20240716000053	https://ornipreparation.com/wp-content/plugins/woocommerce/packages/woocommerce-blocks/build/product-search.css?ver=10.6.5	200	text/css
20240714195223	https://ornipreparation.com/wp-content/plugins/woocommerce/packages/woocommerce-blocks/build/product-sku.css	200	text/css
20240714195443	https://ornipreparation.com/wp-content/plugins/woocommerce/packages/woocommerce-blocks/build/product-sku.css?ver=10.6.5	200	text/css
20240715095943	https://ornipreparation.com/wp-content/plugins/woocommerce/packages/woocommerce-blocks/build/product-stock-indicator.css	200	text/css
20240717062617	https://ornipreparation.com/wp-content/plugins/woocommerce/packages/woocommerce-blocks/build/product-stock-indicator.css?ver=10.6.5	200	text/css
20240715223121	https://ornipreparation.com/wp-content/plugins/woocommerce/packages/woocommerce-blocks/build/product-summary.css	200	text/css
20240714202703	https://ornipreparation.com/wp-content/plugins/woocommerce/packages/woocommerce-blocks/build/product-summary.css?ver=10.6.5	200	text/css
20240714235144	https://ornipreparation.com/wp-content/plugins/woocommerce/packages/woocommerce-blocks/build/product-title.css	200	text/css
20240715041553	https://ornipreparation.com/wp-content/plugins/woocommerce/packages/woocommerce-blocks/build/product-title.css?ver=10.6.5	200	text/css
20240714203517	https://ornipreparation.com/wp-content/plugins/woocommerce/packages/woocommerce-blocks/build/rating-filter.css	200	text/css
20240716003304	https://ornipreparation.com/wp-content/plugins/woocommerce/packages/woocommerce-blocks/build/rating-filter.css?ver=10.6.5	200	text/css
20240714204839	https://ornipreparation.com/wp-content/plugins/woocommerce/packages/woocommerce-blocks/build/reviews-by-category.css	200	text/css
20240715015614	https://ornipreparation.com/wp-content/plugins/woocommerce/packages/woocommerce-blocks/build/reviews-by-category.css?ver=10.6.5	200	text/css
20240714224623	https://ornipreparation.com/wp-content/plugins/woocommerce/packages/woocommerce-blocks/build/reviews-by-product.css	200	text/css
20240714221558	https://ornipreparation.com/wp-content/plugins/woocommerce/packages/woocommerce-blocks/build/reviews-by-product.css?ver=10.6.5	200	text/css
20240714215440	https://ornipreparation.com/wp-content/plugins/woocommerce/packages/woocommerce-blocks/build/single-product.css	200	text/css
20240715224108	https://ornipreparation.com/wp-content/plugins/woocommerce/packages/woocommerce-blocks/build/single-product.css?ver=10.6.5	200	text/css
20240717020703	https://ornipreparation.com/wp-content/plugins/woocommerce/packages/woocommerce-blocks/build/stock-filter.css	200	text/css
20240714204351	https://ornipreparation.com/wp-content/plugins/woocommerce/packages/woocommerce-blocks/build/stock-filter.css?ver=10.6.5	200	text/css
20230521102631	https://ornipreparation.com/wp-content/plugins/woocommerce/packages/woocommerce-blocks/build/wc-blocks-style.css	200	text/css
20230521210526	https://ornipreparation.com/wp-content/plugins/woocommerce/packages/woocommerce-blocks/build/wc-blocks-style.css?ver=10.0.4	200	text/css
20211129065027	http://ornipreparation.com/wp-content/plugins/woocommerce/packages/woocommerce-blocks/build/wc-blocks-style.css?ver=6.1.0	200	text/css
20230521074857	https://ornipreparation.com/wp-content/plugins/woocommerce/packages/woocommerce-blocks/build/wc-blocks-vendors-style.css	200	text/css
20230521124455	https://ornipreparation.com/wp-content/plugins/woocommerce/packages/woocommerce-blocks/build/wc-blocks-vendors-style.css?ver=10.0.4	200	text/css
20211129064944	http://ornipreparation.com/wp-content/plugins/woocommerce/packages/woocommerce-blocks/build/wc-blocks-vendors-style.css?ver=6.1.0	200	text/css
20240714213107	https://ornipreparation.com/wp-content/plugins/woocommerce/packages/woocommerce-blocks/build/wc-blocks.css	200	text/css
20240714224407	https://ornipreparation.com/wp-content/plugins/woocommerce/packages/woocommerce-blocks/build/wc-blocks.css?ver=10.6.5	200	text/css
20250808220140	https://ornipreparation.com/wp-content/plugins/wpdiscuz/assets/css/wpdiscuz-combo.min.css	200	text/css
20211129065015	http://ornipreparation.com/wp-content/plugins/wpdiscuz/assets/css/wpdiscuz-combo.min.css?ver=5.8.2	200	text/css
20250223230842	https://ornipreparation.com/wp-content/plugins/wpdiscuz/assets/css/wpdiscuz-combo.min.css?ver=6.7.2	200	text/css
20250729124913	https://ornipreparation.com/wp-content/plugins/wpdiscuz/assets/css/wpdiscuz-combo.min.css?ver=6.8.2	200	text/css
20211129135232	http://ornipreparation.com/wp-content/plugins/wpdiscuz/assets/img/delete.png	200	image/png
20211129072208	http://ornipreparation.com/wp-content/plugins/wpdiscuz/assets/img/file-icons/delete.png	200	image/png
20211130104023	http://ornipreparation.com/wp-content/plugins/wpdiscuz/assets/img/loading.gif	200	image/gif
20250808220214	https://ornipreparation.com/wp-content/plugins/wpdiscuz/assets/js/wpdiscuz-combo.min.js	200	application/javascript
20211129065012	http://ornipreparation.com/wp-content/plugins/wpdiscuz/assets/js/wpdiscuz-combo.min.js?ver=7.3.8	200	application/javascript
20211130135343	http://ornipreparation.com/wp-content/plugins/wpdiscuz/assets/js/wpdiscuz-combo.min.js?ver=7.3.9	200	application/javascript
20250223230849	https://ornipreparation.com/wp-content/plugins/wpdiscuz/assets/js/wpdiscuz-combo.min.js?ver=7.6.27	200	text/javascript
20250729124917	https://ornipreparation.com/wp-content/plugins/wpdiscuz/assets/js/wpdiscuz-combo.min.js?ver=7.6.29	200	application/javascript
20250914174332	https://ornipreparation.com/wp-content/plugins/wpdiscuz/assets/js/wpdiscuz-combo.min.js?ver=7.6.33	200	application/javascript
20260515121400	https://ornipreparation.com/wp-content/plugins/wpdiscuz/assets/js/wpdiscuz-combo.min.js?ver=7.6.34	200	text/javascript
20211129135234	http://ornipreparation.com/wp-content/plugins/wpdiscuz/assets/third-party/colorbox/images/border.png	200	image/png
20211129065156	http://ornipreparation.com/wp-content/plugins/wpdiscuz/assets/third-party/colorbox/images/controls.png	200	image/png
20211129072210	http://ornipreparation.com/wp-content/plugins/wpdiscuz/assets/third-party/colorbox/images/loading.gif	200	image/gif
20211129065203	http://ornipreparation.com/wp-content/plugins/wpdiscuz/assets/third-party/colorbox/images/loading_background.png	200	image/png
20211129135235	http://ornipreparation.com/wp-content/plugins/wpdiscuz/assets/third-party/colorbox/images/overlay.png	200	image/png
20250808220106	https://ornipreparation.com/wp-content/plugins/wpdiscuz/assets/third-party/font-awesome-5.13.0/css/fa.min.css	200	text/css
20211129065016	http://ornipreparation.com/wp-content/plugins/wpdiscuz/assets/third-party/font-awesome-5.13.0/css/fa.min.css?ver=7.3.8	200	text/css
20211130140855	http://ornipreparation.com/wp-content/plugins/wpdiscuz/assets/third-party/font-awesome-5.13.0/css/fa.min.css?ver=7.3.9	200	text/css
20250223230843	https://ornipreparation.com/wp-content/plugins/wpdiscuz/assets/third-party/font-awesome-5.13.0/css/fa.min.css?ver=7.6.27	200	text/css
20250729124913	https://ornipreparation.com/wp-content/plugins/wpdiscuz/assets/third-party/font-awesome-5.13.0/css/fa.min.css?ver=7.6.29	200	text/css
20260515121358	https://ornipreparation.com/wp-content/plugins/wpdiscuz/assets/third-party/font-awesome-5.13.0/css/fa.min.css?ver=7.6.34	200	text/css
20211129072159	http://ornipreparation.com/wp-content/plugins/wpdiscuz/assets/third-party/font-awesome-5.13.0/webfonts/fa-brands-400.eot	200	application/vnd.ms-fontobject
20211130104012	http://ornipreparation.com/wp-content/plugins/wpdiscuz/assets/third-party/font-awesome-5.13.0/webfonts/fa-brands-400.svg	200	image/svg+xml
20211130104010	http://ornipreparation.com/wp-content/plugins/wpdiscuz/assets/third-party/font-awesome-5.13.0/webfonts/fa-brands-400.ttf	200	application/font-sfnt
20211129072144	http://ornipreparation.com/wp-content/plugins/wpdiscuz/assets/third-party/font-awesome-5.13.0/webfonts/fa-brands-400.woff	200	application/font-woff
20211129072151	http://ornipreparation.com/wp-content/plugins/wpdiscuz/assets/third-party/font-awesome-5.13.0/webfonts/fa-brands-400.woff2	200	unk
20211129072148	http://ornipreparation.com/wp-content/plugins/wpdiscuz/assets/third-party/font-awesome-5.13.0/webfonts/fa-regular-400.eot	200	application/vnd.ms-fontobject
20211129065146	http://ornipreparation.com/wp-content/plugins/wpdiscuz/assets/third-party/font-awesome-5.13.0/webfonts/fa-regular-400.svg	200	image/svg+xml
20211129135223	http://ornipreparation.com/wp-content/plugins/wpdiscuz/assets/third-party/font-awesome-5.13.0/webfonts/fa-regular-400.ttf	200	application/font-sfnt
20211129072153	http://ornipreparation.com/wp-content/plugins/wpdiscuz/assets/third-party/font-awesome-5.13.0/webfonts/fa-regular-400.woff	200	application/font-woff
20211129135225	http://ornipreparation.com/wp-content/plugins/wpdiscuz/assets/third-party/font-awesome-5.13.0/webfonts/fa-regular-400.woff2	200	unk
20211129135226	http://ornipreparation.com/wp-content/plugins/wpdiscuz/assets/third-party/font-awesome-5.13.0/webfonts/fa-solid-900.eot	200	application/vnd.ms-fontobject
20211129065143	http://ornipreparation.com/wp-content/plugins/wpdiscuz/assets/third-party/font-awesome-5.13.0/webfonts/fa-solid-900.svg	200	image/svg+xml
20211129072157	http://ornipreparation.com/wp-content/plugins/wpdiscuz/assets/third-party/font-awesome-5.13.0/webfonts/fa-solid-900.ttf	200	application/font-sfnt
20211129072201	http://ornipreparation.com/wp-content/plugins/wpdiscuz/assets/third-party/font-awesome-5.13.0/webfonts/fa-solid-900.woff	200	application/font-woff
20211129072150	http://ornipreparation.com/wp-content/plugins/wpdiscuz/assets/third-party/font-awesome-5.13.0/webfonts/fa-solid-900.woff2	200	unk
20211129072222	http://ornipreparation.com/wp-content/plugins/wpdiscuz/themes/default/css/fonts/sqr721c-webfont.eot	200	application/vnd.ms-fontobject
20211129072224	http://ornipreparation.com/wp-content/plugins/wpdiscuz/themes/default/css/fonts/sqr721c-webfont.svg	200	image/svg+xml
20211129135244	http://ornipreparation.com/wp-content/plugins/wpdiscuz/themes/default/css/fonts/sqr721c-webfont.ttf	200	application/font-sfnt
20211129072226	http://ornipreparation.com/wp-content/plugins/wpdiscuz/themes/default/css/fonts/sqr721c-webfont.woff	200	application/font-woff
20211129135242	http://ornipreparation.com/wp-content/plugins/wpdiscuz/themes/default/css/fonts/sqr721c-webfont.woff2	200	unk
20211129065042	http://ornipreparation.com/wp-content/plugins/wpdiscuz/themes/default/style.css?ver=7.3.8	200	text/css
20211130135353	http://ornipreparation.com/wp-content/plugins/wpdiscuz/themes/default/style.css?ver=7.3.9	200	text/css
20250223230842	https://ornipreparation.com/wp-content/plugins/wpdiscuz/themes/default/style.css?ver=7.6.27	200	text/css
20250729124913	https://ornipreparation.com/wp-content/plugins/wpdiscuz/themes/default/style.css?ver=7.6.29	200	text/css
20260515121358	https://ornipreparation.com/wp-content/plugins/wpdiscuz/themes/default/style.css?ver=7.6.34	200	text/css
20250902083112	https://ornipreparation.com/wp-content/plugins/wpdiscuz/utils/ajax/wpdiscuz-ajax.php	200	text/html
20230523220825	https://ornipreparation.com/wp-content/themes/astra/assets/css/minified/compatibility/contact-form-7-main.min.css	200	text/css
20211129065036	http://ornipreparation.com/wp-content/themes/astra/assets/css/minified/compatibility/contact-form-7-main.min.css?ver=3.7.5	200	text/css
20230521092229	https://ornipreparation.com/wp-content/themes/astra/assets/css/minified/compatibility/contact-form-7-main.min.css?ver=4.1.5	200	text/css
20250914174625	https://ornipreparation.com/wp-content/themes/astra/assets/css/minified/compatibility/contact-form-7-main.min.css?ver=4.11.11	200	text/css
20240714233122	https://ornipreparation.com/wp-content/themes/astra/assets/css/minified/compatibility/edd.min.css	200	text/css
20240714200745	https://ornipreparation.com/wp-content/themes/astra/assets/css/minified/compatibility/edd.min.css?ver=4.1.5	200	text/css
20230521100254	https://ornipreparation.com/wp-content/themes/astra/assets/css/minified/compatibility/woocommerce/woocommerce-layout.min.css	200	text/css
20211129065020	http://ornipreparation.com/wp-content/themes/astra/assets/css/minified/compatibility/woocommerce/woocommerce-layout.min.css?ver=3.7.5	200	text/css
20230521074930	https://ornipreparation.com/wp-content/themes/astra/assets/css/minified/compatibility/woocommerce/woocommerce-layout.min.css?ver=4.1.5	200	text/css
20251024231446	https://ornipreparation.com/wp-content/themes/astra/assets/css/minified/compatibility/woocommerce/woocommerce-layout.min.css?ver=4.11.11	200	text/css
20230521101217	https://ornipreparation.com/wp-content/themes/astra/assets/css/minified/compatibility/woocommerce/woocommerce-smallscreen.min.css	200	text/css
20211129065027	http://ornipreparation.com/wp-content/themes/astra/assets/css/minified/compatibility/woocommerce/woocommerce-smallscreen.min.css?ver=3.7.5	200	text/css
20230521143242	https://ornipreparation.com/wp-content/themes/astra/assets/css/minified/compatibility/woocommerce/woocommerce-smallscreen.min.css?ver=4.1.5	200	text/css
20251025002449	https://ornipreparation.com/wp-content/themes/astra/assets/css/minified/compatibility/woocommerce/woocommerce-smallscreen.min.css?ver=4.11.11	200	text/css
20230521092139	https://ornipreparation.com/wp-content/themes/astra/assets/css/minified/compatibility/woocommerce/woocommerce.min.css	200	text/css
20211129064948	http://ornipreparation.com/wp-content/themes/astra/assets/css/minified/compatibility/woocommerce/woocommerce.min.css?ver=3.7.5	200	text/css
20230521075025	https://ornipreparation.com/wp-content/themes/astra/assets/css/minified/compatibility/woocommerce/woocommerce.min.css?ver=4.1.5	200	text/css
20251025011628	https://ornipreparation.com/wp-content/themes/astra/assets/css/minified/compatibility/woocommerce/woocommerce.min.css?ver=4.11.11	200	text/css
20230521081042	https://ornipreparation.com/wp-content/themes/astra/assets/css/minified/frontend.min.css	200	text/css
20211129065034	http://ornipreparation.com/wp-content/themes/astra/assets/css/minified/frontend.min.css?ver=3.7.5	200	text/css
20230521154456	https://ornipreparation.com/wp-content/themes/astra/assets/css/minified/frontend.min.css?ver=4.1.5	200	text/css
20250914174458	https://ornipreparation.com/wp-content/themes/astra/assets/css/minified/frontend.min.css?ver=4.11.11	200	text/css
20230521082833	https://ornipreparation.com/wp-content/themes/astra/assets/css/minified/menu-animation.min.css	200	text/css
20211129065012	http://ornipreparation.com/wp-content/themes/astra/assets/css/minified/menu-animation.min.css?ver=3.7.5	200	text/css
20230521110849	https://ornipreparation.com/wp-content/themes/astra/assets/css/minified/menu-animation.min.css?ver=4.1.5	200	text/css
20250914174458	https://ornipreparation.com/wp-content/themes/astra/assets/css/minified/menu-animation.min.css?ver=4.11.11	200	text/css
20211129065008	http://ornipreparation.com/wp-content/themes/astra/assets/fonts/astra.svg	200	image/svg+xml
20211129064947	http://ornipreparation.com/wp-content/themes/astra/assets/fonts/astra.ttf	200	application/font-sfnt
20211129065026	http://ornipreparation.com/wp-content/themes/astra/assets/fonts/astra.woff	200	application/font-woff
20211129065005	http://ornipreparation.com/wp-content/themes/astra/assets/js/minified/flexibility.min.js?ver=3.7.5	200	application/javascript
20250223230844	https://ornipreparation.com/wp-content/themes/astra/assets/js/minified/flexibility.min.js?ver=4.1.5	200	text/javascript
20230521083026	https://ornipreparation.com/wp-content/themes/astra/assets/js/minified/frontend.min.js	200	text/javascript
20211129065032	http://ornipreparation.com/wp-content/themes/astra/assets/js/minified/frontend.min.js?ver=3.7.5	200	application/javascript
20230521095423	https://ornipreparation.com/wp-content/themes/astra/assets/js/minified/frontend.min.js?ver=4.1.5	200	text/javascript
20250914174121	https://ornipreparation.com/wp-content/themes/astra/assets/js/minified/frontend.min.js?ver=4.11.11	200	application/javascript
20250918070350	https://ornipreparation.com/wp-content/uploads/2021/05/emia-150x150.jpg	200	image/jpeg
20250918070350	https://ornipreparation.com/wp-content/uploads/2021/05/emia-scaled-100x100.jpg	200	image/jpeg
20250905130059	https://ornipreparation.com/wp-content/uploads/2021/05/erforl-zentrum-salle-1.jpg	200	image/jpeg
20250918070350	https://ornipreparation.com/wp-content/uploads/2021/05/Police-Camerounaise-100x100.jpg	200	image/jpeg
20250918070350	https://ornipreparation.com/wp-content/uploads/2021/05/Police-Camerounaise-150x150.jpg	200	image/jpeg
20230521085729	https://ornipreparation.com/wp-content/uploads/2021/08/262763767_1080167186116556_3325683275857310523_n.png	200	image/png
20211129065008	http://ornipreparation.com/wp-content/uploads/2021/08/All_white_with_Transparant_background-OK.png	200	image/png
20250914174040	https://ornipreparation.com/wp-content/uploads/2021/08/Banniere-EZ-2-1024x169.png	200	image/png
20250914174043	https://ornipreparation.com/wp-content/uploads/2021/08/Banniere-EZ-2-1536x253.png	200	image/png
20250914174041	https://ornipreparation.com/wp-content/uploads/2021/08/Banniere-EZ-2-300x49.png	200	image/png
20250914174043	https://ornipreparation.com/wp-content/uploads/2021/08/Banniere-EZ-2-550x91.png	200	image/png
20250914174043	https://ornipreparation.com/wp-content/uploads/2021/08/Banniere-EZ-2-768x127.png	200	image/png
20250914174043	https://ornipreparation.com/wp-content/uploads/2021/08/Banniere-EZ-2.png	200	image/png
20240715212957	https://ornipreparation.com/wp-content/uploads/2021/08/Black-White-Modern-Minimalist-Data-Analyst-LinkedIn-Banner-1024x256.png	200	image/png
20240715053616	https://ornipreparation.com/wp-content/uploads/2021/08/Black-White-Modern-Minimalist-Data-Analyst-LinkedIn-Banner-1536x384.png	200	image/png
20240714201321	https://ornipreparation.com/wp-content/uploads/2021/08/Black-White-Modern-Minimalist-Data-Analyst-LinkedIn-Banner-300x75.png	200	image/png
20240714200510	https://ornipreparation.com/wp-content/uploads/2021/08/Black-White-Modern-Minimalist-Data-Analyst-LinkedIn-Banner-550x138.png	200	image/png
20240717014710	https://ornipreparation.com/wp-content/uploads/2021/08/Black-White-Modern-Minimalist-Data-Analyst-LinkedIn-Banner-768x192.png	200	image/png
20240714195912	https://ornipreparation.com/wp-content/uploads/2021/08/Black-White-Modern-Minimalist-Data-Analyst-LinkedIn-Banner.png	200	image/png
20230521133033	https://ornipreparation.com/wp-content/uploads/2021/08/cropped-262478491_928051254740327_5843590895184174867_n-180x180.png	200	image/png
20230521075454	https://ornipreparation.com/wp-content/uploads/2021/08/cropped-262478491_928051254740327_5843590895184174867_n-192x192.png	200	image/png
20250223230843	https://ornipreparation.com/wp-content/uploads/2021/08/cropped-262478491_928051254740327_5843590895184174867_n-270x270.png	200	image/png
20230521092235	https://ornipreparation.com/wp-content/uploads/2021/08/cropped-262478491_928051254740327_5843590895184174867_n-32x32.png	200	image/png
20250729124153	https://ornipreparation.com/wp-content/uploads/2021/08/cropped-262478491_928051254740327_5843590895184174867_n.png	200	image/png
20250907211232	https://ornipreparation.com/wp-content/uploads/2021/08/enea8-100x100.jpg	200	image/jpeg
20250907211232	https://ornipreparation.com/wp-content/uploads/2021/08/enea8-150x150.jpg	200	image/jpeg
20250404212733	https://ornipreparation.com/wp-content/uploads/2021/08/Erfolg-Zentrum_Banner-1024x256.jpg	200	image/jpeg
20250404213707	https://ornipreparation.com/wp-content/uploads/2021/08/Erfolg-Zentrum_Banner-1536x384.jpg	200	image/jpeg
20250404213241	https://ornipreparation.com/wp-content/uploads/2021/08/Erfolg-Zentrum_Banner-300x75.jpg	200	image/jpeg
20250405003621	https://ornipreparation.com/wp-content/uploads/2021/08/Erfolg-Zentrum_Banner-550x138.jpg	200	image/jpeg
20250404210314	https://ornipreparation.com/wp-content/uploads/2021/08/Erfolg-Zentrum_Banner-768x192.jpg	200	image/jpeg
20250404213924	https://ornipreparation.com/wp-content/uploads/2021/08/Erfolg-Zentrum_Banner.jpg	200	image/jpeg
20230521103726	https://ornipreparation.com/wp-content/uploads/2021/08/etudes-top-300x277.png	200	image/png
20230521112211	https://ornipreparation.com/wp-content/uploads/2021/08/etudes-top.png	200	image/png
20250907054528	https://ornipreparation.com/wp-content/uploads/2021/08/FLYERS-SITE-INTERNET-01-1024x473.jpg	200	image/jpeg
20250907054528	https://ornipreparation.com/wp-content/uploads/2021/08/FLYERS-SITE-INTERNET-01-1536x709.jpg	200	image/jpeg
20250907054528	https://ornipreparation.com/wp-content/uploads/2021/08/FLYERS-SITE-INTERNET-01-2048x946.jpg	200	image/jpeg
20250907054528	https://ornipreparation.com/wp-content/uploads/2021/08/FLYERS-SITE-INTERNET-01-300x139.jpg	200	image/jpeg
20250907054528	https://ornipreparation.com/wp-content/uploads/2021/08/FLYERS-SITE-INTERNET-01-550x254.jpg	200	image/jpeg
20250907054528	https://ornipreparation.com/wp-content/uploads/2021/08/FLYERS-SITE-INTERNET-01-768x355.jpg	200	image/jpeg
20250907054615	https://ornipreparation.com/wp-content/uploads/2021/08/FLYERS-SITE-INTERNET-01.jpg	200	image/jpeg
20250907211232	https://ornipreparation.com/wp-content/uploads/2021/08/institut-universitaire-catholique-saint-jerome-de-douala-iucsjd-100x100.jpg	200	image/jpeg
20250907211232	https://ornipreparation.com/wp-content/uploads/2021/08/institut-universitaire-catholique-saint-jerome-de-douala-iucsjd-150x150.jpg	200	image/jpeg
20240716025014	https://ornipreparation.com/wp-content/uploads/2021/08/logo-bristols4-1024x166.png	200	image/png
20240714201111	https://ornipreparation.com/wp-content/uploads/2021/08/logo-bristols4-1536x249.png	200	image/png
20240716043742	https://ornipreparation.com/wp-content/uploads/2021/08/logo-bristols4-300x49.png	200	image/png
20240714201142	https://ornipreparation.com/wp-content/uploads/2021/08/logo-bristols4-550x89.png	200	image/png
20240715001345	https://ornipreparation.com/wp-content/uploads/2021/08/logo-bristols4-768x125.png	200	image/png
20240715043602	https://ornipreparation.com/wp-content/uploads/2021/08/logo-bristols4.png	200	image/png
20250907211232	https://ornipreparation.com/wp-content/uploads/2021/08/orniformation-Institut-Ucac-Icam-100x100.jpg	200	image/jpeg
20250907211232	https://ornipreparation.com/wp-content/uploads/2021/08/orniformation-Institut-Ucac-Icam-150x150.jpg	200	image/jpeg
20211129065045	http://ornipreparation.com/wp-content/uploads/2021/08/UBI-Logo-Est-Blue-Transparent_edited.png	200	image/png
20250905063754	https://ornipreparation.com/wp-content/uploads/2021/09/bamenda-100x100.jpg	200	image/jpeg
20250903052122	https://ornipreparation.com/wp-content/uploads/2021/09/bamenda-150x150.jpg	200	image/jpeg
20250907054548	https://ornipreparation.com/wp-content/uploads/2021/09/CAC1-100x100.jpg	200	image/jpeg
20250907054548	https://ornipreparation.com/wp-content/uploads/2021/09/CAC1-150x150.jpg	200	image/jpeg
20250223230846	https://ornipreparation.com/wp-content/uploads/2021/09/Douala-2020-11-scaled-1-1024x683.jpg	200	image/jpeg
20250223230846	https://ornipreparation.com/wp-content/uploads/2021/09/Douala-2020-11-scaled-1-1536x1024.jpg	200	image/jpeg
20250223230845	https://ornipreparation.com/wp-content/uploads/2021/09/Douala-2020-11-scaled-1-2048x1366.jpg	200	image/jpeg
20250223230849	https://ornipreparation.com/wp-content/uploads/2021/09/Douala-2020-11-scaled-1-300x200.jpg	200	image/jpeg
20250223230848	https://ornipreparation.com/wp-content/uploads/2021/09/Douala-2020-11-scaled-1-550x367.jpg	200	image/jpeg
20250223230848	https://ornipreparation.com/wp-content/uploads/2021/09/Douala-2020-11-scaled-1-768x512.jpg	200	image/jpeg
20250223230842	https://ornipreparation.com/wp-content/uploads/2021/09/Douala-2020-11-scaled-1.jpg	200	image/jpeg
20250404204018	https://ornipreparation.com/wp-content/uploads/2021/09/Douanes-camerounaises-1024x576.jpg	200	image/jpeg
20250911003738	https://ornipreparation.com/wp-content/uploads/2021/09/Esstic-100x100.png	200	image/png
20250911003738	https://ornipreparation.com/wp-content/uploads/2021/09/Esstic-150x150.png	200	image/png
20250901203228	https://ornipreparation.com/wp-content/uploads/2021/09/faculte-medecine-universite-douala-100x100.jpg	200	image/jpeg
20250903182546	https://ornipreparation.com/wp-content/uploads/2021/09/faculte-medecine-universite-douala-150x150.jpg	200	image/jpeg
20250903170640	https://ornipreparation.com/wp-content/uploads/2021/09/faculte-medecine-yaounde-100x100.jpg	200	image/jpeg
20250903170640	https://ornipreparation.com/wp-content/uploads/2021/09/faculte-medecine-yaounde-150x150.jpg	200	image/jpeg
20250903033301	https://ornipreparation.com/wp-content/uploads/2021/09/Faculty-of-Health-Sciences-100x100.jpg	200	image/jpeg
20250914174025	https://ornipreparation.com/wp-content/uploads/2021/09/Faculty-of-Health-Sciences-1024x556.jpg	200	image/jpeg
20250903000911	https://ornipreparation.com/wp-content/uploads/2021/09/Faculty-of-Health-Sciences-150x150.jpg	200	image/jpeg
20250914174025	https://ornipreparation.com/wp-content/uploads/2021/09/Faculty-of-Health-Sciences-300x163.jpg	200	image/jpeg
20250914174025	https://ornipreparation.com/wp-content/uploads/2021/09/Faculty-of-Health-Sciences-550x299.jpg	200	image/jpeg
20250914174025	https://ornipreparation.com/wp-content/uploads/2021/09/Faculty-of-Health-Sciences-768x417.jpg	200	image/jpeg
20250914174025	https://ornipreparation.com/wp-content/uploads/2021/09/Faculty-of-Health-Sciences.jpg	200	image/jpeg
20250907211225	https://ornipreparation.com/wp-content/uploads/2021/09/fgi-_faculte-medecine-universite-douala-100x100.jpg	200	image/jpeg
20250907211225	https://ornipreparation.com/wp-content/uploads/2021/09/fgi-_faculte-medecine-universite-douala-150x150.jpg	200	image/jpeg
20250918070350	https://ornipreparation.com/wp-content/uploads/2021/09/gendarmerie-100x100.jpg	200	image/jpeg
20250918070350	https://ornipreparation.com/wp-content/uploads/2021/09/gendarmerie-150x150.jpg	200	image/jpeg
20250907054549	https://ornipreparation.com/wp-content/uploads/2021/09/istm-100x100.jpg	200	image/jpeg
20250905235150	https://ornipreparation.com/wp-content/uploads/2021/09/istm-150x150.jpg	200	image/jpeg
20250907054615	https://ornipreparation.com/wp-content/uploads/2021/09/maxresdefault-100x100.jpg	200	image/jpeg
20250907054615	https://ornipreparation.com/wp-content/uploads/2021/09/maxresdefault-150x150.jpg	200	image/jpeg
20250907054548	https://ornipreparation.com/wp-content/uploads/2021/09/ngaoun-100x100.jpg	200	image/jpeg
20250907054548	https://ornipreparation.com/wp-content/uploads/2021/09/ngaoun-150x150.jpg	200	image/jpeg
20250907054548	https://ornipreparation.com/wp-content/uploads/2021/09/Universite-de-Dschang-100x100.jpg	200	image/jpeg
20250904204201	https://ornipreparation.com/wp-content/uploads/2021/09/Universite-de-Dschang-150x150.jpg	200	image/jpeg
20250905044259	https://ornipreparation.com/wp-content/uploads/2021/10/college-students-100x100.jpg	200	image/jpeg
20250905044258	https://ornipreparation.com/wp-content/uploads/2021/10/college-students-150x150.jpg	200	image/jpeg
20250729124154	https://ornipreparation.com/wp-content/uploads/2021/10/Higher-Institute-of-Management-and-Entrepreneurship-HIME-100x100.jpeg	200	image/jpeg
20250729124154	https://ornipreparation.com/wp-content/uploads/2021/10/Higher-Institute-of-Management-and-Entrepreneurship-HIME-150x150.jpeg	200	image/jpeg
20250905044300	https://ornipreparation.com/wp-content/uploads/2021/10/Institut-Catholique-Bonneau-dEbolowa-ICABE-100x100.jpg	200	image/jpeg
20250905044300	https://ornipreparation.com/wp-content/uploads/2021/10/Institut-Catholique-Bonneau-dEbolowa-ICABE-150x150.jpg	200	image/jpeg
20250905044300	https://ornipreparation.com/wp-content/uploads/2021/10/Institut-dAfrique-Unie-100x100.jpg	200	image/jpeg
20250905044301	https://ornipreparation.com/wp-content/uploads/2021/10/Institut-dAfrique-Unie-150x150.jpg	200	image/jpeg
20250905044303	https://ornipreparation.com/wp-content/uploads/2021/10/Institut-Universitaire-Prive-Laic-de-LEquateur-100x100.jpg	200	image/jpeg
20250905044302	https://ornipreparation.com/wp-content/uploads/2021/10/Institut-Universitaire-Prive-Laic-de-LEquateur-150x150.jpg	200	image/jpeg
20211129070602	http://ornipreparation.com/wp-content/uploads/2021/11/260008001_622878542488519_3347372248486208575_n-300x300.jpg	200	image/jpeg
20250906140414	https://ornipreparation.com/wp-content/uploads/2021/11/260008001_622878542488519_3347372248486208575_n.jpg	200	image/jpeg
20211129065106	http://ornipreparation.com/wp-content/uploads/2021/11/260661483_897916044422841_5040061346388425440_n-300x300.jpg	200	image/jpeg
20211129065106	http://ornipreparation.com/wp-content/uploads/2021/11/260712682_1178781609319804_7673218524093040890_n-300x300.jpg	200	image/jpeg
20211129070606	http://ornipreparation.com/wp-content/uploads/2021/11/261499219_324572679172975_2567870245239738067_n-300x300.jpg	200	image/jpeg
20260515121359	https://ornipreparation.com/wp-content/uploads/2021/11/Analyste-en-informatique-judiciaire-1024x605.png	200	image/png
20260515125145	https://ornipreparation.com/wp-content/uploads/2021/11/Analyste-en-informatique-judiciaire-768x454.png	200	image/png
20250905044305	https://ornipreparation.com/wp-content/uploads/2021/11/Baptist-Institute-of-Higher-Learning-100x100.jpg	200	image/jpeg
20250905044305	https://ornipreparation.com/wp-content/uploads/2021/11/Baptist-Institute-of-Higher-Learning-150x150.jpg	200	image/jpeg
20250905044258	https://ornipreparation.com/wp-content/uploads/2021/11/bengono-100x100.jpeg	200	image/jpeg
20250905044258	https://ornipreparation.com/wp-content/uploads/2021/11/bengono-150x150.jpeg	200	image/jpeg
20260515121419	https://ornipreparation.com/wp-content/uploads/2021/11/cameroun.png	200	image/png
20250905044305	https://ornipreparation.com/wp-content/uploads/2021/11/Capitol-Higher-Institute-of-Health-Sciences-and-Beauty-Therapy-100x100.jpg	200	image/jpeg
20250905044305	https://ornipreparation.com/wp-content/uploads/2021/11/Capitol-Higher-Institute-of-Health-Sciences-and-Beauty-Therapy-150x150.jpg	200	image/jpeg
20250905044305	https://ornipreparation.com/wp-content/uploads/2021/11/Catholic-University-Institute-of-Bamenda-100x100.jpg	200	image/jpeg
20250905044305	https://ornipreparation.com/wp-content/uploads/2021/11/Catholic-University-Institute-of-Bamenda-150x150.jpg	200	image/jpeg
20250905044304	https://ornipreparation.com/wp-content/uploads/2021/11/Central-Higher-Institute-CHI-100x100.jpg	200	image/jpeg
20250905044304	https://ornipreparation.com/wp-content/uploads/2021/11/Central-Higher-Institute-CHI-150x150.jpg	200	image/jpeg
20250905044304	https://ornipreparation.com/wp-content/uploads/2021/11/Christian-University-Institute-100x100.jpg	200	image/jpeg
20250905044303	https://ornipreparation.com/wp-content/uploads/2021/11/Christian-University-Institute-150x150.jpg	200	image/jpeg
20250906103351	https://ornipreparation.com/wp-content/uploads/2021/11/Coach-sportif.jpg	200	image/jpeg
20250918070339	https://ornipreparation.com/wp-content/uploads/2021/11/commissaire1-100x100.jpg	200	image/jpeg
20260515121420	https://ornipreparation.com/wp-content/uploads/2021/11/commissaire1-1024x344.jpg	200	image/jpeg
20250918070339	https://ornipreparation.com/wp-content/uploads/2021/11/commissaire1-150x150.jpg	200	image/jpeg
20260515121419	https://ornipreparation.com/wp-content/uploads/2021/11/commissaire1-300x101.jpg	200	image/jpeg
20260515121419	https://ornipreparation.com/wp-content/uploads/2021/11/commissaire1-550x185.jpg	200	image/jpeg
20260515121420	https://ornipreparation.com/wp-content/uploads/2021/11/commissaire1-768x258.jpg	200	image/jpeg
20260515121419	https://ornipreparation.com/wp-content/uploads/2021/11/commissaire1.jpg	200	image/jpeg
20250905044259	https://ornipreparation.com/wp-content/uploads/2021/11/Computer-Higher-Institute-of-Technology-100x100.jpg	200	image/jpeg
20250905044259	https://ornipreparation.com/wp-content/uploads/2021/11/Computer-Higher-Institute-of-Technology-150x150.jpg	200	image/jpeg
20250831110414	https://ornipreparation.com/wp-content/uploads/2021/11/cropped-262088151_590561465602970_3152358693188124339_n-1.png	200	image/png
20250918070339	https://ornipreparation.com/wp-content/uploads/2021/11/gardien1-100x100.jpg	200	image/jpeg
20250918070339	https://ornipreparation.com/wp-content/uploads/2021/11/gardien1-150x150.jpg	200	image/jpeg
20250918070339	https://ornipreparation.com/wp-content/uploads/2021/11/gardiens-paix1-100x100.jpg	200	image/jpeg
20250918070339	https://ornipreparation.com/wp-content/uploads/2021/11/gardiens-paix1-150x150.jpg	200	image/jpeg
20260515121420	https://ornipreparation.com/wp-content/uploads/2021/11/gardiens-paix1-300x101.jpg	200	image/jpeg
20260515121420	https://ornipreparation.com/wp-content/uploads/2021/11/gardiens-paix1-550x185.jpg	200	image/jpeg
20260515121420	https://ornipreparation.com/wp-content/uploads/2021/11/gardiens-paix1.jpg	200	image/jpeg
20250905044302	https://ornipreparation.com/wp-content/uploads/2021/11/Havard-Higher-Institute-of-Science-and-Technology-100x100.jpg	200	image/jpeg
20250905044301	https://ornipreparation.com/wp-content/uploads/2021/11/Havard-Higher-Institute-of-Science-and-Technology-150x150.jpg	200	image/jpeg
20250905044301	https://ornipreparation.com/wp-content/uploads/2021/11/Higher-Institute-for-Business-and-management-Sciences-150x150.jpg	200	image/jpeg
20250905044301	https://ornipreparation.com/wp-content/uploads/2021/11/Higher-Institute-for-Business-and-management-Sciences-scaled-100x100.jpg	200	image/jpeg
20250905044258	https://ornipreparation.com/wp-content/uploads/2021/11/Higher-Institute-of-Applied-Medical-Sciences-Buea-100x100.jpg	200	image/jpeg
20250905044258	https://ornipreparation.com/wp-content/uploads/2021/11/Higher-Institute-of-Applied-Medical-Sciences-Buea-150x150.jpg	200	image/jpeg
20250905044300	https://ornipreparation.com/wp-content/uploads/2021/11/impact-Polytechnic-100x100.jpg	200	image/jpeg
20250905044300	https://ornipreparation.com/wp-content/uploads/2021/11/impact-Polytechnic-150x150.jpg	200	image/jpeg
20250905044257	https://ornipreparation.com/wp-content/uploads/2021/11/Institut-Superieur-de-Management-International-ISMI-100x100.jpg	200	image/jpeg
20250905044257	https://ornipreparation.com/wp-content/uploads/2021/11/Institut-Superieur-de-Management-International-ISMI-150x150.jpg	200	image/jpeg
20250905044258	https://ornipreparation.com/wp-content/uploads/2021/11/Institut-Universitaire-Catholique-Sainte-Therese-de-Yaounde-INUCASTY-100x100.jpg	200	image/jpeg
20250905044258	https://ornipreparation.com/wp-content/uploads/2021/11/Institut-Universitaire-Catholique-Sainte-Therese-de-Yaounde-INUCASTY-150x150.jpg	200	image/jpeg
20250905044300	https://ornipreparation.com/wp-content/uploads/2021/11/International-University-of-Bamenda-100x100.jpg	200	image/jpeg
20250905044300	https://ornipreparation.com/wp-content/uploads/2021/11/International-University-of-Bamenda-150x150.jpg	200	image/jpeg
20250905044300	https://ornipreparation.com/wp-content/uploads/2021/11/Laureate-Higher-Institute-of-Business-and-Administration-LAHIBA-100x100.webp	200	image/webp
20250905044300	https://ornipreparation.com/wp-content/uploads/2021/11/Laureate-Higher-Institute-of-Business-and-Administration-LAHIBA-150x150.webp	200	image/webp
20250905044300	https://ornipreparation.com/wp-content/uploads/2021/11/National-Polytechnic-Bambui-100x100.jpg	200	image/jpeg
20250905044259	https://ornipreparation.com/wp-content/uploads/2021/11/National-Polytechnic-Bambui-150x150.jpg	200	image/jpeg
20250918070339	https://ornipreparation.com/wp-content/uploads/2021/11/officier1-100x100.jpg	200	image/jpeg
20250918070339	https://ornipreparation.com/wp-content/uploads/2021/11/officier1-150x150.jpg	200	image/jpeg
20260515121420	https://ornipreparation.com/wp-content/uploads/2021/11/officier1-300x101.jpg	200	image/jpeg
20260515121420	https://ornipreparation.com/wp-content/uploads/2021/11/officier1-550x185.jpg	200	image/jpeg
20260515121420	https://ornipreparation.com/wp-content/uploads/2021/11/officier1.jpg	200	image/jpeg
20250905044259	https://ornipreparation.com/wp-content/uploads/2021/11/orniformation-saint-gerome-douala-100x100.jpg	200	image/jpeg
20250905044259	https://ornipreparation.com/wp-content/uploads/2021/11/orniformation-saint-gerome-douala-150x150.jpg	200	image/jpeg
20250905044305	https://ornipreparation.com/wp-content/uploads/2021/11/Ph.D.-Bursaries-100x100.jpg	200	image/jpeg
20250905044305	https://ornipreparation.com/wp-content/uploads/2021/11/Ph.D.-Bursaries-150x150.jpg	200	image/jpeg
20250902003511	https://ornipreparation.com/wp-content/uploads/2021/11/Ph.D.-Bursaries.jpg	200	image/jpeg
20230521121057	https://ornipreparation.com/wp-content/uploads/2021/11/slider2-1024x512.jpg	200	image/jpeg
20230521075101	https://ornipreparation.com/wp-content/uploads/2021/11/slider2-1536x768.jpg	200	image/jpeg
20230521081232	https://ornipreparation.com/wp-content/uploads/2021/11/slider2-300x150.jpg	200	image/jpeg
20230521092906	https://ornipreparation.com/wp-content/uploads/2021/11/slider2-550x275.jpg	200	image/jpeg
20230521093031	https://ornipreparation.com/wp-content/uploads/2021/11/slider2-768x384.jpg	200	image/jpeg
20230521094436	https://ornipreparation.com/wp-content/uploads/2021/11/slider2.jpg	200	image/jpeg
20250830081204	https://ornipreparation.com/wp-content/uploads/2021/11/specialiste-seo-1024x682.jpg	200	image/jpeg
20250830094351	https://ornipreparation.com/wp-content/uploads/2021/11/specialiste-seo-768x512.jpg	200	image/jpeg
20250905044258	https://ornipreparation.com/wp-content/uploads/2021/11/Taniform-Higher-Institute-of-Learning-THIL-100x100.jpg	200	image/jpeg
20250905044258	https://ornipreparation.com/wp-content/uploads/2021/11/Taniform-Higher-Institute-of-Learning-THIL-150x150.jpg	200	image/jpeg
20250729124916	https://ornipreparation.com/wp-content/uploads/2021/11/Webdesigner-1024x640.jpeg	200	image/jpeg
20250729123649	https://ornipreparation.com/wp-content/uploads/2021/11/Webdesigner-768x480.jpeg	200	image/jpeg
20250902003511	https://ornipreparation.com/wp-content/uploads/2021/12/264169699_610969600144743_8614417898068813901_n.jpg	200	image/jpeg
20250729124154	https://ornipreparation.com/wp-content/uploads/2021/12/apres-son-bepc.commerciale-150x150.jpg	200	image/jpeg
20250729124154	https://ornipreparation.com/wp-content/uploads/2021/12/apres-son-bepc.industriel-100x100.jpg	200	image/jpeg
20250729124154	https://ornipreparation.com/wp-content/uploads/2021/12/apres-son-bepc.industriel-150x150.jpg	200	image/jpeg
20250729124154	https://ornipreparation.com/wp-content/uploads/2021/12/apres-son-bepc1-150x150.jpg	200	image/jpeg
20250907211225	https://ornipreparation.com/wp-content/uploads/2021/12/biologie-100x100.jpg	200	image/jpeg
20250907211225	https://ornipreparation.com/wp-content/uploads/2021/12/biologie-150x150.jpg	200	image/jpeg
20250729124154	https://ornipreparation.com/wp-content/uploads/2021/12/CEP-1-1024x307.png	200	image/png
20250729124154	https://ornipreparation.com/wp-content/uploads/2021/12/CEP-1-1536x461.png	200	image/png
20250729124154	https://ornipreparation.com/wp-content/uploads/2021/12/CEP-1-300x90.png	200	image/png
20250729124154	https://ornipreparation.com/wp-content/uploads/2021/12/CEP-1-550x165.png	200	image/png
20250729124154	https://ornipreparation.com/wp-content/uploads/2021/12/CEP-1-768x230.png	200	image/png
20250729124154	https://ornipreparation.com/wp-content/uploads/2021/12/CEP-1.png	200	image/png
20250903153634	https://ornipreparation.com/wp-content/uploads/2021/12/CEP-10-1024x307.png	200	image/png
20250903153634	https://ornipreparation.com/wp-content/uploads/2021/12/CEP-10-1536x461.png	200	image/png
20250903153634	https://ornipreparation.com/wp-content/uploads/2021/12/CEP-10-300x90.png	200	image/png
20250903153634	https://ornipreparation.com/wp-content/uploads/2021/12/CEP-10-550x165.png	200	image/png
20250903153634	https://ornipreparation.com/wp-content/uploads/2021/12/CEP-10-768x230.png	200	image/png
20250903153634	https://ornipreparation.com/wp-content/uploads/2021/12/CEP-10.png	200	image/png
20250729124154	https://ornipreparation.com/wp-content/uploads/2021/12/CEP-1024x307.png	200	image/png
20250729124154	https://ornipreparation.com/wp-content/uploads/2021/12/CEP-1536x461.png	200	image/png
20250729124154	https://ornipreparation.com/wp-content/uploads/2021/12/CEP-300x90.png	200	image/png
20250729124154	https://ornipreparation.com/wp-content/uploads/2021/12/CEP-5-1024x307.png	200	image/png
20250729124154	https://ornipreparation.com/wp-content/uploads/2021/12/CEP-5-1536x461.png	200	image/png
20250729124154	https://ornipreparation.com/wp-content/uploads/2021/12/CEP-5-300x90.png	200	image/png
20250729124154	https://ornipreparation.com/wp-content/uploads/2021/12/CEP-5-550x165.png	200	image/png
20250729124154	https://ornipreparation.com/wp-content/uploads/2021/12/CEP-5-768x230.png	200	image/png
20250729124154	https://ornipreparation.com/wp-content/uploads/2021/12/CEP-5.png	200	image/png
20250729124154	https://ornipreparation.com/wp-content/uploads/2021/12/CEP-550x165.png	200	image/png
20250729124154	https://ornipreparation.com/wp-content/uploads/2021/12/CEP-6-1024x307.png	200	image/png
20250729124154	https://ornipreparation.com/wp-content/uploads/2021/12/CEP-6-1536x461.png	200	image/png
20250729124154	https://ornipreparation.com/wp-content/uploads/2021/12/CEP-6-300x90.png	200	image/png
20250729124154	https://ornipreparation.com/wp-content/uploads/2021/12/CEP-6-550x165.png	200	image/png
20250729124154	https://ornipreparation.com/wp-content/uploads/2021/12/CEP-6-768x230.png	200	image/png
20250729124154	https://ornipreparation.com/wp-content/uploads/2021/12/CEP-6.png	200	image/png
20250729124154	https://ornipreparation.com/wp-content/uploads/2021/12/CEP-7-1024x307.png	200	image/png
20250729124154	https://ornipreparation.com/wp-content/uploads/2021/12/CEP-7-1536x461.png	200	image/png
20250729124154	https://ornipreparation.com/wp-content/uploads/2021/12/CEP-7-300x90.png	200	image/png
20250729124154	https://ornipreparation.com/wp-content/uploads/2021/12/CEP-7-550x165.png	200	image/png
20250729124154	https://ornipreparation.com/wp-content/uploads/2021/12/CEP-7-768x230.png	200	image/png
20250729124154	https://ornipreparation.com/wp-content/uploads/2021/12/CEP-7.png	200	image/png
20250729124154	https://ornipreparation.com/wp-content/uploads/2021/12/CEP-768x230.png	200	image/png
20250729124154	https://ornipreparation.com/wp-content/uploads/2021/12/CEP-8-1024x307.png	200	image/png
20250729124154	https://ornipreparation.com/wp-content/uploads/2021/12/CEP-8-1536x461.png	200	image/png
20250729124154	https://ornipreparation.com/wp-content/uploads/2021/12/CEP-8-300x90.png	200	image/png
20250729124154	https://ornipreparation.com/wp-content/uploads/2021/12/CEP-8-550x165.png	200	image/png
20250729124154	https://ornipreparation.com/wp-content/uploads/2021/12/CEP-8-768x230.png	200	image/png
20250729124154	https://ornipreparation.com/wp-content/uploads/2021/12/CEP-8.png	200	image/png
20250729124154	https://ornipreparation.com/wp-content/uploads/2021/12/CEP.png	200	image/png
20250729124154	https://ornipreparation.com/wp-content/uploads/2021/12/College-of-Technology-COT-de-lUniversite-de-Buea-100x100.jpg	200	image/jpeg
20250729124154	https://ornipreparation.com/wp-content/uploads/2021/12/College-of-Technology-COT-de-lUniversite-de-Buea-150x150.jpg	200	image/jpeg
20250729124725	https://ornipreparation.com/wp-content/uploads/2021/12/COUVERTURE-BEPC-01-212x300.jpg	200	image/jpeg
20250729124726	https://ornipreparation.com/wp-content/uploads/2021/12/COUVERTURE-BEPC-01-300x424.jpg	200	image/jpeg
20250729124736	https://ornipreparation.com/wp-content/uploads/2021/12/COUVERTURE-BEPC-01-550x778.jpg	200	image/jpeg
20250729124726	https://ornipreparation.com/wp-content/uploads/2021/12/COUVERTURE-BEPC-01-724x1024.jpg	200	image/jpeg
20250729124726	https://ornipreparation.com/wp-content/uploads/2021/12/COUVERTURE-BEPC-01-768x1087.jpg	200	image/jpeg
20240715231429	https://ornipreparation.com/wp-content/uploads/2021/12/COUVERTURE-BEPC-01.jpg	200	image/jpeg
20250729124709	https://ornipreparation.com/wp-content/uploads/2021/12/COUVERTURE-BEPC-02-212x300.jpg	200	image/jpeg
20250729124723	https://ornipreparation.com/wp-content/uploads/2021/12/COUVERTURE-BEPC-02-300x424.jpg	200	image/jpeg
20250729124724	https://ornipreparation.com/wp-content/uploads/2021/12/COUVERTURE-BEPC-02-550x777.jpg	200	image/jpeg
20250729124709	https://ornipreparation.com/wp-content/uploads/2021/12/COUVERTURE-BEPC-02-725x1024.jpg	200	image/jpeg
20250729124722	https://ornipreparation.com/wp-content/uploads/2021/12/COUVERTURE-BEPC-02-768x1085.jpg	200	image/jpeg
20240716005805	https://ornipreparation.com/wp-content/uploads/2021/12/COUVERTURE-BEPC-02.jpg	200	image/jpeg
20250729124703	https://ornipreparation.com/wp-content/uploads/2021/12/COUVERTURE-BEPC-03-212x300.jpg	200	image/jpeg
20250729124708	https://ornipreparation.com/wp-content/uploads/2021/12/COUVERTURE-BEPC-03-300x424.jpg	200	image/jpeg
20250729124708	https://ornipreparation.com/wp-content/uploads/2021/12/COUVERTURE-BEPC-03-550x778.jpg	200	image/jpeg
20250729124703	https://ornipreparation.com/wp-content/uploads/2021/12/COUVERTURE-BEPC-03-724x1024.jpg	200	image/jpeg
20250729124707	https://ornipreparation.com/wp-content/uploads/2021/12/COUVERTURE-BEPC-03-768x1087.jpg	200	image/jpeg
20250729124651	https://ornipreparation.com/wp-content/uploads/2021/12/COUVERTURE-BEPC-03.jpg	200	image/jpeg
20250729124647	https://ornipreparation.com/wp-content/uploads/2021/12/COUVERTURE-BEPC-04-212x300.jpg	200	image/jpeg
20250729124650	https://ornipreparation.com/wp-content/uploads/2021/12/COUVERTURE-BEPC-04-300x424.jpg	200	image/jpeg
20250729124651	https://ornipreparation.com/wp-content/uploads/2021/12/COUVERTURE-BEPC-04-550x777.jpg	200	image/jpeg
20250729124647	https://ornipreparation.com/wp-content/uploads/2021/12/COUVERTURE-BEPC-04-725x1024.jpg	200	image/jpeg
20250729124650	https://ornipreparation.com/wp-content/uploads/2021/12/COUVERTURE-BEPC-04-768x1085.jpg	200	image/jpeg
20250729124643	https://ornipreparation.com/wp-content/uploads/2021/12/COUVERTURE-BEPC-04.jpg	200	image/jpeg
20250729124623	https://ornipreparation.com/wp-content/uploads/2021/12/COUVERTURE-BEPC-05-212x300.jpg	200	image/jpeg
20250729124623	https://ornipreparation.com/wp-content/uploads/2021/12/COUVERTURE-BEPC-05-300x424.jpg	200	image/jpeg
20250729124642	https://ornipreparation.com/wp-content/uploads/2021/12/COUVERTURE-BEPC-05-550x778.jpg	200	image/jpeg
20250729124623	https://ornipreparation.com/wp-content/uploads/2021/12/COUVERTURE-BEPC-05-724x1024.jpg	200	image/jpeg
20250729124623	https://ornipreparation.com/wp-content/uploads/2021/12/COUVERTURE-BEPC-05-768x1087.jpg	200	image/jpeg
20240715232943	https://ornipreparation.com/wp-content/uploads/2021/12/COUVERTURE-BEPC-05.jpg	200	image/jpeg
20250906141652	https://ornipreparation.com/wp-content/uploads/2021/12/COUVERTURE-BEPC-06-212x300.jpg	200	image/jpeg
20250729124615	https://ornipreparation.com/wp-content/uploads/2021/12/COUVERTURE-BEPC-06-300x424.jpg	200	image/jpeg
20250729124618	https://ornipreparation.com/wp-content/uploads/2021/12/COUVERTURE-BEPC-06-550x777.jpg	200	image/jpeg
20250906141652	https://ornipreparation.com/wp-content/uploads/2021/12/COUVERTURE-BEPC-06-725x1024.jpg	200	image/jpeg
20250729124615	https://ornipreparation.com/wp-content/uploads/2021/12/COUVERTURE-BEPC-06-768x1085.jpg	200	image/jpeg
20240716001709	https://ornipreparation.com/wp-content/uploads/2021/12/COUVERTURE-BEPC-06.jpg	200	image/jpeg
20250906140804	https://ornipreparation.com/wp-content/uploads/2021/12/COUVERTURE-BEPC-07-212x300.jpg	200	image/jpeg
20250906140804	https://ornipreparation.com/wp-content/uploads/2021/12/COUVERTURE-BEPC-07-300x424.jpg	200	image/jpeg
20250906140804	https://ornipreparation.com/wp-content/uploads/2021/12/COUVERTURE-BEPC-07-550x778.jpg	200	image/jpeg
20250906140804	https://ornipreparation.com/wp-content/uploads/2021/12/COUVERTURE-BEPC-07-724x1024.jpg	200	image/jpeg
20250906140804	https://ornipreparation.com/wp-content/uploads/2021/12/COUVERTURE-BEPC-07-768x1087.jpg	200	image/jpeg
20240716050258	https://ornipreparation.com/wp-content/uploads/2021/12/COUVERTURE-BEPC-07.jpg	200	image/jpeg
20250906141640	https://ornipreparation.com/wp-content/uploads/2021/12/COUVERTURE-BEPC-08-212x300.jpg	200	image/jpeg
20250906141640	https://ornipreparation.com/wp-content/uploads/2021/12/COUVERTURE-BEPC-08-300x424.jpg	200	image/jpeg
20250906141648	https://ornipreparation.com/wp-content/uploads/2021/12/COUVERTURE-BEPC-08-550x777.jpg	200	image/jpeg
20250906141641	https://ornipreparation.com/wp-content/uploads/2021/12/COUVERTURE-BEPC-08-725x1024.jpg	200	image/jpeg
20250906141645	https://ornipreparation.com/wp-content/uploads/2021/12/COUVERTURE-BEPC-08-768x1085.jpg	200	image/jpeg
20240716002500	https://ornipreparation.com/wp-content/uploads/2021/12/COUVERTURE-BEPC-08.jpg	200	image/jpeg
20250906192550	https://ornipreparation.com/wp-content/uploads/2021/12/COUVERTURE-BEPC-09-212x300.jpg	200	image/jpeg
20250906192551	https://ornipreparation.com/wp-content/uploads/2021/12/COUVERTURE-BEPC-09-300x424.jpg	200	image/jpeg
20250906192551	https://ornipreparation.com/wp-content/uploads/2021/12/COUVERTURE-BEPC-09-550x778.jpg	200	image/jpeg
20250906192550	https://ornipreparation.com/wp-content/uploads/2021/12/COUVERTURE-BEPC-09-724x1024.jpg	200	image/jpeg
20250906192550	https://ornipreparation.com/wp-content/uploads/2021/12/COUVERTURE-BEPC-09-768x1087.jpg	200	image/jpeg
20250906192550	https://ornipreparation.com/wp-content/uploads/2021/12/COUVERTURE-BEPC-09.jpg	200	image/jpeg
20250906141634	https://ornipreparation.com/wp-content/uploads/2021/12/COUVERTURE-BEPC-10-212x300.jpg	200	image/jpeg
20250906141630	https://ornipreparation.com/wp-content/uploads/2021/12/COUVERTURE-BEPC-10-300x424.jpg	200	image/jpeg
20250906141637	https://ornipreparation.com/wp-content/uploads/2021/12/COUVERTURE-BEPC-10-550x777.jpg	200	image/jpeg
20250906141636	https://ornipreparation.com/wp-content/uploads/2021/12/COUVERTURE-BEPC-10-725x1024.jpg	200	image/jpeg
20250906141636	https://ornipreparation.com/wp-content/uploads/2021/12/COUVERTURE-BEPC-10-768x1085.jpg	200	image/jpeg
20240717130214	https://ornipreparation.com/wp-content/uploads/2021/12/COUVERTURE-BEPC-10.jpg	200	image/jpeg
20230521152505	https://ornipreparation.com/wp-content/uploads/2021/12/cropped-LOGO-ORNI-POSITION-GRIS-01-1024x998-1-300x292.png	200	image/png
20230521081257	https://ornipreparation.com/wp-content/uploads/2021/12/cropped-LOGO-ORNI-POSITION-GRIS-01-1024x998-1-550x536.png	200	image/png
20230521075253	https://ornipreparation.com/wp-content/uploads/2021/12/cropped-LOGO-ORNI-POSITION-GRIS-01-1024x998-1-768x749.png	200	image/png
20230521150416	https://ornipreparation.com/wp-content/uploads/2021/12/cropped-LOGO-ORNI-POSITION-GRIS-01-1024x998-1.png	200	image/png
20250729124154	https://ornipreparation.com/wp-content/uploads/2021/12/EIED-CEMAC-100x100.jpg	200	image/jpeg
20250729124154	https://ornipreparation.com/wp-content/uploads/2021/12/EIED-CEMAC-150x150.jpg	200	image/jpeg
20250729124743	https://ornipreparation.com/wp-content/uploads/2021/12/enam-pratique1-c-g-1067x1536.jpg	200	image/jpeg
20250729124739	https://ornipreparation.com/wp-content/uploads/2021/12/enam-pratique1-c-g-208x300.jpg	200	image/jpeg
20250729124743	https://ornipreparation.com/wp-content/uploads/2021/12/enam-pratique1-c-g-300x432.jpg	200	image/jpeg
20250729124744	https://ornipreparation.com/wp-content/uploads/2021/12/enam-pratique1-c-g-550x792.jpg	200	image/jpeg
20250729124742	https://ornipreparation.com/wp-content/uploads/2021/12/enam-pratique1-c-g-711x1024.jpg	200	image/jpeg
20250729124742	https://ornipreparation.com/wp-content/uploads/2021/12/enam-pratique1-c-g-768x1106.jpg	200	image/jpeg
20250729124737	https://ornipreparation.com/wp-content/uploads/2021/12/enam-pratique1-c-g.jpg	200	image/jpeg
20241003073310	https://ornipreparation.com/wp-content/uploads/2021/12/Expert-comptable-en-finances-publiques-1536x1024.jpg	200	image/jpeg
20250729124154	https://ornipreparation.com/wp-content/uploads/2021/12/IDE-1-1024x307.png	200	image/png
20250729124154	https://ornipreparation.com/wp-content/uploads/2021/12/IDE-1-1536x461.png	200	image/png
20250729124154	https://ornipreparation.com/wp-content/uploads/2021/12/IDE-1-300x90.png	200	image/png
20250729124154	https://ornipreparation.com/wp-content/uploads/2021/12/IDE-1-550x165.png	200	image/png
20250729124154	https://ornipreparation.com/wp-content/uploads/2021/12/IDE-1-768x230.png	200	image/png
20250729124154	https://ornipreparation.com/wp-content/uploads/2021/12/IDE-1.png	200	image/png
20250902090350	https://ornipreparation.com/wp-content/uploads/2021/12/IDE-1024x307.png	200	image/png
20250901203228	https://ornipreparation.com/wp-content/uploads/2021/12/IDE-1536x461.png	200	image/png
20250729124154	https://ornipreparation.com/wp-content/uploads/2021/12/IDE-2-1024x307.png	200	image/png
20250729124154	https://ornipreparation.com/wp-content/uploads/2021/12/IDE-2-1536x461.png	200	image/png
20250729124154	https://ornipreparation.com/wp-content/uploads/2021/12/IDE-2-300x90.png	200	image/png
20250729124154	https://ornipreparation.com/wp-content/uploads/2021/12/IDE-2-550x165.png	200	image/png
20250729124154	https://ornipreparation.com/wp-content/uploads/2021/12/IDE-2-768x230.png	200	image/png
20250729124154	https://ornipreparation.com/wp-content/uploads/2021/12/IDE-2.png	200	image/png
20250729124154	https://ornipreparation.com/wp-content/uploads/2021/12/IDE-3-1024x307.png	200	image/png
20250729124154	https://ornipreparation.com/wp-content/uploads/2021/12/IDE-3-1536x461.png	200	image/png
20250729124154	https://ornipreparation.com/wp-content/uploads/2021/12/IDE-3-300x90.png	200	image/png
20250729124154	https://ornipreparation.com/wp-content/uploads/2021/12/IDE-3-550x165.png	200	image/png
20250729124154	https://ornipreparation.com/wp-content/uploads/2021/12/IDE-3-768x230.png	200	image/png
20250729124154	https://ornipreparation.com/wp-content/uploads/2021/12/IDE-3.png	200	image/png
20250903004021	https://ornipreparation.com/wp-content/uploads/2021/12/IDE-300x90.png	200	image/png
20250903170640	https://ornipreparation.com/wp-content/uploads/2021/12/IDE-550x165.png	200	image/png
20250903170640	https://ornipreparation.com/wp-content/uploads/2021/12/IDE-768x230.png	200	image/png
20250903170640	https://ornipreparation.com/wp-content/uploads/2021/12/IDE.png	200	image/png
20230521084114	https://ornipreparation.com/wp-content/uploads/2022/07/BNP_Teletravail-1024x478.jpg	200	image/jpeg
20230521082034	https://ornipreparation.com/wp-content/uploads/2022/07/BNP_Teletravail-300x140.jpg	200	image/jpeg
20230521094549	https://ornipreparation.com/wp-content/uploads/2022/07/BNP_Teletravail-550x257.jpg	200	image/jpeg
20230521143311	https://ornipreparation.com/wp-content/uploads/2022/07/BNP_Teletravail-768x358.jpg	200	image/jpeg
20230521081329	https://ornipreparation.com/wp-content/uploads/2022/07/BNP_Teletravail.jpg	200	image/jpeg
20240716000810	https://ornipreparation.com/wp-content/uploads/2022/07/couverture-Commissaires-de-police-01-scaled.jpg	200	image/jpeg
20240716010637	https://ornipreparation.com/wp-content/uploads/2022/07/couverture-inpecteurs-de-police-01-scaled.jpg	200	image/jpeg
20240716002356	https://ornipreparation.com/wp-content/uploads/2022/07/couverture-Officiers-de-police-01-scaled.jpg	200	image/jpeg
20250729123635	https://ornipreparation.com/wp-content/uploads/2022/07/home_languageschool_choose_course_bg.jpg	200	image/jpeg
20250729124154	https://ornipreparation.com/wp-content/uploads/2022/10/egcm.jpg	200	image/jpeg
20250916074248	https://ornipreparation.com/wp-content/uploads/2022/10/Folder-PNG-150x150.png	200	image/png
20250916074248	https://ornipreparation.com/wp-content/uploads/2022/10/Folder-PNG-300x300.png	200	image/png
20250729124153	https://ornipreparation.com/wp-content/uploads/2022/10/group-of-afro-americans-working-together-1024x683.jpg	200	image/jpeg
20250729124153	https://ornipreparation.com/wp-content/uploads/2022/10/group-of-afro-americans-working-together-1536x1024.jpg	200	image/jpeg
20250729124153	https://ornipreparation.com/wp-content/uploads/2022/10/group-of-afro-americans-working-together-2048x1365.jpg	200	image/jpeg
20250729124153	https://ornipreparation.com/wp-content/uploads/2022/10/group-of-afro-americans-working-together-300x200.jpg	200	image/jpeg
20250729124153	https://ornipreparation.com/wp-content/uploads/2022/10/group-of-afro-americans-working-together-768x512.jpg	200	image/jpeg
20250729124153	https://ornipreparation.com/wp-content/uploads/2022/10/group-of-afro-americans-working-together-scaled.jpg	200	image/jpeg
20250729124154	https://ornipreparation.com/wp-content/uploads/2022/10/IDE-1-1024x307.png	200	image/png
20250729124154	https://ornipreparation.com/wp-content/uploads/2022/10/IDE-1-1536x461.png	200	image/png
20250729124154	https://ornipreparation.com/wp-content/uploads/2022/10/IDE-1-300x90.png	200	image/png
20250729124154	https://ornipreparation.com/wp-content/uploads/2022/10/IDE-1-768x230.png	200	image/png
20250729124154	https://ornipreparation.com/wp-content/uploads/2022/10/IDE-1.png	200	image/png
20250729124154	https://ornipreparation.com/wp-content/uploads/2022/10/IDE-1024x307.png	200	image/png
20250729124154	https://ornipreparation.com/wp-content/uploads/2022/10/IDE-1536x461.png	200	image/png
20250729124148	https://ornipreparation.com/wp-content/uploads/2022/10/IDE-2-1024x307.png	200	image/png
20250729124148	https://ornipreparation.com/wp-content/uploads/2022/10/IDE-2-1536x461.png	200	image/png
20250729124148	https://ornipreparation.com/wp-content/uploads/2022/10/IDE-2-300x90.png	200	image/png
20250729124148	https://ornipreparation.com/wp-content/uploads/2022/10/IDE-2-768x230.png	200	image/png
20250729124148	https://ornipreparation.com/wp-content/uploads/2022/10/IDE-2.png	200	image/png
20250729124154	https://ornipreparation.com/wp-content/uploads/2022/10/IDE-300x90.png	200	image/png
20260515121419	https://ornipreparation.com/wp-content/uploads/2022/10/IDE-5-1024x307.png	200	image/png
20260515121419	https://ornipreparation.com/wp-content/uploads/2022/10/IDE-5-1536x461.png	200	image/png
20260515121419	https://ornipreparation.com/wp-content/uploads/2022/10/IDE-5-300x90.png	200	image/png
20260515121419	https://ornipreparation.com/wp-content/uploads/2022/10/IDE-5-768x230.png	200	image/png
20260515121419	https://ornipreparation.com/wp-content/uploads/2022/10/IDE-5.png	200	image/png
20250729124154	https://ornipreparation.com/wp-content/uploads/2022/10/IDE-768x230.png	200	image/png
20250729124154	https://ornipreparation.com/wp-content/uploads/2022/10/IDE.png	200	image/png
20250729124154	https://ornipreparation.com/wp-content/uploads/2022/10/imip.jpg	200	image/jpeg
20230521120405	https://ornipreparation.com/wp-content/uploads/2023/01/Admini.jpg	200	image/jpeg
20230521075212	https://ornipreparation.com/wp-content/uploads/2023/01/Ensei.jpg	200	image/jpeg
20250906175218	https://ornipreparation.com/wp-content/uploads/2023/01/IDE-6-1024x307.png	200	image/png
20250906175218	https://ornipreparation.com/wp-content/uploads/2023/01/IDE-6-1536x461.png	200	image/png
20250906175218	https://ornipreparation.com/wp-content/uploads/2023/01/IDE-6-300x90.png	200	image/png
20250906175218	https://ornipreparation.com/wp-content/uploads/2023/01/IDE-6-550x165.png	200	image/png
20250906175218	https://ornipreparation.com/wp-content/uploads/2023/01/IDE-6-768x230.png	200	image/png
20250906175218	https://ornipreparation.com/wp-content/uploads/2023/01/IDE-6.png	200	image/png
20250831205421	https://ornipreparation.com/wp-content/uploads/2023/01/index.jpg	200	image/jpeg
20230521085901	https://ornipreparation.com/wp-content/uploads/2023/01/Ingen.jpg	200	image/jpeg
20230521103612	https://ornipreparation.com/wp-content/uploads/2023/01/Medeci.jpg	200	image/jpeg
20230521094200	https://ornipreparation.com/wp-content/uploads/2023/01/Repet.jpg	200	image/jpeg
20250831205406	https://ornipreparation.com/wp-content/uploads/2023/02/08_UDs_university-1024x512.png	200	image/png
20250831205406	https://ornipreparation.com/wp-content/uploads/2023/02/08_UDs_university-300x150.png	200	image/png
20250831205406	https://ornipreparation.com/wp-content/uploads/2023/02/08_UDs_university-550x275.png	200	image/png
20250831205406	https://ornipreparation.com/wp-content/uploads/2023/02/08_UDs_university-768x384.png	200	image/png
20250831205406	https://ornipreparation.com/wp-content/uploads/2023/02/08_UDs_university.png	200	image/png
20250916020719	https://ornipreparation.com/wp-content/uploads/2023/02/buea_university-780x440-1-300x169.jpg	200	image/jpeg
20250916020719	https://ornipreparation.com/wp-content/uploads/2023/02/buea_university-780x440-1-550x310.jpg	200	image/jpeg
20250916020719	https://ornipreparation.com/wp-content/uploads/2023/02/buea_university-780x440-1-768x433.jpg	200	image/jpeg
20250916020719	https://ornipreparation.com/wp-content/uploads/2023/02/buea_university-780x440-1.jpg	200	image/jpeg
20250917022342	https://ornipreparation.com/wp-content/uploads/2023/02/enam-cameroun-1-300x119.jpg	200	image/jpeg
20250917022342	https://ornipreparation.com/wp-content/uploads/2023/02/enam-cameroun-1-550x218.jpg	200	image/jpeg
20250917022342	https://ornipreparation.com/wp-content/uploads/2023/02/enam-cameroun-1-768x304.jpg	200	image/jpeg
20250917022342	https://ornipreparation.com/wp-content/uploads/2023/02/enam-cameroun-1.jpg	200	image/jpeg
20250907211225	https://ornipreparation.com/wp-content/uploads/2023/02/grandes-ecoles-cycle-ingenieur-trois-etapes-300x110.jpg	200	image/jpeg
20250907211225	https://ornipreparation.com/wp-content/uploads/2023/02/grandes-ecoles-cycle-ingenieur-trois-etapes-550x202.jpg	200	image/jpeg
20250907211225	https://ornipreparation.com/wp-content/uploads/2023/02/grandes-ecoles-cycle-ingenieur-trois-etapes-768x282.jpg	200	image/jpeg
20250907211225	https://ornipreparation.com/wp-content/uploads/2023/02/grandes-ecoles-cycle-ingenieur-trois-etapes.jpg	200	image/jpeg
20250729124154	https://ornipreparation.com/wp-content/uploads/2023/02/iric-cameroun-100x100.jpg	200	image/jpeg
20250729124154	https://ornipreparation.com/wp-content/uploads/2023/02/iric-cameroun-150x150.jpg	200	image/jpeg
20250729124154	https://ornipreparation.com/wp-content/uploads/2023/02/Logistique-100x100.jpg	200	image/jpeg
20250729124154	https://ornipreparation.com/wp-content/uploads/2023/02/Logistique-150x150.jpg	200	image/jpeg
20250831205406	https://ornipreparation.com/wp-content/uploads/2023/02/Logo_Bamenda-removebg-preview-300x280.png	200	image/png
20250831205406	https://ornipreparation.com/wp-content/uploads/2023/02/Logo_Bamenda-removebg-preview.png	200	image/png
20250831205407	https://ornipreparation.com/wp-content/uploads/2023/02/Logo_Bertoua-removebg-preview.png	200	image/png
20250831205412	https://ornipreparation.com/wp-content/uploads/2023/02/Logo_Buea-removebg-preview-100x100.png	200	image/png
20250831205412	https://ornipreparation.com/wp-content/uploads/2023/02/Logo_Buea-removebg-preview-150x150.png	200	image/png
20250831205411	https://ornipreparation.com/wp-content/uploads/2023/02/Logo_Buea-removebg-preview-300x300.png	200	image/png
20250831205410	https://ornipreparation.com/wp-content/uploads/2023/02/Logo_Buea-removebg-preview.png	200	image/png
20250831205412	https://ornipreparation.com/wp-content/uploads/2023/02/Logo_Douala-removebg-preview.png	200	image/png
20250831205412	https://ornipreparation.com/wp-content/uploads/2023/02/Logo_Ebolowa-removebg-preview.png	200	image/png
20250831205417	https://ornipreparation.com/wp-content/uploads/2023/02/Logo_Garoua-removebg-preview-100x100.png	200	image/png
20250831205417	https://ornipreparation.com/wp-content/uploads/2023/02/Logo_Garoua-removebg-preview-150x150.png	200	image/png
20250831205416	https://ornipreparation.com/wp-content/uploads/2023/02/Logo_Garoua-removebg-preview.png	200	image/png
20250831205417	https://ornipreparation.com/wp-content/uploads/2023/02/Logo_Maroua-removebg.png	200	image/png
20250831205420	https://ornipreparation.com/wp-content/uploads/2023/02/Logo_Ngaoundere-removebg-preview-100x100.png	200	image/png
20250831205420	https://ornipreparation.com/wp-content/uploads/2023/02/Logo_Ngaoundere-removebg-preview-150x150.png	200	image/png
20250831205418	https://ornipreparation.com/wp-content/uploads/2023/02/Logo_Ngaoundere-removebg-preview.png	200	image/png
20250901084311	https://ornipreparation.com/wp-content/uploads/2023/02/Logo_UDS-300x225.png	200	image/png
20250901084311	https://ornipreparation.com/wp-content/uploads/2023/02/Logo_UDS-550x413.png	200	image/png
20250901084311	https://ornipreparation.com/wp-content/uploads/2023/02/Logo_UDS.png	200	image/png
20250831205420	https://ornipreparation.com/wp-content/uploads/2023/02/Logo_UY1-262x300.png	200	image/png
20250831205420	https://ornipreparation.com/wp-content/uploads/2023/02/Logo_UY1-300x344.png	200	image/png
20250918214902	https://ornipreparation.com/wp-content/uploads/2023/02/medstudents1940__FitMaxWzk3MCw2NTBd-300x137.jpg	200	image/jpeg
20250918214902	https://ornipreparation.com/wp-content/uploads/2023/02/medstudents1940__FitMaxWzk3MCw2NTBd-550x251.jpg	200	image/jpeg
20250918214902	https://ornipreparation.com/wp-content/uploads/2023/02/medstudents1940__FitMaxWzk3MCw2NTBd-768x350.jpg	200	image/jpeg
20250918214902	https://ornipreparation.com/wp-content/uploads/2023/02/medstudents1940__FitMaxWzk3MCw2NTBd.jpg	200	image/jpeg
20250905044257	https://ornipreparation.com/wp-content/uploads/2023/02/NO-1024x307.png	200	image/png
20250905044257	https://ornipreparation.com/wp-content/uploads/2023/02/NO-1536x461.png	200	image/png
20250905044257	https://ornipreparation.com/wp-content/uploads/2023/02/NO-300x90.png	200	image/png
20250905044257	https://ornipreparation.com/wp-content/uploads/2023/02/NO-550x165.png	200	image/png
20250905044257	https://ornipreparation.com/wp-content/uploads/2023/02/NO-768x230.png	200	image/png
20250905044257	https://ornipreparation.com/wp-content/uploads/2023/02/NO.png	200	image/png
20250903185438	https://ornipreparation.com/wp-content/uploads/2023/02/Sangmelima-medecinea-100x100.jpg	200	image/jpeg
20250907054528	https://ornipreparation.com/wp-content/uploads/2023/02/Sangmelima-medecinea-150x150.jpg	200	image/jpeg
20260515121419	https://ornipreparation.com/wp-content/uploads/2023/02/Sans-titre38-1024x449.jpg	200	image/jpeg
20260515121419	https://ornipreparation.com/wp-content/uploads/2023/02/Sans-titre38-1536x673.jpg	200	image/jpeg
20260515121419	https://ornipreparation.com/wp-content/uploads/2023/02/Sans-titre38-300x131.jpg	200	image/jpeg
20260515121419	https://ornipreparation.com/wp-content/uploads/2023/02/Sans-titre38-550x241.jpg	200	image/jpeg
20260515121419	https://ornipreparation.com/wp-content/uploads/2023/02/Sans-titre38-768x336.jpg	200	image/jpeg
20260515121419	https://ornipreparation.com/wp-content/uploads/2023/02/Sans-titre38.jpg	200	image/jpeg
20250901084311	https://ornipreparation.com/wp-content/uploads/2023/02/Universite-de-Bamenda-1024x577.jpg	200	image/jpeg
20250901084311	https://ornipreparation.com/wp-content/uploads/2023/02/Universite-de-Bamenda-300x169.jpg	200	image/jpeg
20250901084311	https://ornipreparation.com/wp-content/uploads/2023/02/Universite-de-Bamenda-550x310.jpg	200	image/jpeg
20250901084311	https://ornipreparation.com/wp-content/uploads/2023/02/Universite-de-Bamenda-768x433.jpg	200	image/jpeg
20250901084311	https://ornipreparation.com/wp-content/uploads/2023/02/Universite-de-Bamenda.jpg	200	image/jpeg
20250903112447	https://ornipreparation.com/wp-content/uploads/2023/02/universite-de-Bertoua-300x194.jpg	200	image/jpeg
20250903112447	https://ornipreparation.com/wp-content/uploads/2023/02/universite-de-Bertoua-550x356.jpg	200	image/jpeg
20250903112447	https://ornipreparation.com/wp-content/uploads/2023/02/universite-de-Bertoua.jpg	200	image/jpeg
20250911003738	https://ornipreparation.com/wp-content/uploads/2023/02/Universtite-de-Yaounde-II-1-1024x512.jpg	200	image/jpeg
20250911003738	https://ornipreparation.com/wp-content/uploads/2023/02/Universtite-de-Yaounde-II-1-300x150.jpg	200	image/jpeg
20250911003738	https://ornipreparation.com/wp-content/uploads/2023/02/Universtite-de-Yaounde-II-1-550x275.jpg	200	image/jpeg
20250911003738	https://ornipreparation.com/wp-content/uploads/2023/02/Universtite-de-Yaounde-II-1-768x384.jpg	200	image/jpeg
20250911003738	https://ornipreparation.com/wp-content/uploads/2023/02/Universtite-de-Yaounde-II-1.jpg	200	image/jpeg
20250729124148	https://ornipreparation.com/wp-content/uploads/2023/11/fille-africaine-assise-derriere-son-bureau-etudiant-ligne-aide-son-ordinateur-illustration-table-tra-transformed-300x255.jpeg	200	image/jpeg
20250729124148	https://ornipreparation.com/wp-content/uploads/2023/11/fille-africaine-assise-derriere-son-bureau-etudiant-ligne-aide-son-ordinateur-illustration-table-tra-transformed.jpeg	200	image/jpeg
20250729124148	https://ornipreparation.com/wp-content/uploads/2023/11/Pedagocic-approach-min-1024x408.jpg	200	image/jpeg
20250729124148	https://ornipreparation.com/wp-content/uploads/2023/11/Pedagocic-approach-min-1536x612.jpg	200	image/jpeg
20250729124148	https://ornipreparation.com/wp-content/uploads/2023/11/Pedagocic-approach-min-2048x815.jpg	200	image/jpeg
20250729124148	https://ornipreparation.com/wp-content/uploads/2023/11/Pedagocic-approach-min-300x119.jpg	200	image/jpeg
20250729124148	https://ornipreparation.com/wp-content/uploads/2023/11/Pedagocic-approach-min-550x219.jpg	200	image/jpeg
20250729124148	https://ornipreparation.com/wp-content/uploads/2023/11/Pedagocic-approach-min-768x306.jpg	200	image/jpeg
20250729124148	https://ornipreparation.com/wp-content/uploads/2023/11/Travailler-avec-nous-1024x421.jpeg	200	image/jpeg
20250729124148	https://ornipreparation.com/wp-content/uploads/2023/11/Travailler-avec-nous-300x123.jpeg	200	image/jpeg
20250729124148	https://ornipreparation.com/wp-content/uploads/2023/11/Travailler-avec-nous-550x226.jpeg	200	image/jpeg
20250729124148	https://ornipreparation.com/wp-content/uploads/2023/11/Travailler-avec-nous-768x316.jpeg	200	image/jpeg
20250729124148	https://ornipreparation.com/wp-content/uploads/2023/11/Travailler-avec-nous.jpeg	200	image/jpeg
20250918012532	https://ornipreparation.com/wp-content/uploads/2025/09/mere-passant-du-temps-avec-son-enfant-scaled.jpg	200	image/jpeg
20250905044305	https://ornipreparation.com/wp-content/uploads/elementor/css/post-10636.css?ver=1754534810	200	text/css
20230521080905	https://ornipreparation.com/wp-content/uploads/elementor/css/post-1227.css	200	text/css
20211129065044	http://ornipreparation.com/wp-content/uploads/elementor/css/post-1227.css?ver=1637930574	200	text/css
20230521075730	https://ornipreparation.com/wp-content/uploads/elementor/css/post-1227.css?ver=1684532998	200	text/css
20240714203336	https://ornipreparation.com/wp-content/uploads/elementor/css/post-1227.css?ver=1716889748	200	text/css
20250223230844	https://ornipreparation.com/wp-content/uploads/elementor/css/post-1227.css?ver=1737644027	200	text/css
20250404214806	https://ornipreparation.com/wp-content/uploads/elementor/css/post-1227.css?ver=1743262234	200	text/css
20250808220308	https://ornipreparation.com/wp-content/uploads/elementor/css/post-1227.css?ver=1754372018	200	text/css
20250914174749	https://ornipreparation.com/wp-content/uploads/elementor/css/post-1227.css?ver=1757858340	200	text/css
20250914234253	https://ornipreparation.com/wp-content/uploads/elementor/css/post-1227.css?ver=1757880217	200	text/css
20250917230457	https://ornipreparation.com/wp-content/uploads/elementor/css/post-1227.css?ver=1758139440	200	text/css
20250918194311	https://ornipreparation.com/wp-content/uploads/elementor/css/post-1227.css?ver=1758182658	200	text/css
20251024234348	https://ornipreparation.com/wp-content/uploads/elementor/css/post-1227.css?ver=1760558615	200	text/css
20260515121357	https://ornipreparation.com/wp-content/uploads/elementor/css/post-1227.css?ver=1776888225	200	text/css
20230521074845	https://ornipreparation.com/wp-content/uploads/elementor/css/post-1361.css	200	text/css
20211129065037	http://ornipreparation.com/wp-content/uploads/elementor/css/post-1361.css?ver=1636050613	200	text/css
20230521102128	https://ornipreparation.com/wp-content/uploads/elementor/css/post-1361.css?ver=1684532998	200	text/css
20240714205512	https://ornipreparation.com/wp-content/uploads/elementor/css/post-1361.css?ver=1700200252	200	text/css
20250223230846	https://ornipreparation.com/wp-content/uploads/elementor/css/post-1361.css?ver=1737644028	200	text/css
20250404210810	https://ornipreparation.com/wp-content/uploads/elementor/css/post-1361.css?ver=1743262235	200	text/css
20250808220209	https://ornipreparation.com/wp-content/uploads/elementor/css/post-1361.css?ver=1754372019	200	text/css
20250914174823	https://ornipreparation.com/wp-content/uploads/elementor/css/post-1361.css?ver=1757858340	200	text/css
20250914234253	https://ornipreparation.com/wp-content/uploads/elementor/css/post-1361.css?ver=1757880217	200	text/css
20250917230457	https://ornipreparation.com/wp-content/uploads/elementor/css/post-1361.css?ver=1758139440	200	text/css
20250918194311	https://ornipreparation.com/wp-content/uploads/elementor/css/post-1361.css?ver=1758182657	200	text/css
20251024233508	https://ornipreparation.com/wp-content/uploads/elementor/css/post-1361.css?ver=1760558616	200	text/css
20260515121358	https://ornipreparation.com/wp-content/uploads/elementor/css/post-1361.css?ver=1776888226	200	text/css
20250831045235	https://ornipreparation.com/wp-content/uploads/elementor/css/post-14412.css?ver=1754372734	200	text/css
20250906140414	https://ornipreparation.com/wp-content/uploads/elementor/css/post-14579.css?ver=1754534430	200	text/css
20250916202814	https://ornipreparation.com/wp-content/uploads/elementor/css/post-14579.css?ver=1757905499	200	text/css
20251024235622	https://ornipreparation.com/wp-content/uploads/elementor/css/post-19229.css	200	text/css
20250906141727	https://ornipreparation.com/wp-content/uploads/elementor/css/post-19229.css?ver=1754372091	200	text/css
20250917230457	https://ornipreparation.com/wp-content/uploads/elementor/css/post-19229.css?ver=1758140149	200	text/css
20251024225648	https://ornipreparation.com/wp-content/uploads/elementor/css/post-19229.css?ver=1760558644	200	text/css
20250903170345	https://ornipreparation.com/wp-content/uploads/elementor/css/post-19899.css?ver=1754534369	200	text/css
20250906185549	https://ornipreparation.com/wp-content/uploads/elementor/css/post-19918.css?ver=1754534440	200	text/css
20250831123917	https://ornipreparation.com/wp-content/uploads/elementor/css/post-22455.css?ver=1754381153	200	text/css
20250913174827	https://ornipreparation.com/wp-content/uploads/elementor/css/post-22459.css?ver=1754376538	200	text/css
20250808220109	https://ornipreparation.com/wp-content/uploads/elementor/css/post-23258.css	200	text/css
20250223230843	https://ornipreparation.com/wp-content/uploads/elementor/css/post-23258.css?ver=1737644028	200	text/css
20250729124915	https://ornipreparation.com/wp-content/uploads/elementor/css/post-23258.css?ver=1743264854	200	text/css
20250808220122	https://ornipreparation.com/wp-content/uploads/elementor/css/post-23258.css?ver=1754372401	200	text/css
20250914174823	https://ornipreparation.com/wp-content/uploads/elementor/css/post-23258.css?ver=1757858340	200	text/css
20260515121357	https://ornipreparation.com/wp-content/uploads/elementor/css/post-23258.css?ver=1776888409	200	text/css
20250729124759	https://ornipreparation.com/wp-content/uploads/elementor/css/post-24220.css?ver=1743293585	200	text/css
20250902062931	https://ornipreparation.com/wp-content/uploads/elementor/css/post-24220.css?ver=1754403088	200	text/css
20250902162935	https://ornipreparation.com/wp-content/uploads/elementor/css/post-24344.css?ver=1754388880	200	text/css
20250903153702	https://ornipreparation.com/wp-content/uploads/elementor/css/post-24467.css?ver=1754372359	200	text/css
20250904174522	https://ornipreparation.com/wp-content/uploads/elementor/css/post-26710.css?ver=1754374384	200	text/css
20260515122107	https://ornipreparation.com/wp-content/uploads/elementor/css/post-26710.css?ver=1776888285	200	text/css
20250729124154	https://ornipreparation.com/wp-content/uploads/elementor/css/post-26712.css?ver=1743267333	200	text/css
20260515121419	https://ornipreparation.com/wp-content/uploads/elementor/css/post-26712.css?ver=1776894746	200	text/css
20250916074248	https://ornipreparation.com/wp-content/uploads/elementor/css/post-27136.css?ver=1757881979	200	text/css
20250906000337	https://ornipreparation.com/wp-content/uploads/elementor/css/post-27446.css?ver=1754373170	200	text/css
20250908214707	https://ornipreparation.com/wp-content/uploads/elementor/css/post-27483.css?ver=1754372948	200	text/css
20250914234253	https://ornipreparation.com/wp-content/uploads/elementor/css/post-27483.css?ver=1757883669	200	text/css
20250904091707	https://ornipreparation.com/wp-content/uploads/elementor/css/post-27508.css?ver=1754374357	200	text/css
20250916012935	https://ornipreparation.com/wp-content/uploads/elementor/css/post-27516.css?ver=1757881313	200	text/css
20250906175218	https://ornipreparation.com/wp-content/uploads/elementor/css/post-27526.css?ver=1754536456	200	text/css
20250910074351	https://ornipreparation.com/wp-content/uploads/elementor/css/post-27559.css?ver=1754373340	200	text/css
20250902102714	https://ornipreparation.com/wp-content/uploads/elementor/css/post-27574.css?ver=1754382979	200	text/css
20250904191326	https://ornipreparation.com/wp-content/uploads/elementor/css/post-27644.css?ver=1754373738	200	text/css
20260515121419	https://ornipreparation.com/wp-content/uploads/elementor/css/post-27712.css?ver=1776888694	200	text/css
20230521172218	https://ornipreparation.com/wp-content/uploads/elementor/css/post-27735.css	200	text/css
20230521161713	https://ornipreparation.com/wp-content/uploads/elementor/css/post-27735.css?ver=1684619335	200	text/css
20240716005839	https://ornipreparation.com/wp-content/uploads/elementor/css/post-27735.css?ver=1691906231	200	text/css
20250404220943	https://ornipreparation.com/wp-content/uploads/elementor/css/post-27735.css?ver=1743293593	200	text/css
20250808221250	https://ornipreparation.com/wp-content/uploads/elementor/css/post-27735.css?ver=1754387693	200	text/css
20251025001146	https://ornipreparation.com/wp-content/uploads/elementor/css/post-27735.css?ver=1760566295	200	text/css
20260515121420	https://ornipreparation.com/wp-content/uploads/elementor/css/post-27735.css?ver=1776931703	200	text/css
20250831063858	https://ornipreparation.com/wp-content/uploads/elementor/css/post-27829.css?ver=1754373737	200	text/css
20250904100336	https://ornipreparation.com/wp-content/uploads/elementor/css/post-27838.css?ver=1754376478	200	text/css
20250911133808	https://ornipreparation.com/wp-content/uploads/elementor/css/post-27860.css?ver=1754535048	200	text/css
20250729124154	https://ornipreparation.com/wp-content/uploads/elementor/css/post-27944.css?ver=1743293695	200	text/css
20250830222804	https://ornipreparation.com/wp-content/uploads/elementor/css/post-27944.css?ver=1754399807	200	text/css
20260515121420	https://ornipreparation.com/wp-content/uploads/elementor/css/post-27944.css?ver=1776955910	200	text/css
20250831201407	https://ornipreparation.com/wp-content/uploads/elementor/css/post-29209.css?ver=1754373740	200	text/css
20260515121419	https://ornipreparation.com/wp-content/uploads/elementor/css/post-29209.css?ver=1776889903	200	text/css
20250729124845	https://ornipreparation.com/wp-content/uploads/elementor/css/post-29211.css?ver=1743293638	200	text/css
20260515121420	https://ornipreparation.com/wp-content/uploads/elementor/css/post-29211.css?ver=1776894744	200	text/css
20250729124154	https://ornipreparation.com/wp-content/uploads/elementor/css/post-29720.css?ver=1743262568	200	text/css
20250907082159	https://ornipreparation.com/wp-content/uploads/elementor/css/post-30658.css?ver=1754386855	200	text/css
20250918194311	https://ornipreparation.com/wp-content/uploads/elementor/css/post-30792.css?ver=1758195216	200	text/css
20250902112949	https://ornipreparation.com/wp-content/uploads/elementor/css/post-30794.css?ver=1754374924	200	text/css
20250907054635	https://ornipreparation.com/wp-content/uploads/elementor/css/post-31448.css?ver=1754439292	200	text/css
20250916020719	https://ornipreparation.com/wp-content/uploads/elementor/css/post-33049.css?ver=1757888304	200	text/css
20250901085330	https://ornipreparation.com/wp-content/uploads/elementor/css/post-33050.css?ver=1754462944	200	text/css
20250831205423	https://ornipreparation.com/wp-content/uploads/elementor/css/post-33051.css?ver=1754417508	200	text/css
20250903112447	https://ornipreparation.com/wp-content/uploads/elementor/css/post-33052.css?ver=1754508860	200	text/css
20250911003939	https://ornipreparation.com/wp-content/uploads/elementor/css/post-33056.css?ver=1754380280	200	text/css
20250912200332	https://ornipreparation.com/wp-content/uploads/elementor/css/post-35456.css?ver=1754402725	200	text/css
20260515121420	https://ornipreparation.com/wp-content/uploads/elementor/css/post-35456.css?ver=1777039917	200	text/css
20250901203228	https://ornipreparation.com/wp-content/uploads/elementor/css/post-3618.css?ver=1754373253	200	text/css
20230521094129	https://ornipreparation.com/wp-content/uploads/elementor/css/post-513.css	200	text/css
20211129065000	http://ornipreparation.com/wp-content/uploads/elementor/css/post-513.css?ver=1636050612	200	text/css
20230521083253	https://ornipreparation.com/wp-content/uploads/elementor/css/post-513.css?ver=1684532997	200	text/css
20240714204209	https://ornipreparation.com/wp-content/uploads/elementor/css/post-513.css?ver=1691776027	200	text/css
20250223230844	https://ornipreparation.com/wp-content/uploads/elementor/css/post-513.css?ver=1737644027	200	text/css
20250404211954	https://ornipreparation.com/wp-content/uploads/elementor/css/post-513.css?ver=1743262234	200	text/css
20250808220225	https://ornipreparation.com/wp-content/uploads/elementor/css/post-513.css?ver=1754372009	200	text/css
20250914174745	https://ornipreparation.com/wp-content/uploads/elementor/css/post-513.css?ver=1757858339	200	text/css
20250914234253	https://ornipreparation.com/wp-content/uploads/elementor/css/post-513.css?ver=1757880216	200	text/css
20250917230457	https://ornipreparation.com/wp-content/uploads/elementor/css/post-513.css?ver=1758139440	200	text/css
20250918194311	https://ornipreparation.com/wp-content/uploads/elementor/css/post-513.css?ver=1758182657	200	text/css
20251024233952	https://ornipreparation.com/wp-content/uploads/elementor/css/post-513.css?ver=1760558614	200	text/css
20260515121357	https://ornipreparation.com/wp-content/uploads/elementor/css/post-513.css?ver=1776888225	200	text/css
20230521093441	https://ornipreparation.com/wp-content/uploads/elementor/css/post-536.css	200	text/css
20230523025100	https://ornipreparation.com/wp-content/uploads/elementor/css/post-536.css?ver=1684533635	200	text/css
20240716003104	https://ornipreparation.com/wp-content/uploads/elementor/css/post-536.css?ver=1696155228	200	text/css
20250404220257	https://ornipreparation.com/wp-content/uploads/elementor/css/post-536.css?ver=1743262461	200	text/css
20250808220220	https://ornipreparation.com/wp-content/uploads/elementor/css/post-536.css?ver=1754373092	200	text/css
20250918012527	https://ornipreparation.com/wp-content/uploads/elementor/css/post-536.css?ver=1758141949	200	text/css
20251025001912	https://ornipreparation.com/wp-content/uploads/elementor/css/post-536.css?ver=1760558615	200	text/css
20250905130057	https://ornipreparation.com/wp-content/uploads/elementor/css/post-540.css?ver=1754534220	200	text/css
20250902003450	https://ornipreparation.com/wp-content/uploads/elementor/css/post-9480.css?ver=1754373732	200	text/css
20260515121418	https://ornipreparation.com/wp-content/uploads/elementor/css/post-9480.css?ver=1776889883	200	text/css
20211129065111	http://ornipreparation.com/wp-content/uploads/elementor/css/post-9649.css?ver=1636745640	200	text/css
20250906103351	https://ornipreparation.com/wp-content/uploads/elementor/css/post-9649.css?ver=1754372010	200	text/css
20250918214902	https://ornipreparation.com/wp-content/uploads/elementor/css/post-9664.css?ver=1758218285	200	text/css
20250905001208	https://ornipreparation.com/wp-content/uploads/elementor/css/post-9676.css?ver=1754384378	200	text/css
20250917022342	https://ornipreparation.com/wp-content/uploads/elementor/css/post-9677.css?ver=1757923631	200	text/css
20250918070350	https://ornipreparation.com/wp-content/uploads/elementor/css/post-9679.css?ver=1758168995	200	text/css
20250907211235	https://ornipreparation.com/wp-content/uploads/elementor/css/post-9694.css?ver=1754534321	200	text/css
20251025010857	https://ornipreparation.com/wp-content/uploads/elementor/google-fonts/css/abeezee.css	200	text/css
20250918012529	https://ornipreparation.com/wp-content/uploads/elementor/google-fonts/css/abeezee.css?ver=1757855426	200	text/css
20251024233200	https://ornipreparation.com/wp-content/uploads/elementor/google-fonts/css/barlow.css	200	text/css
20250906141730	https://ornipreparation.com/wp-content/uploads/elementor/google-fonts/css/barlow.css?ver=1743262895	200	text/css
20260515121418	https://ornipreparation.com/wp-content/uploads/elementor/google-fonts/css/calistoga.css?ver=1743293619	200	text/css
20250808220105	https://ornipreparation.com/wp-content/uploads/elementor/google-fonts/css/nunito.css	200	text/css
20250729124915	https://ornipreparation.com/wp-content/uploads/elementor/google-fonts/css/nunito.css?ver=1743262559	200	text/css
20250404221254	https://ornipreparation.com/wp-content/uploads/elementor/google-fonts/css/oswald.css	200	text/css
20250404213221	https://ornipreparation.com/wp-content/uploads/elementor/google-fonts/css/oswald.css?ver=1743262241	200	text/css
20260515121420	https://ornipreparation.com/wp-content/uploads/elementor/google-fonts/css/righteous.css?ver=1743269483	200	text/css
20250404215504	https://ornipreparation.com/wp-content/uploads/elementor/google-fonts/css/roboto.css	200	text/css
20250404213651	https://ornipreparation.com/wp-content/uploads/elementor/google-fonts/css/roboto.css?ver=1743262239	200	text/css
20250404212237	https://ornipreparation.com/wp-content/uploads/elementor/google-fonts/css/robotoslab.css	200	text/css
20250404211701	https://ornipreparation.com/wp-content/uploads/elementor/google-fonts/css/robotoslab.css?ver=1743262240	200	text/css
20250918012532	https://ornipreparation.com/wp-content/uploads/elementor/google-fonts/fonts/abeezee-068173ce.woff2	200	font/woff2
20250918012532	https://ornipreparation.com/wp-content/uploads/elementor/google-fonts/fonts/abeezee-5eefad7a.woff2	200	font/woff2
20250918012532	https://ornipreparation.com/wp-content/uploads/elementor/google-fonts/fonts/abeezee-8d956b32.woff2	200	font/woff2
20250918012532	https://ornipreparation.com/wp-content/uploads/elementor/google-fonts/fonts/abeezee-d9354589.woff2	200	font/woff2
20250906141828	https://ornipreparation.com/wp-content/uploads/elementor/google-fonts/fonts/barlow-7chpv4kjgogqm7e_a8s52hs.woff2	200	font/woff2
20250906141828	https://ornipreparation.com/wp-content/uploads/elementor/google-fonts/fonts/barlow-7chpv4kjgogqm7e_ass52hs.woff2	200	font/woff2
20250906141839	https://ornipreparation.com/wp-content/uploads/elementor/google-fonts/fonts/barlow-7chqv4kjgogqm7e30-8s6fospt4.woff2	200	font/woff2
20250906141839	https://ornipreparation.com/wp-content/uploads/elementor/google-fonts/fonts/barlow-7chqv4kjgogqm7e30-8s6vospt4.woff2	200	font/woff2
20250906141831	https://ornipreparation.com/wp-content/uploads/elementor/google-fonts/fonts/barlow-7chqv4kjgogqm7e3_-gs6fospt4.woff2	200	font/woff2
20250906141838	https://ornipreparation.com/wp-content/uploads/elementor/google-fonts/fonts/barlow-7chqv4kjgogqm7e3_-gs6vospt4.woff2	200	font/woff2
20250906141850	https://ornipreparation.com/wp-content/uploads/elementor/google-fonts/fonts/barlow-7chqv4kjgogqm7e3j-ws6fospt4.woff2	200	font/woff2
20250906141850	https://ornipreparation.com/wp-content/uploads/elementor/google-fonts/fonts/barlow-7chqv4kjgogqm7e3j-ws6vospt4.woff2	200	font/woff2
20250906141826	https://ornipreparation.com/wp-content/uploads/elementor/google-fonts/fonts/barlow-7chqv4kjgogqm7e3p-ks6fospt4.woff2	200	font/woff2
20250906141827	https://ornipreparation.com/wp-content/uploads/elementor/google-fonts/fonts/barlow-7chqv4kjgogqm7e3p-ks6vospt4.woff2	200	font/woff2
20250906141848	https://ornipreparation.com/wp-content/uploads/elementor/google-fonts/fonts/barlow-7chqv4kjgogqm7e3q-0s6fospt4.woff2	200	font/woff2
20250906141851	https://ornipreparation.com/wp-content/uploads/elementor/google-fonts/fonts/barlow-7chqv4kjgogqm7e3q-0s6vospt4.woff2	200	font/woff2
20250906141840	https://ornipreparation.com/wp-content/uploads/elementor/google-fonts/fonts/barlow-7chqv4kjgogqm7e3t-4s6fospt4.woff2	200	font/woff2
20250906141840	https://ornipreparation.com/wp-content/uploads/elementor/google-fonts/fonts/barlow-7chqv4kjgogqm7e3t-4s6vospt4.woff2	200	font/woff2
20250906141826	https://ornipreparation.com/wp-content/uploads/elementor/google-fonts/fonts/barlow-7chqv4kjgogqm7e3w-os51os.woff2	200	font/woff2
20250906141818	https://ornipreparation.com/wp-content/uploads/elementor/google-fonts/fonts/barlow-7chqv4kjgogqm7e3w-os6fospt4.woff2	200	font/woff2
20250906141819	https://ornipreparation.com/wp-content/uploads/elementor/google-fonts/fonts/barlow-7chqv4kjgogqm7e3w-os6vospt4.woff2	200	font/woff2
20250906141816	https://ornipreparation.com/wp-content/uploads/elementor/google-fonts/fonts/barlow-7chrv4kjgogqm7e3b_s0wh8rna.woff2	200	font/woff2
20250906141817	https://ornipreparation.com/wp-content/uploads/elementor/google-fonts/fonts/barlow-7chrv4kjgogqm7e3b_s1wh8rna.woff2	200	font/woff2
20250906141818	https://ornipreparation.com/wp-content/uploads/elementor/google-fonts/fonts/barlow-7chrv4kjgogqm7e3b_s7wh8.woff2	200	font/woff2
20250906141752	https://ornipreparation.com/wp-content/uploads/elementor/google-fonts/fonts/barlow-7chrv4kjgogqm7e_cfs0wh8rna.woff2	200	font/woff2
20250906141752	https://ornipreparation.com/wp-content/uploads/elementor/google-fonts/fonts/barlow-7chrv4kjgogqm7e_cfs1wh8rna.woff2	200	font/woff2
20250906141816	https://ornipreparation.com/wp-content/uploads/elementor/google-fonts/fonts/barlow-7chsv4kjgogqm7e_cfo452ogvtobdw.woff2	200	font/woff2
20250906141815	https://ornipreparation.com/wp-content/uploads/elementor/google-fonts/fonts/barlow-7chsv4kjgogqm7e_cfo452ohvtobdw.woff2	200	font/woff2
20250906141816	https://ornipreparation.com/wp-content/uploads/elementor/google-fonts/fonts/barlow-7chsv4kjgogqm7e_cfo452ouvto.woff2	200	font/woff2
20250906141805	https://ornipreparation.com/wp-content/uploads/elementor/google-fonts/fonts/barlow-7chsv4kjgogqm7e_cfoa5wogvtobdw.woff2	200	font/woff2
20250906141804	https://ornipreparation.com/wp-content/uploads/elementor/google-fonts/fonts/barlow-7chsv4kjgogqm7e_cfoa5wohvtobdw.woff2	200	font/woff2
20250906141806	https://ornipreparation.com/wp-content/uploads/elementor/google-fonts/fonts/barlow-7chsv4kjgogqm7e_cfoc5mogvtobdw.woff2	200	font/woff2
20250906141805	https://ornipreparation.com/wp-content/uploads/elementor/google-fonts/fonts/barlow-7chsv4kjgogqm7e_cfoc5mohvtobdw.woff2	200	font/woff2
20250906141808	https://ornipreparation.com/wp-content/uploads/elementor/google-fonts/fonts/barlow-7chsv4kjgogqm7e_cfoc5mouvto.woff2	200	font/woff2
20250906141741	https://ornipreparation.com/wp-content/uploads/elementor/google-fonts/fonts/barlow-7chsv4kjgogqm7e_cfoq4mogvtobdw.woff2	200	font/woff2
20250906141741	https://ornipreparation.com/wp-content/uploads/elementor/google-fonts/fonts/barlow-7chsv4kjgogqm7e_cfoq4mohvtobdw.woff2	200	font/woff2
20250906141741	https://ornipreparation.com/wp-content/uploads/elementor/google-fonts/fonts/barlow-7chsv4kjgogqm7e_cfp04wogvtobdw.woff2	200	font/woff2
20250906141741	https://ornipreparation.com/wp-content/uploads/elementor/google-fonts/fonts/barlow-7chsv4kjgogqm7e_cfp04wohvtobdw.woff2	200	font/woff2
20250906141741	https://ornipreparation.com/wp-content/uploads/elementor/google-fonts/fonts/barlow-7chsv4kjgogqm7e_cfp04wouvto.woff2	200	font/woff2
20250906141752	https://ornipreparation.com/wp-content/uploads/elementor/google-fonts/fonts/barlow-7chsv4kjgogqm7e_cfpi42ogvtobdw.woff2	200	font/woff2
20250906141752	https://ornipreparation.com/wp-content/uploads/elementor/google-fonts/fonts/barlow-7chsv4kjgogqm7e_cfpi42ohvtobdw.woff2	200	font/woff2
20250906141804	https://ornipreparation.com/wp-content/uploads/elementor/google-fonts/fonts/barlow-7chsv4kjgogqm7e_cfpk5gogvtobdw.woff2	200	font/woff2
20250906141752	https://ornipreparation.com/wp-content/uploads/elementor/google-fonts/fonts/barlow-7chsv4kjgogqm7e_cfpk5gohvtobdw.woff2	200	font/woff2
20250906141741	https://ornipreparation.com/wp-content/uploads/elementor/google-fonts/fonts/barlow-7chtv4kjgogqm7e_cfny8h0jma.woff2	200	font/woff2
20250906141741	https://ornipreparation.com/wp-content/uploads/elementor/google-fonts/fonts/barlow-7chtv4kjgogqm7e_cfny8hijmaci.woff2	200	font/woff2
20250906141741	https://ornipreparation.com/wp-content/uploads/elementor/google-fonts/fonts/barlow-7chtv4kjgogqm7e_cfny8hmjmaci.woff2	200	font/woff2
20260515122117	https://ornipreparation.com/wp-content/uploads/elementor/google-fonts/fonts/oswald-tk3iwkuhhaijg752fd8ghe4.woff2	200	font/woff2
20260515122117	https://ornipreparation.com/wp-content/uploads/elementor/google-fonts/fonts/oswald-tk3iwkuhhaijg752fj8ghe4.woff2	200	font/woff2
20260515122117	https://ornipreparation.com/wp-content/uploads/elementor/google-fonts/fonts/oswald-tk3iwkuhhaijg752fz8ghe4.woff2	200	font/woff2
20250729123633	https://ornipreparation.com/wp-content/uploads/elementor/google-fonts/fonts/oswald-tk3iwkuhhaijg752gt8g.woff2	200	font/woff2
20260515122117	https://ornipreparation.com/wp-content/uploads/elementor/google-fonts/fonts/oswald-tk3iwkuhhaijg752ht8ghe4.woff2	200	font/woff2
20250729123633	https://ornipreparation.com/wp-content/uploads/elementor/google-fonts/fonts/roboto-kfo7cnqeu92fr1me7ksn66agldtyluama3yuba.woff2	200	font/woff2
20211129072119	http://ornipreparation.com/wp-content/uploads/essential-addons-elementor/40e4f8434.min.css?ver=1638168649	200	text/css
20211129072231	http://ornipreparation.com/wp-content/uploads/essential-addons-elementor/40e4f8434.min.css?ver=1638170475	200	text/css
20211129072130	http://ornipreparation.com/wp-content/uploads/essential-addons-elementor/40e4f8434.min.js?ver=1638168649	200	application/javascript
20211129072232	http://ornipreparation.com/wp-content/uploads/essential-addons-elementor/40e4f8434.min.js?ver=1638170475	200	application/javascript
20211129064958	http://ornipreparation.com/wp-content/uploads/essential-addons-elementor/734e5f942.min.css?ver=1638168579	200	text/css
20211129135219	http://ornipreparation.com/wp-content/uploads/essential-addons-elementor/734e5f942.min.css?ver=1638168585	200	text/css
20211129070554	http://ornipreparation.com/wp-content/uploads/essential-addons-elementor/734e5f942.min.css?ver=1638168652	200	text/css
20211129135122	http://ornipreparation.com/wp-content/uploads/essential-addons-elementor/734e5f942.min.css?ver=1638168657	200	text/css
20211130135343	http://ornipreparation.com/wp-content/uploads/essential-addons-elementor/734e5f942.min.css?ver=1638280418	200	text/css
20211130163934	http://ornipreparation.com/wp-content/uploads/essential-addons-elementor/734e5f942.min.css?ver=1638281332	200	text/css
20211130143908	http://ornipreparation.com/wp-content/uploads/essential-addons-elementor/734e5f942.min.css?ver=1638283133	200	text/css
20211129064956	http://ornipreparation.com/wp-content/uploads/essential-addons-elementor/734e5f942.min.js?ver=1638168579	200	application/javascript
20211129065128	http://ornipreparation.com/wp-content/uploads/essential-addons-elementor/734e5f942.min.js?ver=1638168585	200	application/javascript
20211129065104	http://ornipreparation.com/wp-content/uploads/essential-addons-elementor/734e5f942.min.js?ver=1638168652	200	application/javascript
20211129065101	http://ornipreparation.com/wp-content/uploads/essential-addons-elementor/734e5f942.min.js?ver=1638168657	200	application/javascript
20211130135346	http://ornipreparation.com/wp-content/uploads/essential-addons-elementor/734e5f942.min.js?ver=1638280418	200	application/javascript
20211130163931	http://ornipreparation.com/wp-content/uploads/essential-addons-elementor/734e5f942.min.js?ver=1638281332	200	application/javascript
20211130143857	http://ornipreparation.com/wp-content/uploads/essential-addons-elementor/734e5f942.min.js?ver=1638283133	200	application/javascript
20250914174743	https://ornipreparation.com/wp-content/uploads/essential-addons-elementor/eael-23258.css?ver=1675868728	200	text/css
20250830081203	https://ornipreparation.com/wp-content/uploads/essential-addons-elementor/eael-23258.css?ver=1690985870	200	text/css
20250729124913	https://ornipreparation.com/wp-content/uploads/essential-addons-elementor/eael-23258.css?ver=1690992808	200	text/css
20260515121357	https://ornipreparation.com/wp-content/uploads/essential-addons-elementor/eael-23258.css?ver=1696235218	200	text/css
20250223230843	https://ornipreparation.com/wp-content/uploads/essential-addons-elementor/eael-23258.css?ver=1696410548	200	text/css
20250808220102	https://ornipreparation.com/wp-content/uploads/essential-addons-elementor/eael-23258.js	200	application/javascript
20250902083112	https://ornipreparation.com/wp-content/uploads/essential-addons-elementor/eael-23258.js?ver=1637749152	200	application/javascript
20250914174230	https://ornipreparation.com/wp-content/uploads/essential-addons-elementor/eael-23258.js?ver=1675868728	200	application/javascript
20250830081206	https://ornipreparation.com/wp-content/uploads/essential-addons-elementor/eael-23258.js?ver=1690985870	200	application/javascript
20250729124917	https://ornipreparation.com/wp-content/uploads/essential-addons-elementor/eael-23258.js?ver=1690992808	200	application/javascript
20260515121400	https://ornipreparation.com/wp-content/uploads/essential-addons-elementor/eael-23258.js?ver=1696235218	200	text/javascript
20250223230846	https://ornipreparation.com/wp-content/uploads/essential-addons-elementor/eael-23258.js?ver=1696410548	200	text/javascript
20250729124758	https://ornipreparation.com/wp-content/uploads/essential-addons-elementor/eael-24220.css?ver=1640275188	200	text/css
20250729124757	https://ornipreparation.com/wp-content/uploads/essential-addons-elementor/eael-24220.js?ver=1640275188	200	application/javascript
20250903153701	https://ornipreparation.com/wp-content/uploads/essential-addons-elementor/eael-24467.css?ver=1674396206	200	text/css
20250906052428	https://ornipreparation.com/wp-content/uploads/essential-addons-elementor/eael-27574.css?ver=1666203196	200	text/css
20250903052527	https://ornipreparation.com/wp-content/uploads/essential-addons-elementor/eael-27574.js?ver=1666203196	200	application/javascript
20250908164250	https://ornipreparation.com/wp-content/uploads/essential-addons-elementor/eael-27644.css?ver=1697108227	200	text/css
20250905182805	https://ornipreparation.com/wp-content/uploads/essential-addons-elementor/eael-27644.js?ver=1697108227	200	application/javascript
20260515121419	https://ornipreparation.com/wp-content/uploads/essential-addons-elementor/eael-27712.css?ver=1666203148	200	text/css
20260515121419	https://ornipreparation.com/wp-content/uploads/essential-addons-elementor/eael-27712.js?ver=1666203148	200	text/javascript
20230521192931	https://ornipreparation.com/wp-content/uploads/essential-addons-elementor/eael-27735.css	200	text/css
20230521193217	https://ornipreparation.com/wp-content/uploads/essential-addons-elementor/eael-27735.css?ver=1666190555	200	text/css
20230521225052	https://ornipreparation.com/wp-content/uploads/essential-addons-elementor/eael-27735.js	200	text/javascript
20230523050407	https://ornipreparation.com/wp-content/uploads/essential-addons-elementor/eael-27735.js?ver=1666190555	200	text/javascript
20250901213609	https://ornipreparation.com/wp-content/uploads/essential-addons-elementor/eael-27829.css?ver=1740906642	200	text/css
20250831221904	https://ornipreparation.com/wp-content/uploads/essential-addons-elementor/eael-27829.js?ver=1740906642	200	application/javascript
20250911133808	https://ornipreparation.com/wp-content/uploads/essential-addons-elementor/eael-27860.js?ver=1674396719	200	application/javascript
20250729124154	https://ornipreparation.com/wp-content/uploads/essential-addons-elementor/eael-27944.css?ver=1696438247	200	text/css
20260515121419	https://ornipreparation.com/wp-content/uploads/essential-addons-elementor/eael-27944.css?ver=1757855780	200	text/css
20250729124154	https://ornipreparation.com/wp-content/uploads/essential-addons-elementor/eael-27944.js?ver=1696438247	200	application/javascript
20260515121419	https://ornipreparation.com/wp-content/uploads/essential-addons-elementor/eael-27944.js?ver=1757855780	200	text/javascript
20250916165048	https://ornipreparation.com/wp-content/uploads/essential-addons-elementor/eael-29209.css?ver=1676738636	200	text/css
20250905221053	https://ornipreparation.com/wp-content/uploads/essential-addons-elementor/eael-29209.js?ver=1676738636	200	application/javascript
20250729124622	https://ornipreparation.com/wp-content/uploads/essential-addons-elementor/eael-29211.js?ver=1675857669	200	application/javascript
20250916020719	https://ornipreparation.com/wp-content/uploads/essential-addons-elementor/eael-33049.css?ver=1676734659	200	text/css
20250916020719	https://ornipreparation.com/wp-content/uploads/essential-addons-elementor/eael-33049.js?ver=1676734659	200	application/javascript
20250901085330	https://ornipreparation.com/wp-content/uploads/essential-addons-elementor/eael-33050.css?ver=1676702422	200	text/css
20250901084832	https://ornipreparation.com/wp-content/uploads/essential-addons-elementor/eael-33050.js?ver=1676702422	200	application/javascript
20260515121419	https://ornipreparation.com/wp-content/uploads/essential-addons-elementor/eael-35456.css?ver=1699990392	200	text/css
20250729124148	https://ornipreparation.com/wp-content/uploads/essential-addons-elementor/eael-35456.js?ver=1699990392	200	application/javascript
20250903170640	https://ornipreparation.com/wp-content/uploads/essential-addons-elementor/eael-3618.css?ver=1666534392	200	text/css
20250903170640	https://ornipreparation.com/wp-content/uploads/essential-addons-elementor/eael-3618.js?ver=1666534392	200	application/javascript
20230521081408	https://ornipreparation.com/wp-content/uploads/essential-addons-elementor/eael-536.css	200	text/css
20230521091133	https://ornipreparation.com/wp-content/uploads/essential-addons-elementor/eael-536.css?ver=1672928214	200	text/css
20240717014914	https://ornipreparation.com/wp-content/uploads/essential-addons-elementor/eael-536.css?ver=1696155223	200	text/css
20250404210716	https://ornipreparation.com/wp-content/uploads/essential-addons-elementor/eael-536.css?ver=1740907610	200	text/css
20250918012527	https://ornipreparation.com/wp-content/uploads/essential-addons-elementor/eael-536.css?ver=1757855611	200	text/css
20230521075352	https://ornipreparation.com/wp-content/uploads/essential-addons-elementor/eael-536.js	200	text/javascript
20230521075237	https://ornipreparation.com/wp-content/uploads/essential-addons-elementor/eael-536.js?ver=1672928214	200	text/javascript
20240715224813	https://ornipreparation.com/wp-content/uploads/essential-addons-elementor/eael-536.js?ver=1696155223	200	text/javascript
20250404220800	https://ornipreparation.com/wp-content/uploads/essential-addons-elementor/eael-536.js?ver=1740907610	200	application/javascript
20250918012527	https://ornipreparation.com/wp-content/uploads/essential-addons-elementor/eael-536.js?ver=1757855611	200	application/javascript
20260515121418	https://ornipreparation.com/wp-content/uploads/essential-addons-elementor/eael-9480.css?ver=1696095487	200	text/css
20260515121418	https://ornipreparation.com/wp-content/uploads/essential-addons-elementor/eael-9480.js?ver=1696095487	200	text/javascript
20250909043654	https://ornipreparation.com/wp-content/uploads/essential-addons-elementor/eael-9649.css?ver=6.8.2	200	text/css
20250906103351	https://ornipreparation.com/wp-content/uploads/essential-addons-elementor/eael-9649.js?ver=1696094452	200	application/javascript
20250909043654	https://ornipreparation.com/wp-content/uploads/essential-addons-elementor/eael-9649.js?ver=6.8.2	200	application/javascript
20260515121419	https://ornipreparation.com/wp-content/uploads/happyaddons/css/ha-26712.css?ver=3.20.8.1675521166	200	text/css
20250916012935	https://ornipreparation.com/wp-content/uploads/happyaddons/css/ha-27516.css?ver=3.20.0.1666022724	200	text/css
20250901085902	https://ornipreparation.com/wp-content/uploads/happyaddons/css/ha-33050.css?ver=3.16.3.1676702422	200	text/css
20230521101202	https://ornipreparation.com/wp-content/uploads/happyaddons/css/ha-536.css	200	text/css
20250404212048	https://ornipreparation.com/wp-content/uploads/happyaddons/css/ha-536.css?ver=3.16.3.1740907610	200	text/css
20250918012529	https://ornipreparation.com/wp-content/uploads/happyaddons/css/ha-536.css?ver=3.20.0.1757855611	200	text/css
20230521075740	https://ornipreparation.com/wp-content/uploads/happyaddons/css/ha-536.css?ver=3.8.4.1672928214	200	text/css
20240716075245	https://ornipreparation.com/wp-content/uploads/happyaddons/css/ha-536.css?ver=3.8.6.1696155223	200	text/css
20230521151129	https://ornipreparation.com/wp-content/uploads/useanyfont/uaf.css	200	text/css
20211129065000	http://ornipreparation.com/wp-content/uploads/useanyfont/uaf.css?ver=1633464906	200	text/css
20230521135710	https://ornipreparation.com/wp-content/uploads/useanyfont/uaf.css?ver=1676640433	200	text/css
20250223230843	https://ornipreparation.com/wp-content/uploads/useanyfont/uaf.css?ver=1737643059	200	text/css
20250404211302	https://ornipreparation.com/wp-content/uploads/useanyfont/uaf.css?ver=1743260608	200	text/css
20250914174629	https://ornipreparation.com/wp-content/uploads/useanyfont/uaf.css?ver=1757838539	200	text/css
20260515121419	https://ornipreparation.com/wp-content/uploads/woocommerce-placeholder-550x550.png	200	image/png
20211129072132	http://ornipreparation.com/wp-includes/css/buttons.min.css?ver=5.8.2	200	text/css
20230521164320	https://ornipreparation.com/wp-includes/css/dashicons.min.css	200	text/css
20211129065040	http://ornipreparation.com/wp-includes/css/dashicons.min.css?ver=5.8.2	200	text/css
20230521103103	https://ornipreparation.com/wp-includes/css/dashicons.min.css?ver=6.2.2	200	text/css
20240714214046	https://ornipreparation.com/wp-includes/css/dashicons.min.css?ver=6.5.5	200	text/css
20240807155825	https://ornipreparation.com/wp-includes/css/dashicons.min.css?ver=6.6.1	200	text/css
20241003124706	https://ornipreparation.com/wp-includes/css/dashicons.min.css?ver=6.6.2	200	text/css
20250223230842	https://ornipreparation.com/wp-includes/css/dashicons.min.css?ver=6.7.2	200	text/css
20250729123628	https://ornipreparation.com/wp-includes/css/dashicons.min.css?ver=6.8.2	200	text/css
20251024230430	https://ornipreparation.com/wp-includes/css/dashicons.min.css?ver=6.8.3	200	text/css
20260515121355	https://ornipreparation.com/wp-includes/css/dashicons.min.css?ver=6.9.4	200	text/css
20230521132709	https://ornipreparation.com/wp-includes/css/dist/block-library/style.min.css	200	text/css
20211129065029	http://ornipreparation.com/wp-includes/css/dist/block-library/style.min.css?ver=5.8.2	200	text/css
20230521082356	https://ornipreparation.com/wp-includes/css/dist/block-library/style.min.css?ver=6.2.2	200	text/css
20240714222124	https://ornipreparation.com/wp-includes/css/dist/block-library/style.min.css?ver=6.5.5	200	text/css
20240807165623	https://ornipreparation.com/wp-includes/css/dist/block-library/style.min.css?ver=6.6.1	200	text/css
20241003082319	https://ornipreparation.com/wp-includes/css/dist/block-library/style.min.css?ver=6.6.2	200	text/css
20250223230842	https://ornipreparation.com/wp-includes/css/dist/block-library/style.min.css?ver=6.7.2	200	text/css
20250729124913	https://ornipreparation.com/wp-includes/css/dist/block-library/style.min.css?ver=6.8.2	200	text/css
20251024230353	https://ornipreparation.com/wp-includes/css/dist/block-library/style.min.css?ver=6.8.3	200	text/css
20260515121355	https://ornipreparation.com/wp-includes/css/dist/block-library/style.min.css?ver=6.9.4	200	text/css
20211129135241	http://ornipreparation.com/wp-includes/fonts/dashicons.eot?99ac726223c749443b642ce33df8b800	200	application/vnd.ms-fontobject
20211129072219	http://ornipreparation.com/wp-includes/fonts/dashicons.ttf?99ac726223c749443b642ce33df8b800	200	application/font-sfnt
20240714200447	https://ornipreparation.com/wp-includes/js/comment-reply.min.js	200	text/javascript
20211129065033	http://ornipreparation.com/wp-includes/js/comment-reply.min.js?ver=5.8.2	200	application/javascript
20240714225747	https://ornipreparation.com/wp-includes/js/comment-reply.min.js?ver=6.5.5	200	text/javascript
20240807185730	https://ornipreparation.com/wp-includes/js/comment-reply.min.js?ver=6.6.1	200	text/javascript
20250223230847	https://ornipreparation.com/wp-includes/js/comment-reply.min.js?ver=6.7.2	200	text/javascript
20250729124919	https://ornipreparation.com/wp-includes/js/comment-reply.min.js?ver=6.8.2	200	application/javascript
20250404212200	https://ornipreparation.com/wp-includes/js/dist/dom-ready.min.js	200	application/javascript
20250223230843	https://ornipreparation.com/wp-includes/js/dist/dom-ready.min.js?ver=f77871ff7694fffea381	200	text/javascript
20230521090159	https://ornipreparation.com/wp-includes/js/dist/hooks.min.js	200	text/javascript
20240714195831	https://ornipreparation.com/wp-includes/js/dist/hooks.min.js?ver=2810c76e705dd1a53b18	200	text/javascript
20230521084852	https://ornipreparation.com/wp-includes/js/dist/hooks.min.js?ver=4169d3cf8e8d95a3d6d5	200	text/javascript
20250223230847	https://ornipreparation.com/wp-includes/js/dist/hooks.min.js?ver=4d63a3d491d11ffd8ac6	200	text/javascript
20211129065012	http://ornipreparation.com/wp-includes/js/dist/hooks.min.js?ver=a7edae857aab69d69fa10d5aef23a5de	200	application/javascript
20260515121359	https://ornipreparation.com/wp-includes/js/dist/hooks.min.js?ver=dd5603f07f9220ed27f1	200	text/javascript
20230521084102	https://ornipreparation.com/wp-includes/js/dist/i18n.min.js	200	text/javascript
20240714202748	https://ornipreparation.com/wp-includes/js/dist/i18n.min.js?ver=5e580eb46a90c2b997e6	200	text/javascript
20211129070609	http://ornipreparation.com/wp-includes/js/dist/i18n.min.js?ver=5f1269854226b4dd90450db411a12b79	200	application/javascript
20230521130854	https://ornipreparation.com/wp-includes/js/dist/i18n.min.js?ver=9e794f35a71bb98672ae	200	text/javascript
20260515121359	https://ornipreparation.com/wp-includes/js/dist/i18n.min.js?ver=c26c3dc7bed366793375	200	text/javascript
20230521075931	https://ornipreparation.com/wp-includes/js/dist/vendor/regenerator-runtime.min.js	200	text/javascript
20230521080045	https://ornipreparation.com/wp-includes/js/dist/vendor/regenerator-runtime.min.js?ver=0.13.11	200	text/javascript
20211129064950	http://ornipreparation.com/wp-includes/js/dist/vendor/regenerator-runtime.min.js?ver=0.13.7	200	application/javascript
20220919054443	https://ornipreparation.com/wp-includes/js/dist/vendor/regenerator-runtime.min.js?ver=0.13.9	200	application/javascript
20240714213645	https://ornipreparation.com/wp-includes/js/dist/vendor/regenerator-runtime.min.js?ver=0.14.0	200	text/javascript
20230521104909	https://ornipreparation.com/wp-includes/js/dist/vendor/wp-polyfill-inert.min.js	200	text/javascript
20230523005125	https://ornipreparation.com/wp-includes/js/dist/vendor/wp-polyfill-inert.min.js?ver=3.1.2	200	text/javascript
20230521090740	https://ornipreparation.com/wp-includes/js/dist/vendor/wp-polyfill.min.js	200	text/javascript
20211129065007	http://ornipreparation.com/wp-includes/js/dist/vendor/wp-polyfill.min.js?ver=3.15.0	200	application/javascript
20211129065110	http://ornipreparation.com/wp-includes/js/imagesloaded.min.js?ver=4.1.4	200	application/javascript
20230521075101	https://ornipreparation.com/wp-includes/js/jquery/jquery-migrate.min.js	200	text/javascript
20211129065045	http://ornipreparation.com/wp-includes/js/jquery/jquery-migrate.min.js?ver=3.3.2	200	application/javascript
20230521163940	https://ornipreparation.com/wp-includes/js/jquery/jquery-migrate.min.js?ver=3.4.0	200	text/javascript
20240716085339	https://ornipreparation.com/wp-includes/js/jquery/jquery-migrate.min.js?ver=3.4.1	200	text/javascript
20230521080849	https://ornipreparation.com/wp-includes/js/jquery/jquery.form.min.js	200	text/javascript
20211129065010	http://ornipreparation.com/wp-includes/js/jquery/jquery.form.min.js?ver=4.3.0	200	application/javascript
20230521080116	https://ornipreparation.com/wp-includes/js/jquery/jquery.min.js	200	text/javascript
20211129064948	http://ornipreparation.com/wp-includes/js/jquery/jquery.min.js?ver=3.6.0	200	application/javascript
20230521080616	https://ornipreparation.com/wp-includes/js/jquery/jquery.min.js?ver=3.6.4	200	text/javascript
20240714220302	https://ornipreparation.com/wp-includes/js/jquery/jquery.min.js?ver=3.7.1	200	text/javascript
20230523035416	https://ornipreparation.com/wp-includes/js/jquery/ui/core.min.js	200	text/javascript
20211129065010	http://ornipreparation.com/wp-includes/js/jquery/ui/core.min.js?ver=1.12.1	200	application/javascript
20220919055953	https://ornipreparation.com/wp-includes/js/jquery/ui/core.min.js?ver=1.13.1	200	application/javascript
20230521083818	https://ornipreparation.com/wp-includes/js/jquery/ui/core.min.js?ver=1.13.2	200	text/javascript
20240807235821	https://ornipreparation.com/wp-includes/js/jquery/ui/core.min.js?ver=1.13.3	200	text/javascript
20211129065035	http://ornipreparation.com/wp-includes/js/mediaelement/mediaelementplayer-legacy.min.css?ver=4.2.16	200	text/css
20211129072221	http://ornipreparation.com/wp-includes/js/mediaelement/mejs-controls.svg	200	image/svg+xml
20211129064955	http://ornipreparation.com/wp-includes/js/mediaelement/wp-mediaelement.min.css?ver=5.8.2	200	text/css
20230521081945	https://ornipreparation.com/wp-includes/js/underscore.min.js	200	text/javascript
20211129065011	http://ornipreparation.com/wp-includes/js/underscore.min.js?ver=1.13.1	200	application/javascript
20230521113631	https://ornipreparation.com/wp-includes/js/underscore.min.js?ver=1.13.4	200	text/javascript
20250223230846	https://ornipreparation.com/wp-includes/js/underscore.min.js?ver=1.13.7	200	text/javascript
20211129065045	http://ornipreparation.com/wp-includes/js/wp-embed.min.js?ver=5.8.2	200	application/javascript
20250729123635	https://ornipreparation.com/wp-includes/js/wp-emoji-release.min.js?ver=6.8.2	200	application/javascript
20260515121402	https://ornipreparation.com/wp-includes/js/wp-emoji-release.min.js?ver=6.9.4	200	text/javascript
20230521080027	https://ornipreparation.com/wp-includes/js/wp-util.min.js	200	text/javascript
20211129065019	http://ornipreparation.com/wp-includes/js/wp-util.min.js?ver=5.8.2	200	application/javascript
20230521093047	https://ornipreparation.com/wp-includes/js/wp-util.min.js?ver=6.2.2	200	text/javascript
20240714201555	https://ornipreparation.com/wp-includes/js/wp-util.min.js?ver=6.5.5	200	text/javascript
20240807160312	https://ornipreparation.com/wp-includes/js/wp-util.min.js?ver=6.6.1	200	text/javascript
20241003075156	https://ornipreparation.com/wp-includes/js/wp-util.min.js?ver=6.6.2	200	text/javascript
20250223230849	https://ornipreparation.com/wp-includes/js/wp-util.min.js?ver=6.7.2	200	text/javascript
20250729123634	https://ornipreparation.com/wp-includes/js/wp-util.min.js?ver=6.8.2	200	application/javascript
20251024231218	https://ornipreparation.com/wp-includes/js/wp-util.min.js?ver=6.8.3	200	application/javascript
20260515121401	https://ornipreparation.com/wp-includes/js/wp-util.min.js?ver=6.9.4	200	text/javascript
20211129072123	http://ornipreparation.com/wp-includes/js/zxcvbn-async.min.js?ver=1.0	200	application/javascript
20211129065033	http://ornipreparation.com/wp-includes/wlwmanifest.xml	200	application/xml
20211129064950	http://ornipreparation.com/wp-json/	200	application/json
20250304220724	http://ornipreparation.com/wp-json/oembed/1.0	200	application/json
20211129070603	http://ornipreparation.com/wp-json/oembed/1.0/embed?url=http%3A%2F%2Fornipreparation.com%2Fles-marchandiseurs-visuels-utilisent-leur-creativite-et-leur-connaissance-des-tendances-pour-developper-livrer-et-communiquer-des-concepts-et-des-strategies-visuels-pour-promouvoir-les-marques-de-ve-2&format=xml	200	text/xml
20211130135346	http://ornipreparation.com/wp-json/oembed/1.0/embed?url=http%3A%2F%2Fornipreparation.com%2Fles-representants-medicaux-promeuvent-et-vendent-les-produits-de-leur-entreprise-aux-principaux-professionnels-de-la-sante-6&format=xml	200	text/xml
20211129064950	http://ornipreparation.com/wp-json/oembed/1.0/embed?url=http%3A%2F%2Fornipreparation.com%2Fsi-vous-avez-de-solides-competences-en-conception-aimez-travailler-en-collaboration-et-pouvez-respecter-des-delais-serres-la-conception-dexposition-pourrait-etre-la-carriere-pour-vous&format=xml	200	text/xml
20211130143857	http://ornipreparation.com/wp-json/oembed/1.0/embed?url=http%3A%2F%2Fornipreparation.com%2Ftravailler-comme-infirmiere-adulte-vous-offre-la-chance-de-faire-une-reelle-difference-dans-la-vie-des-autres-3&format=xml	200	text/xml
20220919055946	https://ornipreparation.com/wp-json/oembed/1.0/embed?url=https%3A%2F%2Fornipreparation.com%2F&format=xml	200	text/xml
20240807180510	https://ornipreparation.com/wp-json/oembed/1.0/embed?url=https%3A%2F%2Fornipreparation.com%2Fdownload%2Fsujet-evaluation-premiere-anglais-college-f-x-vogt-premier-d-premiere-a-premiere-c-sequence-4-2017&format=xml	200	text/xml
20240811023934	https://ornipreparation.com/wp-json/oembed/1.0/embed?url=https%3A%2F%2Fornipreparation.com%2Fdownload%2Fsujet-evaluation-premiere-anglais-college-f-x-vogt-premiere-a-sequence-3-2017&format=xml	200	text/xml
20240807220218	https://ornipreparation.com/wp-json/oembed/1.0/embed?url=https%3A%2F%2Fornipreparation.com%2Fdownload%2Fsujet-evaluation-premiere-anglais-college-f-x-vogt-premiere-a-sequence-4-2018&format=xml	200	text/xml
20240807210915	https://ornipreparation.com/wp-json/oembed/1.0/embed?url=https%3A%2F%2Fornipreparation.com%2Fdownload%2Fsujet-evaluation-terminales-allemand-college-f-x-vogt-terminale-a-sequence-4-2017&format=xml	200	text/xml
20240809051709	https://ornipreparation.com/wp-json/oembed/1.0/embed?url=https%3A%2F%2Fornipreparation.com%2Fdownload%2Fsujet-evaluation-terminales-anglais-college-f-x-vogt-terminale-a-sequence-2-2019-3&format=xml	200	text/xml
20250808220216	https://ornipreparation.com/wp-json/oembed/1.0/embed?url=https%3A%2F%2Fornipreparation.com%2Finstitut-des-beaux-arts-de-luniversite-de-douala-a-nkongsamba-iba&format=xml	200	text/xml
20251024231501	https://ornipreparation.com/wp-json/oembed/1.0/embed?url=https%3A%2F%2Fornipreparation.com%2Fproduit%2Fannales-de-svp-au-bepc&format=xml	200	text/xml
20240716012952	https://ornipreparation.com/wp-json/oembed/1.0/embed?url=https%3A%2F%2Fornipreparation.com%2Ftermes-et-conditions&format=xml	200	text/xml
20211129070557	http://ornipreparation.com/wp-json/oembed/1.0/embed?url=http%3A%2F%2Fornipreparation.com%2Fles-marchandiseurs-visuels-utilisent-leur-creativite-et-leur-connaissance-des-tendances-pour-developper-livrer-et-communiquer-des-concepts-et-des-strategies-visuels-pour-promouvoir-les-marques-de-ve-2	200	application/json
20211130135350	http://ornipreparation.com/wp-json/oembed/1.0/embed?url=http%3A%2F%2Fornipreparation.com%2Fles-representants-medicaux-promeuvent-et-vendent-les-produits-de-leur-entreprise-aux-principaux-professionnels-de-la-sante-6	200	application/json
20211129065008	http://ornipreparation.com/wp-json/oembed/1.0/embed?url=http%3A%2F%2Fornipreparation.com%2Fsi-vous-avez-de-solides-competences-en-conception-aimez-travailler-en-collaboration-et-pouvez-respecter-des-delais-serres-la-conception-dexposition-pourrait-etre-la-carriere-pour-vous	200	application/json
20211130143901	http://ornipreparation.com/wp-json/oembed/1.0/embed?url=http%3A%2F%2Fornipreparation.com%2Ftravailler-comme-infirmiere-adulte-vous-offre-la-chance-de-faire-une-reelle-difference-dans-la-vie-des-autres-3	200	application/json
20240715230307	https://ornipreparation.com/wp-json/oembed/1.0/embed?url=https%3A%2F%2Fornipreparation.com%2F	200	application/json
20240714211146	https://ornipreparation.com/wp-json/oembed/1.0/embed?url=https%3A%2F%2Fornipreparation.com%2Fdownload%2Fderniers-sujets-ou-anciennes-epreuves-du-concours-dentree-enspt-ecole-nationale-superieure-des-postes-et-telecommunications-35	200	application/json
20240807200848	https://ornipreparation.com/wp-json/oembed/1.0/embed?url=https%3A%2F%2Fornipreparation.com%2Fdownload%2Fsujet-evaluation-premiere-anglais-college-f-x-vogt-premier-d-premiere-a-premiere-c-sequence-4-2017	200	application/json
20240811035057	https://ornipreparation.com/wp-json/oembed/1.0/embed?url=https%3A%2F%2Fornipreparation.com%2Fdownload%2Fsujet-evaluation-premiere-anglais-college-f-x-vogt-premiere-a-sequence-3-2017	200	application/json
20240807210638	https://ornipreparation.com/wp-json/oembed/1.0/embed?url=https%3A%2F%2Fornipreparation.com%2Fdownload%2Fsujet-evaluation-premiere-anglais-college-f-x-vogt-premiere-a-sequence-4-2018	200	application/json
20240809001938	https://ornipreparation.com/wp-json/oembed/1.0/embed?url=https%3A%2F%2Fornipreparation.com%2Fdownload%2Fsujet-evaluation-terminales-allemand-college-f-x-vogt-terminale-a-sequence-4-2017	200	application/json
20240809082014	https://ornipreparation.com/wp-json/oembed/1.0/embed?url=https%3A%2F%2Fornipreparation.com%2Fdownload%2Fsujet-evaluation-terminales-anglais-college-f-x-vogt-terminale-a-sequence-2-2019-3	200	application/json
20250808220124	https://ornipreparation.com/wp-json/oembed/1.0/embed?url=https%3A%2F%2Fornipreparation.com%2Finstitut-des-beaux-arts-de-luniversite-de-douala-a-nkongsamba-iba	200	application/json
20250901052119	https://ornipreparation.com/wp-json/oembed/1.0/embed?url=https%3A%2F%2Fornipreparation.com%2Fnos-preparations%2Fprepa-concours-en-ligne	200	application/json
20250905061436	https://ornipreparation.com/wp-json/oembed/1.0/embed?url=https%3A%2F%2Fornipreparation.com%2Fnous-contacter	200	application/json
20250904055203	https://ornipreparation.com/wp-json/oembed/1.0/embed?url=https%3A%2F%2Fornipreparation.com%2Fplan-du-site	200	application/json
20250902202342	https://ornipreparation.com/wp-json/oembed/1.0/embed?url=https%3A%2F%2Fornipreparation.com%2Fpreparation-aux-concours-des-ide-tms-et-sage-femme	200	application/json
20250907161416	https://ornipreparation.com/wp-json/oembed/1.0/embed?url=https%3A%2F%2Fornipreparation.com%2Fpreparation-police-2022	200	application/json
20251024235629	https://ornipreparation.com/wp-json/oembed/1.0/embed?url=https%3A%2F%2Fornipreparation.com%2Fproduit%2Fannales-de-svp-au-bepc	200	application/json
20250910071016	https://ornipreparation.com/wp-json/oembed/1.0/embed?url=https%3A%2F%2Fornipreparation.com%2Ftelechargements%2Fsujets-de-concours%2Fsujets-des-concours-des-ecoles-dadministration	200	application/json
20240715234703	https://ornipreparation.com/wp-json/oembed/1.0/embed?url=https%3A%2F%2Fornipreparation.com%2Ftermes-et-conditions	200	application/json
20250907220633	https://ornipreparation.com/wp-json/oembed/1.0/embed?url=https%3A%2F%2Fornipreparation.com%2Funiversites-publiques	200	application/json
20250906212119	https://ornipreparation.com/wp-json/wp/v2/pages/14579	200	application/json
20250909034338	https://ornipreparation.com/wp-json/wp/v2/pages/27483	200	application/json
20250903031635	https://ornipreparation.com/wp-json/wp/v2/pages/27574	200	application/json
20250911144030	https://ornipreparation.com/wp-json/wp/v2/pages/27644	200	application/json
20240717181423	https://ornipreparation.com/wp-json/wp/v2/pages/27735	200	application/json
20250905064931	https://ornipreparation.com/wp-json/wp/v2/pages/27829	200	application/json
20250906001812	https://ornipreparation.com/wp-json/wp/v2/pages/29209	200	application/json
20250917102627	https://ornipreparation.com/wp-json/wp/v2/pages/3618	200	application/json
20240715235521	https://ornipreparation.com/wp-json/wp/v2/pages/536	200	application/json
20211129065043	http://ornipreparation.com/wp-json/wp/v2/posts/15341	200	application/json
20211129065101	http://ornipreparation.com/wp-json/wp/v2/posts/15353	200	application/json
20211130143906	http://ornipreparation.com/wp-json/wp/v2/posts/16095	200	application/json
20211130135344	http://ornipreparation.com/wp-json/wp/v2/posts/16096	200	application/json
20250808220104	https://ornipreparation.com/wp-json/wp/v2/posts/2875	200	application/json
20251024231756	https://ornipreparation.com/wp-json/wp/v2/product/20129	200	application/json
20211129065108	http://ornipreparation.com/wp-json/wp/v2/users/1	200	application/json
20250831110415	https://ornipreparation.com/wp-json/wpdm/	200	application/json
20250304220728	https://ornipreparation.com/wp-login.php?reauth=1&redirect_to=https%3A%2F%2Fornipreparation.com%2Fwp-admin%2Fauthorize-application.php	200	text/html
20211130140858	http://ornipreparation.com/wp-login.php?redirect_to=http%3A%2F%2Fornipreparation.com%2Fles-representants-medicaux-promeuvent-et-vendent-les-produits-de-leur-entreprise-aux-principaux-professionnels-de-la-sante-6	200	text/html
20211129065053	http://ornipreparation.com/wp-login.php?redirect_to=http%3A%2F%2Fornipreparation.com%2Fsi-vous-avez-de-solides-competences-en-conception-aimez-travailler-en-collaboration-et-pouvez-respecter-des-delais-serres-la-conception-dexposition-pourrait-etre-la-carriere-pour-vous	200	text/html
20240716092547	https://ornipreparation.com/wpdmcategory-sitemap.xml	200	text/xml
20240716010921	https://ornipreparation.com/wpdmpro-sitemap.xml	200	text/xml
20240716083427	https://ornipreparation.com/wpdmpro-sitemap2.xml	200	text/xml
20240716154852	https://ornipreparation.com/wpdmpro-sitemap3.xml	200	text/xml
20240716080308	https://ornipreparation.com/wpdmpro-sitemap4.xml	200	text/xml
20240716012837	https://ornipreparation.com/wpdmpro-sitemap5.xml	200	text/xml
20240717082608	https://ornipreparation.com/wpdmpro-sitemap6.xml	200	text/xml
20240716025234	https://ornipreparation.com/wpdmpro-sitemap7.xml	200	text/xml
20240716105630	https://ornipreparation.com/wpdmtag-sitemap.xml	200	text/xml
20240716010428	https://ornipreparation.com/wpdmtag-sitemap2.xml	200	text/xml
20211129065021	http://ornipreparation.com/xmlrpc.php?rsd	200	text/xml
20250304220721	http://ornipreparation.com/xmlrpc.php?rsd=	200	text/xml
20230530035002	https://ornipreparation.com/yaounde-school-of-economics-and-management-ysem	200	text/html
20231004005705	https://ornipreparation.com/zoologie	200	text/html
20230923172944	https://ornipreparation.com/zoologiste	200	text/html
