timestamp	original	statuscode	mimetype
20150507213157	http://www.touslesconcours.info:80/repository	200	text/html
20171004085244	http://touslesconcours.info/repository/--Bambili-marketing-comptabilit%C3%A9-management/corrige-marketing-account-management-bambili-2009.pdf/	200	text/html
20171004080747	http://touslesconcours.info/repository/--Bambili-marketing-comptabilit%C3%A9-management/corrige-marketing-account-management-bambili-2010.pdf/	200	text/html
20171004095522	http://touslesconcours.info/repository/--Bambili-marketing-comptabilit%C3%A9-management/corrige-marketing-account-management-bambili-2011.pdf/	200	text/html
20171004095734	http://touslesconcours.info/repository/--Bambili-marketing-comptabilit%C3%A9-management/corrige-marketing-account-management-bambili-2012.pdf/	200	text/html
20171004080304	http://touslesconcours.info/repository/--Bambili-marketing-comptabilit%C3%A9-management/corrige-marketing-account-management-bambili-2013.pdf/	200	text/html
20171004061805	http://touslesconcours.info/repository/--Bambili-marketing-comptabilit%C3%A9-management/marketing-account-management-bambili-2010.pdf/	200	text/html
20171004090958	http://touslesconcours.info/repository/--Bambili-marketing-comptabilit%C3%A9-management/marketing-account-management-bambili-2011.pdf/	200	text/html
20171004091335	http://touslesconcours.info/repository/--Bambili-marketing-comptabilit%C3%A9-management/marketing-account-management-bambili-2012.pdf/	200	text/html
20171004090946	http://touslesconcours.info/repository/--Bambili-math%C3%A9matiques/corrige-math-bambili-1-2009.pdf/	200	text/html
20171004094457	http://touslesconcours.info/repository/--Bambili-math%C3%A9matiques/corrige-math-bambili-1-2011.pdf/	200	text/html
20171004083036	http://touslesconcours.info/repository/--Bambili-math%C3%A9matiques/corrige-math-bambili-2009.pdf/	200	text/html
20171004091554	http://touslesconcours.info/repository/--Bambili-math%C3%A9matiques/corrige-math-bambili-2010.pdf/	200	text/html
20171004091253	http://touslesconcours.info/repository/--Bambili-math%C3%A9matiques/corrige-math-bambili-2013.pdf/	200	text/html
20171004091333	http://touslesconcours.info/repository/--Bambili-math%C3%A9matiques/math-bambili-1-2009-2.pdf/	200	text/html
20171004082832	http://touslesconcours.info/repository/--Bambili-math%C3%A9matiques/math-bambili-1-2010.pdf/	200	text/html
20171004103003	http://touslesconcours.info/repository/--Bambili-math%C3%A9matiques/math-bambili-1-2012.pdf/	200	text/html
20171004081357	http://touslesconcours.info/repository/--Bambili-math%C3%A9matiques/math-bambili-2009.pdf/	200	text/html
20171004091316	http://touslesconcours.info/repository/--Bambili-math%C3%A9matiques/math-bambili-2010.pdf/	200	text/html
20171004065449	http://touslesconcours.info/repository/--Bambili-math%C3%A9matiques/math-bambili-2011.pdf/	200	text/html
20171004061830	http://touslesconcours.info/repository/--Bambili-math%C3%A9matiques/math-bambili-2012.pdf/	200	text/html
20171004094649	http://touslesconcours.info/repository/--Bambili-physique/corrige-physique-bambili-2010.pdf/	200	text/html
20171004072958	http://touslesconcours.info/repository/--Bambili-physique/corrige-physique-bambili-2012.pdf/	200	text/html
20171004093234	http://touslesconcours.info/repository/--Bambili-physique/corrige-physique-bambili-2013.pdf/	200	text/html
20171004083831	http://touslesconcours.info/repository/--Bambili-physique/physique-bambili-2009.pdf/	200	text/html
20171004094715	http://touslesconcours.info/repository/--Bambili-physique/physique-bambili-2010.pdf/	200	text/html
20171004073949	http://touslesconcours.info/repository/--Bambili-physique/physique-bambili-2011.pdf/	200	text/html
20171004073126	http://touslesconcours.info/repository/--Bambili-physique/physique-bambili-2012.pdf/	200	text/html
20171004092718	http://touslesconcours.info/repository/--Bambili-physique/physique-bambili-2013.pdf/	200	text/html
20171004082830	http://touslesconcours.info/repository/--Bambili-second-cycle/accounting-2-2012.pdf/	200	text/html
20171004102106	http://touslesconcours.info/repository/--Bambili-second-cycle/accounting-2-2013.pdf/	200	text/html
20171004084532	http://touslesconcours.info/repository/--Bambili-second-cycle/accounting-2-2014.pdf/	200	text/html
20171004091509	http://touslesconcours.info/repository/--Bambili-second-cycle/business-mathematics-2-2009.pdf/	200	text/html
20171004102409	http://touslesconcours.info/repository/--Bambili-second-cycle/business-mathematics-2-2011.pdf/	200	text/html
20171004083118	http://touslesconcours.info/repository/--Bambili-second-cycle/business-mathematics-2-2013.pdf/	200	text/html
20171004101307	http://touslesconcours.info/repository/--Bambili-second-cycle/business-mathematics-2-2014.pdf/	200	text/html
20171004084219	http://touslesconcours.info/repository/--Bambili-second-cycle/child-psychology-2-2013.pdf/	200	text/html
20171004091257	http://touslesconcours.info/repository/--Bambili-second-cycle/conseilling-2014.pdf/	200	text/html
20171004101950	http://touslesconcours.info/repository/--Bambili-second-cycle/corrige-accounting-2-2012.pdf/	200	text/html
20171004082915	http://touslesconcours.info/repository/--Bambili-second-cycle/corrige-accounting-2-2013.pdf/	200	text/html
20171004101812	http://touslesconcours.info/repository/--Bambili-second-cycle/corrige-accounting-2-2014.pdf/	200	text/html
20171004084626	http://touslesconcours.info/repository/--Bambili-second-cycle/corrige-business-mathematics-2-2009.pdf/	200	text/html
20171004080048	http://touslesconcours.info/repository/--Bambili-second-cycle/corrige-business-mathematics-2-2010.pdf/	200	text/html
20171004100056	http://touslesconcours.info/repository/--Bambili-second-cycle/corrige-business-mathematics-2-2011.pdf/	200	text/html
20171004095152	http://touslesconcours.info/repository/--Bambili-second-cycle/corrige-business-mathematics-2-2012.pdf/	200	text/html
20171004082332	http://touslesconcours.info/repository/--Bambili-second-cycle/corrige-business-mathematics-2-2013.pdf/	200	text/html
20171004094215	http://touslesconcours.info/repository/--Bambili-second-cycle/corrige-business-mathematics-2-2014.pdf/	200	text/html
20171004084703	http://touslesconcours.info/repository/--Bambili-second-cycle/corrige-conseilling-2014.pdf/	200	text/html
20171004082505	http://touslesconcours.info/repository/--Bambili-second-cycle/corrige-general-knowledge-for-imc-law-2-2011.pdf/	200	text/html
20171004084417	http://touslesconcours.info/repository/--Bambili-second-cycle/corrige-general-knowledge-for-imc-law-2-2014.pdf/	200	text/html
20171004074541	http://touslesconcours.info/repository/--Bambili-second-cycle/corrige-IMC-2-2013.pdf/	200	text/html
20171004094746	http://touslesconcours.info/repository/--Bambili-second-cycle/corrige-marketing-2-2013.pdf/	200	text/html
20171004091341	http://touslesconcours.info/repository/--Bambili-second-cycle/corrige-mathematics-for-all-industrial-series-2012.pdf/	200	text/html
20171004061811	http://touslesconcours.info/repository/--Bambili-second-cycle/corrige-mathematics-for-all-industrial-series-2013.pdf/	200	text/html
20171004085144	http://touslesconcours.info/repository/--Bambili-second-cycle/corrige-mathematics-for-all-industrial-series-2014.pdf/	200	text/html
20171004082252	http://touslesconcours.info/repository/--Bambili-second-cycle/economics-2010.pdf/	200	text/html
20171004094735	http://touslesconcours.info/repository/--Bambili-second-cycle/economics-2011.pdf/	200	text/html
20171004094619	http://touslesconcours.info/repository/--Bambili-second-cycle/economics-2012.pdf/	200	text/html
20171004095353	http://touslesconcours.info/repository/--Bambili-second-cycle/economics-2014.pdf/	200	text/html
20171004092858	http://touslesconcours.info/repository/--Bambili-second-cycle/fundamental-computer-science-2-2009.pdf/	200	text/html
20171004085737	http://touslesconcours.info/repository/--Bambili-second-cycle/fundamental-computer-science-2-2010.pdf/	200	text/html
20171004102312	http://touslesconcours.info/repository/--Bambili-second-cycle/fundamental-computer-science-2-2012.pdf/	200	text/html
20171004084029	http://touslesconcours.info/repository/--Bambili-second-cycle/fundamental-computer-science-2-2013.pdf/	200	text/html
20171004101824	http://touslesconcours.info/repository/--Bambili-second-cycle/fundamental-computer-science-2-2014.pdf/	200	text/html
20171004100005	http://touslesconcours.info/repository/--Bambili-second-cycle/general-knowledge-for-imc-law-2-2014.pdf/	200	text/html
20171004102356	http://touslesconcours.info/repository/--Bambili-second-cycle/home-economics-2-2011.pdf/	200	text/html
20171004102420	http://touslesconcours.info/repository/--Bambili-second-cycle/home-economics-2-2012.pdf/	200	text/html
20171004082930	http://touslesconcours.info/repository/--Bambili-second-cycle/home-economics-2-2013.pdf/	200	text/html
20171004100259	http://touslesconcours.info/repository/--Bambili-second-cycle/home-economics-2-2014.pdf/	200	text/html
20171004085749	http://touslesconcours.info/repository/--Bambili-second-cycle/ICT-2-2014.pdf/	200	text/html
20171004082454	http://touslesconcours.info/repository/--Bambili-second-cycle/IMC-2-2013.pdf/	200	text/html
20171004100423	http://touslesconcours.info/repository/--Bambili-second-cycle/IMC-2-2014.pdf/	200	text/html
20171004101120	http://touslesconcours.info/repository/--Bambili-second-cycle/LAW-2-2013.pdf/	200	text/html
20171004083010	http://touslesconcours.info/repository/--Bambili-second-cycle/LAW-2-2014.pdf/	200	text/html
20171004094725	http://touslesconcours.info/repository/--Bambili-second-cycle/marketing-2-2013.pdf/	200	text/html
20171004071430	http://touslesconcours.info/repository/--Bambili-second-cycle/mathematics-for-all-industrial-series-2009.pdf/	200	text/html
20171004095500	http://touslesconcours.info/repository/--Bambili-second-cycle/mathematics-for-all-industrial-series-2010.pdf/	200	text/html
20171004080830	http://touslesconcours.info/repository/--Bambili-second-cycle/mathematics-for-all-industrial-series-2011.pdf/	200	text/html
20171004082334	http://touslesconcours.info/repository/--Bambili-second-cycle/mathematics-for-all-industrial-series-2014.pdf/	200	text/html
20171004091805	http://touslesconcours.info/repository/--Bambili-second-cycle/statistic-2-2011.pdf/	200	text/html
20171004090937	http://touslesconcours.info/repository/--Bambili-second-cycle/statistic-2-2012.pdf/	200	text/html
20171004092959	http://touslesconcours.info/repository/--Bambili-second-cycle/statistic-2-2014.pdf/	200	text/html
20171004075118	http://touslesconcours.info/repository/-police-%28Commissaire%29/-special.pdf/	200	text/html
20171004093052	http://touslesconcours.info/repository/-police-%28Commissaire%29/commissaire-police--2001.pdf/	200	text/html
20171004093955	http://touslesconcours.info/repository/-police-%28Commissaire%29/commissaire-police-1996.pdf/	200	text/html
20171004102245	http://touslesconcours.info/repository/-police-%28Commissaire%29/commissaire-police-1999.pdf/	200	text/html
20171004073138	http://touslesconcours.info/repository/-police-%28Commissaire%29/commissaire-police-2001.pdf/	200	text/html
20171004081251	http://touslesconcours.info/repository/-police-%28Commissaire%29/commissaire-police-3-1996.pdf/	200	text/html
20171004083853	http://touslesconcours.info/repository/-police-%28Commissaire%29/commissaire-police-3-1999.pdf/	200	text/html
20171004094641	http://touslesconcours.info/repository/-police-%28Commissaire%29/commissaire-police-3-2001.pdf/	200	text/html
20171004100409	http://touslesconcours.info/repository/-police-%28Commissaire%29/commissaire-police-sujet2-1999.pdf/	200	text/html
20171004102158	http://touslesconcours.info/repository/-police-%28Gardien-de-la-paix%29/Gardien-de-la-paix-1975.pdf/	200	text/html
20171004102956	http://touslesconcours.info/repository/-police-%28Gardien-de-la-paix%29/Gardien-de-la-paix-1976.pdf/	200	text/html
20171004092238	http://touslesconcours.info/repository/-police-%28Gardien-de-la-paix%29/Gardien-de-la-paix-2001.pdf/	200	text/html
20171004062617	http://touslesconcours.info/repository/-police-%28Gardien-de-la-paix%29/Gardien-de-la-paix-2009.pdf/	200	text/html
20171004065857	http://touslesconcours.info/repository/-police-%28Gardien-de-la-paix%29/Gardien-de-la-paix.pdf/	200	text/html
20171004083048	http://touslesconcours.info/repository/-police-%28Inspecteur%29/Inspecteur-police-1.pdf/	200	text/html
20171004082811	http://touslesconcours.info/repository/-police-%28Inspecteur%29/Inspecteur-police-2.pdf/	200	text/html
20171004093457	http://touslesconcours.info/repository/-police-%28Inspecteur%29/Inspecteur-police-2001.pdf/	200	text/html
20171004084623	http://touslesconcours.info/repository/-police-%28Inspecteur%29/Inspecteur-police-2009.pdf/	200	text/html
20171004101958	http://touslesconcours.info/repository/-police-%28Inspecteur%29/Inspecteur-police-3.pdf/	200	text/html
20171004084620	http://touslesconcours.info/repository/-police-%28Inspecteur%29/Inspecteur-police-4.pdf/	200	text/html
20171004100211	http://touslesconcours.info/repository/-police-%28Inspecteur%29/Inspecteur-police-5.pdf/	200	text/html
20171004102348	http://touslesconcours.info/repository/-police-%28Inspecteur%29/Inspecteur-police-6.pdf/	200	text/html
20171004084408	http://touslesconcours.info/repository/-police-%28Inspecteur%29/Inspecteur-police-7.pdf/	200	text/html
20171004080811	http://touslesconcours.info/repository/-police-%28Inspecteur%29/Inspecteur-police-8.pdf/	200	text/html
20171004083633	http://touslesconcours.info/repository/-police-%28Inspecteur%29/Inspecteur-police-sujet2-2001.pdf/	200	text/html
20171004101927	http://touslesconcours.info/repository/-police-%28Officier%29/Officier-police-1999.pdf/	200	text/html
20171004091354	http://touslesconcours.info/repository/-police-%28Officier%29/Officier-police-2009.pdf/	200	text/html
20171004065958	http://touslesconcours.info/repository/-police-%28Officier%29/Officier-police-sujet2-2001.pdf/	200	text/html
20171004094626	http://touslesconcours.info/repository/-police-%28Officier%29/Officier-police-sujet2-2009.pdf/	200	text/html
20170704181221	http://touslesconcours.info/repository/AAAAAAAAAAAAAAAAAA/	200	text/html
20161116074529	http://touslesconcours.info:80/repository/Concours-ASECNA	200	text/html
20170423203225	http://www.touslesconcours.info:80/repository/Concours-ASECNA/Controleur-2014.pdf/	200	text/html
20161130165506	http://www.touslesconcours.info:80/repository/Concours-ASECNA/ING-2014.pdf	200	text/html
20170423203455	http://www.touslesconcours.info:80/repository/Concours-ASECNA/orderby,1/	200	text/html
20170423203057	http://www.touslesconcours.info:80/repository/Concours-ASECNA/orderby,2/	200	text/html
20170421015533	http://www.touslesconcours.info:80/repository/Concours-ASECNA/orderby,3	200	text/html
20170423200946	http://www.touslesconcours.info:80/repository/Concours-ASECNA/orderby,4/	200	text/html
20170423202357	http://www.touslesconcours.info:80/repository/Concours-ASECNA/orderby,5/	200	text/html
20170423212346	http://www.touslesconcours.info:80/repository/Concours-ASECNA/orderby,6/	200	text/html
20170428080340	http://www.touslesconcours.info:80/repository/Concours-ASECNA/orderby,7/	200	text/html
20170423203053	http://www.touslesconcours.info:80/repository/Concours-ASECNA/TECH-2014.pdf/	200	text/html
20161116074533	http://touslesconcours.info:80/repository/Concours-de-lIUT-de-Douala-niveau-licence	200	text/html
20171124184525	http://touslesconcours.info/repository/Concours-de-lIUT-de-Douala-niveau-licence/Binder10.pdf/	200	text/html
20171124192826	http://touslesconcours.info/repository/Concours-de-lIUT-de-Douala-niveau-licence/Binder9.pdf/	200	text/html
20171013031814	http://touslesconcours.info/repository/Concours-de-lIUT-de-Douala-niveau-licence/communication-negociation-vente-2.pdf/	200	text/html
20171006210646	http://touslesconcours.info/repository/Concours-de-lIUT-de-Douala-niveau-licence/communication-negociation-vente-3.pdf/	200	text/html
20171013031843	http://touslesconcours.info/repository/Concours-de-lIUT-de-Douala-niveau-licence/communication-negociation-vente-4.pdf/	200	text/html
20171006205002	http://touslesconcours.info/repository/Concours-de-lIUT-de-Douala-niveau-licence/communication-negociation-vente-5.pdf/	200	text/html
20171006205410	http://touslesconcours.info/repository/Concours-de-lIUT-de-Douala-niveau-licence/communication-negociation-vente-6.pdf/	200	text/html
20171013031826	http://touslesconcours.info/repository/Concours-de-lIUT-de-Douala-niveau-licence/communication-negociation-vente-7.pdf/	200	text/html
20171013031708	http://touslesconcours.info/repository/Concours-de-lIUT-de-Douala-niveau-licence/economie-energie-environnement-1.pdf/	200	text/html
20171012073522	http://touslesconcours.info/repository/Concours-de-lIUT-de-Douala-niveau-licence/economie-energie-environnement-2.pdf/	200	text/html
20171013031910	http://touslesconcours.info/repository/Concours-de-lIUT-de-Douala-niveau-licence/economie-energie-environnement-3.pdf/	200	text/html
20171012073510	http://touslesconcours.info/repository/Concours-de-lIUT-de-Douala-niveau-licence/economie-energie-environnement-4.pdf/	200	text/html
20171013031658	http://touslesconcours.info/repository/Concours-de-lIUT-de-Douala-niveau-licence/economie-entreprise-2010.pdf/	200	text/html
20171012073648	http://touslesconcours.info/repository/Concours-de-lIUT-de-Douala-niveau-licence/economie-entreprise-2011.pdf/	200	text/html
20171006195133	http://touslesconcours.info/repository/Concours-de-lIUT-de-Douala-niveau-licence/economie-entreprise-2012.pdf/	200	text/html
20171006232617	http://touslesconcours.info/repository/Concours-de-lIUT-de-Douala-niveau-licence/G1-2014.pdf/	200	text/html
20171013031849	http://touslesconcours.info/repository/Concours-de-lIUT-de-Douala-niveau-licence/GEA-GCF-1.pdf/	200	text/html
20171012073629	http://touslesconcours.info/repository/Concours-de-lIUT-de-Douala-niveau-licence/GEA-GCF-2.pdf/	200	text/html
20171006205734	http://touslesconcours.info/repository/Concours-de-lIUT-de-Douala-niveau-licence/genie-des-mines-2012.pdf/	200	text/html
20171012073556	http://touslesconcours.info/repository/Concours-de-lIUT-de-Douala-niveau-licence/genie-des-mines-2013.pdf/	200	text/html
20171008040202	http://touslesconcours.info/repository/Concours-de-lIUT-de-Douala-niveau-licence/genie-electrique-informatique-industrielle-2007.pdf/	200	text/html
20171012073654	http://touslesconcours.info/repository/Concours-de-lIUT-de-Douala-niveau-licence/genie-electrique-informatique-industrielle-2009.pdf/	200	text/html
20171013031930	http://touslesconcours.info/repository/Concours-de-lIUT-de-Douala-niveau-licence/genie-ferroviaire--2014.pdf/	200	text/html
20170516223620	http://www.touslesconcours.info:80/repository/Concours-de-lIUT-de-Douala-niveau-licence/genie-industrielle-maintenance-2011.pdf	200	text/html
20170517113804	http://www.touslesconcours.info:80/repository/Concours-de-lIUT-de-Douala-niveau-licence/genie-industrielle-maintenance-2012.pdf	200	text/html
20170517120301	http://www.touslesconcours.info:80/repository/Concours-de-lIUT-de-Douala-niveau-licence/genie-industrielle-maintenance-2013.pdf	200	text/html
20171013031837	http://touslesconcours.info/repository/Concours-de-lIUT-de-Douala-niveau-licence/genie-industrielle-maintenance-2014.pdf/	200	text/html
20170516223733	http://www.touslesconcours.info:80/repository/Concours-de-lIUT-de-Douala-niveau-licence/genie-industrielle-maintenance-2015.pdf	200	text/html
20171013031905	http://touslesconcours.info/repository/Concours-de-lIUT-de-Douala-niveau-licence/genie-logiciel-2006.pdf/	200	text/html
20170516185456	http://www.touslesconcours.info:80/repository/Concours-de-lIUT-de-Douala-niveau-licence/genie-mecanique-productique-2008.pdf	200	text/html
20170517115035	http://www.touslesconcours.info:80/repository/Concours-de-lIUT-de-Douala-niveau-licence/genie-mecanique-productique-2009.pdf	200	text/html
20170517115040	http://www.touslesconcours.info:80/repository/Concours-de-lIUT-de-Douala-niveau-licence/genie-mecanique-productique-2010.pdf	200	text/html
20170516224002	http://www.touslesconcours.info:80/repository/Concours-de-lIUT-de-Douala-niveau-licence/genie-mecanique-productique-2013.pdf	200	text/html
20170517114359	http://www.touslesconcours.info:80/repository/Concours-de-lIUT-de-Douala-niveau-licence/genie-mecanique-productique-2014.pdf	200	text/html
20170516224237	http://www.touslesconcours.info:80/repository/Concours-de-lIUT-de-Douala-niveau-licence/genie-mecanique-productique-2015.pdf	200	text/html
20171012073723	http://touslesconcours.info/repository/Concours-de-lIUT-de-Douala-niveau-licence/genie-metallurgie-2013.pdf/	200	text/html
20171008040154	http://touslesconcours.info/repository/Concours-de-lIUT-de-Douala-niveau-licence/genie-reseaux-telecommunication-2009.pdf/	200	text/html
20171006205901	http://touslesconcours.info/repository/Concours-de-lIUT-de-Douala-niveau-licence/genie-reseaux-telecommunication-2010.pdf/	200	text/html
20171006232552	http://touslesconcours.info/repository/Concours-de-lIUT-de-Douala-niveau-licence/genie-reseaux-telecommunication-2012.pdf/	200	text/html
20170329060106	http://www.touslesconcours.info:80/repository/Concours-de-lIUT-de-Douala-niveau-licence/genie-reseaux-telecommunication-2013.pdf	200	text/html
20171006232540	http://touslesconcours.info/repository/Concours-de-lIUT-de-Douala-niveau-licence/genie-thermique-et-energie-2010.pdf/	200	text/html
20171006201428	http://touslesconcours.info/repository/Concours-de-lIUT-de-Douala-niveau-licence/genie-thermique-et-energie-2011.pdf/	200	text/html
20171006203438	http://touslesconcours.info/repository/Concours-de-lIUT-de-Douala-niveau-licence/gestion-comptable-financi%C3%A8re-sujet1.pdf/	200	text/html
20171008040227	http://touslesconcours.info/repository/Concours-de-lIUT-de-Douala-niveau-licence/gestion-comptable-financi%C3%A8re-sujet3.pdf/	200	text/html
20171008040212	http://touslesconcours.info/repository/Concours-de-lIUT-de-Douala-niveau-licence/gestion-comptable-financi%C3%A8re-sujet5.pdf/	200	text/html
20171013031652	http://touslesconcours.info/repository/Concours-de-lIUT-de-Douala-niveau-licence/GIM-2006.pdf/	200	text/html
20171006203444	http://touslesconcours.info/repository/Concours-de-lIUT-de-Douala-niveau-licence/GIM-2008.pdf/	200	text/html
20171006212654	http://touslesconcours.info/repository/Concours-de-lIUT-de-Douala-niveau-licence/GIM-2010.pdf/	200	text/html
20171013032019	http://touslesconcours.info/repository/Concours-de-lIUT-de-Douala-niveau-licence/GLT.2010.pdf/	200	text/html
20171006193308	http://touslesconcours.info/repository/Concours-de-lIUT-de-Douala-niveau-licence/GLT.2011.pdf/	200	text/html
20171013031859	http://touslesconcours.info/repository/Concours-de-lIUT-de-Douala-niveau-licence/GLT.2012.pdf/	200	text/html
20171013032014	http://touslesconcours.info/repository/Concours-de-lIUT-de-Douala-niveau-licence/GLT.2013.pdf/	200	text/html
20171012073623	http://touslesconcours.info/repository/Concours-de-lIUT-de-Douala-niveau-licence/GLT.2014.pdf/	200	text/html
20171013032032	http://touslesconcours.info/repository/Concours-de-lIUT-de-Douala-niveau-licence/GLT.2015.pdf/	200	text/html
20171013031750	http://touslesconcours.info/repository/Concours-de-lIUT-de-Douala-niveau-licence/mathematiques-2010.pdf/	200	text/html
20171013031919	http://touslesconcours.info/repository/Concours-de-lIUT-de-Douala-niveau-licence/mathematiques-2012.pdf/	200	text/html
20170517074722	http://touslesconcours.info:80/repository/Concours-de-lIUT-de-Douala-niveau-licence/mathematiques-2013.pdf	200	text/html
20170517114303	http://touslesconcours.info:80/repository/Concours-de-lIUT-de-Douala-niveau-licence/mathematiques-2014.pdf	200	text/html
20171124183649	http://touslesconcours.info/repository/Concours-de-lIUT-de-Douala-niveau-licence/orderby,1/	200	text/html
20171124193951	http://touslesconcours.info/repository/Concours-de-lIUT-de-Douala-niveau-licence/orderby,3/	200	text/html
20171124193358	http://touslesconcours.info/repository/Concours-de-lIUT-de-Douala-niveau-licence/orderby,4/	200	text/html
20171124185440	http://touslesconcours.info/repository/Concours-de-lIUT-de-Douala-niveau-licence/orderby,5/	200	text/html
20171124183906	http://touslesconcours.info/repository/Concours-de-lIUT-de-Douala-niveau-licence/orderby,6/	200	text/html
20171006212505	http://touslesconcours.info/repository/Concours-de-lIUT-de-Douala-niveau-licence/organisation-gestion-administrative-2010.pdf/	200	text/html
20171013031854	http://touslesconcours.info/repository/Concours-de-lIUT-de-Douala-niveau-licence/organisation-gestion-administrative-2011.pdf/	200	text/html
20171006192710	http://touslesconcours.info/repository/Concours-de-lIUT-de-Douala-niveau-licence/organisation-gestion-administrative-2014.pdf/	200	text/html
20171013031740	http://touslesconcours.info/repository/Concours-de-lIUT-de-Douala-niveau-licence/petrole-et-gaz-2012.pdf/	200	text/html
20171013031936	http://touslesconcours.info/repository/Concours-de-lIUT-de-Douala-niveau-licence/qualite-hygiene-securite-alimentaire.pdf/	200	text/html
20171012073528	http://touslesconcours.info/repository/Concours-de-lIUT-de-Douala-niveau-licence/ver-ppe-2011.pdf/	200	text/html
20171012073545	http://touslesconcours.info/repository/Concours-de-lIUT-de-Douala-niveau-licence/ver-ppe-2012.pdf/	200	text/html
20171008040252	http://touslesconcours.info/repository/Concours-de-lIUT-de-Douala-niveau-licence/ver-ppe-2013.pdf/	200	text/html
20150622024210	http://www.touslesconcours.info:80/repository/Concours-de-lIUT-de-Ngaound%C3%A9r%C3%A9	200	text/html
20150623031438	http://www.touslesconcours.info:80/repository/Concours-de-lIUT-de-Ngaound%C3%A9r%C3%A9/iut-ngaoundere-2008.pdf/	200	text/html
20150623031659	http://www.touslesconcours.info:80/repository/Concours-de-lIUT-de-Ngaound%C3%A9r%C3%A9/iut-ngaoundere-2011.pdf/	200	text/html
20150623031442	http://www.touslesconcours.info:80/repository/Concours-de-lIUT-de-Ngaound%C3%A9r%C3%A9/orderby,1/	200	text/html
20150623031448	http://www.touslesconcours.info:80/repository/Concours-de-lIUT-de-Ngaound%C3%A9r%C3%A9/orderby,3/	200	text/html
20150623031704	http://www.touslesconcours.info:80/repository/Concours-de-lIUT-de-Ngaound%C3%A9r%C3%A9/orderby,4/	200	text/html
20150623031708	http://www.touslesconcours.info:80/repository/Concours-de-lIUT-de-Ngaound%C3%A9r%C3%A9/orderby,5/	200	text/html
20150623031714	http://www.touslesconcours.info:80/repository/Concours-de-lIUT-de-Ngaound%C3%A9r%C3%A9/orderby,6/	200	text/html
20150623031453	http://www.touslesconcours.info:80/repository/Concours-de-lIUT-de-Ngaound%C3%A9r%C3%A9/orderby,7/	200	text/html
20170328020353	http://touslesconcours.info:80/repository/Concours-dent%C3%A9e-%C3%A0-lENSET-de-Douala-niveau-BTS	200	text/html
20171006193852	http://touslesconcours.info/repository/Concours-dent%C3%A9e-%C3%A0-lENSET-de-Douala-niveau-BTS/action-commerciale1-bts-2015.pdf/	200	text/html
20171007001059	http://touslesconcours.info/repository/Concours-dent%C3%A9e-%C3%A0-lENSET-de-Douala-niveau-BTS/action-commerciale2-bts-2015.pdf/	200	text/html
20171006193938	http://touslesconcours.info/repository/Concours-dent%C3%A9e-%C3%A0-lENSET-de-Douala-niveau-BTS/action-commerciale3-bts-2015.pdf/	200	text/html
20171006042322	http://touslesconcours.info/repository/Concours-dent%C3%A9e-%C3%A0-lENSET-de-Douala-niveau-BTS/commerce-internationale-bts-2015.pdf/	200	text/html
20171006193956	http://touslesconcours.info/repository/Concours-dent%C3%A9e-%C3%A0-lENSET-de-Douala-niveau-BTS/comptabilite-bts-2015.pdf/	200	text/html
20171006120312	http://touslesconcours.info/repository/Concours-dent%C3%A9e-%C3%A0-lENSET-de-Douala-niveau-BTS/comptabilite-cf-enset-douala-bts-2016.pdf/	200	text/html
20171007081546	http://touslesconcours.info/repository/Concours-dent%C3%A9e-%C3%A0-lENSET-de-Douala-niveau-BTS/comptabilite-et-gestion-des-entreprise-bts-2015.pdf/	200	text/html
20171007081524	http://touslesconcours.info/repository/Concours-dent%C3%A9e-%C3%A0-lENSET-de-Douala-niveau-BTS/comptabilite-generale-enset-douala-bts-2016.pdf/	200	text/html
20171008173434	http://touslesconcours.info/repository/Concours-dent%C3%A9e-%C3%A0-lENSET-de-Douala-niveau-BTS/construction-mecanique1-bts-2015.pdf/	200	text/html
20171008023948	http://touslesconcours.info/repository/Concours-dent%C3%A9e-%C3%A0-lENSET-de-Douala-niveau-BTS/culture-economique-enset-douala-2016.pdf/	200	text/html
20171007154000	http://touslesconcours.info/repository/Concours-dent%C3%A9e-%C3%A0-lENSET-de-Douala-niveau-BTS/culture-economique-enset-douala-bts-2016.pdf/	200	text/html
20171006055620	http://touslesconcours.info/repository/Concours-dent%C3%A9e-%C3%A0-lENSET-de-Douala-niveau-BTS/economie-comptabilite-droi-enset-douala-bts-2016.pdf/	200	text/html
20171009150750	http://touslesconcours.info/repository/Concours-dent%C3%A9e-%C3%A0-lENSET-de-Douala-niveau-BTS/EPS-enset-douala-bts-2016.pdf/	200	text/html
20171007081624	http://touslesconcours.info/repository/Concours-dent%C3%A9e-%C3%A0-lENSET-de-Douala-niveau-BTS/esf-bts-2015.pdf/	200	text/html
20171007155608	http://touslesconcours.info/repository/Concours-dent%C3%A9e-%C3%A0-lENSET-de-Douala-niveau-BTS/froid-climatisation-enset-douala-bts-2016.pdf/	200	text/html
20171007081558	http://touslesconcours.info/repository/Concours-dent%C3%A9e-%C3%A0-lENSET-de-Douala-niveau-BTS/genie-civil-enset-bts-2016.pdf/	200	text/html
20171006194049	http://touslesconcours.info/repository/Concours-dent%C3%A9e-%C3%A0-lENSET-de-Douala-niveau-BTS/genie-forestier-bts-2015.pdf/	200	text/html
20171006044636	http://touslesconcours.info/repository/Concours-dent%C3%A9e-%C3%A0-lENSET-de-Douala-niveau-BTS/genie-informatique-enset-douala-bts-2016.pdf/	200	text/html
20171009014028	http://touslesconcours.info/repository/Concours-dent%C3%A9e-%C3%A0-lENSET-de-Douala-niveau-BTS/genie-mecanique-enset-douala-bts-2016.pdf/	200	text/html
20171005204048	http://touslesconcours.info/repository/Concours-dent%C3%A9e-%C3%A0-lENSET-de-Douala-niveau-BTS/ind-textile-habillement-enset-douala-bts-2016.pdf/	200	text/html
20171008223722	http://touslesconcours.info/repository/Concours-dent%C3%A9e-%C3%A0-lENSET-de-Douala-niveau-BTS/informatique-industrielle1-bts-2015.pdf/	200	text/html
20171008173428	http://touslesconcours.info/repository/Concours-dent%C3%A9e-%C3%A0-lENSET-de-Douala-niveau-BTS/marketing-enset-douala-bts-2016.pdf/	200	text/html
20171008092846	http://touslesconcours.info/repository/Concours-dent%C3%A9e-%C3%A0-lENSET-de-Douala-niveau-BTS/materiau-et-sa-construction-bts-2015.pdf/	200	text/html
20171009224133	http://touslesconcours.info/repository/Concours-dent%C3%A9e-%C3%A0-lENSET-de-Douala-niveau-BTS/mathematiques-bts-2015.pdf/	200	text/html
20171007081414	http://touslesconcours.info/repository/Concours-dent%C3%A9e-%C3%A0-lENSET-de-Douala-niveau-BTS/mecanique-appliquee-bts-2015.pdf/	200	text/html
20171124103125	http://touslesconcours.info/repository/Concours-dent%C3%A9e-%C3%A0-lENSET-de-Douala-niveau-BTS/orderby,1/	200	text/html
20171007153911	http://touslesconcours.info/repository/Concours-dent%C3%A9e-%C3%A0-lENSET-de-Douala-niveau-BTS/physique-enset-douala-bts-2016.pdf/	200	text/html
20171006044739	http://touslesconcours.info/repository/Concours-dent%C3%A9e-%C3%A0-lENSET-de-Douala-niveau-BTS/sb-sbb-bts-2015.pdf/	200	text/html
20171007004233	http://touslesconcours.info/repository/Concours-dent%C3%A9e-%C3%A0-lENSET-de-Douala-niveau-BTS/sociologie-generale-enset-douala-2016.pdf/	200	text/html
20171006050938	http://touslesconcours.info/repository/Concours-dent%C3%A9e-%C3%A0-lENSET-de-Douala-niveau-BTS/steg-ci-bts-2015.pdf/	200	text/html
20171008223730	http://touslesconcours.info/repository/Concours-dent%C3%A9e-%C3%A0-lENSET-de-Douala-niveau-BTS/sujets-enset-douala-bts-2016.pdf/	200	text/html
20171007153827	http://touslesconcours.info/repository/Concours-dent%C3%A9e-%C3%A0-lENSET-de-Douala-niveau-BTS/techniques-quantitatives-bts-2015.pdf/	200	text/html
20171008225312	http://touslesconcours.info/repository/Concours-dent%C3%A9e-%C3%A0-lENSET-de-Douala-niveau-BTS/tic-et-prise-du-discours-bts-2015.pdf/	200	text/html
20171008173454	http://touslesconcours.info/repository/Concours-dent%C3%A9e-%C3%A0-lENSET-de-Douala-niveau-BTS/tqg-bts-2015.pdf/	200	text/html
20170329082147	http://touslesconcours.info:80/repository/Concours-dent%C3%A9e-%C3%A0-lENSET-de-Douala-niveau-licence	200	text/html
20171006162046	http://touslesconcours.info/repository/Concours-dent%C3%A9e-%C3%A0-lENSET-de-Douala-niveau-licence/anglais-enset-douala-licence-2016.pdf/	200	text/html
20171006194016	http://touslesconcours.info/repository/Concours-dent%C3%A9e-%C3%A0-lENSET-de-Douala-niveau-licence/mathematiques-enset-douala-licence-2016.pdf/	200	text/html
20171124174726	http://touslesconcours.info/repository/Concours-dent%C3%A9e-%C3%A0-lENSET-de-Douala-niveau-licence/orderby,4/	200	text/html
20171008024111	http://touslesconcours.info/repository/Concours-dent%C3%A9e-%C3%A0-lENSET-de-Douala-niveau-licence/physique-enset-douala-licence-2015.pdf/	200	text/html
20171007004154	http://touslesconcours.info/repository/Concours-dent%C3%A9e-%C3%A0-lENSET-de-Douala-niveau-licence/physique-mathematiques-enset-douala-licence-2016.pdf/	200	text/html
20171006205813	http://touslesconcours.info/repository/Concours-dent%C3%A9e-%C3%A0-lENSET-de-Douala-niveau-licence/psychologie-enset-doula-licence-2015.pdf/	200	text/html
20171006042241	http://touslesconcours.info/repository/Concours-dent%C3%A9e-%C3%A0-lENSET-de-Douala-niveau-licence/science-de-education-enset-douala-licence-2016.pdf/	200	text/html
20171008175015	http://touslesconcours.info/repository/Concours-dent%C3%A9e-%C3%A0-lENSET-de-Douala-niveau-licence/sociologie-generale-enset-douala-2016.pdf/	200	text/html
20161227064702	http://www.touslesconcours.info:80/repository/Concours-dentr%C3%A9e-%C3%A0-l-EGEM	200	text/html
20160825184538	http://touslesconcours.info:80/repository/Concours-dentr%C3%A9e-%C3%A0-l-EGEM/chimie-egem-2010.pdf/	200	text/html
20160825175406	http://touslesconcours.info:80/repository/Concours-dentr%C3%A9e-%C3%A0-l-EGEM/chimie-egem-2011.pdf/	200	text/html
20160825192629	http://touslesconcours.info:80/repository/Concours-dentr%C3%A9e-%C3%A0-l-EGEM/chimie-egem-2012.pdf/	200	text/html
20160825173611	http://touslesconcours.info:80/repository/Concours-dentr%C3%A9e-%C3%A0-l-EGEM/chimie-egem-2013.pdf/	200	text/html
20160825184003	http://touslesconcours.info:80/repository/Concours-dentr%C3%A9e-%C3%A0-l-EGEM/chimie-egem-2014.pdf/	200	text/html
20160825173945	http://touslesconcours.info:80/repository/Concours-dentr%C3%A9e-%C3%A0-l-EGEM/chimie-tech-egem-2012.pdf/	200	text/html
20160825173613	http://touslesconcours.info:80/repository/Concours-dentr%C3%A9e-%C3%A0-l-EGEM/corrige-chimie-2014.pdf/	200	text/html
20160825184544	http://touslesconcours.info:80/repository/Concours-dentr%C3%A9e-%C3%A0-l-EGEM/corrige-math-egem-2013.pdf/	200	text/html
20160825174855	http://touslesconcours.info:80/repository/Concours-dentr%C3%A9e-%C3%A0-l-EGEM/corrige-math-tech-egem-2011.pdf/	200	text/html
20160825184330	http://touslesconcours.info:80/repository/Concours-dentr%C3%A9e-%C3%A0-l-EGEM/corrige-math-tech-egem-2012.pdf/	200	text/html
20160825173951	http://touslesconcours.info:80/repository/Concours-dentr%C3%A9e-%C3%A0-l-EGEM/corrige-phy-egem-2014.pdf/	200	text/html
20160825173956	http://touslesconcours.info:80/repository/Concours-dentr%C3%A9e-%C3%A0-l-EGEM/corrige-phy-tech-2012.pdf/	200	text/html
20160825184335	http://touslesconcours.info:80/repository/Concours-dentr%C3%A9e-%C3%A0-l-EGEM/culture-generale-egem-2011.pdf/	200	text/html
20160825173618	http://touslesconcours.info:80/repository/Concours-dentr%C3%A9e-%C3%A0-l-EGEM/culture-generale-egem-2012.pdf/	200	text/html
20160825174900	http://touslesconcours.info:80/repository/Concours-dentr%C3%A9e-%C3%A0-l-EGEM/culture-generale-egem-2014.pdf/	200	text/html
20160825184610	http://touslesconcours.info:80/repository/Concours-dentr%C3%A9e-%C3%A0-l-EGEM/math-egem-2011.pdf/	200	text/html
20160825174910	http://touslesconcours.info:80/repository/Concours-dentr%C3%A9e-%C3%A0-l-EGEM/math-egem-2012.pdf/	200	text/html
20160825174001	http://touslesconcours.info:80/repository/Concours-dentr%C3%A9e-%C3%A0-l-EGEM/math-egem-2013.pdf/	200	text/html
20160825184029	http://touslesconcours.info:80/repository/Concours-dentr%C3%A9e-%C3%A0-l-EGEM/math-egem-2014.pdf/	200	text/html
20160825184723	http://touslesconcours.info:80/repository/Concours-dentr%C3%A9e-%C3%A0-l-EGEM/math-tech-egem-2011.pdf/	200	text/html
20160825184355	http://touslesconcours.info:80/repository/Concours-dentr%C3%A9e-%C3%A0-l-EGEM/math-tech-egem-2012.pdf/	200	text/html
20160825175451	http://touslesconcours.info:80/repository/Concours-dentr%C3%A9e-%C3%A0-l-EGEM/phy-egem-2010.pdf/	200	text/html
20160825173701	http://touslesconcours.info:80/repository/Concours-dentr%C3%A9e-%C3%A0-l-EGEM/phy-egem-2012.pdf/	200	text/html
20160825184405	http://touslesconcours.info:80/repository/Concours-dentr%C3%A9e-%C3%A0-l-EGEM/phy-egem-2013.pdf/	200	text/html
20160825174049	http://touslesconcours.info:80/repository/Concours-dentr%C3%A9e-%C3%A0-l-EGEM/phy-egem-2014.pdf/	200	text/html
20160825174955	http://touslesconcours.info:80/repository/Concours-dentr%C3%A9e-%C3%A0-l-EGEM/phy-egem-tech-2012.pdf/	200	text/html
20160825184034	http://touslesconcours.info:80/repository/Concours-dentr%C3%A9e-%C3%A0-l-EGEM/test-psychotechnique-egem-2011.pdf/	200	text/html
20160825184449	http://touslesconcours.info:80/repository/Concours-dentr%C3%A9e-%C3%A0-l-EGEM/test-psychotechnique-egem-2012.pdf/	200	text/html
20170219205640	http://www.touslesconcours.info:80/repository/Concours-dentr%C3%A9e-%C3%A0-l-ENSAI	200	text/html
20170215113913	http://www.touslesconcours.info:80/repository/Concours-dentr%C3%A9e-%C3%A0-l-ENSAI/Apptitude-test-2008.pdf	200	text/html
20170215114032	http://www.touslesconcours.info:80/repository/Concours-dentr%C3%A9e-%C3%A0-l-ENSAI/Aptitude-test-2011.pdf	200	text/html
20170220195734	http://www.touslesconcours.info:80/repository/Concours-dentr%C3%A9e-%C3%A0-l-ENSAI/Aptitude-test-2012.PDF/	200	text/html
20170220193815	http://www.touslesconcours.info:80/repository/Concours-dentr%C3%A9e-%C3%A0-l-ENSAI/Aptitute-Test-2009.pdf/	200	text/html
20170220193742	http://www.touslesconcours.info:80/repository/Concours-dentr%C3%A9e-%C3%A0-l-ENSAI/Aptitute-Test-20090001.pdf/	200	text/html
20170220194438	http://www.touslesconcours.info:80/repository/Concours-dentr%C3%A9e-%C3%A0-l-ENSAI/Aptutude-test-2010.pdf/	200	text/html
20170220194143	http://www.touslesconcours.info:80/repository/Concours-dentr%C3%A9e-%C3%A0-l-ENSAI/biologie-ensai-2007.pdf/	200	text/html
20170220193847	http://www.touslesconcours.info:80/repository/Concours-dentr%C3%A9e-%C3%A0-l-ENSAI/biologie-ensai-2014.pdf/	200	text/html
20170220194609	http://www.touslesconcours.info:80/repository/Concours-dentr%C3%A9e-%C3%A0-l-ENSAI/biologie-ensai-2015.pdf/	200	text/html
20170220195449	http://www.touslesconcours.info:80/repository/Concours-dentr%C3%A9e-%C3%A0-l-ENSAI/biologie-sujets2-ensai-2007.pdf/	200	text/html
20170421202349	http://www.touslesconcours.info:80/repository/Concours-dentr%C3%A9e-%C3%A0-l-ENSAI/chimie-ensai-2003.pdf/	200	text/html
20170420181034	http://www.touslesconcours.info:80/repository/Concours-dentr%C3%A9e-%C3%A0-l-ENSAI/chimie-ensai-2007.pdf/	200	text/html
20170423200734	http://www.touslesconcours.info:80/repository/Concours-dentr%C3%A9e-%C3%A0-l-ENSAI/chimie-ensai-2014.pdf/	200	text/html
20170420174312	http://www.touslesconcours.info:80/repository/Concours-dentr%C3%A9e-%C3%A0-l-ENSAI/chimie-ensai-2015.pdf/	200	text/html
20170329081636	http://www.touslesconcours.info:80/repository/Concours-dentr%C3%A9e-%C3%A0-l-ENSAI/culture-General-Francophone-2009.pdf	200	text/html
20170329081331	http://www.touslesconcours.info:80/repository/Concours-dentr%C3%A9e-%C3%A0-l-ENSAI/culture-General-Francophone-20090001.pdf	200	text/html
20170329082212	http://www.touslesconcours.info:80/repository/Concours-dentr%C3%A9e-%C3%A0-l-ENSAI/culture-generale-ensai-2005.pdf	200	text/html
20170329081336	http://www.touslesconcours.info:80/repository/Concours-dentr%C3%A9e-%C3%A0-l-ENSAI/culture-generale-ensai-2007.pdf	200	text/html
20170329081928	http://www.touslesconcours.info:80/repository/Concours-dentr%C3%A9e-%C3%A0-l-ENSAI/culture-generale-ensai-2010.pdf	200	text/html
20170329081933	http://www.touslesconcours.info:80/repository/Concours-dentr%C3%A9e-%C3%A0-l-ENSAI/culture-generale-ensai-2011.pdf	200	text/html
20170420175450	http://www.touslesconcours.info:80/repository/Concours-dentr%C3%A9e-%C3%A0-l-ENSAI/culture-generale-ensai-2013.pdf/	200	text/html
20170329081343	http://www.touslesconcours.info:80/repository/Concours-dentr%C3%A9e-%C3%A0-l-ENSAI/culture-generale-ensai-2014.pdf	200	text/html
20170420181742	http://www.touslesconcours.info:80/repository/Concours-dentr%C3%A9e-%C3%A0-l-ENSAI/culture-generale-ensai-angl-2014.pdf/	200	text/html
20170329081325	http://www.touslesconcours.info:80/repository/Concours-dentr%C3%A9e-%C3%A0-l-ENSAI/English-Language-for-francophone-2009.pdf	200	text/html
20170329081628	http://www.touslesconcours.info:80/repository/Concours-dentr%C3%A9e-%C3%A0-l-ENSAI/English-Language-for-francophone-20090001.pdf	200	text/html
20170421062134	http://touslesconcours.info:80/repository/Concours-dentr%C3%A9e-%C3%A0-l-ENSAI/French-2010.pdf/	200	text/html
20170420175055	http://www.touslesconcours.info:80/repository/Concours-dentr%C3%A9e-%C3%A0-l-ENSAI/French-2011.pdf/	200	text/html
20170421060616	http://touslesconcours.info:80/repository/Concours-dentr%C3%A9e-%C3%A0-l-ENSAI/FRENCH-2012.PDF/	200	text/html
20170420175439	http://www.touslesconcours.info:80/repository/Concours-dentr%C3%A9e-%C3%A0-l-ENSAI/GEN-PAPER-2012.PDF/	200	text/html
20171005110458	http://touslesconcours.info/repository/Concours-dentr%C3%A9e-%C3%A0-l-ENSAI/General-Paper-2010.pdf/	200	text/html
20171005113241	http://touslesconcours.info/repository/Concours-dentr%C3%A9e-%C3%A0-l-ENSAI/general-paper-2011.pdf/	200	text/html
20170419113609	http://www.touslesconcours.info:80/repository/Concours-dentr%C3%A9e-%C3%A0-l-ENSAI/General-Paper-Anglophone-2009.pdf/	200	text/html
20171006013548	http://touslesconcours.info/repository/Concours-dentr%C3%A9e-%C3%A0-l-ENSAI/langue-ensai-2010.pdf/	200	text/html
20171005081131	http://touslesconcours.info/repository/Concours-dentr%C3%A9e-%C3%A0-l-ENSAI/langue-ensai-2011.pdf/	200	text/html
20171006013541	http://touslesconcours.info/repository/Concours-dentr%C3%A9e-%C3%A0-l-ENSAI/langue-ensai-2013.pdf/	200	text/html
20171005084043	http://touslesconcours.info/repository/Concours-dentr%C3%A9e-%C3%A0-l-ENSAI/langue-ensai-2014.pdf/	200	text/html
20171006011953	http://touslesconcours.info/repository/Concours-dentr%C3%A9e-%C3%A0-l-ENSAI/langue-ensai-2015.pdf/	200	text/html
20171005083755	http://touslesconcours.info/repository/Concours-dentr%C3%A9e-%C3%A0-l-ENSAI/Langue-pour-Anglophone-2009.pdf/	200	text/html
20171005072400	http://touslesconcours.info/repository/Concours-dentr%C3%A9e-%C3%A0-l-ENSAI/mathematique-ensai-2007.pdf/	200	text/html
20170420062926	http://www.touslesconcours.info:80/repository/Concours-dentr%C3%A9e-%C3%A0-l-ENSAI/mathematique-ensai-2013.pdf/	200	text/html
20170419113243	http://www.touslesconcours.info:80/repository/Concours-dentr%C3%A9e-%C3%A0-l-ENSAI/mathematique-mip-ensai-2014.pdf/	200	text/html
20170419110633	http://www.touslesconcours.info:80/repository/Concours-dentr%C3%A9e-%C3%A0-l-ENSAI/mathematiques-aii-cige-ensai-2014.pdf/	200	text/html
20170420063512	http://www.touslesconcours.info:80/repository/Concours-dentr%C3%A9e-%C3%A0-l-ENSAI/Maths-2002.pdf/	200	text/html
20170420063517	http://www.touslesconcours.info:80/repository/Concours-dentr%C3%A9e-%C3%A0-l-ENSAI/Maths-2003.pdf/	200	text/html
20170419114249	http://www.touslesconcours.info:80/repository/Concours-dentr%C3%A9e-%C3%A0-l-ENSAI/Maths-2008.pdf/	200	text/html
20170329044711	http://www.touslesconcours.info:80/repository/Concours-dentr%C3%A9e-%C3%A0-l-ENSAI/Maths-2011.pdf	200	text/html
20170517115529	http://touslesconcours.info:80/repository/Concours-dentr%C3%A9e-%C3%A0-l-ENSAI/MATHS-2012.PDF	200	text/html
20171005110308	http://touslesconcours.info/repository/Concours-dentr%C3%A9e-%C3%A0-l-ENSAI/Maths-Cige-IAA-2010.pdf/	200	text/html
20170419110432	http://www.touslesconcours.info:80/repository/Concours-dentr%C3%A9e-%C3%A0-l-ENSAI/Maths-IAA-CIGE-2009.pdf/	200	text/html
20170419113718	http://www.touslesconcours.info:80/repository/Concours-dentr%C3%A9e-%C3%A0-l-ENSAI/Maths-MIP-2009.pdf/	200	text/html
20170419114502	http://www.touslesconcours.info:80/repository/Concours-dentr%C3%A9e-%C3%A0-l-ENSAI/Maths-MIP-20090001.pdf/	200	text/html
20171005090823	http://touslesconcours.info/repository/Concours-dentr%C3%A9e-%C3%A0-l-ENSAI/Maths-MIP-2010.pdf/	200	text/html
20171005074144	http://touslesconcours.info/repository/Concours-dentr%C3%A9e-%C3%A0-l-ENSAI/mecanique-ensai-2014.pdf/	200	text/html
20170220195456	http://www.touslesconcours.info:80/repository/Concours-dentr%C3%A9e-%C3%A0-l-ENSAI/orderby,1/	200	text/html
20170220203656	http://www.touslesconcours.info:80/repository/Concours-dentr%C3%A9e-%C3%A0-l-ENSAI/orderby,3/	200	text/html
20170220195757	http://www.touslesconcours.info:80/repository/Concours-dentr%C3%A9e-%C3%A0-l-ENSAI/orderby,4/	200	text/html
20170220194941	http://www.touslesconcours.info:80/repository/Concours-dentr%C3%A9e-%C3%A0-l-ENSAI/orderby,5/	200	text/html
20170220194149	http://www.touslesconcours.info:80/repository/Concours-dentr%C3%A9e-%C3%A0-l-ENSAI/orderby,6/	200	text/html
20170220195841	http://www.touslesconcours.info:80/repository/Concours-dentr%C3%A9e-%C3%A0-l-ENSAI/orderby,7/	200	text/html
20171005100256	http://touslesconcours.info/repository/Concours-dentr%C3%A9e-%C3%A0-l-ENSAI/Physics-mechanics-2010.pdf/	200	text/html
20171005112449	http://touslesconcours.info/repository/Concours-dentr%C3%A9e-%C3%A0-l-ENSAI/physique-ensai-2007.pdf/	200	text/html
20171005054523	http://touslesconcours.info/repository/Concours-dentr%C3%A9e-%C3%A0-l-ENSAI/physique-ensai-2014.pdf/	200	text/html
20171005092759	http://touslesconcours.info/repository/Concours-dentr%C3%A9e-%C3%A0-l-ENSAI/physique-ensai-2015.pdf/	200	text/html
20170329060110	http://www.touslesconcours.info:80/repository/Concours-dentr%C3%A9e-%C3%A0-l-ENSAI/physique-ensai-mip-2014.pdf	200	text/html
20170329060116	http://www.touslesconcours.info:80/repository/Concours-dentr%C3%A9e-%C3%A0-l-ENSAI/physique-mecanique-ensai-2007.pdf	200	text/html
20171005073902	http://touslesconcours.info/repository/Concours-dentr%C3%A9e-%C3%A0-l-ENSAI/pschotechnique-ensai-2007.pdf/	200	text/html
20170329082304	http://www.touslesconcours.info:80/repository/Concours-dentr%C3%A9e-%C3%A0-l-ENSAI/pschotechnique-ensai-2014.pdf	200	text/html
20171005060609	http://touslesconcours.info/repository/Concours-dentr%C3%A9e-%C3%A0-l-ENSAI/pschotechnique-ensai-2015.pdf/	200	text/html
20171005071014	http://touslesconcours.info/repository/Concours-dentr%C3%A9e-%C3%A0-l-ENSAI/Special-Paper---Biology-2008.pdf/	200	text/html
20171005070052	http://touslesconcours.info/repository/Concours-dentr%C3%A9e-%C3%A0-l-ENSAI/Special-Paper---Chemistry-2008.pdf/	200	text/html
20171005071317	http://touslesconcours.info/repository/Concours-dentr%C3%A9e-%C3%A0-l-ENSAI/SPECIAL-PAPER-2012.PDF/	200	text/html
20171005060849	http://touslesconcours.info/repository/Concours-dentr%C3%A9e-%C3%A0-l-ENSAI/Special-Paper-IAA-CIGE-2009.pdf/	200	text/html
20161111113618	http://www.touslesconcours.info:80/repository/Concours-dentr%C3%A9e-%C3%A0-l-ENSP-niveau-licence	200	text/html
20161112232942	http://touslesconcours.info:80/repository/Concours-dentr%C3%A9e-%C3%A0-l-ENSP-niveau-licence/info-licence-2006.pdf/	200	text/html
20161112232947	http://touslesconcours.info:80/repository/Concours-dentr%C3%A9e-%C3%A0-l-ENSP-niveau-licence/info-licence-2007.pdf/	200	text/html
20161112232622	http://touslesconcours.info:80/repository/Concours-dentr%C3%A9e-%C3%A0-l-ENSP-niveau-licence/info-licence-2008.pdf/	200	text/html
20161112232627	http://touslesconcours.info:80/repository/Concours-dentr%C3%A9e-%C3%A0-l-ENSP-niveau-licence/info-licence-2009.pdf/	200	text/html
20161112232635	http://touslesconcours.info:80/repository/Concours-dentr%C3%A9e-%C3%A0-l-ENSP-niveau-licence/info-licence-2010.pdf/	200	text/html
20161112232953	http://touslesconcours.info:80/repository/Concours-dentr%C3%A9e-%C3%A0-l-ENSP-niveau-licence/info-licence-2011.pdf/	200	text/html
20161112232638	http://touslesconcours.info:80/repository/Concours-dentr%C3%A9e-%C3%A0-l-ENSP-niveau-licence/info-licence-2013.pdf/	200	text/html
20161112232957	http://touslesconcours.info:80/repository/Concours-dentr%C3%A9e-%C3%A0-l-ENSP-niveau-licence/info-licence-2014.pdf/	200	text/html
20161112232642	http://touslesconcours.info:80/repository/Concours-dentr%C3%A9e-%C3%A0-l-ENSP-niveau-licence/info-licence-2015.pdf/	200	text/html
20161112232649	http://touslesconcours.info:80/repository/Concours-dentr%C3%A9e-%C3%A0-l-ENSP-niveau-licence/math-licence-2001.pdf/	200	text/html
20161112232652	http://touslesconcours.info:80/repository/Concours-dentr%C3%A9e-%C3%A0-l-ENSP-niveau-licence/math-licence-2002.pdf/	200	text/html
20161112233003	http://touslesconcours.info:80/repository/Concours-dentr%C3%A9e-%C3%A0-l-ENSP-niveau-licence/math-licence-2003.pdf/	200	text/html
20161112233010	http://touslesconcours.info:80/repository/Concours-dentr%C3%A9e-%C3%A0-l-ENSP-niveau-licence/math-licence-2004.pdf/	200	text/html
20161112233016	http://touslesconcours.info:80/repository/Concours-dentr%C3%A9e-%C3%A0-l-ENSP-niveau-licence/math-licence-2006.pdf/	200	text/html
20161112233020	http://touslesconcours.info:80/repository/Concours-dentr%C3%A9e-%C3%A0-l-ENSP-niveau-licence/math-licence-2007.pdf/	200	text/html
20161112232657	http://touslesconcours.info:80/repository/Concours-dentr%C3%A9e-%C3%A0-l-ENSP-niveau-licence/math-licence-2008.pdf/	200	text/html
20161112233026	http://touslesconcours.info:80/repository/Concours-dentr%C3%A9e-%C3%A0-l-ENSP-niveau-licence/math-licence-2009.pdf/	200	text/html
20161112232702	http://touslesconcours.info:80/repository/Concours-dentr%C3%A9e-%C3%A0-l-ENSP-niveau-licence/math-licence-2010.pdf/	200	text/html
20161112233030	http://touslesconcours.info:80/repository/Concours-dentr%C3%A9e-%C3%A0-l-ENSP-niveau-licence/math-licence-2011.pdf/	200	text/html
20161112233240	http://touslesconcours.info:80/repository/Concours-dentr%C3%A9e-%C3%A0-l-ENSP-niveau-licence/math-licence-2012.pdf/	200	text/html
20161112232708	http://touslesconcours.info:80/repository/Concours-dentr%C3%A9e-%C3%A0-l-ENSP-niveau-licence/math-licence-2013.pdf/	200	text/html
20161112232713	http://touslesconcours.info:80/repository/Concours-dentr%C3%A9e-%C3%A0-l-ENSP-niveau-licence/math-licence-2014.pdf/	200	text/html
20161112232718	http://touslesconcours.info:80/repository/Concours-dentr%C3%A9e-%C3%A0-l-ENSP-niveau-licence/math-licence-2015.pdf/	200	text/html
20171124140933	http://touslesconcours.info/repository/Concours-dentr%C3%A9e-%C3%A0-l-ENSP-niveau-licence/orderby,5/	200	text/html
20161112233245	http://touslesconcours.info:80/repository/Concours-dentr%C3%A9e-%C3%A0-l-ENSP-niveau-licence/physique-licence-2001.pdf/	200	text/html
20161112232723	http://touslesconcours.info:80/repository/Concours-dentr%C3%A9e-%C3%A0-l-ENSP-niveau-licence/physique-licence-2002.pdf/	200	text/html
20161112232728	http://touslesconcours.info:80/repository/Concours-dentr%C3%A9e-%C3%A0-l-ENSP-niveau-licence/physique-licence-2003.pdf/	200	text/html
20161112232733	http://touslesconcours.info:80/repository/Concours-dentr%C3%A9e-%C3%A0-l-ENSP-niveau-licence/physique-licence-2004.pdf/	200	text/html
20161112233252	http://touslesconcours.info:80/repository/Concours-dentr%C3%A9e-%C3%A0-l-ENSP-niveau-licence/physique-licence-2006.pdf/	200	text/html
20161112233256	http://touslesconcours.info:80/repository/Concours-dentr%C3%A9e-%C3%A0-l-ENSP-niveau-licence/physique-licence-2007.pdf/	200	text/html
20161112233302	http://touslesconcours.info:80/repository/Concours-dentr%C3%A9e-%C3%A0-l-ENSP-niveau-licence/physique-licence-2008.pdf/	200	text/html
20161112232739	http://touslesconcours.info:80/repository/Concours-dentr%C3%A9e-%C3%A0-l-ENSP-niveau-licence/physique-licence-2009.pdf/	200	text/html
20161112232746	http://touslesconcours.info:80/repository/Concours-dentr%C3%A9e-%C3%A0-l-ENSP-niveau-licence/physique-licence-2010.pdf/	200	text/html
20161112233306	http://touslesconcours.info:80/repository/Concours-dentr%C3%A9e-%C3%A0-l-ENSP-niveau-licence/physique-licence-2011.pdf/	200	text/html
20161112233311	http://touslesconcours.info:80/repository/Concours-dentr%C3%A9e-%C3%A0-l-ENSP-niveau-licence/physique-licence-2012.pdf/	200	text/html
20161112233324	http://touslesconcours.info:80/repository/Concours-dentr%C3%A9e-%C3%A0-l-ENSP-niveau-licence/physique-licence-2013.pdf/	200	text/html
20161112232751	http://touslesconcours.info:80/repository/Concours-dentr%C3%A9e-%C3%A0-l-ENSP-niveau-licence/physique-licence-2014.pdf/	200	text/html
20161112232756	http://touslesconcours.info:80/repository/Concours-dentr%C3%A9e-%C3%A0-l-ENSP-niveau-licence/physique-licence-2015.pdf/	200	text/html
20161116052647	http://touslesconcours.info:80/repository/Concours-dentr%C3%A9e-%C3%A0-l-IMIP	200	text/html
20171009005115	http://touslesconcours.info/repository/Concours-dentr%C3%A9e-%C3%A0-l-IMIP/chimie-imip-2014.pdf/	200	text/html
20171009202046	http://touslesconcours.info/repository/Concours-dentr%C3%A9e-%C3%A0-l-IMIP/corrige-chimie-imip-2014.pdf/	200	text/html
20170516205445	http://touslesconcours.info:80/repository/Concours-dentr%C3%A9e-%C3%A0-l-IMIP/corrige-math-imip-2014.pdf	200	text/html
20171009194928	http://touslesconcours.info/repository/Concours-dentr%C3%A9e-%C3%A0-l-IMIP/corrige-phy-imip-2014.pdf/	200	text/html
20170516205452	http://touslesconcours.info:80/repository/Concours-dentr%C3%A9e-%C3%A0-l-IMIP/culture-generale-1-2014.pdf	200	text/html
20170516205457	http://touslesconcours.info:80/repository/Concours-dentr%C3%A9e-%C3%A0-l-IMIP/culture-generale-2014.pdf	200	text/html
20170517115051	http://www.touslesconcours.info:80/repository/Concours-dentr%C3%A9e-%C3%A0-l-IMIP/epreuve-de-droit-2014.pdf	200	text/html
20170516205632	http://touslesconcours.info:80/repository/Concours-dentr%C3%A9e-%C3%A0-l-IMIP/epreuve-de-geologie-1-2014.pdf	200	text/html
20170516205640	http://touslesconcours.info:80/repository/Concours-dentr%C3%A9e-%C3%A0-l-IMIP/math-imip-2014.pdf	200	text/html
20171124114842	http://touslesconcours.info/repository/Concours-dentr%C3%A9e-%C3%A0-l-IMIP/orderby,7/	200	text/html
20170208015512	http://www.touslesconcours.info:80/repository/Concours-dentr%C3%A9e-%C3%A0-lENS-de-Bambili-niveau-bac	200	text/html
20170524214623	http://touslesconcours.info:80/repository/Concours-dentr%C3%A9e-%C3%A0-lENS-de-Bambili-niveau-bac/chemestry-1-2008.pdf/	200	text/html
20170524204958	http://touslesconcours.info:80/repository/Concours-dentr%C3%A9e-%C3%A0-lENS-de-Bambili-niveau-bac/chemestry-1-2009.pdf/	200	text/html
20170524204736	http://touslesconcours.info:80/repository/Concours-dentr%C3%A9e-%C3%A0-lENS-de-Bambili-niveau-bac/chemestry-1-2010.pdf/	200	text/html
20170524212153	http://touslesconcours.info:80/repository/Concours-dentr%C3%A9e-%C3%A0-lENS-de-Bambili-niveau-bac/chemestry-1-2011.pdf/	200	text/html
20170524205003	http://touslesconcours.info:80/repository/Concours-dentr%C3%A9e-%C3%A0-lENS-de-Bambili-niveau-bac/chemestry-1-2014.pdf/	200	text/html
20170524212608	http://touslesconcours.info:80/repository/Concours-dentr%C3%A9e-%C3%A0-lENS-de-Bambili-niveau-bac/corrige-geology-2000.pdf/	200	text/html
20170524212614	http://touslesconcours.info:80/repository/Concours-dentr%C3%A9e-%C3%A0-lENS-de-Bambili-niveau-bac/corrige-geology-2001.pdf/	200	text/html
20170524204143	http://touslesconcours.info:80/repository/Concours-dentr%C3%A9e-%C3%A0-lENS-de-Bambili-niveau-bac/corrige-geology-2002.pdf/	200	text/html
20170524212158	http://touslesconcours.info:80/repository/Concours-dentr%C3%A9e-%C3%A0-lENS-de-Bambili-niveau-bac/corrige-geology-2003.pdf/	200	text/html
20170524204148	http://touslesconcours.info:80/repository/Concours-dentr%C3%A9e-%C3%A0-lENS-de-Bambili-niveau-bac/corrige-geology-2005.pdf/	200	text/html
20170524215427	http://touslesconcours.info:80/repository/Concours-dentr%C3%A9e-%C3%A0-lENS-de-Bambili-niveau-bac/orderby,1/	200	text/html
20170524204153	http://touslesconcours.info:80/repository/Concours-dentr%C3%A9e-%C3%A0-lENS-de-Bambili-niveau-bac/orderby,3/	200	text/html
20170524204743	http://touslesconcours.info:80/repository/Concours-dentr%C3%A9e-%C3%A0-lENS-de-Bambili-niveau-bac/orderby,4/	200	text/html
20170526032031	http://touslesconcours.info:80/repository/Concours-dentr%C3%A9e-%C3%A0-lENS-de-Bambili-niveau-bac/orderby,5/	200	text/html
20170524214628	http://touslesconcours.info:80/repository/Concours-dentr%C3%A9e-%C3%A0-lENS-de-Bambili-niveau-bac/orderby,6/	200	text/html
20170524212147	http://touslesconcours.info:80/repository/Concours-dentr%C3%A9e-%C3%A0-lENS-de-Bambili-niveau-bac/orderby,7/	200	text/html
20170702012349	http://touslesconcours.info/repository/Concours-dentr%C3%A9e-dans-les-%C3%A9coles-des-Infirmiers-Dipl%C3%B4m%C3%A9s-dEtat-(IDE)/	200	text/html
20170515035832	http://touslesconcours.info:80/repository/Concours-dentr%C3%A9e-dans-les-%C3%A9coles-des-Infirmiers-Dipl%C3%B4m%C3%A9s-dEtat-(IDE)/chimie-ide-2005.pdf/	200	text/html
20170517114914	http://touslesconcours.info:80/repository/Concours-dentr%C3%A9e-dans-les-%C3%A9coles-des-Infirmiers-Dipl%C3%B4m%C3%A9s-dEtat-(IDE)/chimie-ide-2006.pdf	200	text/html
20170517114318	http://touslesconcours.info:80/repository/Concours-dentr%C3%A9e-dans-les-%C3%A9coles-des-Infirmiers-Dipl%C3%B4m%C3%A9s-dEtat-(IDE)/chimie-ide-2007.pdf	200	text/html
20170517114918	http://touslesconcours.info:80/repository/Concours-dentr%C3%A9e-dans-les-%C3%A9coles-des-Infirmiers-Dipl%C3%B4m%C3%A9s-dEtat-(IDE)/chimie-ide-2008.pdf	200	text/html
20170515040522	http://touslesconcours.info:80/repository/Concours-dentr%C3%A9e-dans-les-%C3%A9coles-des-Infirmiers-Dipl%C3%B4m%C3%A9s-dEtat-(IDE)/chimie-ide-2009.pdf/	200	text/html
20170515035638	http://touslesconcours.info:80/repository/Concours-dentr%C3%A9e-dans-les-%C3%A9coles-des-Infirmiers-Dipl%C3%B4m%C3%A9s-dEtat-(IDE)/chimie-ide-2010.pdf/	200	text/html
20170517115534	http://touslesconcours.info:80/repository/Concours-dentr%C3%A9e-dans-les-%C3%A9coles-des-Infirmiers-Dipl%C3%B4m%C3%A9s-dEtat-(IDE)/chimie-ide-2011.pdf	200	text/html
20170515035837	http://touslesconcours.info:80/repository/Concours-dentr%C3%A9e-dans-les-%C3%A9coles-des-Infirmiers-Dipl%C3%B4m%C3%A9s-dEtat-(IDE)/chimie-ide-2012.pdf/	200	text/html
20170515045022	http://touslesconcours.info:80/repository/Concours-dentr%C3%A9e-dans-les-%C3%A9coles-des-Infirmiers-Dipl%C3%B4m%C3%A9s-dEtat-(IDE)/chimie-ide-2013.pdf/	200	text/html
20170515040527	http://touslesconcours.info:80/repository/Concours-dentr%C3%A9e-dans-les-%C3%A9coles-des-Infirmiers-Dipl%C3%B4m%C3%A9s-dEtat-(IDE)/chimie-ide-2014.pdf/	200	text/html
20170515040332	http://touslesconcours.info:80/repository/Concours-dentr%C3%A9e-dans-les-%C3%A9coles-des-Infirmiers-Dipl%C3%B4m%C3%A9s-dEtat-(IDE)/culture-generale-ide-2007.pdf/	200	text/html
20170515040040	http://touslesconcours.info:80/repository/Concours-dentr%C3%A9e-dans-les-%C3%A9coles-des-Infirmiers-Dipl%C3%B4m%C3%A9s-dEtat-(IDE)/culture-generale-ide-2008.pdf/	200	text/html
20170515040044	http://touslesconcours.info:80/repository/Concours-dentr%C3%A9e-dans-les-%C3%A9coles-des-Infirmiers-Dipl%C3%B4m%C3%A9s-dEtat-(IDE)/culture-generale-ide-2009.pdf/	200	text/html
20170515035643	http://touslesconcours.info:80/repository/Concours-dentr%C3%A9e-dans-les-%C3%A9coles-des-Infirmiers-Dipl%C3%B4m%C3%A9s-dEtat-(IDE)/culture-generale-ide-2010.pdf/	200	text/html
20170515040541	http://touslesconcours.info:80/repository/Concours-dentr%C3%A9e-dans-les-%C3%A9coles-des-Infirmiers-Dipl%C3%B4m%C3%A9s-dEtat-(IDE)/culture-generale-ide-2011.pdf/	200	text/html
20170515040338	http://touslesconcours.info:80/repository/Concours-dentr%C3%A9e-dans-les-%C3%A9coles-des-Infirmiers-Dipl%C3%B4m%C3%A9s-dEtat-(IDE)/culture-generale-ide-2012.pdf/	200	text/html
20170515035648	http://touslesconcours.info:80/repository/Concours-dentr%C3%A9e-dans-les-%C3%A9coles-des-Infirmiers-Dipl%C3%B4m%C3%A9s-dEtat-(IDE)/culture-generale-ide-2013.pdf/	200	text/html
20170515032730	http://touslesconcours.info:80/repository/Concours-dentr%C3%A9e-dans-les-%C3%A9coles-des-Infirmiers-Dipl%C3%B4m%C3%A9s-dEtat-(IDE)/culture-generale-ide-2014.pdf/	200	text/html
20170515035853	http://touslesconcours.info:80/repository/Concours-dentr%C3%A9e-dans-les-%C3%A9coles-des-Infirmiers-Dipl%C3%B4m%C3%A9s-dEtat-(IDE)/langue-ide-2005.pdf/	200	text/html
20170515032735	http://touslesconcours.info:80/repository/Concours-dentr%C3%A9e-dans-les-%C3%A9coles-des-Infirmiers-Dipl%C3%B4m%C3%A9s-dEtat-(IDE)/langue-ide-2007.pdf/	200	text/html
20170515040750	http://touslesconcours.info:80/repository/Concours-dentr%C3%A9e-dans-les-%C3%A9coles-des-Infirmiers-Dipl%C3%B4m%C3%A9s-dEtat-(IDE)/langue-ide-2008.pdf/	200	text/html
20170515040755	http://touslesconcours.info:80/repository/Concours-dentr%C3%A9e-dans-les-%C3%A9coles-des-Infirmiers-Dipl%C3%B4m%C3%A9s-dEtat-(IDE)/langue-ide-2009.pdf/	200	text/html
20170515032740	http://touslesconcours.info:80/repository/Concours-dentr%C3%A9e-dans-les-%C3%A9coles-des-Infirmiers-Dipl%C3%B4m%C3%A9s-dEtat-(IDE)/langue-ide-2010.pdf/	200	text/html
20170515040350	http://touslesconcours.info:80/repository/Concours-dentr%C3%A9e-dans-les-%C3%A9coles-des-Infirmiers-Dipl%C3%B4m%C3%A9s-dEtat-(IDE)/langue-ide-2011.pdf/	200	text/html
20170515045028	http://touslesconcours.info:80/repository/Concours-dentr%C3%A9e-dans-les-%C3%A9coles-des-Infirmiers-Dipl%C3%B4m%C3%A9s-dEtat-(IDE)/langue-ide-2012.pdf/	200	text/html
20170515040059	http://touslesconcours.info:80/repository/Concours-dentr%C3%A9e-dans-les-%C3%A9coles-des-Infirmiers-Dipl%C3%B4m%C3%A9s-dEtat-(IDE)/langue-ide-2013.pdf/	200	text/html
20170515035700	http://touslesconcours.info:80/repository/Concours-dentr%C3%A9e-dans-les-%C3%A9coles-des-Infirmiers-Dipl%C3%B4m%C3%A9s-dEtat-(IDE)/langue-ide-2014.pdf/	200	text/html
20170517113934	http://touslesconcours.info:80/repository/Concours-dentr%C3%A9e-dans-les-%C3%A9coles-des-Infirmiers-Dipl%C3%B4m%C3%A9s-dEtat-(IDE)/mathematiqus-ide-2005.pdf	200	text/html
20170515032756	http://touslesconcours.info:80/repository/Concours-dentr%C3%A9e-dans-les-%C3%A9coles-des-Infirmiers-Dipl%C3%B4m%C3%A9s-dEtat-(IDE)/mathematiqus-ide-2006.pdf/	200	text/html
20170515040800	http://touslesconcours.info:80/repository/Concours-dentr%C3%A9e-dans-les-%C3%A9coles-des-Infirmiers-Dipl%C3%B4m%C3%A9s-dEtat-(IDE)/mathematiqus-ide-2007.pdf/	200	text/html
20170515032335	http://touslesconcours.info:80/repository/Concours-dentr%C3%A9e-dans-les-%C3%A9coles-des-Infirmiers-Dipl%C3%B4m%C3%A9s-dEtat-(IDE)/mathematiqus-ide-2008.pdf/	200	text/html
20170517114334	http://touslesconcours.info:80/repository/Concours-dentr%C3%A9e-dans-les-%C3%A9coles-des-Infirmiers-Dipl%C3%B4m%C3%A9s-dEtat-(IDE)/mathematiqus-ide-2009.pdf	200	text/html
20170515040805	http://touslesconcours.info:80/repository/Concours-dentr%C3%A9e-dans-les-%C3%A9coles-des-Infirmiers-Dipl%C3%B4m%C3%A9s-dEtat-(IDE)/mathematiqus-ide-2010.pdf/	200	text/html
20170515040355	http://touslesconcours.info:80/repository/Concours-dentr%C3%A9e-dans-les-%C3%A9coles-des-Infirmiers-Dipl%C3%B4m%C3%A9s-dEtat-(IDE)/mathematiqus-ide-2011.pdf/	200	text/html
20170515040104	http://touslesconcours.info:80/repository/Concours-dentr%C3%A9e-dans-les-%C3%A9coles-des-Infirmiers-Dipl%C3%B4m%C3%A9s-dEtat-(IDE)/mathematiqus-ide-2012.pdf/	200	text/html
20170515045044	http://touslesconcours.info:80/repository/Concours-dentr%C3%A9e-dans-les-%C3%A9coles-des-Infirmiers-Dipl%C3%B4m%C3%A9s-dEtat-(IDE)/mathematiqus-ide-2013.pdf/	200	text/html
20170515052740	http://touslesconcours.info:80/repository/Concours-dentr%C3%A9e-dans-les-%C3%A9coles-des-Infirmiers-Dipl%C3%B4m%C3%A9s-dEtat-(IDE)/mathematiqus-ide-2014.pdf/	200	text/html
20171124102227	http://touslesconcours.info/repository/Concours-dentr%C3%A9e-dans-les-%C3%A9coles-des-Infirmiers-Dipl%C3%B4m%C3%A9s-dEtat-(IDE)/orderby,1/	200	text/html
20171124113142	http://touslesconcours.info/repository/Concours-dentr%C3%A9e-dans-les-%C3%A9coles-des-Infirmiers-Dipl%C3%B4m%C3%A9s-dEtat-(IDE)/orderby,5/	200	text/html
20170515032550	http://touslesconcours.info:80/repository/Concours-dentr%C3%A9e-dans-les-%C3%A9coles-des-Infirmiers-Dipl%C3%B4m%C3%A9s-dEtat-(IDE)/physique-ide-2005.pdf/	200	text/html
20170515035858	http://touslesconcours.info:80/repository/Concours-dentr%C3%A9e-dans-les-%C3%A9coles-des-Infirmiers-Dipl%C3%B4m%C3%A9s-dEtat-(IDE)/physique-ide-2006.pdf/	200	text/html
20170515045049	http://touslesconcours.info:80/repository/Concours-dentr%C3%A9e-dans-les-%C3%A9coles-des-Infirmiers-Dipl%C3%B4m%C3%A9s-dEtat-(IDE)/physique-ide-2007.pdf/	200	text/html
20170515052846	http://touslesconcours.info:80/repository/Concours-dentr%C3%A9e-dans-les-%C3%A9coles-des-Infirmiers-Dipl%C3%B4m%C3%A9s-dEtat-(IDE)/physique-ide-2008.pdf/	200	text/html
20170515040810	http://touslesconcours.info:80/repository/Concours-dentr%C3%A9e-dans-les-%C3%A9coles-des-Infirmiers-Dipl%C3%B4m%C3%A9s-dEtat-(IDE)/physique-ide-2009.pdf/	200	text/html
20170515032801	http://touslesconcours.info:80/repository/Concours-dentr%C3%A9e-dans-les-%C3%A9coles-des-Infirmiers-Dipl%C3%B4m%C3%A9s-dEtat-(IDE)/physique-ide-2010.pdf/	200	text/html
20170515052748	http://touslesconcours.info:80/repository/Concours-dentr%C3%A9e-dans-les-%C3%A9coles-des-Infirmiers-Dipl%C3%B4m%C3%A9s-dEtat-(IDE)/physique-ide-2011.pdf/	200	text/html
20170515052856	http://touslesconcours.info:80/repository/Concours-dentr%C3%A9e-dans-les-%C3%A9coles-des-Infirmiers-Dipl%C3%B4m%C3%A9s-dEtat-(IDE)/physique-ide-2012.pdf/	200	text/html
20170515045055	http://touslesconcours.info:80/repository/Concours-dentr%C3%A9e-dans-les-%C3%A9coles-des-Infirmiers-Dipl%C3%B4m%C3%A9s-dEtat-(IDE)/physique-ide-2013.pdf/	200	text/html
20170515040114	http://touslesconcours.info:80/repository/Concours-dentr%C3%A9e-dans-les-%C3%A9coles-des-Infirmiers-Dipl%C3%B4m%C3%A9s-dEtat-(IDE)/physique-ide-2014.pdf/	200	text/html
20170211050156	http://www.touslesconcours.info:80/repository/Concours-dentre-%C3%A0-lENSPT-cycle-ing%C3%A9nieur	200	text/html
20171007081618	http://touslesconcours.info/repository/Concours-dentre-%C3%A0-lENSPT-cycle-ing%C3%A9nieur/anglais-ingenieur-2005.pdf/	200	text/html
20171009224108	http://touslesconcours.info/repository/Concours-dentre-%C3%A0-lENSPT-cycle-ing%C3%A9nieur/anglais-ingenieur-2007.pdf/	200	text/html
20171006015611	http://touslesconcours.info/repository/Concours-dentre-%C3%A0-lENSPT-cycle-ing%C3%A9nieur/anglais-ingenieur-2008.pdf/	200	text/html
20171006045423	http://touslesconcours.info/repository/Concours-dentre-%C3%A0-lENSPT-cycle-ing%C3%A9nieur/anglais-ingenieur-2010.pdf/	200	text/html
20171007225823	http://touslesconcours.info/repository/Concours-dentre-%C3%A0-lENSPT-cycle-ing%C3%A9nieur/anglais-ingenieur-2013.pdf/	200	text/html
20171007184902	http://touslesconcours.info/repository/Concours-dentre-%C3%A0-lENSPT-cycle-ing%C3%A9nieur/mathematique-ingenieur-2007.pdf/	200	text/html
20171006042235	http://touslesconcours.info/repository/Concours-dentre-%C3%A0-lENSPT-cycle-ing%C3%A9nieur/mathematique-ingenieur-2008.pdf/	200	text/html
20171009173833	http://touslesconcours.info/repository/Concours-dentre-%C3%A0-lENSPT-cycle-ing%C3%A9nieur/mathematique-ingenieur-2009.pdf/	200	text/html
20171005213503	http://touslesconcours.info/repository/Concours-dentre-%C3%A0-lENSPT-cycle-ing%C3%A9nieur/mathematique-ingenieur-2010.pdf/	200	text/html
20171008070004	http://touslesconcours.info/repository/Concours-dentre-%C3%A0-lENSPT-cycle-ing%C3%A9nieur/mathematique-ingenieur-2011.pdf/	200	text/html
20171006054023	http://touslesconcours.info/repository/Concours-dentre-%C3%A0-lENSPT-cycle-ing%C3%A9nieur/mathematique-ingenieur-2012.pdf/	200	text/html
20170212232035	http://www.touslesconcours.info:80/repository/Concours-dentre-%C3%A0-lENSPT-cycle-ing%C3%A9nieur/orderby,1/	200	text/html
20170212161453	http://www.touslesconcours.info:80/repository/Concours-dentre-%C3%A0-lENSPT-cycle-ing%C3%A9nieur/orderby,3/	200	text/html
20170212231655	http://www.touslesconcours.info:80/repository/Concours-dentre-%C3%A0-lENSPT-cycle-ing%C3%A9nieur/orderby,4/	200	text/html
20170212160518	http://www.touslesconcours.info:80/repository/Concours-dentre-%C3%A0-lENSPT-cycle-ing%C3%A9nieur/orderby,5/	200	text/html
20170212160558	http://www.touslesconcours.info:80/repository/Concours-dentre-%C3%A0-lENSPT-cycle-ing%C3%A9nieur/orderby,6/	200	text/html
20170212160708	http://www.touslesconcours.info:80/repository/Concours-dentre-%C3%A0-lENSPT-cycle-ing%C3%A9nieur/orderby,7/	200	text/html
20171007081650	http://touslesconcours.info/repository/Concours-dentre-%C3%A0-lENSPT-cycle-ing%C3%A9nieur/physique-ingenieur-2007.pdf/	200	text/html
20171006192247	http://touslesconcours.info/repository/Concours-dentre-%C3%A0-lENSPT-cycle-ing%C3%A9nieur/physique-ingenieur-2008.pdf/	200	text/html
20171010005715	http://touslesconcours.info/repository/Concours-dentre-%C3%A0-lENSPT-cycle-ing%C3%A9nieur/physique-ingenieur-2009.pdf/	200	text/html
20171006085354	http://touslesconcours.info/repository/Concours-dentre-%C3%A0-lENSPT-cycle-ing%C3%A9nieur/physique-ingenieur-2010.pdf/	200	text/html
20171006045411	http://touslesconcours.info/repository/Concours-dentre-%C3%A0-lENSPT-cycle-ing%C3%A9nieur/physique-ingenieur-2011.pdf/	200	text/html
20171007232907	http://touslesconcours.info/repository/Concours-dentre-%C3%A0-lENSPT-cycle-ing%C3%A9nieur/physique-ingenieur-2012.pdf/	200	text/html
20171006044559	http://touslesconcours.info/repository/Concours-dentre-%C3%A0-lENSPT-cycle-ing%C3%A9nieur/physique-ingenieur-2013.pdf/	200	text/html
20150623104014	http://touslesconcours.info:80/repository/Concours-dentre-%C3%A0-lENSPT-cycle-inspecteur/	200	text/html
20171124182629	http://touslesconcours.info/repository/Concours-dentre-%C3%A0-lENSPT-cycle-inspecteur/anglais-inspecteur-2005.pdf/	200	text/html
20171007001046	http://touslesconcours.info/repository/Concours-dentre-%C3%A0-lENSPT-cycle-inspecteur/anglais-inspecteur-2006.pdf/	200	text/html
20171010005640	http://touslesconcours.info/repository/Concours-dentre-%C3%A0-lENSPT-cycle-inspecteur/anglais-inspecteur-2007.pdf/	200	text/html
20171009225704	http://touslesconcours.info/repository/Concours-dentre-%C3%A0-lENSPT-cycle-inspecteur/anglais-inspecteur-2008.pdf/	200	text/html
20171008180637	http://touslesconcours.info/repository/Concours-dentre-%C3%A0-lENSPT-cycle-inspecteur/anglais-inspecteur-2010.pdf/	200	text/html
20171006044731	http://touslesconcours.info/repository/Concours-dentre-%C3%A0-lENSPT-cycle-inspecteur/anglais-inspecteur-2011.pdf/	200	text/html
20171005204029	http://touslesconcours.info/repository/Concours-dentre-%C3%A0-lENSPT-cycle-inspecteur/anglais-inspecteur-2012.pdf/	200	text/html
20171009145154	http://touslesconcours.info/repository/Concours-dentre-%C3%A0-lENSPT-cycle-inspecteur/anglais-inspecteur-2013.pdf/	200	text/html
20171010150205	http://touslesconcours.info/repository/Concours-dentre-%C3%A0-lENSPT-cycle-inspecteur/corrige-mathematique-inspecteur-2007.pdf/	200	text/html
20171006204236	http://touslesconcours.info/repository/Concours-dentre-%C3%A0-lENSPT-cycle-inspecteur/corrige-mathematique-inspecteur-2009.pdf/	200	text/html
20171008092852	http://touslesconcours.info/repository/Concours-dentre-%C3%A0-lENSPT-cycle-inspecteur/corrige-mathematique-inspecteur-2010.pdf/	200	text/html
20171005204821	http://touslesconcours.info/repository/Concours-dentre-%C3%A0-lENSPT-cycle-inspecteur/corrige-mathematique-inspecteur-2011.pdf/	200	text/html
20171006162017	http://touslesconcours.info/repository/Concours-dentre-%C3%A0-lENSPT-cycle-inspecteur/culture-generale-inspecteur.pdf/	200	text/html
20171006044549	http://touslesconcours.info/repository/Concours-dentre-%C3%A0-lENSPT-cycle-inspecteur/mathematique-inspecteur-2007.pdf/	200	text/html
20171010005750	http://touslesconcours.info/repository/Concours-dentre-%C3%A0-lENSPT-cycle-inspecteur/mathematique-inspecteur-2011.pdf/	200	text/html
20171006061159	http://touslesconcours.info/repository/Concours-dentre-%C3%A0-lENSPT-cycle-inspecteur/mathematique-inspecteur-2012.pdf/	200	text/html
20171007081629	http://touslesconcours.info/repository/Concours-dentre-%C3%A0-lENSPT-cycle-inspecteur/mathematique-inspecteur-2013.pdf/	200	text/html
20171124180342	http://touslesconcours.info/repository/Concours-dentre-%C3%A0-lENSPT-cycle-inspecteur/orderby,3/	200	text/html
20171124185008	http://touslesconcours.info/repository/Concours-dentre-%C3%A0-lENSPT-cycle-inspecteur/orderby,5/	200	text/html
20171124192408	http://touslesconcours.info/repository/Concours-dentre-%C3%A0-lENSPT-cycle-inspecteur/orderby,7/	200	text/html
20170308015854	http://touslesconcours.info/repository/Concours-dentrer-%C3%A0-l-UBA-de-Nkongsamba/	200	text/html
20171006202637	http://www.touslesconcours.info/repository/Concours-dentrer-%C3%A0-l-UBA-de-Nkongsamba/anglais-sujets-1.pdf/	200	text/html
20171006180843	http://www.touslesconcours.info/repository/Concours-dentrer-%C3%A0-l-UBA-de-Nkongsamba/anglais-sujets-3.pdf/	200	text/html
20171006204216	http://www.touslesconcours.info/repository/Concours-dentrer-%C3%A0-l-UBA-de-Nkongsamba/anglais-sujets-4.pdf/	200	text/html
20171006180409	http://www.touslesconcours.info/repository/Concours-dentrer-%C3%A0-l-UBA-de-Nkongsamba/corrige-culture-generale-sujet-1.pdf/	200	text/html
20171124125902	http://touslesconcours.info/repository/Concours-dentrer-%C3%A0-l-UBA-de-Nkongsamba/corrige-culture-generale-sujet-2.pdf/	200	text/html
20171006202658	http://www.touslesconcours.info/repository/Concours-dentrer-%C3%A0-l-UBA-de-Nkongsamba/corrige-culture-generale-sujet-3.pdf/	200	text/html
20171006192720	http://www.touslesconcours.info/repository/Concours-dentrer-%C3%A0-l-UBA-de-Nkongsamba/corrige-francais-sujet-1.pdf/	200	text/html
20171006204725	http://www.touslesconcours.info/repository/Concours-dentrer-%C3%A0-l-UBA-de-Nkongsamba/corrige-mathematiques-sujets-1.pdf/	200	text/html
20171006205143	http://www.touslesconcours.info/repository/Concours-dentrer-%C3%A0-l-UBA-de-Nkongsamba/corrige-mathematiques-sujets-2.pdf/	200	text/html
20171006192328	http://www.touslesconcours.info/repository/Concours-dentrer-%C3%A0-l-UBA-de-Nkongsamba/corrige-mathematiques-sujets-3.pdf/	200	text/html
20171006171629	http://www.touslesconcours.info/repository/Concours-dentrer-%C3%A0-l-UBA-de-Nkongsamba/culture-generale-sujet-2.pdf/	200	text/html
20171006175805	http://www.touslesconcours.info/repository/Concours-dentrer-%C3%A0-l-UBA-de-Nkongsamba/francais-sujet-1.pdf/	200	text/html
20171006180832	http://www.touslesconcours.info/repository/Concours-dentrer-%C3%A0-l-UBA-de-Nkongsamba/francais-sujet-2.pdf/	200	text/html
20171006195944	http://www.touslesconcours.info/repository/Concours-dentrer-%C3%A0-l-UBA-de-Nkongsamba/mathematiques-sujet-2.pdf/	200	text/html
20171006172942	http://www.touslesconcours.info/repository/Concours-dentrer-%C3%A0-l-UBA-de-Nkongsamba/mathematiques-sujet-3.pdf/	200	text/html
20171124145242	http://touslesconcours.info/repository/Concours-dentrer-%C3%A0-l-UBA-de-Nkongsamba/orderby,1/	200	text/html
20170308171526	http://touslesconcours.info/repository/Concours-dentrer-%C3%A0-la-FGI/	200	text/html
20170308060656	http://touslesconcours.info/repository/Concours-dentrer-%C3%A0-la-FGI-niveau-bac/	200	text/html
20170329044716	http://www.touslesconcours.info:80/repository/Concours-dentrer-%C3%A0-la-FGI-niveau-bac/corrige-math-fgi-g-2009.pdf	200	text/html
20170329081938	http://www.touslesconcours.info:80/repository/Concours-dentrer-%C3%A0-la-FGI-niveau-bac/corrige-math-fgi-g-2010.pdf	200	text/html
20170329060126	http://www.touslesconcours.info:80/repository/Concours-dentrer-%C3%A0-la-FGI-niveau-bac/corrige-math-fgi-g-2011.pdf	200	text/html
20170329081944	http://www.touslesconcours.info:80/repository/Concours-dentrer-%C3%A0-la-FGI-niveau-bac/corrige-math-fgi-g-2012.pdf	200	text/html
20170329060131	http://www.touslesconcours.info:80/repository/Concours-dentrer-%C3%A0-la-FGI-niveau-bac/corrige-math-fgi-g-2013.pdf	200	text/html
20170329060136	http://www.touslesconcours.info:80/repository/Concours-dentrer-%C3%A0-la-FGI-niveau-bac/corrige-math-fgi-g-2014.pdf	200	text/html
20170518112818	http://touslesconcours.info:80/repository/Concours-dentrer-%C3%A0-la-FGI-niveau-bac/corrige-math-fgi-t-2009.pdf/	200	text/html
20170518111944	http://touslesconcours.info:80/repository/Concours-dentrer-%C3%A0-la-FGI-niveau-bac/corrige-math-fgi-t-2010.pdf/	200	text/html
20170518114020	http://touslesconcours.info:80/repository/Concours-dentrer-%C3%A0-la-FGI-niveau-bac/corrige-math-fgi-t-2011.pdf/	200	text/html
20170518112709	http://touslesconcours.info:80/repository/Concours-dentrer-%C3%A0-la-FGI-niveau-bac/corrige-math-fgi-t-2012.pdf/	200	text/html
20170518111226	http://touslesconcours.info:80/repository/Concours-dentrer-%C3%A0-la-FGI-niveau-bac/corrige-math-fgi-t-2013.pdf/	200	text/html
20170518112823	http://touslesconcours.info:80/repository/Concours-dentrer-%C3%A0-la-FGI-niveau-bac/corrige-math-fgi-t-2014.pdf/	200	text/html
20170329060142	http://www.touslesconcours.info:80/repository/Concours-dentrer-%C3%A0-la-FGI-niveau-bac/corrige-phy-fgi-g-2009.pdf	200	text/html
20170329060147	http://www.touslesconcours.info:80/repository/Concours-dentrer-%C3%A0-la-FGI-niveau-bac/corrige-phy-fgi-g-2010.pdf	200	text/html
20170329060151	http://www.touslesconcours.info:80/repository/Concours-dentrer-%C3%A0-la-FGI-niveau-bac/corrige-phy-fgi-g-2011.pdf	200	text/html
20170329060156	http://www.touslesconcours.info:80/repository/Concours-dentrer-%C3%A0-la-FGI-niveau-bac/corrige-phy-fgi-g-2012.pdf	200	text/html
20170329060201	http://www.touslesconcours.info:80/repository/Concours-dentrer-%C3%A0-la-FGI-niveau-bac/corrige-phy-fgi-g-2013.pdf	200	text/html
20170215113514	http://www.touslesconcours.info:80/repository/Concours-dentrer-%C3%A0-la-FGI-niveau-bac/corrige-phy-fgi-g-2014.pdf	200	text/html
20170518112405	http://touslesconcours.info:80/repository/Concours-dentrer-%C3%A0-la-FGI-niveau-bac/corrige-phy-fgi-t-2009.pdf/	200	text/html
20170518112235	http://touslesconcours.info:80/repository/Concours-dentrer-%C3%A0-la-FGI-niveau-bac/corrige-phy-fgi-t-2010.pdf/	200	text/html
20170518114257	http://touslesconcours.info:80/repository/Concours-dentrer-%C3%A0-la-FGI-niveau-bac/corrige-phy-fgi-t-2011.pdf/	200	text/html
20170518112240	http://touslesconcours.info:80/repository/Concours-dentrer-%C3%A0-la-FGI-niveau-bac/corrige-phy-fgi-t-2012.pdf/	200	text/html
20170518112838	http://touslesconcours.info:80/repository/Concours-dentrer-%C3%A0-la-FGI-niveau-bac/corrige-phy-fgi-t-2013.pdf/	200	text/html
20170518112245	http://touslesconcours.info:80/repository/Concours-dentrer-%C3%A0-la-FGI-niveau-bac/corrige-phy-fgi-t-2014.pdf/	200	text/html
20170329044721	http://www.touslesconcours.info:80/repository/Concours-dentrer-%C3%A0-la-FGI-niveau-bac/math-fgi-g-2009.pdf	200	text/html
20170518112719	http://touslesconcours.info:80/repository/Concours-dentrer-%C3%A0-la-FGI-niveau-bac/math-fgi-g-2010.pdf/	200	text/html
20170329060206	http://www.touslesconcours.info:80/repository/Concours-dentrer-%C3%A0-la-FGI-niveau-bac/math-fgi-g-2011.pdf	200	text/html
20170329060212	http://www.touslesconcours.info:80/repository/Concours-dentrer-%C3%A0-la-FGI-niveau-bac/math-fgi-g-2012.pdf	200	text/html
20170329060218	http://www.touslesconcours.info:80/repository/Concours-dentrer-%C3%A0-la-FGI-niveau-bac/math-fgi-g-2013.pdf	200	text/html
20170329060222	http://www.touslesconcours.info:80/repository/Concours-dentrer-%C3%A0-la-FGI-niveau-bac/math-fgi-g-2014.pdf	200	text/html
20170329044726	http://www.touslesconcours.info:80/repository/Concours-dentrer-%C3%A0-la-FGI-niveau-bac/math-fgi-t-2009.pdf	200	text/html
20170420031511	http://www.touslesconcours.info:80/repository/Concours-dentrer-%C3%A0-la-FGI-niveau-bac/math-fgi-t-2010.pdf/	200	text/html
20170518112250	http://touslesconcours.info:80/repository/Concours-dentrer-%C3%A0-la-FGI-niveau-bac/math-fgi-t-2011.pdf/	200	text/html
20170518111709	http://touslesconcours.info:80/repository/Concours-dentrer-%C3%A0-la-FGI-niveau-bac/math-fgi-t-2012.pdf/	200	text/html
20170518114302	http://touslesconcours.info:80/repository/Concours-dentrer-%C3%A0-la-FGI-niveau-bac/math-fgi-t-2013.pdf/	200	text/html
20170518113324	http://touslesconcours.info:80/repository/Concours-dentrer-%C3%A0-la-FGI-niveau-bac/math-fgi-t-2014.pdf/	200	text/html
20171124194927	http://touslesconcours.info/repository/Concours-dentrer-%C3%A0-la-FGI-niveau-bac/orderby,1/	200	text/html
20171124182543	http://touslesconcours.info/repository/Concours-dentrer-%C3%A0-la-FGI-niveau-bac/orderby,3/	200	text/html
20171124185031	http://touslesconcours.info/repository/Concours-dentrer-%C3%A0-la-FGI-niveau-bac/orderby,4/	200	text/html
20171124192332	http://touslesconcours.info/repository/Concours-dentrer-%C3%A0-la-FGI-niveau-bac/orderby,6/	200	text/html
20170329060227	http://www.touslesconcours.info:80/repository/Concours-dentrer-%C3%A0-la-FGI-niveau-bac/phy-fgi-g-2009.pdf	200	text/html
20170329081426	http://www.touslesconcours.info:80/repository/Concours-dentrer-%C3%A0-la-FGI-niveau-bac/phy-fgi-g-2010.pdf	200	text/html
20170329060232	http://www.touslesconcours.info:80/repository/Concours-dentrer-%C3%A0-la-FGI-niveau-bac/phy-fgi-g-2011.pdf	200	text/html
20170215113519	http://www.touslesconcours.info:80/repository/Concours-dentrer-%C3%A0-la-FGI-niveau-bac/phy-fgi-g-2012.pdf	200	text/html
20170329060237	http://www.touslesconcours.info:80/repository/Concours-dentrer-%C3%A0-la-FGI-niveau-bac/phy-fgi-g-2013.pdf	200	text/html
20170215113620	http://www.touslesconcours.info:80/repository/Concours-dentrer-%C3%A0-la-FGI-niveau-bac/phy-fgi-g-2014.pdf	200	text/html
20170518111719	http://touslesconcours.info:80/repository/Concours-dentrer-%C3%A0-la-FGI-niveau-bac/phy-fgi-t-2009.pdf/	200	text/html
20170518112724	http://touslesconcours.info:80/repository/Concours-dentrer-%C3%A0-la-FGI-niveau-bac/phy-fgi-t-2010.pdf/	200	text/html
20170518111241	http://touslesconcours.info:80/repository/Concours-dentrer-%C3%A0-la-FGI-niveau-bac/phy-fgi-t-2011.pdf/	200	text/html
20170518114031	http://touslesconcours.info:80/repository/Concours-dentrer-%C3%A0-la-FGI-niveau-bac/phy-fgi-t-2012.pdf/	200	text/html
20170518111200	http://touslesconcours.info:80/repository/Concours-dentrer-%C3%A0-la-FGI-niveau-bac/phy-fgi-t-2013.pdf/	200	text/html
20170518111438	http://touslesconcours.info:80/repository/Concours-dentrer-%C3%A0-la-FGI-niveau-bac/phy-fgi-t-2014.pdf/	200	text/html
20161116052707	http://www.touslesconcours.info:80/repository/Concours-dentrer-%C3%A0-la-FGI/corrige-fgi-math-2008.pdf/	200	text/html
20161116052544	http://www.touslesconcours.info:80/repository/Concours-dentrer-%C3%A0-la-FGI/corrige-fgi-math-2009.pdf/	200	text/html
20161116052712	http://www.touslesconcours.info:80/repository/Concours-dentrer-%C3%A0-la-FGI/corrige-fgi-math-2010.pdf/	200	text/html
20161116052717	http://www.touslesconcours.info:80/repository/Concours-dentrer-%C3%A0-la-FGI/corrige-fgi-math-2011.pdf/	200	text/html
20161116052549	http://www.touslesconcours.info:80/repository/Concours-dentrer-%C3%A0-la-FGI/corrige-fgi-math-2013.pdf/	200	text/html
20161116052723	http://www.touslesconcours.info:80/repository/Concours-dentrer-%C3%A0-la-FGI/corrige-fgi-math-2014.pdf/	200	text/html
20170517115209	http://www.touslesconcours.info:80/repository/Concours-dentrer-%C3%A0-la-FGI/corrige-fgi-physique-2008.pdf	200	text/html
20170517115900	http://www.touslesconcours.info:80/repository/Concours-dentrer-%C3%A0-la-FGI/corrige-fgi-physique-2009.pdf	200	text/html
20170518111246	http://touslesconcours.info:80/repository/Concours-dentrer-%C3%A0-la-FGI/corrige-fgi-physique-2010.pdf/	200	text/html
20170518112410	http://touslesconcours.info:80/repository/Concours-dentrer-%C3%A0-la-FGI/corrige-fgi-physique-2011.pdf/	200	text/html
20170518112848	http://touslesconcours.info:80/repository/Concours-dentrer-%C3%A0-la-FGI/corrige-fgi-physique-2012.pdf/	200	text/html
20170518112740	http://touslesconcours.info:80/repository/Concours-dentrer-%C3%A0-la-FGI/corrige-fgi-physique-2013.pdf/	200	text/html
20170518112300	http://touslesconcours.info:80/repository/Concours-dentrer-%C3%A0-la-FGI/corrige-fgi-technologie-2008.pdf/	200	text/html
20170518111443	http://touslesconcours.info:80/repository/Concours-dentrer-%C3%A0-la-FGI/corrige-fgi-technologie-2009.pdf/	200	text/html
20170518112306	http://touslesconcours.info:80/repository/Concours-dentrer-%C3%A0-la-FGI/corrige-fgi-technologie-2010.pdf/	200	text/html
20170518112853	http://touslesconcours.info:80/repository/Concours-dentrer-%C3%A0-la-FGI/corrige-fgi-technologie-2011.pdf/	200	text/html
20170518112010	http://touslesconcours.info:80/repository/Concours-dentrer-%C3%A0-la-FGI/corrige-fgi-technologie-2012.pdf/	200	text/html
20170518112858	http://touslesconcours.info:80/repository/Concours-dentrer-%C3%A0-la-FGI/corrige-fgi-technologie-2013.pdf/	200	text/html
20170518111251	http://touslesconcours.info:80/repository/Concours-dentrer-%C3%A0-la-FGI/corrige-fgi-technologie-2014.pdf/	200	text/html
20161116052555	http://www.touslesconcours.info:80/repository/Concours-dentrer-%C3%A0-la-FGI/orderby,1/	200	text/html
20161116052729	http://www.touslesconcours.info:80/repository/Concours-dentrer-%C3%A0-la-FGI/orderby,2/	200	text/html
20161116052600	http://www.touslesconcours.info:80/repository/Concours-dentrer-%C3%A0-la-FGI/orderby,3/	200	text/html
20161114024305	http://www.touslesconcours.info:80/repository/Concours-dentrer-%C3%A0-la-FGI/orderby,4	200	text/html
20161116052604	http://www.touslesconcours.info:80/repository/Concours-dentrer-%C3%A0-la-FGI/orderby,5/	200	text/html
20161116052609	http://www.touslesconcours.info:80/repository/Concours-dentrer-%C3%A0-la-FGI/orderby,6/	200	text/html
20161116052734	http://www.touslesconcours.info:80/repository/Concours-dentrer-%C3%A0-la-FGI/orderby,7/	200	text/html
20170518111449	http://touslesconcours.info:80/repository/Concours-dentrer-%C3%A0-la-FGI/sujets-fgi-licence-2008.pdf/	200	text/html
20170518113329	http://touslesconcours.info:80/repository/Concours-dentrer-%C3%A0-la-FGI/sujets-fgi-licence-2009.pdf/	200	text/html
20161116052614	http://www.touslesconcours.info:80/repository/Concours-dentrer-%C3%A0-la-FGI/sujets-fgi-licence-2010.pdf/	200	text/html
20161116052739	http://www.touslesconcours.info:80/repository/Concours-dentrer-%C3%A0-la-FGI/sujets-fgi-licence-2011.pdf/	200	text/html
20161116052619	http://www.touslesconcours.info:80/repository/Concours-dentrer-%C3%A0-la-FGI/sujets-fgi-licence-2012.pdf/	200	text/html
20161116052804	http://www.touslesconcours.info:80/repository/Concours-dentrer-%C3%A0-la-FGI/sujets-fgi-licence-2013.pdf/	200	text/html
20170518114536	http://touslesconcours.info:80/repository/Concours-dentrer-%C3%A0-la-FGI/sujets-fgi-licence-2014.pdf/	200	text/html
20170307061842	http://touslesconcours.info/repository/Concours-dentrer-%C3%A0-lESMV/	200	text/html
20160718011629	http://www.touslesconcours.info:80/repository/Concours-dentrer-%C3%A0-lESMV/esmv-2007.pdf/	200	text/html
20160718012025	http://www.touslesconcours.info:80/repository/Concours-dentrer-%C3%A0-lESMV/esmv-2008.pdf/	200	text/html
20160718011633	http://www.touslesconcours.info:80/repository/Concours-dentrer-%C3%A0-lESMV/esmv-2009.pdf/	200	text/html
20160718011304	http://www.touslesconcours.info:80/repository/Concours-dentrer-%C3%A0-lESMV/esmv-2010.pdf/	200	text/html
20171124185802	http://touslesconcours.info/repository/Concours-dentrer-%C3%A0-lESMV/orderby,1/	200	text/html
20171124175816	http://touslesconcours.info/repository/Concours-dentrer-%C3%A0-lESMV/orderby,4/	200	text/html
20171124183238	http://touslesconcours.info/repository/Concours-dentrer-%C3%A0-lESMV/orderby,5/	200	text/html
20170224160816	http://touslesconcours.info:80/repository/Concours-dentrer-%C3%A0-lESMV/orderby,6/	200	text/html
20171124194107	http://touslesconcours.info/repository/Concours-dentrer-%C3%A0-lESMV/orderby,7/	200	text/html
20161124135032	http://touslesconcours.info:80/repository/Concours-dentrer-%C3%A0-lESSEC-option-DEPA/	200	text/html
20170515150728	http://www.touslesconcours.info:80/repository/Concours-dentrer-%C3%A0-lESSEC-option-DEPA/analyse-evaluation-projet-2012.pdf/	200	text/html
20170515153935	http://www.touslesconcours.info:80/repository/Concours-dentrer-%C3%A0-lESSEC-option-DEPA/analyse-evaluation-projet-2013.pdf/	200	text/html
20170515150949	http://www.touslesconcours.info:80/repository/Concours-dentrer-%C3%A0-lESSEC-option-DEPA/analyse-evaluation-projet-2014.pdf/	200	text/html
20170110163155	http://touslesconcours.info:80/repository/Concours-dentrer-%C3%A0-lESSEC-option-DEPA/dissertation-economique-2009.pdf	200	text/html
20170515151409	http://www.touslesconcours.info:80/repository/Concours-dentrer-%C3%A0-lESSEC-option-DEPA/dissertation-economique-2010.pdf/	200	text/html
20170515150238	http://www.touslesconcours.info:80/repository/Concours-dentrer-%C3%A0-lESSEC-option-DEPA/dissertation-economique-2011.pdf/	200	text/html
20170518112420	http://www.touslesconcours.info:80/repository/Concours-dentrer-%C3%A0-lESSEC-option-DEPA/dissertation-economique-2012.pdf/	200	text/html
20170517114034	http://www.touslesconcours.info:80/repository/Concours-dentrer-%C3%A0-lESSEC-option-DEPA/dissertation-economique-2013.pdf	200	text/html
20170515153807	http://www.touslesconcours.info:80/repository/Concours-dentrer-%C3%A0-lESSEC-option-DEPA/dissertation-economique-2014.pdf/	200	text/html
20170515154053	http://www.touslesconcours.info:80/repository/Concours-dentrer-%C3%A0-lESSEC-option-DEPA/gestion-de-l-entrepreneuriat-2009.pdf/	200	text/html
20170518114108	http://www.touslesconcours.info:80/repository/Concours-dentrer-%C3%A0-lESSEC-option-DEPA/gestion-de-l-entrepreneuriat-2010.pdf/	200	text/html
20170518113921	http://www.touslesconcours.info:80/repository/Concours-dentrer-%C3%A0-lESSEC-option-DEPA/gestion-de-l-entrepreneuriat-2011.pdf/	200	text/html
20170517113821	http://www.touslesconcours.info:80/repository/Concours-dentrer-%C3%A0-lESSEC-option-DEPA/gestion-de-l-entrepreneuriat-2014.pdf	200	text/html
20170515154058	http://www.touslesconcours.info:80/repository/Concours-dentrer-%C3%A0-lESSEC-option-DEPA/gestion-de-la-communication-2013.pdf/	200	text/html
20170515150051	http://www.touslesconcours.info:80/repository/Concours-dentrer-%C3%A0-lESSEC-option-DEPA/gestion-de-la-communication-2014.pdf/	200	text/html
20170517113830	http://www.touslesconcours.info:80/repository/Concours-dentrer-%C3%A0-lESSEC-option-DEPA/gestion-de-la-politique-sociale-de-l-entreprise-2010.pdf	200	text/html
20170515153812	http://www.touslesconcours.info:80/repository/Concours-dentrer-%C3%A0-lESSEC-option-DEPA/gestion-de-la-politique-sociale-de-l-entreprise-2011.pdf/	200	text/html
20170517120327	http://www.touslesconcours.info:80/repository/Concours-dentrer-%C3%A0-lESSEC-option-DEPA/gestion-de-la-politique-sociale-de-l-entreprise-2012.pdf	200	text/html
20170517115840	http://www.touslesconcours.info:80/repository/Concours-dentrer-%C3%A0-lESSEC-option-DEPA/gestion-de-la-politique-sociale-de-l-entreprise-2013.pdf	200	text/html
20170515145657	http://www.touslesconcours.info:80/repository/Concours-dentrer-%C3%A0-lESSEC-option-DEPA/gestion-de-la-politique-sociale-de-l-entreprise.pdf/	200	text/html
20170515150730	http://www.touslesconcours.info:80/repository/Concours-dentrer-%C3%A0-lESSEC-option-DEPA/gestion-de-qualit%C3%A9-2009.pdf/	200	text/html
20170515154103	http://www.touslesconcours.info:80/repository/Concours-dentrer-%C3%A0-lESSEC-option-DEPA/gestion-de-qualit%C3%A9-2010.pdf/	200	text/html
20170518111508	http://www.touslesconcours.info:80/repository/Concours-dentrer-%C3%A0-lESSEC-option-DEPA/gestion-de-qualit%C3%A9-2012.pdf/	200	text/html
20170518111205	http://www.touslesconcours.info:80/repository/Concours-dentrer-%C3%A0-lESSEC-option-DEPA/gestion-de-qualit%C3%A9-2013.pdf/	200	text/html
20170515150244	http://www.touslesconcours.info:80/repository/Concours-dentrer-%C3%A0-lESSEC-option-DEPA/gestion-de-qualit%C3%A9-2014.pdf/	200	text/html
20170515153949	http://www.touslesconcours.info:80/repository/Concours-dentrer-%C3%A0-lESSEC-option-DEPA/vente-et-negociation-commerciale-2009.pdf/	200	text/html
20170422204525	http://touslesconcours.info:80/repository/Concours-dentrer-%C3%A0-lESSEC-option-DEPA/vente-et-negociation-commerciale-2010.pdf/	200	text/html
20170517115205	http://www.touslesconcours.info:80/repository/Concours-dentrer-%C3%A0-lESSEC-option-DEPA/vente-et-negociation-commerciale-2011.pdf	200	text/html
20170517114415	http://www.touslesconcours.info:80/repository/Concours-dentrer-%C3%A0-lESSEC-option-DEPA/vente-et-negociation-commerciale-2012.pdf	200	text/html
20170515150536	http://www.touslesconcours.info:80/repository/Concours-dentrer-%C3%A0-lESSEC-option-DEPA/vente-et-negociation-commerciale-2014.pdf/	200	text/html
20161124093622	http://touslesconcours.info:80/repository/Concours-dentrer-%C3%A0-lESSEC-option-DESC/	200	text/html
20170518112430	http://www.touslesconcours.info:80/repository/Concours-dentrer-%C3%A0-lESSEC-option-DESC/corrige-mathematiques-desc-2000.pdf/	200	text/html
20170518112311	http://www.touslesconcours.info:80/repository/Concours-dentrer-%C3%A0-lESSEC-option-DESC/corrige-mathematiques-desc-2001.pdf/	200	text/html
20170515150541	http://www.touslesconcours.info:80/repository/Concours-dentrer-%C3%A0-lESSEC-option-DESC/corrige-mathematiques-desc-2002.pdf/	200	text/html
20170515150955	http://www.touslesconcours.info:80/repository/Concours-dentrer-%C3%A0-lESSEC-option-DESC/corrige-mathematiques-desc-2003.pdf/	200	text/html
20170518113357	http://www.touslesconcours.info:80/repository/Concours-dentrer-%C3%A0-lESSEC-option-DESC/corrige-mathematiques-desc-2004.pdf/	200	text/html
20170518113137	http://www.touslesconcours.info:80/repository/Concours-dentrer-%C3%A0-lESSEC-option-DESC/corrige-mathematiques-desc-2005.pdf/	200	text/html
20170518113624	http://www.touslesconcours.info:80/repository/Concours-dentrer-%C3%A0-lESSEC-option-DESC/corrige-mathematiques-desc-2006.pdf/	200	text/html
20170518113934	http://www.touslesconcours.info:80/repository/Concours-dentrer-%C3%A0-lESSEC-option-DESC/corrige-mathematiques-desc-2007.pdf/	200	text/html
20170515151328	http://www.touslesconcours.info:80/repository/Concours-dentrer-%C3%A0-lESSEC-option-DESC/corrige-mathematiques-desc-2008.pdf/	200	text/html
20170515151000	http://www.touslesconcours.info:80/repository/Concours-dentrer-%C3%A0-lESSEC-option-DESC/corrige-mathematiques-desc-2009.pdf/	200	text/html
20170515150735	http://www.touslesconcours.info:80/repository/Concours-dentrer-%C3%A0-lESSEC-option-DESC/corrige-mathematiques-desc-2011.pdf/	200	text/html
20170518112436	http://www.touslesconcours.info:80/repository/Concours-dentrer-%C3%A0-lESSEC-option-DESC/corrige-mathematiques-desc-2012.pdf/	200	text/html
20170515145711	http://www.touslesconcours.info:80/repository/Concours-dentrer-%C3%A0-lESSEC-option-DESC/corrige-mathematiques-desc-2014.pdf/	200	text/html
20170515145548	http://www.touslesconcours.info:80/repository/Concours-dentrer-%C3%A0-lESSEC-option-DESC/corrige-mathematiques-financieres-desc-2000.pdf/	200	text/html
20170515150248	http://www.touslesconcours.info:80/repository/Concours-dentrer-%C3%A0-lESSEC-option-DESC/corrige-mathematiques-financieres-desc-2001.pdf/	200	text/html
20170515153513	http://www.touslesconcours.info:80/repository/Concours-dentrer-%C3%A0-lESSEC-option-DESC/corrige-mathematiques-financieres-desc-2002.pdf/	200	text/html
20170515153519	http://www.touslesconcours.info:80/repository/Concours-dentrer-%C3%A0-lESSEC-option-DESC/corrige-mathematiques-financieres-desc-2004.pdf/	200	text/html
20170515154001	http://www.touslesconcours.info:80/repository/Concours-dentrer-%C3%A0-lESSEC-option-DESC/corrige-mathematiques-financieres-desc-2005.pdf/	200	text/html
20170515154028	http://www.touslesconcours.info:80/repository/Concours-dentrer-%C3%A0-lESSEC-option-DESC/corrige-mathematiques-financieres-desc-2006.pdf/	200	text/html
20170515151334	http://www.touslesconcours.info:80/repository/Concours-dentrer-%C3%A0-lESSEC-option-DESC/corrige-mathematiques-financieres-desc-2010.pdf/	200	text/html
20170518112441	http://www.touslesconcours.info:80/repository/Concours-dentrer-%C3%A0-lESSEC-option-DESC/corrige-probabilites-desc-2000.pdf/	200	text/html
20170515150350	http://www.touslesconcours.info:80/repository/Concours-dentrer-%C3%A0-lESSEC-option-DESC/corrige-probabilites-desc-2001.pdf/	200	text/html
20170518111513	http://www.touslesconcours.info:80/repository/Concours-dentrer-%C3%A0-lESSEC-option-DESC/corrige-probabilites-desc-2002.pdf/	200	text/html
20170518113403	http://www.touslesconcours.info:80/repository/Concours-dentrer-%C3%A0-lESSEC-option-DESC/corrige-probabilites-desc-2003.pdf/	200	text/html
20170515150253	http://www.touslesconcours.info:80/repository/Concours-dentrer-%C3%A0-lESSEC-option-DESC/corrige-probabilites-desc-2004.pdf/	200	text/html
20170515151339	http://www.touslesconcours.info:80/repository/Concours-dentrer-%C3%A0-lESSEC-option-DESC/corrige-probabilites-desc-2005.pdf/	200	text/html
20170518113630	http://www.touslesconcours.info:80/repository/Concours-dentrer-%C3%A0-lESSEC-option-DESC/corrige-probabilites-desc-2006.pdf/	200	text/html
20170518111740	http://www.touslesconcours.info:80/repository/Concours-dentrer-%C3%A0-lESSEC-option-DESC/corrige-probabilites-desc-2008.pdf/	200	text/html
20170515153524	http://www.touslesconcours.info:80/repository/Concours-dentrer-%C3%A0-lESSEC-option-DESC/corrige-probabilites-desc-2010.pdf/	200	text/html
20170515145729	http://www.touslesconcours.info:80/repository/Concours-dentrer-%C3%A0-lESSEC-option-DESC/corrige-probabilites-desc-2012.pdf/	200	text/html
20170515151006	http://www.touslesconcours.info:80/repository/Concours-dentrer-%C3%A0-lESSEC-option-DESC/culture-generale-desc-2000.pdf/	200	text/html
20170518112919	http://www.touslesconcours.info:80/repository/Concours-dentrer-%C3%A0-lESSEC-option-DESC/culture-generale-desc-2001.pdf/	200	text/html
20170515151807	http://www.touslesconcours.info:80/repository/Concours-dentrer-%C3%A0-lESSEC-option-DESC/culture-generale-desc-2002.pdf/	200	text/html
20170515052901	http://www.touslesconcours.info:80/repository/Concours-dentrer-%C3%A0-lESSEC-option-DESC/culture-generale-desc-2003.pdf/	200	text/html
20170518111311	http://www.touslesconcours.info:80/repository/Concours-dentrer-%C3%A0-lESSEC-option-DESC/culture-generale-desc-2004.pdf/	200	text/html
20170515150546	http://www.touslesconcours.info:80/repository/Concours-dentrer-%C3%A0-lESSEC-option-DESC/culture-generale-desc-2005.pdf/	200	text/html
20170515150551	http://www.touslesconcours.info:80/repository/Concours-dentrer-%C3%A0-lESSEC-option-DESC/culture-generale-desc-2006.pdf/	200	text/html
20170518111529	http://www.touslesconcours.info:80/repository/Concours-dentrer-%C3%A0-lESSEC-option-DESC/culture-generale-desc-2007.pdf/	200	text/html
20170518113423	http://www.touslesconcours.info:80/repository/Concours-dentrer-%C3%A0-lESSEC-option-DESC/culture-generale-desc-2008.pdf/	200	text/html
20170515151344	http://www.touslesconcours.info:80/repository/Concours-dentrer-%C3%A0-lESSEC-option-DESC/culture-generale-desc-2009.pdf/	200	text/html
20170515040551	http://www.touslesconcours.info:80/repository/Concours-dentrer-%C3%A0-lESSEC-option-DESC/culture-generale-desc-2010.pdf/	200	text/html
20170518114344	http://www.touslesconcours.info:80/repository/Concours-dentrer-%C3%A0-lESSEC-option-DESC/culture-generale-desc-2012.pdf/	200	text/html
20170515150258	http://www.touslesconcours.info:80/repository/Concours-dentrer-%C3%A0-lESSEC-option-DESC/culture-generale-desc-2013.pdf/	200	text/html
20170518114132	http://www.touslesconcours.info:80/repository/Concours-dentrer-%C3%A0-lESSEC-option-DESC/culture-generale-desc-2014.pdf/	200	text/html
20170518112316	http://www.touslesconcours.info:80/repository/Concours-dentrer-%C3%A0-lESSEC-option-DESC/dissertation-economique-desc-2000.pdf/	200	text/html
20170518111210	http://www.touslesconcours.info:80/repository/Concours-dentrer-%C3%A0-lESSEC-option-DESC/dissertation-economique-desc-2001.pdf/	200	text/html
20170515153841	http://www.touslesconcours.info:80/repository/Concours-dentrer-%C3%A0-lESSEC-option-DESC/dissertation-economique-desc-2002.pdf/	200	text/html
20170515153536	http://www.touslesconcours.info:80/repository/Concours-dentrer-%C3%A0-lESSEC-option-DESC/dissertation-economique-desc-2003.pdf/	200	text/html
20170515150057	http://www.touslesconcours.info:80/repository/Concours-dentrer-%C3%A0-lESSEC-option-DESC/dissertation-economique-desc-2004.pdf/	200	text/html
20170515151349	http://www.touslesconcours.info:80/repository/Concours-dentrer-%C3%A0-lESSEC-option-DESC/dissertation-economique-desc-2005.pdf/	200	text/html
20170515052817	http://www.touslesconcours.info:80/repository/Concours-dentrer-%C3%A0-lESSEC-option-DESC/dissertation-economique-desc-2007.pdf/	200	text/html
20170515150355	http://www.touslesconcours.info:80/repository/Concours-dentrer-%C3%A0-lESSEC-option-DESC/dissertation-economique-desc-2008.pdf/	200	text/html
20170515145755	http://www.touslesconcours.info:80/repository/Concours-dentrer-%C3%A0-lESSEC-option-DESC/dissertation-economique-desc-2009.pdf/	200	text/html
20170515153413	http://www.touslesconcours.info:80/repository/Concours-dentrer-%C3%A0-lESSEC-option-DESC/dissertation-economique-desc-2010.pdf/	200	text/html
20170515150400	http://www.touslesconcours.info:80/repository/Concours-dentrer-%C3%A0-lESSEC-option-DESC/dissertation-economique-desc-2011.pdf/	200	text/html
20170515150405	http://www.touslesconcours.info:80/repository/Concours-dentrer-%C3%A0-lESSEC-option-DESC/dissertation-economique-desc-2012.pdf/	200	text/html
20170518112546	http://www.touslesconcours.info:80/repository/Concours-dentrer-%C3%A0-lESSEC-option-DESC/dissertation-economique-desc-2013.pdf/	200	text/html
20170515153543	http://www.touslesconcours.info:80/repository/Concours-dentrer-%C3%A0-lESSEC-option-DESC/dissertation-economique-desc-2014.pdf/	200	text/html
20170515151011	http://www.touslesconcours.info:80/repository/Concours-dentrer-%C3%A0-lESSEC-option-DESC/mathematiques-desc-2000.pdf/	200	text/html
20170515153441	http://www.touslesconcours.info:80/repository/Concours-dentrer-%C3%A0-lESSEC-option-DESC/mathematiques-desc-2001.pdf/	200	text/html
20170518112750	http://www.touslesconcours.info:80/repository/Concours-dentrer-%C3%A0-lESSEC-option-DESC/mathematiques-desc-2003.pdf/	200	text/html
20170515150556	http://www.touslesconcours.info:80/repository/Concours-dentrer-%C3%A0-lESSEC-option-DESC/mathematiques-desc-2005.pdf/	200	text/html
20170518112933	http://www.touslesconcours.info:80/repository/Concours-dentrer-%C3%A0-lESSEC-option-DESC/mathematiques-desc-2006.pdf/	200	text/html
20170515151414	http://www.touslesconcours.info:80/repository/Concours-dentrer-%C3%A0-lESSEC-option-DESC/mathematiques-desc-2007.pdf/	200	text/html
20170515145554	http://www.touslesconcours.info:80/repository/Concours-dentrer-%C3%A0-lESSEC-option-DESC/mathematiques-desc-2008.pdf/	200	text/html
20170518111316	http://www.touslesconcours.info:80/repository/Concours-dentrer-%C3%A0-lESSEC-option-DESC/mathematiques-desc-2009.pdf/	200	text/html
20170515151419	http://www.touslesconcours.info:80/repository/Concours-dentrer-%C3%A0-lESSEC-option-DESC/mathematiques-desc-2010.pdf/	200	text/html
20170515151016	http://www.touslesconcours.info:80/repository/Concours-dentrer-%C3%A0-lESSEC-option-DESC/mathematiques-desc-2012.pdf/	200	text/html
20170518113429	http://www.touslesconcours.info:80/repository/Concours-dentrer-%C3%A0-lESSEC-option-DESC/mathematiques-desc-2013.pdf/	200	text/html
20170515154108	http://www.touslesconcours.info:80/repository/Concours-dentrer-%C3%A0-lESSEC-option-DESC/mathematiques-desc-2014.pdf/	200	text/html
20170518111534	http://www.touslesconcours.info:80/repository/Concours-dentrer-%C3%A0-lESSEC-option-DESC/mathematiques-financieres-desc-2000.pdf/	200	text/html
20170515154113	http://www.touslesconcours.info:80/repository/Concours-dentrer-%C3%A0-lESSEC-option-DESC/mathematiques-financieres-desc-2001.pdf/	200	text/html
20170515150103	http://www.touslesconcours.info:80/repository/Concours-dentrer-%C3%A0-lESSEC-option-DESC/mathematiques-financieres-desc-2002.pdf/	200	text/html
20170518111542	http://www.touslesconcours.info:80/repository/Concours-dentrer-%C3%A0-lESSEC-option-DESC/mathematiques-financieres-desc-2003.pdf/	200	text/html
20170515150107	http://www.touslesconcours.info:80/repository/Concours-dentrer-%C3%A0-lESSEC-option-DESC/mathematiques-financieres-desc-2005.pdf/	200	text/html
20170515151020	http://www.touslesconcours.info:80/repository/Concours-dentrer-%C3%A0-lESSEC-option-DESC/mathematiques-financieres-desc-2010.pdf/	200	text/html
20170515154118	http://www.touslesconcours.info:80/repository/Concours-dentrer-%C3%A0-lESSEC-option-DESC/mathematiques-financieres-desc-2011.pdf/	200	text/html
20171124194310	http://touslesconcours.info/repository/Concours-dentrer-%C3%A0-lESSEC-option-DESC/orderby,1/	200	text/html
20171124183325	http://touslesconcours.info/repository/Concours-dentrer-%C3%A0-lESSEC-option-DESC/orderby,3/	200	text/html
20171124181818	http://touslesconcours.info/repository/Concours-dentrer-%C3%A0-lESSEC-option-DESC/orderby,5/	200	text/html
20171124193042	http://touslesconcours.info/repository/Concours-dentrer-%C3%A0-lESSEC-option-DESC/orderby,6/	200	text/html
20171124185828	http://touslesconcours.info/repository/Concours-dentrer-%C3%A0-lESSEC-option-DESC/orderby,7/	200	text/html
20170518111746	http://www.touslesconcours.info:80/repository/Concours-dentrer-%C3%A0-lESSEC-option-DESC/probabilites-desc-2000.pdf/	200	text/html
20170515145559	http://www.touslesconcours.info:80/repository/Concours-dentrer-%C3%A0-lESSEC-option-DESC/probabilites-desc-2001.pdf/	200	text/html
20170515151043	http://www.touslesconcours.info:80/repository/Concours-dentrer-%C3%A0-lESSEC-option-DESC/probabilites-desc-2002.pdf/	200	text/html
20170515150604	http://www.touslesconcours.info:80/repository/Concours-dentrer-%C3%A0-lESSEC-option-DESC/probabilites-desc-2003.pdf/	200	text/html
20170518111215	http://www.touslesconcours.info:80/repository/Concours-dentrer-%C3%A0-lESSEC-option-DESC/probabilites-desc-2004.pdf/	200	text/html
20170518113152	http://www.touslesconcours.info:80/repository/Concours-dentrer-%C3%A0-lESSEC-option-DESC/probabilites-desc-2005.pdf/	200	text/html
20170515151434	http://www.touslesconcours.info:80/repository/Concours-dentrer-%C3%A0-lESSEC-option-DESC/probabilites-desc-2006.pdf/	200	text/html
20170515151101	http://www.touslesconcours.info:80/repository/Concours-dentrer-%C3%A0-lESSEC-option-DESC/probabilites-desc-2007.pdf/	200	text/html
20170515153547	http://www.touslesconcours.info:80/repository/Concours-dentrer-%C3%A0-lESSEC-option-DESC/probabilites-desc-2008.pdf/	200	text/html
20170518113635	http://www.touslesconcours.info:80/repository/Concours-dentrer-%C3%A0-lESSEC-option-DESC/probabilites-desc-2009.pdf/	200	text/html
20170518111751	http://www.touslesconcours.info:80/repository/Concours-dentrer-%C3%A0-lESSEC-option-DESC/probabilites-desc-2010.pdf/	200	text/html
20170518113952	http://www.touslesconcours.info:80/repository/Concours-dentrer-%C3%A0-lESSEC-option-DESC/probabilites-desc-2012.pdf/	200	text/html
20170511220614	http://www.touslesconcours.info:80/repository/Concours-dentrer-%C3%A0-lESSEC-option-DESC/probabilites-desc-2013.pdf/	200	text/html
20170511223304	http://www.touslesconcours.info:80/repository/Concours-dentrer-%C3%A0-lESSEC-option-DESC/probabilites-desc-2014.pdf/	200	text/html
20161109165604	http://touslesconcours.info:80/repository/Concours-dentrer-%C3%A0-lIFORD	200	text/html
20160804181756	http://www.touslesconcours.info:80/repository/Concours-dentrer-%C3%A0-lIFORD/culture-generale-1-2014.pdf	200	text/html
20171011000738	http://touslesconcours.info/repository/Concours-dentrer-%C3%A0-lIFORD/culture-generale-2-2014.pdf/	200	text/html
20171015181419	http://touslesconcours.info/repository/Concours-dentrer-%C3%A0-lIFORD/culture-generale-2009.pdf/	200	text/html
20171008212946	http://touslesconcours.info/repository/Concours-dentrer-%C3%A0-lIFORD/culture-generale-2012.pdf/	200	text/html
20171009194848	http://touslesconcours.info/repository/Concours-dentrer-%C3%A0-lIFORD/culture-generale-2013.pdf/	200	text/html
20160803234356	http://www.touslesconcours.info:80/repository/Concours-dentrer-%C3%A0-lIFORD/iford-a-1-2014.pdf	200	text/html
20171009194856	http://touslesconcours.info/repository/Concours-dentrer-%C3%A0-lIFORD/iford-a-1997.pdf/	200	text/html
20171012213302	http://touslesconcours.info/repository/Concours-dentrer-%C3%A0-lIFORD/iford-a-1999.pdf/	200	text/html
20160804181824	http://www.touslesconcours.info:80/repository/Concours-dentrer-%C3%A0-lIFORD/iford-a-2-2014.pdf	200	text/html
20171012034452	http://touslesconcours.info/repository/Concours-dentrer-%C3%A0-lIFORD/iford-a-2001.pdf/	200	text/html
20161213104945	http://www.touslesconcours.info:80/repository/Concours-dentrer-%C3%A0-lIFORD/iford-a-2005.pdf	200	text/html
20171011065437	http://touslesconcours.info/repository/Concours-dentrer-%C3%A0-lIFORD/iford-a-2006.pdf/	200	text/html
20171009194900	http://touslesconcours.info/repository/Concours-dentrer-%C3%A0-lIFORD/iford-a-2007.pdf/	200	text/html
20161127041256	http://touslesconcours.info:80/repository/Concours-dentrer-%C3%A0-lIFORD/iford-a-2009.pdf/	200	text/html
20171011065427	http://touslesconcours.info/repository/Concours-dentrer-%C3%A0-lIFORD/iford-a-2011.pdf/	200	text/html
20171015181413	http://touslesconcours.info/repository/Concours-dentrer-%C3%A0-lIFORD/iford-a-2012.pdf/	200	text/html
20160804181836	http://www.touslesconcours.info:80/repository/Concours-dentrer-%C3%A0-lIFORD/iford-b-1-2014.pdf	200	text/html
20171012034457	http://touslesconcours.info/repository/Concours-dentrer-%C3%A0-lIFORD/iford-b-1997.pdf/	200	text/html
20170329060121	http://www.touslesconcours.info:80/repository/Concours-dentrer-%C3%A0-lIFORD/iford-b-2-2014.pdf	200	text/html
20171013182249	http://touslesconcours.info/repository/Concours-dentrer-%C3%A0-lIFORD/iford-b-2001.pdf/	200	text/html
20170215074030	http://www.touslesconcours.info:80/repository/Concours-dentrer-%C3%A0-lIFORD/iford-b-2003.pdf	200	text/html
20170215074035	http://www.touslesconcours.info:80/repository/Concours-dentrer-%C3%A0-lIFORD/iford-b-2006.pdf	200	text/html
20170215074040	http://www.touslesconcours.info:80/repository/Concours-dentrer-%C3%A0-lIFORD/iford-b-2007.pdf	200	text/html
20170215060745	http://www.touslesconcours.info:80/repository/Concours-dentrer-%C3%A0-lIFORD/iford-b-2008.pdf	200	text/html
20170215060750	http://www.touslesconcours.info:80/repository/Concours-dentrer-%C3%A0-lIFORD/iford-b-2009.pdf	200	text/html
20161213105124	http://www.touslesconcours.info:80/repository/Concours-dentrer-%C3%A0-lIFORD/iford-b-2010.pdf	200	text/html
20170215060755	http://www.touslesconcours.info:80/repository/Concours-dentrer-%C3%A0-lIFORD/iford-b-2011.pdf	200	text/html
20170215045741	http://www.touslesconcours.info:80/repository/Concours-dentrer-%C3%A0-lIFORD/iford-b-2012.pdf	200	text/html
20161120132012	http://touslesconcours.info:80/repository/Concours-dentrer-%C3%A0-lIFORD/iford-b-2013.pdf	200	text/html
20171124184920	http://touslesconcours.info/repository/Concours-dentrer-%C3%A0-lIFORD/orderby,5/	200	text/html
20171124192831	http://touslesconcours.info/repository/Concours-dentrer-%C3%A0-lIFORD/orderby,7/	200	text/html
20160911161525	http://www.touslesconcours.info:80/repository/Concours-dentrer-%C3%A0-lISS-de-Maroua-niveau-Bac/	200	text/html
20160728002451	http://touslesconcours.info:80/repository/Concours-dentrer-%C3%A0-lISS-de-Maroua-niveau-Bac/culture-generale-bac-2014.pdf/	200	text/html
20160223181230	http://www.touslesconcours.info:80/repository/Concours-dentrer-%C3%A0-lISS-de-Maroua-niveau-Bac/culture-generale-enef-2007.pdf/	200	text/html
20160223181235	http://www.touslesconcours.info:80/repository/Concours-dentrer-%C3%A0-lISS-de-Maroua-niveau-Bac/culture-generale-enef-2009.pdf/	200	text/html
20160728002043	http://touslesconcours.info:80/repository/Concours-dentrer-%C3%A0-lISS-de-Maroua-niveau-Bac/mathematiques-bac-2014.pdf/	200	text/html
20160728002456	http://touslesconcours.info:80/repository/Concours-dentrer-%C3%A0-lISS-de-Maroua-niveau-Bac/physique-bac-1-2014.pdf/	200	text/html
20160728002501	http://touslesconcours.info:80/repository/Concours-dentrer-%C3%A0-lISS-de-Maroua-niveau-Bac/physique-bac-2014.pdf/	200	text/html
20160728002047	http://touslesconcours.info:80/repository/Concours-dentrer-%C3%A0-lISS-de-Maroua-niveau-Bac/resistance-de-materiaux-2014.pdf/	200	text/html
20160728002052	http://www.touslesconcours.info:80/repository/Concours-dentrer-%C3%A0-lISS-de-Maroua-niveau-licence/	200	text/html
20160728002359	http://touslesconcours.info:80/repository/Concours-dentrer-%C3%A0-lISS-de-Maroua-niveau-licence/agro-alimentaire-licence-2014.pdf/	200	text/html
20160728002509	http://touslesconcours.info:80/repository/Concours-dentrer-%C3%A0-lISS-de-Maroua-niveau-licence/biologie-geologie-licence-2014.pdf/	200	text/html
20160728002404	http://touslesconcours.info:80/repository/Concours-dentrer-%C3%A0-lISS-de-Maroua-niveau-licence/culture-generale-energie-renouvelable-licence-2014.pdf/	200	text/html
20160728002514	http://touslesconcours.info:80/repository/Concours-dentrer-%C3%A0-lISS-de-Maroua-niveau-licence/culture-generale-infotel-licence-2014.pdf/	200	text/html
20160728002519	http://touslesconcours.info:80/repository/Concours-dentrer-%C3%A0-lISS-de-Maroua-niveau-licence/culture-generale-scienvi-licence-2014.pdf/	200	text/html
20160728002410	http://touslesconcours.info:80/repository/Concours-dentrer-%C3%A0-lISS-de-Maroua-niveau-licence/culture-generale-scisod-licence-2014.pdf/	200	text/html
20160728002524	http://touslesconcours.info:80/repository/Concours-dentrer-%C3%A0-lISS-de-Maroua-niveau-licence/demographie-licence-2014.pdf/	200	text/html
20160728002415	http://touslesconcours.info:80/repository/Concours-dentrer-%C3%A0-lISS-de-Maroua-niveau-licence/geographie-ecologie-licence-2014.pdf/	200	text/html
20160728002420	http://touslesconcours.info:80/repository/Concours-dentrer-%C3%A0-lISS-de-Maroua-niveau-licence/hydraulique-et-matrise-des-eaux-licence-2014.pdf/	200	text/html
20160728002529	http://touslesconcours.info:80/repository/Concours-dentrer-%C3%A0-lISS-de-Maroua-niveau-licence/information-licence-2014.pdf/	200	text/html
20160728002534	http://touslesconcours.info:80/repository/Concours-dentrer-%C3%A0-lISS-de-Maroua-niveau-licence/mathematiques-licence-2014.pdf/	200	text/html
20170420180631	http://www.touslesconcours.info:80/repository/Concours-dentrer-%C3%A0-lISS-de-Maroua-niveau-licence/orderby,1/	200	text/html
20170420174351	http://www.touslesconcours.info:80/repository/Concours-dentrer-%C3%A0-lISS-de-Maroua-niveau-licence/orderby,3/	200	text/html
20170421112301	http://www.touslesconcours.info:80/repository/Concours-dentrer-%C3%A0-lISS-de-Maroua-niveau-licence/orderby,4/	200	text/html
20170420174829	http://www.touslesconcours.info:80/repository/Concours-dentrer-%C3%A0-lISS-de-Maroua-niveau-licence/orderby,5/	200	text/html
20170420181100	http://www.touslesconcours.info:80/repository/Concours-dentrer-%C3%A0-lISS-de-Maroua-niveau-licence/orderby,6/	200	text/html
20170421112313	http://www.touslesconcours.info:80/repository/Concours-dentrer-%C3%A0-lISS-de-Maroua-niveau-licence/orderby,7/	200	text/html
20160728002539	http://touslesconcours.info:80/repository/Concours-dentrer-%C3%A0-lISS-de-Maroua-niveau-licence/physique-chimie-licence-2014.pdf/	200	text/html
20160728002544	http://touslesconcours.info:80/repository/Concours-dentrer-%C3%A0-lISS-de-Maroua-niveau-licence/productions-vegetales-licence-2014.pdf/	200	text/html
20160728002425	http://touslesconcours.info:80/repository/Concours-dentrer-%C3%A0-lISS-de-Maroua-niveau-licence/synthese-de-documents-licence-2014.pdf/	200	text/html
20170308055026	http://touslesconcours.info/repository/Concours-dentrer-%C3%A0-lIUT-de-Douala/	200	text/html
20150623102333	http://www.touslesconcours.info:80/repository/Concours-dentrer-%C3%A0-lIUT-de-Douala/IUT-COMMUN-1-2011.pdf/	200	text/html
20150623104032	http://www.touslesconcours.info:80/repository/Concours-dentrer-%C3%A0-lIUT-de-Douala/IUT-COMMUN-1-2012.pdf/	200	text/html
20150623102453	http://www.touslesconcours.info:80/repository/Concours-dentrer-%C3%A0-lIUT-de-Douala/IUT-COMMUN-2006.pdf/	200	text/html
20150623103113	http://www.touslesconcours.info:80/repository/Concours-dentrer-%C3%A0-lIUT-de-Douala/IUT-COMMUN-2007.pdf/	200	text/html
20150623102953	http://www.touslesconcours.info:80/repository/Concours-dentrer-%C3%A0-lIUT-de-Douala/IUT-COMMUN-2008.pdf/	200	text/html
20150623102458	http://www.touslesconcours.info:80/repository/Concours-dentrer-%C3%A0-lIUT-de-Douala/IUT-COMMUN-2009.pdf/	200	text/html
20150623102022	http://www.touslesconcours.info:80/repository/Concours-dentrer-%C3%A0-lIUT-de-Douala/IUT-COMMUN-2010.pdf/	200	text/html
20150623102957	http://www.touslesconcours.info:80/repository/Concours-dentrer-%C3%A0-lIUT-de-Douala/IUT-COMMUN-2011.pdf/	200	text/html
20150623102503	http://www.touslesconcours.info:80/repository/Concours-dentrer-%C3%A0-lIUT-de-Douala/IUT-COMMUN-2012.pdf/	200	text/html
20150623103006	http://www.touslesconcours.info:80/repository/Concours-dentrer-%C3%A0-lIUT-de-Douala/IUT-COMMUN-2013.pdf/	200	text/html
20150623102027	http://www.touslesconcours.info:80/repository/Concours-dentrer-%C3%A0-lIUT-de-Douala/IUT-PFTIN-1-2011.pdf/	200	text/html
20150623102217	http://www.touslesconcours.info:80/repository/Concours-dentrer-%C3%A0-lIUT-de-Douala/IUT-PFTIN-1-2012.pdf/	200	text/html
20150623102337	http://www.touslesconcours.info:80/repository/Concours-dentrer-%C3%A0-lIUT-de-Douala/IUT-PFTIN-1-2013.pdf/	200	text/html
20150623102524	http://www.touslesconcours.info:80/repository/Concours-dentrer-%C3%A0-lIUT-de-Douala/IUT-PFTIN-1-2014.pdf/	200	text/html
20150623103119	http://www.touslesconcours.info:80/repository/Concours-dentrer-%C3%A0-lIUT-de-Douala/IUT-PFTIN-2009.pdf/	200	text/html
20150623102032	http://www.touslesconcours.info:80/repository/Concours-dentrer-%C3%A0-lIUT-de-Douala/IUT-PFTIN-2010.pdf/	200	text/html
20150623103011	http://www.touslesconcours.info:80/repository/Concours-dentrer-%C3%A0-lIUT-de-Douala/IUT-PFTIN-2011.pdf/	200	text/html
20150623104129	http://www.touslesconcours.info:80/repository/Concours-dentrer-%C3%A0-lIUT-de-Douala/IUT-PFTIN-2012.pdf/	200	text/html
20150623104209	http://www.touslesconcours.info:80/repository/Concours-dentrer-%C3%A0-lIUT-de-Douala/IUT-PFTIN-2013.pdf/	200	text/html
20150623103840	http://www.touslesconcours.info:80/repository/Concours-dentrer-%C3%A0-lIUT-de-Douala/IUT-PFTIN-2014.pdf/	200	text/html
20150623103850	http://www.touslesconcours.info:80/repository/Concours-dentrer-%C3%A0-lIUT-de-Douala/IUT-PFTT-1-2006.pdf/	200	text/html
20150623102037	http://www.touslesconcours.info:80/repository/Concours-dentrer-%C3%A0-lIUT-de-Douala/IUT-PFTT-1-2011.pdf/	200	text/html
20150623103014	http://www.touslesconcours.info:80/repository/Concours-dentrer-%C3%A0-lIUT-de-Douala/IUT-PFTT-1-2012.pdf/	200	text/html
20150623103052	http://www.touslesconcours.info:80/repository/Concours-dentrer-%C3%A0-lIUT-de-Douala/IUT-PFTT-1-2013.pdf/	200	text/html
20150623102839	http://www.touslesconcours.info:80/repository/Concours-dentrer-%C3%A0-lIUT-de-Douala/IUT-PFTT-2006.pdf/	200	text/html
20150623102343	http://www.touslesconcours.info:80/repository/Concours-dentrer-%C3%A0-lIUT-de-Douala/IUT-PFTT-2007.pdf/	200	text/html
20150623102405	http://www.touslesconcours.info:80/repository/Concours-dentrer-%C3%A0-lIUT-de-Douala/IUT-PFTT-2008.pdf/	200	text/html
20150623104214	http://www.touslesconcours.info:80/repository/Concours-dentrer-%C3%A0-lIUT-de-Douala/IUT-PFTT-2010.pdf/	200	text/html
20150623104219	http://www.touslesconcours.info:80/repository/Concours-dentrer-%C3%A0-lIUT-de-Douala/IUT-PFTT-2011.pdf/	200	text/html
20150623104239	http://www.touslesconcours.info:80/repository/Concours-dentrer-%C3%A0-lIUT-de-Douala/IUT-PFTT-2012.pdf/	200	text/html
20150623103922	http://www.touslesconcours.info:80/repository/Concours-dentrer-%C3%A0-lIUT-de-Douala/IUT-PFTT-2013.pdf/	200	text/html
20150623102129	http://www.touslesconcours.info:80/repository/Concours-dentrer-%C3%A0-lIUT-de-Douala/IUT-PFTT-2014.pdf/	200	text/html
20160223172559	http://www.touslesconcours.info:80/repository/Concours-des-eaux-et-forets/	200	text/html
20160223181240	http://www.touslesconcours.info:80/repository/Concours-des-eaux-et-forets/anglais-enef-2007.pdf/	200	text/html
20160223181245	http://www.touslesconcours.info:80/repository/Concours-des-eaux-et-forets/anglais-enef-2008.pdf/	200	text/html
20160223181250	http://www.touslesconcours.info:80/repository/Concours-des-eaux-et-forets/anglais-enef-2009.pdf/	200	text/html
20160223181255	http://www.touslesconcours.info:80/repository/Concours-des-eaux-et-forets/anglais-enef-2012.pdf/	200	text/html
20160223181300	http://www.touslesconcours.info:80/repository/Concours-des-eaux-et-forets/anglais-enef-2013.pdf/	200	text/html
20160223181305	http://www.touslesconcours.info:80/repository/Concours-des-eaux-et-forets/culture-generale-enef-2003.pdf/	200	text/html
20171124192723	http://touslesconcours.info/repository/Concours-des-eaux-et-forets/culture-generale-enef-2007.pdf/	200	text/html
20160223181310	http://www.touslesconcours.info:80/repository/Concours-des-eaux-et-forets/culture-generale-enef-2011.pdf/	200	text/html
20160223181315	http://www.touslesconcours.info:80/repository/Concours-des-eaux-et-forets/culture-generale-enef-2012.pdf/	200	text/html
20160223181320	http://www.touslesconcours.info:80/repository/Concours-des-eaux-et-forets/culture-generale-enef-2013.pdf/	200	text/html
20160223181325	http://www.touslesconcours.info:80/repository/Concours-des-eaux-et-forets/francais-enef-2007.pdf/	200	text/html
20160223181330	http://www.touslesconcours.info:80/repository/Concours-des-eaux-et-forets/mathematiques-enef-2003.pdf/	200	text/html
20160223181335	http://www.touslesconcours.info:80/repository/Concours-des-eaux-et-forets/mathematiques-enef-2004.pdf/	200	text/html
20160223181340	http://www.touslesconcours.info:80/repository/Concours-des-eaux-et-forets/mathematiques-enef-2005.pdf/	200	text/html
20160223181346	http://www.touslesconcours.info:80/repository/Concours-des-eaux-et-forets/mathematiques-enef-2006.pdf/	200	text/html
20160223181350	http://www.touslesconcours.info:80/repository/Concours-des-eaux-et-forets/mathematiques-enef-2007.pdf/	200	text/html
20160223181355	http://www.touslesconcours.info:80/repository/Concours-des-eaux-et-forets/mathematiques-enef-2008-1.pdf/	200	text/html
20160223181400	http://www.touslesconcours.info:80/repository/Concours-des-eaux-et-forets/mathematiques-enef-2008.pdf/	200	text/html
20160223181405	http://www.touslesconcours.info:80/repository/Concours-des-eaux-et-forets/mathematiques-enef-2009.pdf/	200	text/html
20160223181410	http://www.touslesconcours.info:80/repository/Concours-des-eaux-et-forets/mathematiques-enef-2010.pdf/	200	text/html
20160223181415	http://www.touslesconcours.info:80/repository/Concours-des-eaux-et-forets/mathematiques-enef-2012.pdf/	200	text/html
20160223181420	http://www.touslesconcours.info:80/repository/Concours-des-eaux-et-forets/mathematiques-enef-2013.pdf/	200	text/html
20171124182450	http://touslesconcours.info/repository/Concours-des-eaux-et-forets/orderby,1/	200	text/html
20171124192556	http://touslesconcours.info/repository/Concours-des-eaux-et-forets/orderby,4/	200	text/html
20171124190448	http://touslesconcours.info/repository/Concours-des-eaux-et-forets/orderby,5/	200	text/html
20171124180615	http://touslesconcours.info/repository/Concours-des-eaux-et-forets/orderby,7/	200	text/html
20160223181425	http://www.touslesconcours.info:80/repository/Concours-des-eaux-et-forets/physique-chimie-enef-2007.pdf/	200	text/html
20160223181430	http://www.touslesconcours.info:80/repository/Concours-des-eaux-et-forets/physique-chimie-enef-2008.pdf/	200	text/html
20160223181435	http://www.touslesconcours.info:80/repository/Concours-des-eaux-et-forets/physique-chimie-enef-2012.pdf/	200	text/html
20160223181440	http://www.touslesconcours.info:80/repository/Concours-des-eaux-et-forets/physique-chimie-enef-2013.pdf/	200	text/html
20160223181446	http://www.touslesconcours.info:80/repository/Concours-des-eaux-et-forets/sciences-naturelles-enef-2002.pdf/	200	text/html
20160223181450	http://www.touslesconcours.info:80/repository/Concours-des-eaux-et-forets/sciences-naturelles-enef-2003.pdf/	200	text/html
20160223181455	http://www.touslesconcours.info:80/repository/Concours-des-eaux-et-forets/sciences-naturelles-enef-2008-1.pdf/	200	text/html
20160223181500	http://www.touslesconcours.info:80/repository/Concours-des-eaux-et-forets/sciences-naturelles-enef-2008.pdf/	200	text/html
20160223181506	http://www.touslesconcours.info:80/repository/Concours-des-eaux-et-forets/sciences-naturelles-enef-2009.pdf/	200	text/html
20160223181510	http://www.touslesconcours.info:80/repository/Concours-des-eaux-et-forets/sciences-naturelles-enef-2011.pdf/	200	text/html
20160223181519	http://www.touslesconcours.info:80/repository/Concours-des-eaux-et-forets/sciences-naturelles-enef-2012.pdf/	200	text/html
20160223181538	http://www.touslesconcours.info:80/repository/Concours-des-eaux-et-forets/sciences-naturelles-enef-2013.pdf/	200	text/html
20170421015322	http://www.touslesconcours.info:80/repository/Concours-EAMAC-(ASECNA)-niveau-bac-cycle-technicien-et-technicien-sup%C3%A9rieur	200	text/html
20170423204822	http://www.touslesconcours.info:80/repository/Concours-EAMAC-(ASECNA)-niveau-bac-cycle-technicien-et-technicien-sup%C3%A9rieur/eamac-ing-math-2014.pdf/	200	text/html
20170329044510	http://www.touslesconcours.info:80/repository/Concours-EAMAC-(ASECNA)-niveau-bac-cycle-technicien-et-technicien-sup%C3%A9rieur/eamac-tech-2000.pdf	200	text/html
20170422210422	http://www.touslesconcours.info:80/repository/Concours-EAMAC-(ASECNA)-niveau-bac-cycle-technicien-et-technicien-sup%C3%A9rieur/eamac-tech-2002.pdf/	200	text/html
20170422204728	http://www.touslesconcours.info:80/repository/Concours-EAMAC-(ASECNA)-niveau-bac-cycle-technicien-et-technicien-sup%C3%A9rieur/eamac-tech-2003.pdf/	200	text/html
20170422204537	http://www.touslesconcours.info:80/repository/Concours-EAMAC-(ASECNA)-niveau-bac-cycle-technicien-et-technicien-sup%C3%A9rieur/eamac-tech-2006.pdf/	200	text/html
20170422204326	http://www.touslesconcours.info:80/repository/Concours-EAMAC-(ASECNA)-niveau-bac-cycle-technicien-et-technicien-sup%C3%A9rieur/eamac-tech-96-98.pdf/	200	text/html
20170422205203	http://www.touslesconcours.info:80/repository/Concours-EAMAC-(ASECNA)-niveau-bac-cycle-technicien-et-technicien-sup%C3%A9rieur/eamac-tech-anglais-2007.pdf/	200	text/html
20170422204025	http://www.touslesconcours.info:80/repository/Concours-EAMAC-(ASECNA)-niveau-bac-cycle-technicien-et-technicien-sup%C3%A9rieur/eamac-tech-anglais-2009.pdf/	200	text/html
20170422204542	http://www.touslesconcours.info:80/repository/Concours-EAMAC-(ASECNA)-niveau-bac-cycle-technicien-et-technicien-sup%C3%A9rieur/eamac-tech-anglais-2010.pdf/	200	text/html
20170329044515	http://www.touslesconcours.info:80/repository/Concours-EAMAC-(ASECNA)-niveau-bac-cycle-technicien-et-technicien-sup%C3%A9rieur/eamac-tech-anglais-2015.pdf	200	text/html
20170423204827	http://www.touslesconcours.info:80/repository/Concours-EAMAC-(ASECNA)-niveau-bac-cycle-technicien-et-technicien-sup%C3%A9rieur/eamac-tech-francais-2007.pdf/	200	text/html
20170423203501	http://www.touslesconcours.info:80/repository/Concours-EAMAC-(ASECNA)-niveau-bac-cycle-technicien-et-technicien-sup%C3%A9rieur/eamac-tech-francais-2009.pdf/	200	text/html
20171008032632	http://touslesconcours.info/repository/Concours-EAMAC-%28ASECNA%29-niveau-bac-cycle-technicien-et-technicien-sup%C3%A9rieur/eamac-tech-francais-2010.pdf/	200	text/html
20170423195154	http://www.touslesconcours.info:80/repository/Concours-EAMAC-(ASECNA)-niveau-bac-cycle-technicien-et-technicien-sup%C3%A9rieur/eamac-tech-francais-2015.pdf/	200	text/html
20170318085222	http://www.touslesconcours.info:80/repository/Concours-EAMAC-(ASECNA)-niveau-bac-cycle-technicien-et-technicien-sup%C3%A9rieur/eamac-tech-math-2008.pdf/	200	text/html
20170601153423	http://www.touslesconcours.info:80/repository/Concours-EAMAC-(ASECNA)-niveau-bac-cycle-technicien-et-technicien-sup%C3%A9rieur/eamac-tech-math-2009.pdf/	200	text/html
20170423204841	http://www.touslesconcours.info:80/repository/Concours-EAMAC-(ASECNA)-niveau-bac-cycle-technicien-et-technicien-sup%C3%A9rieur/eamac-tech-math-2010.pdf/	200	text/html
20170423203506	http://www.touslesconcours.info:80/repository/Concours-EAMAC-(ASECNA)-niveau-bac-cycle-technicien-et-technicien-sup%C3%A9rieur/eamac-tech-math-2011.pdf/	200	text/html
20170423201642	http://www.touslesconcours.info:80/repository/Concours-EAMAC-(ASECNA)-niveau-bac-cycle-technicien-et-technicien-sup%C3%A9rieur/eamac-tech-math-2012.pdf/	200	text/html
20170423201947	http://www.touslesconcours.info:80/repository/Concours-EAMAC-(ASECNA)-niveau-bac-cycle-technicien-et-technicien-sup%C3%A9rieur/eamac-tech-math-2013.pdf/	200	text/html
20170425095204	http://www.touslesconcours.info:80/repository/Concours-EAMAC-(ASECNA)-niveau-bac-cycle-technicien-et-technicien-sup%C3%A9rieur/eamac-tech-math-2014.pdf/	200	text/html
20170423195159	http://www.touslesconcours.info:80/repository/Concours-EAMAC-(ASECNA)-niveau-bac-cycle-technicien-et-technicien-sup%C3%A9rieur/eamac-tech-math-2015.pdf/	200	text/html
20170423200951	http://www.touslesconcours.info:80/repository/Concours-EAMAC-(ASECNA)-niveau-bac-cycle-technicien-et-technicien-sup%C3%A9rieur/eamac-tech-math-cameroun-2013.pdf/	200	text/html
20170423202406	http://www.touslesconcours.info:80/repository/Concours-EAMAC-(ASECNA)-niveau-bac-cycle-technicien-et-technicien-sup%C3%A9rieur/eamac-tech-physique-2007.pdf/	200	text/html
20170423203511	http://www.touslesconcours.info:80/repository/Concours-EAMAC-(ASECNA)-niveau-bac-cycle-technicien-et-technicien-sup%C3%A9rieur/eamac-tech-physique-2008.pdf/	200	text/html
20170423203231	http://www.touslesconcours.info:80/repository/Concours-EAMAC-(ASECNA)-niveau-bac-cycle-technicien-et-technicien-sup%C3%A9rieur/eamac-tech-physique-2009.pdf/	200	text/html
20170517114252	http://touslesconcours.info:80/repository/Concours-EAMAC-(ASECNA)-niveau-bac-cycle-technicien-et-technicien-sup%C3%A9rieur/eamac-tech-physique-2011.pdf	200	text/html
20170423203650	http://www.touslesconcours.info:80/repository/Concours-EAMAC-(ASECNA)-niveau-bac-cycle-technicien-et-technicien-sup%C3%A9rieur/eamac-tech-physique-2013.pdf/	200	text/html
20170423210654	http://www.touslesconcours.info:80/repository/Concours-EAMAC-(ASECNA)-niveau-bac-cycle-technicien-et-technicien-sup%C3%A9rieur/eamac-tech-physique-2015.pdf/	200	text/html
20170423203236	http://www.touslesconcours.info:80/repository/Concours-EAMAC-(ASECNA)-niveau-bac-cycle-technicien-et-technicien-sup%C3%A9rieur/eamac-tech-physique-cameroun-2013.pdf/	200	text/html
20170423201952	http://www.touslesconcours.info:80/repository/Concours-EAMAC-(ASECNA)-niveau-bac-cycle-technicien-et-technicien-sup%C3%A9rieur/eamac-tech-physique-mai-2012.pdf/	200	text/html
20170423201647	http://www.touslesconcours.info:80/repository/Concours-EAMAC-(ASECNA)-niveau-bac-cycle-technicien-et-technicien-sup%C3%A9rieur/eamac-tech-physique-octobre-2012.pdf/	200	text/html
20170423203516	http://www.touslesconcours.info:80/repository/Concours-EAMAC-(ASECNA)-niveau-bac-cycle-technicien-et-technicien-sup%C3%A9rieur/orderby,1/	200	text/html
20170423203241	http://www.touslesconcours.info:80/repository/Concours-EAMAC-(ASECNA)-niveau-bac-cycle-technicien-et-technicien-sup%C3%A9rieur/orderby,3/	200	text/html
20170423203103	http://www.touslesconcours.info:80/repository/Concours-EAMAC-(ASECNA)-niveau-bac-cycle-technicien-et-technicien-sup%C3%A9rieur/orderby,4/	200	text/html
20170423203521	http://www.touslesconcours.info:80/repository/Concours-EAMAC-(ASECNA)-niveau-bac-cycle-technicien-et-technicien-sup%C3%A9rieur/orderby,5/	200	text/html
20170423201958	http://www.touslesconcours.info:80/repository/Concours-EAMAC-(ASECNA)-niveau-bac-cycle-technicien-et-technicien-sup%C3%A9rieur/orderby,6/	200	text/html
20170423201652	http://www.touslesconcours.info:80/repository/Concours-EAMAC-(ASECNA)-niveau-bac-cycle-technicien-et-technicien-sup%C3%A9rieur/orderby,7/	200	text/html
20170421015327	http://www.touslesconcours.info:80/repository/Concours-EAMAC-(ASECNA)-niveau-deug-cycles-controleur-et-ing%C3%A9nieur	200	text/html
20170426235930	http://www.touslesconcours.info:80/repository/Concours-EAMAC-(ASECNA)-niveau-deug-cycles-controleur-et-ing%C3%A9nieur/eamac-cca-math-2012.pdf/	200	text/html
20170422204733	http://www.touslesconcours.info:80/repository/Concours-EAMAC-(ASECNA)-niveau-deug-cycles-controleur-et-ing%C3%A9nieur/eamac-cca-math-2013.pdf/	200	text/html
20170422204609	http://www.touslesconcours.info:80/repository/Concours-EAMAC-(ASECNA)-niveau-deug-cycles-controleur-et-ing%C3%A9nieur/eamac-cca-math-2014.pdf/	200	text/html
20170422205441	http://www.touslesconcours.info:80/repository/Concours-EAMAC-(ASECNA)-niveau-deug-cycles-controleur-et-ing%C3%A9nieur/eamac-cca-math-cameroun-2013.pdf/	200	text/html
20170422204351	http://www.touslesconcours.info:80/repository/Concours-EAMAC-(ASECNA)-niveau-deug-cycles-controleur-et-ing%C3%A9nieur/eamac-cca-physique-2013.pdf/	200	text/html
20170329060010	http://www.touslesconcours.info:80/repository/Concours-EAMAC-(ASECNA)-niveau-deug-cycles-controleur-et-ing%C3%A9nieur/eamac-cca-physique-2014.pdf	200	text/html
20170426185028	http://www.touslesconcours.info:80/repository/Concours-EAMAC-(ASECNA)-niveau-deug-cycles-controleur-et-ing%C3%A9nieur/eamac-cca-physique-cameroun-2013.pdf/	200	text/html
20170422204624	http://www.touslesconcours.info:80/repository/Concours-EAMAC-(ASECNA)-niveau-deug-cycles-controleur-et-ing%C3%A9nieur/eamac-cca-physique-mai-2012.pdf/	200	text/html
20170422204748	http://www.touslesconcours.info:80/repository/Concours-EAMAC-(ASECNA)-niveau-deug-cycles-controleur-et-ing%C3%A9nieur/eamac-cca-physique-octobre-2012.pdf/	200	text/html
20170423201657	http://www.touslesconcours.info:80/repository/Concours-EAMAC-(ASECNA)-niveau-deug-cycles-controleur-et-ing%C3%A9nieur/eamac-ing-2008.pdf/	200	text/html
20170329044520	http://www.touslesconcours.info:80/repository/Concours-EAMAC-(ASECNA)-niveau-deug-cycles-controleur-et-ing%C3%A9nieur/eamac-ing-anglais-2009.pdf	200	text/html
20170329044525	http://www.touslesconcours.info:80/repository/Concours-EAMAC-(ASECNA)-niveau-deug-cycles-controleur-et-ing%C3%A9nieur/eamac-ing-anglais-2010.pdf	200	text/html
20170329044531	http://www.touslesconcours.info:80/repository/Concours-EAMAC-(ASECNA)-niveau-deug-cycles-controleur-et-ing%C3%A9nieur/eamac-ing-anglais-2015.pdf	200	text/html
20170423195216	http://www.touslesconcours.info:80/repository/Concours-EAMAC-(ASECNA)-niveau-deug-cycles-controleur-et-ing%C3%A9nieur/eamac-ing-francais-2009.pdf/	200	text/html
20170423200956	http://www.touslesconcours.info:80/repository/Concours-EAMAC-(ASECNA)-niveau-deug-cycles-controleur-et-ing%C3%A9nieur/eamac-ing-francais-2010.pdf/	200	text/html
20170329044535	http://www.touslesconcours.info:80/repository/Concours-EAMAC-(ASECNA)-niveau-deug-cycles-controleur-et-ing%C3%A9nieur/eamac-ing-francais-2015.pdf	200	text/html
20170423200216	http://www.touslesconcours.info:80/repository/Concours-EAMAC-(ASECNA)-niveau-deug-cycles-controleur-et-ing%C3%A9nieur/eamac-ing-math-2006.pdf/	200	text/html
20170423202002	http://www.touslesconcours.info:80/repository/Concours-EAMAC-(ASECNA)-niveau-deug-cycles-controleur-et-ing%C3%A9nieur/eamac-ing-math-2007.pdf/	200	text/html
20170329044540	http://www.touslesconcours.info:80/repository/Concours-EAMAC-(ASECNA)-niveau-deug-cycles-controleur-et-ing%C3%A9nieur/eamac-ing-math-2009.pdf	200	text/html
20170329044545	http://www.touslesconcours.info:80/repository/Concours-EAMAC-(ASECNA)-niveau-deug-cycles-controleur-et-ing%C3%A9nieur/eamac-ing-math-2010.pdf	200	text/html
20170423201708	http://www.touslesconcours.info:80/repository/Concours-EAMAC-(ASECNA)-niveau-deug-cycles-controleur-et-ing%C3%A9nieur/eamac-ing-math-2011.pdf/	200	text/html
20170423203253	http://www.touslesconcours.info:80/repository/Concours-EAMAC-(ASECNA)-niveau-deug-cycles-controleur-et-ing%C3%A9nieur/eamac-ing-math-2012.pdf/	200	text/html
20170423203702	http://www.touslesconcours.info:80/repository/Concours-EAMAC-(ASECNA)-niveau-deug-cycles-controleur-et-ing%C3%A9nieur/eamac-ing-math-2013.pdf/	200	text/html
20170329060014	http://www.touslesconcours.info:80/repository/Concours-EAMAC-(ASECNA)-niveau-deug-cycles-controleur-et-ing%C3%A9nieur/eamac-ing-math-2014.pdf	200	text/html
20170329060022	http://www.touslesconcours.info:80/repository/Concours-EAMAC-(ASECNA)-niveau-deug-cycles-controleur-et-ing%C3%A9nieur/eamac-ing-math-2015.pdf	200	text/html
20170423200710	http://www.touslesconcours.info:80/repository/Concours-EAMAC-(ASECNA)-niveau-deug-cycles-controleur-et-ing%C3%A9nieur/eamac-ing-math-cameroun-2013.pdf/	200	text/html
20170423201731	http://www.touslesconcours.info:80/repository/Concours-EAMAC-(ASECNA)-niveau-deug-cycles-controleur-et-ing%C3%A9nieur/eamac-ing-physique-2006.pdf/	200	text/html
20170329060027	http://www.touslesconcours.info:80/repository/Concours-EAMAC-(ASECNA)-niveau-deug-cycles-controleur-et-ing%C3%A9nieur/eamac-ing-physique-2009.pdf	200	text/html
20170423204905	http://www.touslesconcours.info:80/repository/Concours-EAMAC-(ASECNA)-niveau-deug-cycles-controleur-et-ing%C3%A9nieur/eamac-ing-physique-2010.pdf/	200	text/html
20170423200233	http://www.touslesconcours.info:80/repository/Concours-EAMAC-(ASECNA)-niveau-deug-cycles-controleur-et-ing%C3%A9nieur/eamac-ing-physique-2011.pdf/	200	text/html
20170423203123	http://www.touslesconcours.info:80/repository/Concours-EAMAC-(ASECNA)-niveau-deug-cycles-controleur-et-ing%C3%A9nieur/eamac-ing-physique-2012.pdf/	200	text/html
20170423202451	http://www.touslesconcours.info:80/repository/Concours-EAMAC-(ASECNA)-niveau-deug-cycles-controleur-et-ing%C3%A9nieur/eamac-ing-physique-2013.pdf/	200	text/html
20170329044550	http://www.touslesconcours.info:80/repository/Concours-EAMAC-(ASECNA)-niveau-deug-cycles-controleur-et-ing%C3%A9nieur/eamac-ing-physique-2014.pdf	200	text/html
20170329044555	http://www.touslesconcours.info:80/repository/Concours-EAMAC-(ASECNA)-niveau-deug-cycles-controleur-et-ing%C3%A9nieur/eamac-ing-physique-2015.pdf	200	text/html
20170329060030	http://www.touslesconcours.info:80/repository/Concours-EAMAC-(ASECNA)-niveau-deug-cycles-controleur-et-ing%C3%A9nieur/eamac-ing-physique-cameroun-2013.pdf	200	text/html
20170423201014	http://www.touslesconcours.info:80/repository/Concours-EAMAC-(ASECNA)-niveau-deug-cycles-controleur-et-ing%C3%A9nieur/eamac-ing-physique-mai-2012.pdf/	200	text/html
20170423200728	http://www.touslesconcours.info:80/repository/Concours-EAMAC-(ASECNA)-niveau-deug-cycles-controleur-et-ing%C3%A9nieur/orderby,1/	200	text/html
20170423203708	http://www.touslesconcours.info:80/repository/Concours-EAMAC-(ASECNA)-niveau-deug-cycles-controleur-et-ing%C3%A9nieur/orderby,4/	200	text/html
20170423203303	http://www.touslesconcours.info:80/repository/Concours-EAMAC-(ASECNA)-niveau-deug-cycles-controleur-et-ing%C3%A9nieur/orderby,5/	200	text/html
20170423203541	http://www.touslesconcours.info:80/repository/Concours-EAMAC-(ASECNA)-niveau-deug-cycles-controleur-et-ing%C3%A9nieur/orderby,6/	200	text/html
20170423201022	http://www.touslesconcours.info:80/repository/Concours-EAMAC-(ASECNA)-niveau-deug-cycles-controleur-et-ing%C3%A9nieur/orderby,7/	200	text/html
20150410095943	http://www.touslesconcours.info:80/repository/Concours-EAMAU	200	text/html
20160718011644	http://www.touslesconcours.info:80/repository/Concours-EAMAU/culture-general-eamau-2003.pdf/	200	text/html
20160718011649	http://www.touslesconcours.info:80/repository/Concours-EAMAU/culture-generale-2005.pdf/	200	text/html
20160718011309	http://www.touslesconcours.info:80/repository/Concours-EAMAU/culture-generale-2006.pdf/	200	text/html
20160718011654	http://www.touslesconcours.info:80/repository/Concours-EAMAU/culture-generale-eamau-2007.pdf/	200	text/html
20160718011659	http://www.touslesconcours.info:80/repository/Concours-EAMAU/culture-generale-eamau-2008.pdf/	200	text/html
20160718011706	http://www.touslesconcours.info:80/repository/Concours-EAMAU/culture-generale-eamau-2010.pdf/	200	text/html
20160718011710	http://www.touslesconcours.info:80/repository/Concours-EAMAU/culture-generale-eamau-2012.pdf/	200	text/html
20160718011144	http://www.touslesconcours.info:80/repository/Concours-EAMAU/culture-generale-eamau-2014.pdf/	200	text/html
20170516221934	http://touslesconcours.info:80/repository/Concours-EAMAU/culture-generale-eamau-2016.pdf	200	text/html
20160718011714	http://www.touslesconcours.info:80/repository/Concours-EAMAU/culture-generale-eamauuu-2006.pdf/	200	text/html
20160718011721	http://www.touslesconcours.info:80/repository/Concours-EAMAU/dessin-eamau-2003.pdf/	200	text/html
20160718011149	http://www.touslesconcours.info:80/repository/Concours-EAMAU/dessin-eamau-2005.pdf/	200	text/html
20160718011726	http://www.touslesconcours.info:80/repository/Concours-EAMAU/dessin-eamau-2006.pdf/	200	text/html
20160718005505	http://www.touslesconcours.info:80/repository/Concours-EAMAU/dessin-eamau-2007.pdf/	200	text/html
20160718011314	http://www.touslesconcours.info:80/repository/Concours-EAMAU/dessin-eamau-2008.pdf/	200	text/html
20160718011638	http://www.touslesconcours.info:80/repository/Concours-EAMAU/Dessin-eamau-2010.pdf/	200	text/html
20160718011155	http://www.touslesconcours.info:80/repository/Concours-EAMAU/dessin-eamau-2014.pdf/	200	text/html
20170517115749	http://www.touslesconcours.info:80/repository/Concours-EAMAU/dessin-eamau-2016.pdf	200	text/html
20160718011319	http://www.touslesconcours.info:80/repository/Concours-EAMAU/dessin-eamauu-2006.pdf/	200	text/html
20160718011731	http://www.touslesconcours.info:80/repository/Concours-EAMAU/dessin2-eamau-2005.pdf/	200	text/html
20160718011325	http://www.touslesconcours.info:80/repository/Concours-EAMAU/dessins-eamau-2011.pdf/	200	text/html
20160718011736	http://www.touslesconcours.info:80/repository/Concours-EAMAU/dessins-eamau-2012.pdf/	200	text/html
20160718011329	http://www.touslesconcours.info:80/repository/Concours-EAMAU/franais-eamau-2011.pdf/	200	text/html
20160717182718	http://www.touslesconcours.info:80/repository/Concours-EAMAU/franais-eamau-2012.pdf/	200	text/html
20160718011200	http://www.touslesconcours.info:80/repository/Concours-EAMAU/francais-eamau-2005.pdf/	200	text/html
20160718011743	http://www.touslesconcours.info:80/repository/Concours-EAMAU/francais-eamau-2006.pdf/	200	text/html
20160718005508	http://www.touslesconcours.info:80/repository/Concours-EAMAU/francais-eamau-2007.pdf/	200	text/html
20160718011336	http://www.touslesconcours.info:80/repository/Concours-EAMAU/francais-eamau-2010.pdf/	200	text/html
20160718011340	http://www.touslesconcours.info:80/repository/Concours-EAMAU/francais-eamau-2014.pdf/	200	text/html
20170517115015	http://www.touslesconcours.info:80/repository/Concours-EAMAU/francais-eamau-2016.pdf	200	text/html
20160718011747	http://www.touslesconcours.info:80/repository/Concours-EAMAU/geographie-eamau-2003.pdf/	200	text/html
20160718011346	http://www.touslesconcours.info:80/repository/Concours-EAMAU/geographie-eamau-2005.pdf/	200	text/html
20160718011207	http://www.touslesconcours.info:80/repository/Concours-EAMAU/geographie-eamau-urbanisme-2010.pdf/	200	text/html
20160718011351	http://www.touslesconcours.info:80/repository/Concours-EAMAU/mathematique-eamau-2005.pdf/	200	text/html
20160718011356	http://www.touslesconcours.info:80/repository/Concours-EAMAU/mathematique-eamau-2008.pdf/	200	text/html
20160718011213	http://www.touslesconcours.info:80/repository/Concours-EAMAU/mathematique-eamau-2010.pdf/	200	text/html
20170517114349	http://www.touslesconcours.info:80/repository/Concours-EAMAU/mathematique-eamau-2016.pdf	200	text/html
20160717182115	http://www.touslesconcours.info:80/repository/Concours-EAMAU/mathematiques-eamau-2006.pdf/	200	text/html
20160718005514	http://www.touslesconcours.info:80/repository/Concours-EAMAU/mathematiques-eamau-2007.pdf/	200	text/html
20160718011032	http://www.touslesconcours.info:80/repository/Concours-EAMAU/mathematiques-eamau-2014.pdf/	200	text/html
20160718011752	http://www.touslesconcours.info:80/repository/Concours-EAMAU/mathematiques-eamau-architecture-2007.pdf/	200	text/html
20160718011401	http://www.touslesconcours.info:80/repository/Concours-EAMAU/mathematiques-eamauuu-2006.pdf/	200	text/html
20160718011038	http://www.touslesconcours.info:80/repository/Concours-EAMAU/mathmatiques-eamau-2011.pdf/	200	text/html
20160718011757	http://www.touslesconcours.info:80/repository/Concours-EAMAU/mathmatiques-eamau-2012.pdf/	200	text/html
20160718011803	http://www.touslesconcours.info:80/repository/Concours-EAMAU/physique-eamau-2003.pdf/	200	text/html
20160718011217	http://www.touslesconcours.info:80/repository/Concours-EAMAU/physique-eamau-2005.pdf/	200	text/html
20160718011045	http://www.touslesconcours.info:80/repository/Concours-EAMAU/physique-eamau-2006.pdf/	200	text/html
20160718011050	http://www.touslesconcours.info:80/repository/Concours-EAMAU/physique-eamau-2007.pdf/	200	text/html
20160718011809	http://www.touslesconcours.info:80/repository/Concours-EAMAU/physique-eamau-2008.pdf/	200	text/html
20160718011406	http://www.touslesconcours.info:80/repository/Concours-EAMAU/physique-eamau-2011.pdf/	200	text/html
20170329044615	http://www.touslesconcours.info:80/repository/Concours-EAMAU/physique-eamau-2016.pdf	200	text/html
20160718011223	http://www.touslesconcours.info:80/repository/Concours-EAMAU/physique-eamau-architecture-2014.pdf/	200	text/html
20160718011411	http://www.touslesconcours.info:80/repository/Concours-EAMAU/physique-eamau-urbanisme-2010.pdf/	200	text/html
20160718011826	http://www.touslesconcours.info:80/repository/Concours-EAMAU/physique-eamau-urbanisme-2014.pdf/	200	text/html
20160718011228	http://www.touslesconcours.info:80/repository/Concours-EAMAU/physiquue-eamau-architecture-2012.pdf/	200	text/html
20150412011558	http://www.touslesconcours.info:80/repository/Concours-EAMAU/physiquue-eamau-urbanisme-2012.pdf	200	text/html
20170307055401	http://touslesconcours.info/repository/Concours-ENAM-2002/	200	text/html
20171006082453	http://www.touslesconcours.info/repository/Concours-ENAM-2002/enam-darfa2001-culturegenerale.pdf/	200	text/html
20171006121803	http://www.touslesconcours.info/repository/Concours-ENAM-2002/enam-darfa2002-economie.pdf/	200	text/html
20171006082509	http://www.touslesconcours.info/repository/Concours-ENAM-2002/enam-darfb2002-culturegenerale.pdf/	200	text/html
20171006082508	http://www.touslesconcours.info/repository/Concours-ENAM-2002/enam-darfb2002-langue.pdf/	200	text/html
20171124083154	http://touslesconcours.info/repository/Concours-ENAM-2002/orderby,7/	200	text/html
20170308171311	http://touslesconcours.info/repository/Concours-ENAM-2003/	200	text/html
20171124024415	http://touslesconcours.info/repository/Concours-ENAM-2003/orderby,1/	200	text/html
20171124035956	http://touslesconcours.info/repository/Concours-ENAM-2003/orderby,5/	200	text/html
20171124033542	http://touslesconcours.info/repository/Concours-ENAM-2003/orderby,7/	200	text/html
20170307055435	http://touslesconcours.info/repository/Concours-ENAM-2005/	200	text/html
20171129154833	http://touslesconcours.info/repository/Concours-ENAM-2005/orderby,3/	200	text/html
20170308060621	http://touslesconcours.info/repository/Concours-ENAM-2006/	200	text/html
20171006073835	http://www.touslesconcours.info/repository/Concours-ENAM-2006/enam-darfa2006-culturegenerale.pdf/	200	text/html
20171006093101	http://www.touslesconcours.info/repository/Concours-ENAM-2006/enam-greffeb2006-markingsheme.pdf/	200	text/html
20171006124512	http://www.touslesconcours.info/repository/Concours-ENAM-2006/enam-greffeb2006-organisationjudiciaire.pdf/	200	text/html
20171124224720	http://touslesconcours.info/repository/Concours-ENAM-2006/orderby,4/	200	text/html
20170308015709	http://touslesconcours.info/repository/Concours-ENAM-2007/	200	text/html
20171006094620	http://www.touslesconcours.info/repository/Concours-ENAM-2007/enam-darfb2007-economie.pdf/	200	text/html
20161104142128	http://www.touslesconcours.info:80/repository/Concours-ENAM-2007/enam-greffeb2007-culturegenerale.pdf/	200	text/html
20171006081826	http://www.touslesconcours.info/repository/Concours-ENAM-2007/enam-greffeb2007-organisationjudiciaire.pdf/	200	text/html
20171006072302	http://www.touslesconcours.info/repository/Concours-ENAM-2007/enam-greffeb2007-procedurecivile.pdf/	200	text/html
20171124124222	http://touslesconcours.info/repository/Concours-ENAM-2007/orderby,3/	200	text/html
20171124114635	http://touslesconcours.info/repository/Concours-ENAM-2007/orderby,4/	200	text/html
20170308015850	http://touslesconcours.info/repository/Concours-ENAM-2008/	200	text/html
20171006103304	http://www.touslesconcours.info/repository/Concours-ENAM-2008/enam-darfb2008-culturegeneral.pdf/	200	text/html
20171006125654	http://www.touslesconcours.info/repository/Concours-ENAM-2008/enam-darfb2008-economie.pdf/	200	text/html
20171006125131	http://www.touslesconcours.info/repository/Concours-ENAM-2008/enam-greffeb2008-organisationjudiciaire.pdf/	200	text/html
20171124072910	http://touslesconcours.info/repository/Concours-ENAM-2008/orderby,3/	200	text/html
20170308061517	http://touslesconcours.info/repository/Concours-ENAM-2009/	200	text/html
20171006085337	http://www.touslesconcours.info/repository/Concours-ENAM-2009/enam-darfa2009-economie.pdf/	200	text/html
20171006092707	http://www.touslesconcours.info/repository/Concours-ENAM-2009/enam-darfb2009-culturegenerale.pdf/	200	text/html
20171006103459	http://www.touslesconcours.info/repository/Concours-ENAM-2009/enam-darfb2009-economie.pdf/	200	text/html
20171006073524	http://www.touslesconcours.info/repository/Concours-ENAM-2009/enam-greffeb2009-culturegenerale.pdf/	200	text/html
20171006091726	http://www.touslesconcours.info/repository/Concours-ENAM-2009/enam-greffeb2009-langue.pdf/	200	text/html
20170307105939	http://touslesconcours.info/repository/Concours-ENAM-2010/	200	text/html
20171006120931	http://www.touslesconcours.info/repository/Concours-ENAM-2010/enam-darfb2010-culturegenerale.pdf/	200	text/html
20171006125844	http://www.touslesconcours.info/repository/Concours-ENAM-2010/enam-darfb2010-droitpublic.pdf/	200	text/html
20171124083415	http://touslesconcours.info/repository/Concours-ENAM-2010/orderby,4/	200	text/html
20170308171207	http://touslesconcours.info/repository/Concours-ENAM-2011/	200	text/html
20170531132452	http://www.touslesconcours.info:80/repository/Concours-ENAM-2011/enam-darfa2011-culturegenerale.pdf/	200	text/html
20170517113748	http://www.touslesconcours.info:80/repository/Concours-ENAM-2011/enam-darfa2011-economie.pdf	200	text/html
20150723181833	http://www.touslesconcours.info:80/repository/Concours-ENAM-2011/enam-darfa2011-langue.pdf	200	text/html
20150616074752	http://www.touslesconcours.info:80/repository/Concours-ENAM-2011/enam-darfb2011-culturegenerale.pdf	200	text/html
20170531123831	http://www.touslesconcours.info:80/repository/Concours-ENAM-2011/enam-darfb2011-economie.pdf/	200	text/html
20170531123843	http://www.touslesconcours.info:80/repository/Concours-ENAM-2011/enam-darfb2011-langue.pdf/	200	text/html
20170531124047	http://www.touslesconcours.info:80/repository/Concours-ENAM-2011/enam-greffea2011-culturegenerale.pdf/	200	text/html
20170531124052	http://www.touslesconcours.info:80/repository/Concours-ENAM-2011/enam-greffea2011-langue.pdf/	200	text/html
20170531130741	http://www.touslesconcours.info:80/repository/Concours-ENAM-2011/enam-greffea2011-organisationjudiciaire.pdf/	200	text/html
20171006093526	http://www.touslesconcours.info/repository/Concours-ENAM-2011/enam-greffea2011-procedurecivile.pdf/	200	text/html
20171006125216	http://www.touslesconcours.info/repository/Concours-ENAM-2011/enam-greffeb2011-organisationjudiciare.pdf/	200	text/html
20171006082516	http://www.touslesconcours.info/repository/Concours-ENAM-2011/enam-procedurecivile-greffe2011.pdf/	200	text/html
20170531124103	http://www.touslesconcours.info:80/repository/Concours-ENAM-2011/orderby,1/	200	text/html
20170531130746	http://www.touslesconcours.info:80/repository/Concours-ENAM-2011/orderby,3/	200	text/html
20170531132853	http://www.touslesconcours.info:80/repository/Concours-ENAM-2011/orderby,4/	200	text/html
20170308020019	http://touslesconcours.info/repository/Concours-ENAM-2012/	200	text/html
20170517113754	http://www.touslesconcours.info:80/repository/Concours-ENAM-2012/enam-darfa2012-culturegenerale.pdf	200	text/html
20170516210422	http://www.touslesconcours.info:80/repository/Concours-ENAM-2012/enam-darfa2012-droitpublic.pdf	200	text/html
20171006130534	http://www.touslesconcours.info/repository/Concours-ENAM-2012/enam-darfa2012-economie.pdf/	200	text/html
20171006082458	http://www.touslesconcours.info/repository/Concours-ENAM-2012/enam-darfb2012-culturegenerale.pdf/	200	text/html
20171006110227	http://www.touslesconcours.info/repository/Concours-ENAM-2012/enam-darfb2012-droitpublic.pdf/	200	text/html
20171006082501	http://www.touslesconcours.info/repository/Concours-ENAM-2012/enam-darfb2012-economie.pdf/	200	text/html
20150610055404	http://www.touslesconcours.info:80/repository/Concours-ENAM-2012/enam-darfbcontroleurdesprix2012-culturegenerale.pdf/	200	text/html
20150610055427	http://www.touslesconcours.info:80/repository/Concours-ENAM-2013/	200	text/html
20170430030140	http://www.touslesconcours.info:80/repository/Concours-ENAM-2013/2001	200	text/html
20170517115550	http://www.touslesconcours.info:80/repository/Concours-ENAM-2013/enam-comptabilite2013.pdf	200	text/html
20150723195732	http://www.touslesconcours.info:80/repository/Concours-ENAM-2013/enam-darfa-economie2013.pdf	200	text/html
20150723214120	http://www.touslesconcours.info:80/repository/Concours-ENAM-2013/enam-darfb2013-culturegenerale.pdf	200	text/html
20171006091049	http://www.touslesconcours.info/repository/Concours-ENAM-2013/enam-darfb2013-droitpublic.pdf/	200	text/html
20171124043855	http://touslesconcours.info/repository/Concours-ENAM-2013/enam-darfb2013-economie.pdf/	200	text/html
20171006124903	http://www.touslesconcours.info/repository/Concours-ENAM-2013/enam-epreuvecommune2013-cycleb.pdf/	200	text/html
20171006082520	http://www.touslesconcours.info/repository/Concours-ENAM-2013/enam-greffe2013-culture-generale.pdf/	200	text/html
20171006121403	http://www.touslesconcours.info/repository/Concours-ENAM-2013/enam-greffea2013-culturegenerale.pdf/	200	text/html
20171006104852	http://www.touslesconcours.info/repository/Concours-ENAM-2013/enam-greffea2013-organisationjudiciere.pdf/	200	text/html
20171124044616	http://touslesconcours.info/repository/Concours-ENAM-2013/orderby,6/	200	text/html
20170308055039	http://touslesconcours.info/repository/Concours-ENAM-GREFFE-B/	200	text/html
20170217191955	http://www.touslesconcours.info:80/repository/Concours-ENIET-niveau-CAP	200	text/html
20161105112448	http://www.touslesconcours.info:80/repository/Concours-ENIET-niveau-CAP/comptabilite-cap-2008.pdf/	200	text/html
20171006165154	http://www.touslesconcours.info/repository/Concours-ENIET-niveau-CAP/comptabilite-cap-2012.pdf/	200	text/html
20171006135435	http://www.touslesconcours.info/repository/Concours-ENIET-niveau-CAP/couture-flou-cap-2014.pdf/	200	text/html
20171006140114	http://www.touslesconcours.info/repository/Concours-ENIET-niveau-CAP/economie-sociale-familiale-cap-2010.pdf/	200	text/html
20171006155922	http://www.touslesconcours.info/repository/Concours-ENIET-niveau-CAP/economie-sociale-familiale-cap-2014.pdf/	200	text/html
20171006171008	http://www.touslesconcours.info/repository/Concours-ENIET-niveau-CAP/electricite-cap-2008.pdf/	200	text/html
20171006154807	http://www.touslesconcours.info/repository/Concours-ENIET-niveau-CAP/electricite-cap-2010.pdf/	200	text/html
20171006154518	http://www.touslesconcours.info/repository/Concours-ENIET-niveau-CAP/electricite-cap-2013.pdf/	200	text/html
20171006133650	http://www.touslesconcours.info/repository/Concours-ENIET-niveau-CAP/electricite-cap-2014.pdf/	200	text/html
20171006151704	http://www.touslesconcours.info/repository/Concours-ENIET-niveau-CAP/etude-de-texte-cap-2007.pdf/	200	text/html
20171006134631	http://www.touslesconcours.info/repository/Concours-ENIET-niveau-CAP/etude-de-texte-cap-2009.pdf/	200	text/html
20171006171001	http://www.touslesconcours.info/repository/Concours-ENIET-niveau-CAP/etude-de-texte-cap-2010.pdf/	200	text/html
20171006145634	http://www.touslesconcours.info/repository/Concours-ENIET-niveau-CAP/etude-de-texte-cap-2011.pdf/	200	text/html
20171006150827	http://www.touslesconcours.info/repository/Concours-ENIET-niveau-CAP/etude-de-texte-cap-2012.pdf/	200	text/html
20171006144051	http://www.touslesconcours.info/repository/Concours-ENIET-niveau-CAP/etude-de-texte-cap-2014.pdf/	200	text/html
20171006151155	http://www.touslesconcours.info/repository/Concours-ENIET-niveau-CAP/industrie-habillement-cap-2010.pdf/	200	text/html
20171006133052	http://www.touslesconcours.info/repository/Concours-ENIET-niveau-CAP/industrie-habillement-cap-2012.pdf/	200	text/html
20171006133042	http://www.touslesconcours.info/repository/Concours-ENIET-niveau-CAP/industrie-habillement-cap-2014.pdf/	200	text/html
20171006141031	http://www.touslesconcours.info/repository/Concours-ENIET-niveau-CAP/maconnerie-cap-2014.pdf/	200	text/html
20171006151035	http://www.touslesconcours.info/repository/Concours-ENIET-niveau-CAP/mathematiques-appliquees-cap-2010.pdf/	200	text/html
20171006133100	http://www.touslesconcours.info/repository/Concours-ENIET-niveau-CAP/mathematiques-appliquees-cap-2012.pdf/	200	text/html
20171006160826	http://www.touslesconcours.info/repository/Concours-ENIET-niveau-CAP/mathematiques-cap-1-2012.pdf/	200	text/html
20171006152731	http://www.touslesconcours.info/repository/Concours-ENIET-niveau-CAP/mathematiques-cap-2003.pdf/	200	text/html
20171006172337	http://www.touslesconcours.info/repository/Concours-ENIET-niveau-CAP/mathematiques-cap-2012.pdf/	200	text/html
20171006172342	http://www.touslesconcours.info/repository/Concours-ENIET-niveau-CAP/mathematiques-cap-2014.pdf/	200	text/html
20161103235848	http://www.touslesconcours.info:80/repository/Concours-ENIET-niveau-CAP/mathematiques-commerciales-cap-2012.pdf/	200	text/html
20171006155744	http://www.touslesconcours.info/repository/Concours-ENIET-niveau-CAP/menuiserie-cap-2003.pdf/	200	text/html
20171006142120	http://www.touslesconcours.info/repository/Concours-ENIET-niveau-CAP/menuiserie-cap-2010.pdf/	200	text/html
20171006161927	http://www.touslesconcours.info/repository/Concours-ENIET-niveau-CAP/menuiserie-cap-2014.pdf/	200	text/html
20171006133502	http://www.touslesconcours.info/repository/Concours-ENIET-niveau-CAP/secretariat-cap-2004.pdf/	200	text/html
20171006150926	http://www.touslesconcours.info/repository/Concours-ENIET-niveau-CAP/secretariat-cap-2005.pdf/	200	text/html
20171006132435	http://www.touslesconcours.info/repository/Concours-ENIET-niveau-CAP/secretariat-cap-2007.pdf/	200	text/html
20171006134303	http://www.touslesconcours.info/repository/Concours-ENIET-niveau-CAP/secretariat-cap-2008.pdf/	200	text/html
20171006140737	http://www.touslesconcours.info/repository/Concours-ENIET-niveau-CAP/secretariat-cap.pdf/	200	text/html
20170307060007	http://touslesconcours.info/repository/Concours-ENIET-niveau-probatoire/	200	text/html
20170509175400	http://touslesconcours.info:80/repository/Concours-ENIET-niveau-probatoire/culture-generale-preobatoire-2014.pdf/	200	text/html
20170509175406	http://touslesconcours.info:80/repository/Concours-ENIET-niveau-probatoire/economie-sociale-familiale-2010.pdf/	200	text/html
20170506222750	http://touslesconcours.info:80/repository/Concours-ENIET-niveau-probatoire/economie-sociale-familiale-2013.pdf/	200	text/html
20170509173347	http://touslesconcours.info:80/repository/Concours-ENIET-niveau-probatoire/economie-sociale-familiale-2014.pdf/	200	text/html
20170506223702	http://touslesconcours.info:80/repository/Concours-ENIET-niveau-probatoire/electricite-probatoire-2010.pdf/	200	text/html
20170509180237	http://touslesconcours.info:80/repository/Concours-ENIET-niveau-probatoire/electricite-probatoire-2013.pdf/	200	text/html
20170509172531	http://touslesconcours.info:80/repository/Concours-ENIET-niveau-probatoire/electricite-probatoire-2014.pdf/	200	text/html
20170509172832	http://touslesconcours.info:80/repository/Concours-ENIET-niveau-probatoire/industrie-habillement-probatoire-2010.pdf/	200	text/html
20170506223708	http://touslesconcours.info:80/repository/Concours-ENIET-niveau-probatoire/maconnerie-probatoire-2010.pdf/	200	text/html
20170509175601	http://touslesconcours.info:80/repository/Concours-ENIET-niveau-probatoire/maconnerie-probatoire-2013.pdf/	200	text/html
20171006152323	http://www.touslesconcours.info/repository/Concours-ENIET-niveau-probatoire/mathematiques-probatoire-2010.pdf/	200	text/html
20170516223237	http://www.touslesconcours.info:80/repository/Concours-ENIET-niveau-probatoire/mathematiques-probatoire-2014.pdf	200	text/html
20171006165115	http://www.touslesconcours.info/repository/Concours-ENIET-niveau-probatoire/menuiserie-probatoire-2010.pdf/	200	text/html
20171006172331	http://www.touslesconcours.info/repository/Concours-ENIET-niveau-probatoire/menuiserie-probatoire-2013.pdf/	200	text/html
20171006145405	http://www.touslesconcours.info/repository/Concours-ENIET-niveau-probatoire/menuiserie-probatoire-2014.pdf/	200	text/html
20170509173527	http://touslesconcours.info:80/repository/Concours-ENIET-niveau-probatoire/orderby,1/	200	text/html
20170509180454	http://touslesconcours.info:80/repository/Concours-ENIET-niveau-probatoire/orderby,3/	200	text/html
20170509173532	http://touslesconcours.info:80/repository/Concours-ENIET-niveau-probatoire/orderby,4/	200	text/html
20170509175410	http://touslesconcours.info:80/repository/Concours-ENIET-niveau-probatoire/orderby,5/	200	text/html
20170506223713	http://touslesconcours.info:80/repository/Concours-ENIET-niveau-probatoire/orderby,6/	200	text/html
20170509175606	http://touslesconcours.info:80/repository/Concours-ENIET-niveau-probatoire/orderby,7/	200	text/html
20170308171324	http://touslesconcours.info/repository/Concours-ENS/	200	text/html
20160822033600	http://www.touslesconcours.info:80/repository/Concours-ENS-de-Maroua-s%C3%A9rie-biologie	200	text/html
20160824232552	http://www.touslesconcours.info:80/repository/Concours-ENS-de-Maroua-s%C3%A9rie-biologie/bio-bio-2009.pdf/	200	text/html
20160824232557	http://www.touslesconcours.info:80/repository/Concours-ENS-de-Maroua-s%C3%A9rie-biologie/bio-bio-2010.pdf/	200	text/html
20160824232625	http://www.touslesconcours.info:80/repository/Concours-ENS-de-Maroua-s%C3%A9rie-biologie/bio-bio-2011.pdf/	200	text/html
20160824232448	http://www.touslesconcours.info:80/repository/Concours-ENS-de-Maroua-s%C3%A9rie-biologie/bio-bio-2012.pdf/	200	text/html
20160824233054	http://www.touslesconcours.info:80/repository/Concours-ENS-de-Maroua-s%C3%A9rie-biologie/bio-bio-2013.pdf/	200	text/html
20160824232823	http://www.touslesconcours.info:80/repository/Concours-ENS-de-Maroua-s%C3%A9rie-biologie/bio-bio-2014.pdf/	200	text/html
20160824233227	http://www.touslesconcours.info:80/repository/Concours-ENS-de-Maroua-s%C3%A9rie-biologie/chimie-bio-2010.pdf/	200	text/html
20160825184520	http://www.touslesconcours.info:80/repository/Concours-ENS-de-Maroua-s%C3%A9rie-biologie/chimie-bio-2011.pdf/	200	text/html
20160824233106	http://www.touslesconcours.info:80/repository/Concours-ENS-de-Maroua-s%C3%A9rie-biologie/chimie-bio-2012.pdf/	200	text/html
20160824232956	http://www.touslesconcours.info:80/repository/Concours-ENS-de-Maroua-s%C3%A9rie-biologie/chimie-bio-2013.pdf/	200	text/html
20160825184526	http://www.touslesconcours.info:80/repository/Concours-ENS-de-Maroua-s%C3%A9rie-biologie/chimie-bio-2014.pdf/	200	text/html
20160824232802	http://www.touslesconcours.info:80/repository/Concours-ENS-de-Maroua-s%C3%A9rie-biologie/orderby,1/	200	text/html
20160825184325	http://www.touslesconcours.info:80/repository/Concours-ENS-de-Maroua-s%C3%A9rie-biologie/orderby,2/	200	text/html
20160822033808	http://www.touslesconcours.info:80/repository/Concours-ENS-de-Maroua-s%C3%A9rie-biologie/orderby,3	200	text/html
20160824233129	http://www.touslesconcours.info:80/repository/Concours-ENS-de-Maroua-s%C3%A9rie-biologie/orderby,4/	200	text/html
20160824233311	http://www.touslesconcours.info:80/repository/Concours-ENS-de-Maroua-s%C3%A9rie-biologie/orderby,5/	200	text/html
20160824232905	http://www.touslesconcours.info:80/repository/Concours-ENS-de-Maroua-s%C3%A9rie-biologie/orderby,6/	200	text/html
20160824232520	http://www.touslesconcours.info:80/repository/Concours-ENS-de-Maroua-s%C3%A9rie-biologie/orderby,7/	200	text/html
20170308015613	http://touslesconcours.info/repository/Concours-ENS-de-Maroua-s%C3%A9rie-chimie/	200	text/html
20171004083001	http://touslesconcours.info/repository/Concours-ENS-de-Maroua-s%C3%A9rie-chimie/chimie-chimie-2010.pdf/	200	text/html
20171004102100	http://touslesconcours.info/repository/Concours-ENS-de-Maroua-s%C3%A9rie-chimie/chimie-chimie-2012.pdf/	200	text/html
20171004084337	http://touslesconcours.info/repository/Concours-ENS-de-Maroua-s%C3%A9rie-chimie/chimie-chimie-2013.pdf/	200	text/html
20171004100141	http://touslesconcours.info/repository/Concours-ENS-de-Maroua-s%C3%A9rie-chimie/chimie-chimie-2014.pdf/	200	text/html
20171124050438	http://touslesconcours.info/repository/Concours-ENS-de-Maroua-s%C3%A9rie-chimie/orderby,4/	200	text/html
20171004100242	http://touslesconcours.info/repository/Concours-ENS-de-Maroua-s%C3%A9rie-chimie/physique-chimie-2010.pdf/	200	text/html
20171004091252	http://touslesconcours.info/repository/Concours-ENS-de-Maroua-s%C3%A9rie-chimie/physique-chimie-2011.pdf/	200	text/html
20171004084357	http://touslesconcours.info/repository/Concours-ENS-de-Maroua-s%C3%A9rie-chimie/physique-chimie-2012.pdf/	200	text/html
20171004083132	http://touslesconcours.info/repository/Concours-ENS-de-Maroua-s%C3%A9rie-chimie/physique-chimie-2014.pdf/	200	text/html
20170307055726	http://touslesconcours.info/repository/Concours-ENS-de-Maroua-s%C3%A9rie-informatique/	200	text/html
20170517115029	http://www.touslesconcours.info:80/repository/Concours-ENS-de-Maroua-s%C3%A9rie-informatique/inf-inf-2013.pdf	200	text/html
20170329044626	http://www.touslesconcours.info:80/repository/Concours-ENS-de-Maroua-s%C3%A9rie-informatique/inf-inf-2014.pdf	200	text/html
20170329060035	http://www.touslesconcours.info:80/repository/Concours-ENS-de-Maroua-s%C3%A9rie-informatique/math-inf-2009.pdf	200	text/html
20170329060040	http://www.touslesconcours.info:80/repository/Concours-ENS-de-Maroua-s%C3%A9rie-informatique/math-inf-2010.pdf	200	text/html
20171004084425	http://touslesconcours.info/repository/Concours-ENS-de-Maroua-s%C3%A9rie-informatique/math-inf-2011.pdf/	200	text/html
20171004102320	http://touslesconcours.info/repository/Concours-ENS-de-Maroua-s%C3%A9rie-informatique/math-inf-2013.pdf/	200	text/html
20170329044630	http://www.touslesconcours.info:80/repository/Concours-ENS-de-Maroua-s%C3%A9rie-informatique/math-inf-2014.pdf	200	text/html
20171124083015	http://touslesconcours.info/repository/Concours-ENS-de-Maroua-s%C3%A9rie-informatique/orderby,4/	200	text/html
20170308171414	http://touslesconcours.info/repository/Concours-ENS-de-Maroua-s%C3%A9rie-math%C3%A9matiques/	200	text/html
20170329081608	http://www.touslesconcours.info:80/repository/Concours-ENS-de-Maroua-s%C3%A9rie-math%C3%A9matiques/math-math-2010.pdf	200	text/html
20170329081848	http://www.touslesconcours.info:80/repository/Concours-ENS-de-Maroua-s%C3%A9rie-math%C3%A9matiques/math-math-2011.pdf	200	text/html
20170329081853	http://www.touslesconcours.info:80/repository/Concours-ENS-de-Maroua-s%C3%A9rie-math%C3%A9matiques/math-math-2012.pdf	200	text/html
20170329081858	http://www.touslesconcours.info:80/repository/Concours-ENS-de-Maroua-s%C3%A9rie-math%C3%A9matiques/math-math-2013.pdf	200	text/html
20170329081317	http://www.touslesconcours.info:80/repository/Concours-ENS-de-Maroua-s%C3%A9rie-math%C3%A9matiques/math-math-2014.pdf	200	text/html
20171124190733	http://touslesconcours.info/repository/Concours-ENS-de-Maroua-s%C3%A9rie-math%C3%A9matiques/orderby,1/	200	text/html
20171124180332	http://touslesconcours.info/repository/Concours-ENS-de-Maroua-s%C3%A9rie-math%C3%A9matiques/orderby,3/	200	text/html
20171124184952	http://touslesconcours.info/repository/Concours-ENS-de-Maroua-s%C3%A9rie-math%C3%A9matiques/orderby,5/	200	text/html
20171124190625	http://touslesconcours.info/repository/Concours-ENS-de-Maroua-s%C3%A9rie-math%C3%A9matiques/orderby,6/	200	text/html
20171124192424	http://touslesconcours.info/repository/Concours-ENS-de-Maroua-s%C3%A9rie-math%C3%A9matiques/orderby,7/	200	text/html
20170329081903	http://www.touslesconcours.info:80/repository/Concours-ENS-de-Maroua-s%C3%A9rie-math%C3%A9matiques/phy-math-2009.pdf	200	text/html
20170329081909	http://www.touslesconcours.info:80/repository/Concours-ENS-de-Maroua-s%C3%A9rie-math%C3%A9matiques/phy-math-2010.pdf	200	text/html
20170329081612	http://www.touslesconcours.info:80/repository/Concours-ENS-de-Maroua-s%C3%A9rie-math%C3%A9matiques/phy-math-2011.pdf	200	text/html
20171124191634	http://touslesconcours.info/repository/Concours-ENS-de-Maroua-s%C3%A9rie-math%C3%A9matiques/phy-math-2012.pdf/	200	text/html
20171004091601	http://touslesconcours.info/repository/Concours-ENS-de-Maroua-s%C3%A9rie-math%C3%A9matiques/phy-math-2014.pdf/	200	text/html
20170302082442	http://www.touslesconcours.info:80/repository/Concours-ENS-de-Maroua-s%C3%A9rie-physique	200	text/html
20171004082826	http://touslesconcours.info/repository/Concours-ENS-de-Maroua-s%C3%A9rie-physique/chimie-phy-2009.pdf/	200	text/html
20171004090130	http://touslesconcours.info/repository/Concours-ENS-de-Maroua-s%C3%A9rie-physique/chimie-phy-2010.pdf/	200	text/html
20171004062556	http://touslesconcours.info/repository/Concours-ENS-de-Maroua-s%C3%A9rie-physique/chimie-phy-2011.pdf/	200	text/html
20171004061649	http://touslesconcours.info/repository/Concours-ENS-de-Maroua-s%C3%A9rie-physique/chimie-phy-2012.pdf/	200	text/html
20171129180324	http://touslesconcours.info/repository/Concours-ENS-de-Maroua-s%C3%A9rie-physique/orderby,5/	200	text/html
20171129155818	http://touslesconcours.info/repository/Concours-ENS-de-Maroua-s%C3%A9rie-physique/orderby,7/	200	text/html
20171004085814	http://touslesconcours.info/repository/Concours-ENS-de-Maroua-s%C3%A9rie-physique/phy-phy-2009.pdf/	200	text/html
20171004082821	http://touslesconcours.info/repository/Concours-ENS-de-Maroua-s%C3%A9rie-physique/phy-phy-2010.pdf/	200	text/html
20171004095007	http://touslesconcours.info/repository/Concours-ENS-de-Maroua-s%C3%A9rie-physique/phy-phy-2011.pdf/	200	text/html
20171004095926	http://touslesconcours.info/repository/Concours-ENS-de-Maroua-s%C3%A9rie-physique/phy-phy-2012.pdf/	200	text/html
20170317223603	http://www.touslesconcours.info:80/repository/Concours-ENS-de-Yaounde-s%C3%83%C6%92%C3%86%E2%80%99%C3%83%E2%80%A0%C3%A2%E2%82%AC%E2%84%A2%C3%83%C6%92%C3%A2%E2%82%AC%C2%A0%C3%83%C2%A2%C3%A2%E2%80%9A%C2%AC%C3%A2%E2%80%9E%C2%A2%C3%83%C6%92%C3%86%E2%80%99%C3%83%C2%A2%C3%A2%E2%80%9A%C2%AC%C3%85%C2%A1%C3%83%C6%92%C3%A2%E2%82%AC%C5%A1%C3%83%E2%80%9A%C3%82%C2%A9rie-Conseiller-dorientation/	200	text/html
20170105031011	http://www.touslesconcours.info:80/repository/Concours-ENS-de-Yaounde-s%C3%A9rie-Biologie	200	text/html
20160728154604	http://www.touslesconcours.info:80/repository/Concours-ENS-de-Yaounde-s%C3%A9rie-Biologie/biologie-biologie-yaounde-2004.pdf/	200	text/html
20160728154609	http://www.touslesconcours.info:80/repository/Concours-ENS-de-Yaounde-s%C3%A9rie-Biologie/biologie-biologie-yaounde-2005.pdf/	200	text/html
20160728154147	http://www.touslesconcours.info:80/repository/Concours-ENS-de-Yaounde-s%C3%A9rie-Biologie/biologie-biologie-yaounde-2006.pdf/	200	text/html
20160728154003	http://www.touslesconcours.info:80/repository/Concours-ENS-de-Yaounde-s%C3%A9rie-Biologie/biologie-biologie-yaounde-2007.pdf/	200	text/html
20160728154154	http://www.touslesconcours.info:80/repository/Concours-ENS-de-Yaounde-s%C3%A9rie-Biologie/biologie-biologie-yaounde-2009.pdf/	200	text/html
20160728154614	http://www.touslesconcours.info:80/repository/Concours-ENS-de-Yaounde-s%C3%A9rie-Biologie/biologie-biologie-yaounde-2010.pdf/	200	text/html
20160728154201	http://www.touslesconcours.info:80/repository/Concours-ENS-de-Yaounde-s%C3%A9rie-Biologie/biologie-biologie-yaounde-2011.pdf/	200	text/html
20160728154207	http://www.touslesconcours.info:80/repository/Concours-ENS-de-Yaounde-s%C3%A9rie-Biologie/biologie-biologie-yaounde-2012.pdf/	200	text/html
20160728154619	http://www.touslesconcours.info:80/repository/Concours-ENS-de-Yaounde-s%C3%A9rie-Biologie/biologie-biologie-yaounde-2013.pdf/	200	text/html
20160728154634	http://www.touslesconcours.info:80/repository/Concours-ENS-de-Yaounde-s%C3%A9rie-Biologie/biologie-biologie-yaounde-2014.pdf/	200	text/html
20160728154422	http://www.touslesconcours.info:80/repository/Concours-ENS-de-Yaounde-s%C3%A9rie-Biologie/chimie-biologie-yaounde-2004.pdf/	200	text/html
20160728154211	http://www.touslesconcours.info:80/repository/Concours-ENS-de-Yaounde-s%C3%A9rie-Biologie/chimie-biologie-yaounde-2006.pdf/	200	text/html
20160728154226	http://www.touslesconcours.info:80/repository/Concours-ENS-de-Yaounde-s%C3%A9rie-Biologie/chimie-biologie-yaounde-2007.pdf/	200	text/html
20160728154007	http://www.touslesconcours.info:80/repository/Concours-ENS-de-Yaounde-s%C3%A9rie-Biologie/chimie-biologie-yaounde-2008.pdf/	200	text/html
20160728154445	http://www.touslesconcours.info:80/repository/Concours-ENS-de-Yaounde-s%C3%A9rie-Biologie/chimie-biologie-yaounde-2009.pdf/	200	text/html
20160728154503	http://www.touslesconcours.info:80/repository/Concours-ENS-de-Yaounde-s%C3%A9rie-Biologie/chimie-biologie-yaounde-2010.pdf/	200	text/html
20160728154019	http://www.touslesconcours.info:80/repository/Concours-ENS-de-Yaounde-s%C3%A9rie-Biologie/chimie-biologie-yaounde-2011.pdf/	200	text/html
20160728154051	http://www.touslesconcours.info:80/repository/Concours-ENS-de-Yaounde-s%C3%A9rie-Biologie/chimie-biologie-yaounde-2012.pdf/	200	text/html
20160728154232	http://www.touslesconcours.info:80/repository/Concours-ENS-de-Yaounde-s%C3%A9rie-Biologie/chimie-biologie-yaounde-2013.pdf/	200	text/html
20160728154318	http://www.touslesconcours.info:80/repository/Concours-ENS-de-Yaounde-s%C3%A9rie-Biologie/chimie-biologie-yaounde-2014.pdf/	200	text/html
20160728154725	http://www.touslesconcours.info:80/repository/Concours-ENS-de-Yaounde-s%C3%A9rie-Biologie/chimie-chimie-yaounde-2013.pdf/	200	text/html
20170404210341	http://www.touslesconcours.info:80/repository/Concours-ENS-de-Yaounde-s%C3%A9rie-Biologie/orderby,1/	200	text/html
20170404211224	http://www.touslesconcours.info:80/repository/Concours-ENS-de-Yaounde-s%C3%A9rie-Biologie/orderby,2/	200	text/html
20170402235401	http://www.touslesconcours.info:80/repository/Concours-ENS-de-Yaounde-s%C3%A9rie-Biologie/orderby,3	200	text/html
20170404211950	http://www.touslesconcours.info:80/repository/Concours-ENS-de-Yaounde-s%C3%A9rie-Biologie/orderby,4/	200	text/html
20170404205320	http://www.touslesconcours.info:80/repository/Concours-ENS-de-Yaounde-s%C3%A9rie-Biologie/orderby,5/	200	text/html
20170404210349	http://www.touslesconcours.info:80/repository/Concours-ENS-de-Yaounde-s%C3%A9rie-Biologie/orderby,6/	200	text/html
20170404205333	http://www.touslesconcours.info:80/repository/Concours-ENS-de-Yaounde-s%C3%A9rie-Biologie/orderby,7/	200	text/html
20170308171407	http://touslesconcours.info/repository/Concours-ENS-de-Yaounde-s%C3%A9rie-Chimie/	200	text/html
20170404212545	http://www.touslesconcours.info:80/repository/Concours-ENS-de-Yaounde-s%C3%A9rie-Chimie/chimie-chimie-yaounde-2008.pdf/	200	text/html
20170404212653	http://www.touslesconcours.info:80/repository/Concours-ENS-de-Yaounde-s%C3%A9rie-Chimie/chimie-chimie-yaounde-2009.pdf/	200	text/html
20170404210424	http://www.touslesconcours.info:80/repository/Concours-ENS-de-Yaounde-s%C3%A9rie-Chimie/chimie-chimie-yaounde-2010.pdf/	200	text/html
20170404211423	http://www.touslesconcours.info:80/repository/Concours-ENS-de-Yaounde-s%C3%A9rie-Chimie/chimie-chimie-yaounde-2011.pdf/	200	text/html
20161104010908	http://www.touslesconcours.info:80/repository/Concours-ENS-de-Yaounde-s%C3%A9rie-Chimie/chimie-chimie-yaounde-2012.pdf/	200	text/html
20170404212006	http://www.touslesconcours.info:80/repository/Concours-ENS-de-Yaounde-s%C3%A9rie-Chimie/chimie-chimie-yaounde-2013.pdf/	200	text/html
20160909234644	http://touslesconcours.info:80/repository/Concours-ENS-de-Yaounde-s%C3%A9rie-Chimie/chimie-chimie-yaounde-2014.pdf	200	text/html
20170404205954	http://www.touslesconcours.info:80/repository/Concours-ENS-de-Yaounde-s%C3%A9rie-Chimie/orderby,1/	200	text/html
20170404212040	http://www.touslesconcours.info:80/repository/Concours-ENS-de-Yaounde-s%C3%A9rie-Chimie/orderby,3/	200	text/html
20170404211434	http://www.touslesconcours.info:80/repository/Concours-ENS-de-Yaounde-s%C3%A9rie-Chimie/orderby,4/	200	text/html
20170404212107	http://www.touslesconcours.info:80/repository/Concours-ENS-de-Yaounde-s%C3%A9rie-Chimie/orderby,5/	200	text/html
20170404210529	http://www.touslesconcours.info:80/repository/Concours-ENS-de-Yaounde-s%C3%A9rie-Chimie/orderby,6/	200	text/html
20170404211517	http://www.touslesconcours.info:80/repository/Concours-ENS-de-Yaounde-s%C3%A9rie-Chimie/orderby,7/	200	text/html
20170404211624	http://www.touslesconcours.info:80/repository/Concours-ENS-de-Yaounde-s%C3%A9rie-Chimie/physique-chimie-yaounde-2008.pdf/	200	text/html
20170404212429	http://www.touslesconcours.info:80/repository/Concours-ENS-de-Yaounde-s%C3%A9rie-Chimie/physique-chimie-yaounde-2009.pdf/	200	text/html
20170406160740	http://www.touslesconcours.info:80/repository/Concours-ENS-de-Yaounde-s%C3%A9rie-Chimie/physique-chimie-yaounde-2010.pdf/	200	text/html
20170404041755	http://www.touslesconcours.info:80/repository/Concours-ENS-de-Yaounde-s%C3%A9rie-Chimie/physique-chimie-yaounde-2011.pdf/	200	text/html
20170404042226	http://www.touslesconcours.info:80/repository/Concours-ENS-de-Yaounde-s%C3%A9rie-Chimie/physique-chimie-yaounde-2012.pdf/	200	text/html
20170406064921	http://www.touslesconcours.info:80/repository/Concours-ENS-de-Yaounde-s%C3%A9rie-Chimie/physique-chimie-yaounde-2013.pdf/	200	text/html
20160910115017	http://touslesconcours.info:80/repository/Concours-ENS-de-Yaounde-s%C3%A9rie-Chimie/physique-chimie-yaounde-2014.pdf	200	text/html
20161224085043	http://www.touslesconcours.info:80/repository/Concours-ENS-de-Yaounde-s%C3%A9rie-Conseiller-dorientation	200	text/html
20160824145613	http://www.touslesconcours.info:80/repository/Concours-ENS-de-Yaounde-s%C3%A9rie-Conseiller-dorientation/corrige-psychologie-generale-2003.pdf/	200	text/html
20160824150019	http://www.touslesconcours.info:80/repository/Concours-ENS-de-Yaounde-s%C3%A9rie-Conseiller-dorientation/corrige-psychologie-generale-2004.pdf/	200	text/html
20160824145911	http://www.touslesconcours.info:80/repository/Concours-ENS-de-Yaounde-s%C3%A9rie-Conseiller-dorientation/corrige-psychologie-generale-2005.pdf/	200	text/html
20160824150024	http://www.touslesconcours.info:80/repository/Concours-ENS-de-Yaounde-s%C3%A9rie-Conseiller-dorientation/corrige-psychologie-generale-2006.pdf/	200	text/html
20160824145719	http://www.touslesconcours.info:80/repository/Concours-ENS-de-Yaounde-s%C3%A9rie-Conseiller-dorientation/corrige-psychologie-generale-2007.pdf/	200	text/html
20160824145616	http://www.touslesconcours.info:80/repository/Concours-ENS-de-Yaounde-s%C3%A9rie-Conseiller-dorientation/corrige-psychologie-generale-2008.pdf/	200	text/html
20160824150029	http://www.touslesconcours.info:80/repository/Concours-ENS-de-Yaounde-s%C3%A9rie-Conseiller-dorientation/corrige-psychologie-generale-2009.pdf/	200	text/html
20160824145918	http://www.touslesconcours.info:80/repository/Concours-ENS-de-Yaounde-s%C3%A9rie-Conseiller-dorientation/corrige-psychologie-generale-2010.pdf/	200	text/html
20160824145621	http://www.touslesconcours.info:80/repository/Concours-ENS-de-Yaounde-s%C3%A9rie-Conseiller-dorientation/corrige-psychologie-generale-2011.pdf/	200	text/html
20160824145725	http://www.touslesconcours.info:80/repository/Concours-ENS-de-Yaounde-s%C3%A9rie-Conseiller-dorientation/corrige-psychologie-generale-2012.pdf/	200	text/html
20160824145924	http://www.touslesconcours.info:80/repository/Concours-ENS-de-Yaounde-s%C3%A9rie-Conseiller-dorientation/culture-generale-2003.pdf/	200	text/html
20160824145626	http://www.touslesconcours.info:80/repository/Concours-ENS-de-Yaounde-s%C3%A9rie-Conseiller-dorientation/culture-generale-2004.pdf/	200	text/html
20160824150034	http://www.touslesconcours.info:80/repository/Concours-ENS-de-Yaounde-s%C3%A9rie-Conseiller-dorientation/culture-generale-2005.pdf/	200	text/html
20160824145730	http://www.touslesconcours.info:80/repository/Concours-ENS-de-Yaounde-s%C3%A9rie-Conseiller-dorientation/culture-generale-2006.pdf/	200	text/html
20160824145631	http://www.touslesconcours.info:80/repository/Concours-ENS-de-Yaounde-s%C3%A9rie-Conseiller-dorientation/culture-generale-2007.pdf/	200	text/html
20160824150039	http://www.touslesconcours.info:80/repository/Concours-ENS-de-Yaounde-s%C3%A9rie-Conseiller-dorientation/culture-generale-2008.pdf/	200	text/html
20160824145930	http://www.touslesconcours.info:80/repository/Concours-ENS-de-Yaounde-s%C3%A9rie-Conseiller-dorientation/culture-generale-2009.pdf/	200	text/html
20160824145735	http://www.touslesconcours.info:80/repository/Concours-ENS-de-Yaounde-s%C3%A9rie-Conseiller-dorientation/culture-generale-2010.pdf/	200	text/html
20160824150044	http://www.touslesconcours.info:80/repository/Concours-ENS-de-Yaounde-s%C3%A9rie-Conseiller-dorientation/culture-generale-2011.pdf/	200	text/html
20160824150049	http://www.touslesconcours.info:80/repository/Concours-ENS-de-Yaounde-s%C3%A9rie-Conseiller-dorientation/culture-generale-2012.pdf/	200	text/html
20171124183442	http://touslesconcours.info/repository/Concours-ENS-de-Yaounde-s%C3%A9rie-Conseiller-dorientation/orderby,3/	200	text/html
20171124182009	http://touslesconcours.info/repository/Concours-ENS-de-Yaounde-s%C3%A9rie-Conseiller-dorientation/orderby,5/	200	text/html
20160824145935	http://www.touslesconcours.info:80/repository/Concours-ENS-de-Yaounde-s%C3%A9rie-Conseiller-dorientation/psychologie-generale-2003.pdf/	200	text/html
20160824145740	http://www.touslesconcours.info:80/repository/Concours-ENS-de-Yaounde-s%C3%A9rie-Conseiller-dorientation/psychologie-generale-2004.pdf/	200	text/html
20160824145940	http://www.touslesconcours.info:80/repository/Concours-ENS-de-Yaounde-s%C3%A9rie-Conseiller-dorientation/psychologie-generale-2005.pdf/	200	text/html
20160824053429	http://www.touslesconcours.info:80/repository/Concours-ENS-de-Yaounde-s%C3%A9rie-Conseiller-dorientation/psychologie-generale-2006.pdf/	200	text/html
20160824145636	http://www.touslesconcours.info:80/repository/Concours-ENS-de-Yaounde-s%C3%A9rie-Conseiller-dorientation/psychologie-generale-2007.pdf/	200	text/html
20160824145642	http://www.touslesconcours.info:80/repository/Concours-ENS-de-Yaounde-s%C3%A9rie-Conseiller-dorientation/psychologie-generale-2008.pdf/	200	text/html
20160824145647	http://www.touslesconcours.info:80/repository/Concours-ENS-de-Yaounde-s%C3%A9rie-Conseiller-dorientation/psychologie-generale-2009.pdf/	200	text/html
20160824145745	http://www.touslesconcours.info:80/repository/Concours-ENS-de-Yaounde-s%C3%A9rie-Conseiller-dorientation/psychologie-generale-2010.pdf/	200	text/html
20160824145751	http://www.touslesconcours.info:80/repository/Concours-ENS-de-Yaounde-s%C3%A9rie-Conseiller-dorientation/psychologie-generale-2011.pdf/	200	text/html
20160824145945	http://www.touslesconcours.info:80/repository/Concours-ENS-de-Yaounde-s%C3%A9rie-Conseiller-dorientation/psychologie-generale-2012.pdf/	200	text/html
20151124223634	http://www.touslesconcours.info:80/repository/Concours-ENS-de-Yaounde-s%C3%A9rie-histoire-et-g%C3%A9ographie-niveau-bac	200	text/html
20151125191212	http://www.touslesconcours.info:80/repository/Concours-ENS-de-Yaounde-s%C3%A9rie-histoire-et-g%C3%A9ographie-niveau-bac/cours-1.pdf/	200	text/html
20151125191218	http://www.touslesconcours.info:80/repository/Concours-ENS-de-Yaounde-s%C3%A9rie-histoire-et-g%C3%A9ographie-niveau-bac/cours-2.pdf/	200	text/html
20151125191223	http://www.touslesconcours.info:80/repository/Concours-ENS-de-Yaounde-s%C3%A9rie-histoire-et-g%C3%A9ographie-niveau-bac/cours-3.pdf/	200	text/html
20151125191228	http://www.touslesconcours.info:80/repository/Concours-ENS-de-Yaounde-s%C3%A9rie-histoire-et-g%C3%A9ographie-niveau-bac/cours-4.pdf/	200	text/html
20151125191234	http://www.touslesconcours.info:80/repository/Concours-ENS-de-Yaounde-s%C3%A9rie-histoire-et-g%C3%A9ographie-niveau-bac/cours-5.pdf/	200	text/html
20151125191238	http://www.touslesconcours.info:80/repository/Concours-ENS-de-Yaounde-s%C3%A9rie-histoire-et-g%C3%A9ographie-niveau-bac/cours-6.pdf/	200	text/html
20151125191243	http://www.touslesconcours.info:80/repository/Concours-ENS-de-Yaounde-s%C3%A9rie-histoire-et-g%C3%A9ographie-niveau-bac/cours-7.pdf/	200	text/html
20151125191250	http://www.touslesconcours.info:80/repository/Concours-ENS-de-Yaounde-s%C3%A9rie-histoire-et-g%C3%A9ographie-niveau-bac/cours-8.pdf/	200	text/html
20151125191254	http://www.touslesconcours.info:80/repository/Concours-ENS-de-Yaounde-s%C3%A9rie-histoire-et-g%C3%A9ographie-niveau-bac/geographie-1-2011.pdf/	200	text/html
20151125191259	http://www.touslesconcours.info:80/repository/Concours-ENS-de-Yaounde-s%C3%A9rie-histoire-et-g%C3%A9ographie-niveau-bac/geographie-1-2012.pdf/	200	text/html
20240626155127	https://touslesconcours.info/repository/Concours-ENS-de-Yaounde-s%C3%A9rie-histoire-et-g%C3%A9ographie-niveau-bac/geographie-2009.pdf/	200	text/html
20240626041500	https://touslesconcours.info/repository/Concours-ENS-de-Yaounde-s%C3%A9rie-histoire-et-g%C3%A9ographie-niveau-bac/geographie-2010.pdf/	200	text/html
20240627035836	https://touslesconcours.info/repository/Concours-ENS-de-Yaounde-s%C3%A9rie-histoire-et-g%C3%A9ographie-niveau-bac/geographie-2011.pdf/	200	text/html
20240626041723	https://touslesconcours.info/repository/Concours-ENS-de-Yaounde-s%C3%A9rie-histoire-et-g%C3%A9ographie-niveau-bac/geographie-2012.pdf/	200	text/html
20240626084251	https://touslesconcours.info/repository/Concours-ENS-de-Yaounde-s%C3%A9rie-histoire-et-g%C3%A9ographie-niveau-bac/histoire-1-2011.pdf/	200	text/html
20240627180645	https://touslesconcours.info/repository/Concours-ENS-de-Yaounde-s%C3%A9rie-histoire-et-g%C3%A9ographie-niveau-bac/histoire-1-2013.pdf/	200	text/html
20240626072541	https://touslesconcours.info/repository/Concours-ENS-de-Yaounde-s%C3%A9rie-histoire-et-g%C3%A9ographie-niveau-bac/histoire-2009.pdf/	200	text/html
20240627055832	https://touslesconcours.info/repository/Concours-ENS-de-Yaounde-s%C3%A9rie-histoire-et-g%C3%A9ographie-niveau-bac/histoire-2010.pdf/	200	text/html
20240626050934	https://touslesconcours.info/repository/Concours-ENS-de-Yaounde-s%C3%A9rie-histoire-et-g%C3%A9ographie-niveau-bac/histoire-2011.pdf/	200	text/html
20240626215228	https://touslesconcours.info/repository/Concours-ENS-de-Yaounde-s%C3%A9rie-histoire-et-g%C3%A9ographie-niveau-bac/histoire-2013.pdf/	200	text/html
20151125191305	http://www.touslesconcours.info:80/repository/Concours-ENS-de-Yaounde-s%C3%A9rie-histoire-et-g%C3%A9ographie-niveau-bac/orderby,1/	200	text/html
20151125191310	http://www.touslesconcours.info:80/repository/Concours-ENS-de-Yaounde-s%C3%A9rie-histoire-et-g%C3%A9ographie-niveau-bac/orderby,3/	200	text/html
20151125191317	http://www.touslesconcours.info:80/repository/Concours-ENS-de-Yaounde-s%C3%A9rie-histoire-et-g%C3%A9ographie-niveau-bac/orderby,4/	200	text/html
20151125191321	http://www.touslesconcours.info:80/repository/Concours-ENS-de-Yaounde-s%C3%A9rie-histoire-et-g%C3%A9ographie-niveau-bac/orderby,5/	200	text/html
20151125191328	http://www.touslesconcours.info:80/repository/Concours-ENS-de-Yaounde-s%C3%A9rie-histoire-et-g%C3%A9ographie-niveau-bac/orderby,6/	200	text/html
20151125191333	http://www.touslesconcours.info:80/repository/Concours-ENS-de-Yaounde-s%C3%A9rie-histoire-et-g%C3%A9ographie-niveau-bac/orderby,7/	200	text/html
20170308055502	http://touslesconcours.info/repository/Concours-ENS-de-Yaounde-s%C3%A9rie-histoire-et-g%C3%A9ographie-niveau-licence/	200	text/html
20170214203551	http://www.touslesconcours.info:80/repository/Concours-ENS-de-Yaounde-s%C3%A9rie-histoire-et-g%C3%A9ographie-niveau-licence/geographie-cycle2-sujets-1.pdf/	200	text/html
20170214203556	http://www.touslesconcours.info:80/repository/Concours-ENS-de-Yaounde-s%C3%A9rie-histoire-et-g%C3%A9ographie-niveau-licence/geographie-cycle2-sujets-2.pdf/	200	text/html
20170214203601	http://www.touslesconcours.info:80/repository/Concours-ENS-de-Yaounde-s%C3%A9rie-histoire-et-g%C3%A9ographie-niveau-licence/geographie-cycle2-sujets-3.pdf/	200	text/html
20170214203606	http://www.touslesconcours.info:80/repository/Concours-ENS-de-Yaounde-s%C3%A9rie-histoire-et-g%C3%A9ographie-niveau-licence/geographie-cycle2-sujets-4.pdf/	200	text/html
20170214203611	http://www.touslesconcours.info:80/repository/Concours-ENS-de-Yaounde-s%C3%A9rie-histoire-et-g%C3%A9ographie-niveau-licence/geographie-cycle2-sujets-5.pdf/	200	text/html
20170214203616	http://www.touslesconcours.info:80/repository/Concours-ENS-de-Yaounde-s%C3%A9rie-histoire-et-g%C3%A9ographie-niveau-licence/geographie-cycle2-sujets-6.pdf/	200	text/html
20170214203621	http://www.touslesconcours.info:80/repository/Concours-ENS-de-Yaounde-s%C3%A9rie-histoire-et-g%C3%A9ographie-niveau-licence/histoire-cycle2-1-2011.pdf/	200	text/html
20170214203626	http://www.touslesconcours.info:80/repository/Concours-ENS-de-Yaounde-s%C3%A9rie-histoire-et-g%C3%A9ographie-niveau-licence/histoire-cycle2-1-2012.pdf/	200	text/html
20170214203631	http://www.touslesconcours.info:80/repository/Concours-ENS-de-Yaounde-s%C3%A9rie-histoire-et-g%C3%A9ographie-niveau-licence/histoire-cycle2-1-2013.pdf/	200	text/html
20170214203636	http://www.touslesconcours.info:80/repository/Concours-ENS-de-Yaounde-s%C3%A9rie-histoire-et-g%C3%A9ographie-niveau-licence/histoire-cycle2-2-2012.pdf/	200	text/html
20170214203641	http://www.touslesconcours.info:80/repository/Concours-ENS-de-Yaounde-s%C3%A9rie-histoire-et-g%C3%A9ographie-niveau-licence/histoire-cycle2-2000.pdf/	200	text/html
20170214203646	http://www.touslesconcours.info:80/repository/Concours-ENS-de-Yaounde-s%C3%A9rie-histoire-et-g%C3%A9ographie-niveau-licence/histoire-cycle2-2004.pdf/	200	text/html
20170214203651	http://www.touslesconcours.info:80/repository/Concours-ENS-de-Yaounde-s%C3%A9rie-histoire-et-g%C3%A9ographie-niveau-licence/histoire-cycle2-2006.pdf/	200	text/html
20170214203656	http://www.touslesconcours.info:80/repository/Concours-ENS-de-Yaounde-s%C3%A9rie-histoire-et-g%C3%A9ographie-niveau-licence/histoire-cycle2-2009.pdf/	200	text/html
20170214203701	http://www.touslesconcours.info:80/repository/Concours-ENS-de-Yaounde-s%C3%A9rie-histoire-et-g%C3%A9ographie-niveau-licence/histoire-cycle2-2010.pdf/	200	text/html
20170214203706	http://www.touslesconcours.info:80/repository/Concours-ENS-de-Yaounde-s%C3%A9rie-histoire-et-g%C3%A9ographie-niveau-licence/histoire-cycle2-2011.pdf/	200	text/html
20170214203711	http://www.touslesconcours.info:80/repository/Concours-ENS-de-Yaounde-s%C3%A9rie-histoire-et-g%C3%A9ographie-niveau-licence/histoire-cycle2-2012.pdf/	200	text/html
20170214203717	http://www.touslesconcours.info:80/repository/Concours-ENS-de-Yaounde-s%C3%A9rie-histoire-et-g%C3%A9ographie-niveau-licence/histoire-cycle2-2013.pdf/	200	text/html
20170214203736	http://www.touslesconcours.info:80/repository/Concours-ENS-de-Yaounde-s%C3%A9rie-histoire-et-g%C3%A9ographie-niveau-licence/histoire-cycle2-4-2012.pdf/	200	text/html
20171124194105	http://touslesconcours.info/repository/Concours-ENS-de-Yaounde-s%C3%A9rie-histoire-et-g%C3%A9ographie-niveau-licence/orderby,1/	200	text/html
20171124183231	http://touslesconcours.info/repository/Concours-ENS-de-Yaounde-s%C3%A9rie-histoire-et-g%C3%A9ographie-niveau-licence/orderby,3/	200	text/html
20171124193241	http://touslesconcours.info/repository/Concours-ENS-de-Yaounde-s%C3%A9rie-histoire-et-g%C3%A9ographie-niveau-licence/orderby,6/	200	text/html
20171124185754	http://touslesconcours.info/repository/Concours-ENS-de-Yaounde-s%C3%A9rie-histoire-et-g%C3%A9ographie-niveau-licence/orderby,7/	200	text/html
20160907114656	http://www.touslesconcours.info:80/repository/Concours-ENS-de-Yaounde-s%C3%A9rie-Informatique	200	text/html
20160824150054	http://www.touslesconcours.info:80/repository/Concours-ENS-de-Yaounde-s%C3%A9rie-Informatique/mathematique-info-yaounde-2009.pdf/	200	text/html
20160824145652	http://www.touslesconcours.info:80/repository/Concours-ENS-de-Yaounde-s%C3%A9rie-Informatique/mathematique-info-yaounde-2010.pdf/	200	text/html
20160824145657	http://www.touslesconcours.info:80/repository/Concours-ENS-de-Yaounde-s%C3%A9rie-Informatique/mathematique-info-yaounde-2011.pdf/	200	text/html
20160824150059	http://www.touslesconcours.info:80/repository/Concours-ENS-de-Yaounde-s%C3%A9rie-Informatique/mathematique-info-yaounde-2012.pdf/	200	text/html
20160824145703	http://www.touslesconcours.info:80/repository/Concours-ENS-de-Yaounde-s%C3%A9rie-Informatique/mathematique-info-yaounde-2014.pdf/	200	text/html
20160824145755	http://www.touslesconcours.info:80/repository/Concours-ENS-de-Yaounde-s%C3%A9rie-Informatique/mathematique2-info-yaounde-2011.pdf/	200	text/html
20160824145800	http://www.touslesconcours.info:80/repository/Concours-ENS-de-Yaounde-s%C3%A9rie-Informatique/mathematique2-info-yaounde-2014.pdf/	200	text/html
20160911160649	http://www.touslesconcours.info:80/repository/Concours-ENS-de-Yaounde-s%C3%A9rie-Informatique/orderby,1/	200	text/html
20160911160858	http://www.touslesconcours.info:80/repository/Concours-ENS-de-Yaounde-s%C3%A9rie-Informatique/orderby,3/	200	text/html
20160911014826	http://www.touslesconcours.info:80/repository/Concours-ENS-de-Yaounde-s%C3%A9rie-Informatique/orderby,4/	200	text/html
20160911172839	http://www.touslesconcours.info:80/repository/Concours-ENS-de-Yaounde-s%C3%A9rie-Informatique/orderby,5/	200	text/html
20160911160657	http://www.touslesconcours.info:80/repository/Concours-ENS-de-Yaounde-s%C3%A9rie-Informatique/orderby,6/	200	text/html
20160911160908	http://www.touslesconcours.info:80/repository/Concours-ENS-de-Yaounde-s%C3%A9rie-Informatique/orderby,7/	200	text/html
20170308015648	http://touslesconcours.info/repository/Concours-ENS-de-Yaounde-s%C3%A9rie-langue-et-culture/	200	text/html
20170215060650	http://www.touslesconcours.info:80/repository/Concours-ENS-de-Yaounde-s%C3%A9rie-langue-et-culture/langue-culture-2010.pdf	200	text/html
20170215060655	http://www.touslesconcours.info:80/repository/Concours-ENS-de-Yaounde-s%C3%A9rie-langue-et-culture/langue-culture-2011.pdf	200	text/html
20170215113454	http://www.touslesconcours.info:80/repository/Concours-ENS-de-Yaounde-s%C3%A9rie-langue-et-culture/langue-culture-2012.pdf	200	text/html
20240627031808	https://touslesconcours.info/repository/Concours-ENS-de-Yaounde-s%C3%A9rie-langue-et-culture/langue-culture-2013.pdf/	200	text/html
20170308015733	http://touslesconcours.info/repository/Concours-ENS-de-Yaounde-s%C3%A9rie-lettre-bilingue-niveau-licence/	200	text/html
20170214120745	http://www.touslesconcours.info:80/repository/Concours-ENS-de-Yaounde-s%C3%A9rie-lettre-bilingue-niveau-licence/c-lettre-bilingue-1-2009.pdf/	200	text/html
20170214120750	http://www.touslesconcours.info:80/repository/Concours-ENS-de-Yaounde-s%C3%A9rie-lettre-bilingue-niveau-licence/c-lettre-bilingue-2007.pdf/	200	text/html
20170214120755	http://www.touslesconcours.info:80/repository/Concours-ENS-de-Yaounde-s%C3%A9rie-lettre-bilingue-niveau-licence/c-lettre-bilingue-2008.pdf/	200	text/html
20170214120800	http://www.touslesconcours.info:80/repository/Concours-ENS-de-Yaounde-s%C3%A9rie-lettre-bilingue-niveau-licence/lettre-bilingue-1-2009.pdf/	200	text/html
20170214120805	http://www.touslesconcours.info:80/repository/Concours-ENS-de-Yaounde-s%C3%A9rie-lettre-bilingue-niveau-licence/lettre-bilingue-1998-1.pdf/	200	text/html
20170214120810	http://www.touslesconcours.info:80/repository/Concours-ENS-de-Yaounde-s%C3%A9rie-lettre-bilingue-niveau-licence/lettre-bilingue-1998.pdf/	200	text/html
20170214120815	http://www.touslesconcours.info:80/repository/Concours-ENS-de-Yaounde-s%C3%A9rie-lettre-bilingue-niveau-licence/lettre-bilingue-1999-1.pdf/	200	text/html
20170214120820	http://www.touslesconcours.info:80/repository/Concours-ENS-de-Yaounde-s%C3%A9rie-lettre-bilingue-niveau-licence/lettre-bilingue-2000-1.pdf/	200	text/html
20170214120825	http://www.touslesconcours.info:80/repository/Concours-ENS-de-Yaounde-s%C3%A9rie-lettre-bilingue-niveau-licence/lettre-bilingue-2002-1.pdf/	200	text/html
20170214120830	http://www.touslesconcours.info:80/repository/Concours-ENS-de-Yaounde-s%C3%A9rie-lettre-bilingue-niveau-licence/lettre-bilingue-2002.pdf/	200	text/html
20170214120835	http://www.touslesconcours.info:80/repository/Concours-ENS-de-Yaounde-s%C3%A9rie-lettre-bilingue-niveau-licence/lettre-bilingue-2003-1.pdf/	200	text/html
20170214120840	http://www.touslesconcours.info:80/repository/Concours-ENS-de-Yaounde-s%C3%A9rie-lettre-bilingue-niveau-licence/lettre-bilingue-2004-1.pdf/	200	text/html
20170214120845	http://www.touslesconcours.info:80/repository/Concours-ENS-de-Yaounde-s%C3%A9rie-lettre-bilingue-niveau-licence/lettre-bilingue-2005-1.pdf/	200	text/html
20170214120850	http://www.touslesconcours.info:80/repository/Concours-ENS-de-Yaounde-s%C3%A9rie-lettre-bilingue-niveau-licence/lettre-bilingue-2005.pdf/	200	text/html
20170214120855	http://www.touslesconcours.info:80/repository/Concours-ENS-de-Yaounde-s%C3%A9rie-lettre-bilingue-niveau-licence/lettre-bilingue-2007-1.pdf/	200	text/html
20170214120900	http://www.touslesconcours.info:80/repository/Concours-ENS-de-Yaounde-s%C3%A9rie-lettre-bilingue-niveau-licence/lettre-bilingue-2007.pdf/	200	text/html
20170214120905	http://www.touslesconcours.info:80/repository/Concours-ENS-de-Yaounde-s%C3%A9rie-lettre-bilingue-niveau-licence/lettre-bilingue-2008-1.pdf/	200	text/html
20170214120910	http://www.touslesconcours.info:80/repository/Concours-ENS-de-Yaounde-s%C3%A9rie-lettre-bilingue-niveau-licence/lettre-bilingue-2008.pdf/	200	text/html
20170214120915	http://www.touslesconcours.info:80/repository/Concours-ENS-de-Yaounde-s%C3%A9rie-lettre-bilingue-niveau-licence/lettre-bilingue-2009-1.pdf/	200	text/html
20170214120922	http://www.touslesconcours.info:80/repository/Concours-ENS-de-Yaounde-s%C3%A9rie-lettre-bilingue-niveau-licence/lettre-bilingue-2009.pdf/	200	text/html
20170214120928	http://www.touslesconcours.info:80/repository/Concours-ENS-de-Yaounde-s%C3%A9rie-lettre-bilingue-niveau-licence/lettre-bilingue-2010-1.pdf/	200	text/html
20170214120933	http://www.touslesconcours.info:80/repository/Concours-ENS-de-Yaounde-s%C3%A9rie-lettre-bilingue-niveau-licence/lettre-bilingue-2010.pdf/	200	text/html
20170214120938	http://www.touslesconcours.info:80/repository/Concours-ENS-de-Yaounde-s%C3%A9rie-lettre-bilingue-niveau-licence/lettre-bilingue-2012.pdf/	200	text/html
20170214120944	http://www.touslesconcours.info:80/repository/Concours-ENS-de-Yaounde-s%C3%A9rie-lettre-bilingue-niveau-licence/lettre-bilingue-2013-1.pdf/	200	text/html
20170214120948	http://www.touslesconcours.info:80/repository/Concours-ENS-de-Yaounde-s%C3%A9rie-lettre-bilingue-niveau-licence/lettre-bilingue-2013.pdf/	200	text/html
20170307061900	http://touslesconcours.info/repository/Concours-ENS-de-Yaounde-s%C3%A9rie-lettre-moderne-francaise/	200	text/html
20171014012942	http://touslesconcours.info/repository/Concours-ENS-de-Yaounde-s%C3%A9rie-lettre-moderne-francaise/corrige-epreuve-majeure-2004.pdf/	200	text/html
20240626044742	https://touslesconcours.info/repository/Concours-ENS-de-Yaounde-s%C3%A9rie-lettre-moderne-francaise/corrige-epreuve-majeure-2007.pdf/	200	text/html
20240626231657	https://touslesconcours.info/repository/Concours-ENS-de-Yaounde-s%C3%A9rie-lettre-moderne-francaise/corrige-epreuve-majeure-2010.pdf/	200	text/html
20240626172904	https://touslesconcours.info/repository/Concours-ENS-de-Yaounde-s%C3%A9rie-lettre-moderne-francaise/corrige-epreuve-majeure-2011.pdf/	200	text/html
20161104000610	http://www.touslesconcours.info:80/repository/Concours-ENS-de-Yaounde-s%C3%A9rie-lettre-moderne-francaise/corrige-epreuve-majeure.pdf/	200	text/html
20240627204745	https://touslesconcours.info/repository/Concours-ENS-de-Yaounde-s%C3%A9rie-lettre-moderne-francaise/corrige-epreuve-mineure-2003.pdf/	200	text/html
20171013162051	http://touslesconcours.info/repository/Concours-ENS-de-Yaounde-s%C3%A9rie-lettre-moderne-francaise/corrige-epreuve-mineure-2005.pdf/	200	text/html
20240626075010	https://touslesconcours.info/repository/Concours-ENS-de-Yaounde-s%C3%A9rie-lettre-moderne-francaise/corrige-epreuve-mineure-2006.pdf/	200	text/html
20240626125843	https://touslesconcours.info/repository/Concours-ENS-de-Yaounde-s%C3%A9rie-lettre-moderne-francaise/corrige-epreuve-mineure-2007.pdf/	200	text/html
20240626220623	https://touslesconcours.info/repository/Concours-ENS-de-Yaounde-s%C3%A9rie-lettre-moderne-francaise/corrige-epreuve-mineure-2009.pdf/	200	text/html
20170517115800	http://www.touslesconcours.info:80/repository/Concours-ENS-de-Yaounde-s%C3%A9rie-lettre-moderne-francaise/corrige-epreuve-mineure-2010.pdf	200	text/html
20171014012912	http://touslesconcours.info/repository/Concours-ENS-de-Yaounde-s%C3%A9rie-lettre-moderne-francaise/epreuve-majeure-1-2012.pdf/	200	text/html
20171014012924	http://touslesconcours.info/repository/Concours-ENS-de-Yaounde-s%C3%A9rie-lettre-moderne-francaise/epreuve-majeure-2-2012.pdf/	200	text/html
20240626065545	https://touslesconcours.info/repository/Concours-ENS-de-Yaounde-s%C3%A9rie-lettre-moderne-francaise/epreuve-majeure-2003.pdf/	200	text/html
20240627041956	https://touslesconcours.info/repository/Concours-ENS-de-Yaounde-s%C3%A9rie-lettre-moderne-francaise/epreuve-majeure-2004.pdf/	200	text/html
20240626071349	https://touslesconcours.info/repository/Concours-ENS-de-Yaounde-s%C3%A9rie-lettre-moderne-francaise/epreuve-majeure-2005.pdf/	200	text/html
20240626041854	https://touslesconcours.info/repository/Concours-ENS-de-Yaounde-s%C3%A9rie-lettre-moderne-francaise/epreuve-majeure-2006.pdf/	200	text/html
20240626165421	https://touslesconcours.info/repository/Concours-ENS-de-Yaounde-s%C3%A9rie-lettre-moderne-francaise/epreuve-majeure-2007.pdf/	200	text/html
20161104000627	http://www.touslesconcours.info:80/repository/Concours-ENS-de-Yaounde-s%C3%A9rie-lettre-moderne-francaise/epreuve-majeure-2008.pdf/	200	text/html
20240626045705	https://touslesconcours.info/repository/Concours-ENS-de-Yaounde-s%C3%A9rie-lettre-moderne-francaise/epreuve-majeure-2010.pdf/	200	text/html
20240626151411	https://touslesconcours.info/repository/Concours-ENS-de-Yaounde-s%C3%A9rie-lettre-moderne-francaise/epreuve-majeure-2011.pdf/	200	text/html
20240626070906	https://touslesconcours.info/repository/Concours-ENS-de-Yaounde-s%C3%A9rie-lettre-moderne-francaise/epreuve-majeure-2012.pdf/	200	text/html
20171013164038	http://touslesconcours.info/repository/Concours-ENS-de-Yaounde-s%C3%A9rie-lettre-moderne-francaise/epreuve-mineure-2003.pdf/	200	text/html
20240626040853	https://touslesconcours.info/repository/Concours-ENS-de-Yaounde-s%C3%A9rie-lettre-moderne-francaise/epreuve-mineure-2004.pdf/	200	text/html
20171013164808	http://touslesconcours.info/repository/Concours-ENS-de-Yaounde-s%C3%A9rie-lettre-moderne-francaise/epreuve-mineure-2005.pdf/	200	text/html
20240626092831	https://touslesconcours.info/repository/Concours-ENS-de-Yaounde-s%C3%A9rie-lettre-moderne-francaise/epreuve-mineure-2006.pdf/	200	text/html
20240626053925	https://touslesconcours.info/repository/Concours-ENS-de-Yaounde-s%C3%A9rie-lettre-moderne-francaise/epreuve-mineure-2007.pdf/	200	text/html
20171013165444	http://touslesconcours.info/repository/Concours-ENS-de-Yaounde-s%C3%A9rie-lettre-moderne-francaise/epreuve-mineure-2009.pdf/	200	text/html
20240626133220	https://touslesconcours.info/repository/Concours-ENS-de-Yaounde-s%C3%A9rie-lettre-moderne-francaise/epreuve-mineure-2010.pdf/	200	text/html
20240627023647	https://touslesconcours.info/repository/Concours-ENS-de-Yaounde-s%C3%A9rie-lettre-moderne-francaise/epreuve-mineure-2012.pdf/	200	text/html
20240626070250	https://touslesconcours.info/repository/Concours-ENS-de-Yaounde-s%C3%A9rie-lettre-moderne-francaise/METHODOLOGIE.pdf/	200	text/html
20171124213649	http://touslesconcours.info/repository/Concours-ENS-de-Yaounde-s%C3%A9rie-lettre-moderne-francaise/orderby,5/	200	text/html
20171124231432	http://touslesconcours.info/repository/Concours-ENS-de-Yaounde-s%C3%A9rie-lettre-moderne-francaise/orderby,6/	200	text/html
20170307105759	http://touslesconcours.info/repository/Concours-ENS-de-Yaounde-s%C3%A9rie-math%C3%A9matiques/	200	text/html
20171014211232	http://touslesconcours.info/repository/Concours-ENS-de-Yaounde-s%C3%A9rie-math%C3%A9matiques/math2008.pdf/	200	text/html
20171014223859	http://touslesconcours.info/repository/Concours-ENS-de-Yaounde-s%C3%A9rie-math%C3%A9matiques/math2010.pdf/	200	text/html
20171014183940	http://touslesconcours.info/repository/Concours-ENS-de-Yaounde-s%C3%A9rie-math%C3%A9matiques/mathanalyse2012.pdf/	200	text/html
20170102043018	http://www.touslesconcours.info:80/repository/Concours-ENS-de-Yaounde-s%C3%A9rie-philosophie	200	text/html
20170102200313	http://www.touslesconcours.info:80/repository/Concours-ENS-de-Yaounde-s%C3%A9rie-philosophie/epreuves1996.pdf/	200	text/html
20170102200404	http://www.touslesconcours.info:80/repository/Concours-ENS-de-Yaounde-s%C3%A9rie-philosophie/epreuves2000.pdf/	200	text/html
20170102195436	http://www.touslesconcours.info:80/repository/Concours-ENS-de-Yaounde-s%C3%A9rie-philosophie/epreuves2001.pdf/	200	text/html
20170102161200	http://www.touslesconcours.info:80/repository/Concours-ENS-de-Yaounde-s%C3%A9rie-philosophie/epreuves2002.pdf/	200	text/html
20170102195552	http://www.touslesconcours.info:80/repository/Concours-ENS-de-Yaounde-s%C3%A9rie-philosophie/epreuves2003.pdf/	200	text/html
20170102195559	http://www.touslesconcours.info:80/repository/Concours-ENS-de-Yaounde-s%C3%A9rie-philosophie/epreuves2004.pdf/	200	text/html
20170106094301	http://www.touslesconcours.info:80/repository/Concours-ENS-de-Yaounde-s%C3%A9rie-philosophie/epreuves2005.pdf/	200	text/html
20170102195639	http://www.touslesconcours.info:80/repository/Concours-ENS-de-Yaounde-s%C3%A9rie-philosophie/epreuves2006.pdf/	200	text/html
20170106094327	http://www.touslesconcours.info:80/repository/Concours-ENS-de-Yaounde-s%C3%A9rie-philosophie/epreuves2011.pdf/	200	text/html
20170102043034	http://www.touslesconcours.info:80/repository/Concours-ENS-de-Yaounde-s%C3%A9rie-philosophie/orderby,3	200	text/html
20170106095332	http://www.touslesconcours.info:80/repository/Concours-ENS-de-Yaounde-s%C3%A9rie-philosophie/orderby,5/	200	text/html
20170106095558	http://www.touslesconcours.info:80/repository/Concours-ENS-de-Yaounde-s%C3%A9rie-philosophie/orderby,6/	200	text/html
20170106094332	http://www.touslesconcours.info:80/repository/Concours-ENS-de-Yaounde-s%C3%A9rie-philosophie/orderby,7/	200	text/html
20170308055115	http://touslesconcours.info/repository/Concours-ENS-de-Yaounde-s%C3%A9rie-Physique/	200	text/html
20171124092647	http://touslesconcours.info/repository/Concours-ENS-de-Yaounde-s%C3%A9rie-Physique/chimie-phy-2004.pdf/	200	text/html
20170329060052	http://www.touslesconcours.info:80/repository/Concours-ENS-de-Yaounde-s%C3%A9rie-Physique/chimie-phy-2014.pdf	200	text/html
20170307055715	http://touslesconcours.info/repository/Concours-ENS-de-Yaounde-s%C3%A9rie-Science-de-l%C3%A9ducation/	200	text/html
20170224160731	http://touslesconcours.info:80/repository/Concours-ENS-de-Yaounde-s%C3%A9rie-Science-de-l%C3%A9ducation/corrige-philosophie-2009.pdf/	200	text/html
20170224160736	http://touslesconcours.info:80/repository/Concours-ENS-de-Yaounde-s%C3%A9rie-Science-de-l%C3%A9ducation/corrige-philosophie-2010.pdf/	200	text/html
20161104142146	http://www.touslesconcours.info:80/repository/Concours-ENS-de-Yaounde-s%C3%A9rie-Science-de-l%C3%A9ducation/corrige-philosophie-2011.pdf/	200	text/html
20170224160741	http://touslesconcours.info:80/repository/Concours-ENS-de-Yaounde-s%C3%A9rie-Science-de-l%C3%A9ducation/corrige-philosophie-2012.pdf/	200	text/html
20170224160746	http://touslesconcours.info:80/repository/Concours-ENS-de-Yaounde-s%C3%A9rie-Science-de-l%C3%A9ducation/culture-generale-2013.pdf/	200	text/html
20171124225002	http://touslesconcours.info/repository/Concours-ENS-de-Yaounde-s%C3%A9rie-Science-de-l%C3%A9ducation/orderby,3/	200	text/html
20171124223535	http://touslesconcours.info/repository/Concours-ENS-de-Yaounde-s%C3%A9rie-Science-de-l%C3%A9ducation/orderby,5/	200	text/html
20170224160751	http://touslesconcours.info:80/repository/Concours-ENS-de-Yaounde-s%C3%A9rie-Science-de-l%C3%A9ducation/philosophie-2009.pdf/	200	text/html
20170224160756	http://touslesconcours.info:80/repository/Concours-ENS-de-Yaounde-s%C3%A9rie-Science-de-l%C3%A9ducation/philosophie-2010.pdf/	200	text/html
20170224160802	http://touslesconcours.info:80/repository/Concours-ENS-de-Yaounde-s%C3%A9rie-Science-de-l%C3%A9ducation/philosophie-2011.pdf/	200	text/html
20170224160806	http://touslesconcours.info:80/repository/Concours-ENS-de-Yaounde-s%C3%A9rie-Science-de-l%C3%A9ducation/philosophie-2012.pdf/	200	text/html
20170224160811	http://touslesconcours.info:80/repository/Concours-ENS-de-Yaounde-s%C3%A9rie-Science-de-l%C3%A9ducation/philosophie-2013.pdf/	200	text/html
20160205123548	http://www.touslesconcours.info:80/repository/Concours-ENS-Yaounde-s%C3%A9rie-allemand-niveau-Bac/	200	text/html
20171124101225	http://touslesconcours.info/repository/Concours-ENS-Yaounde-s%C3%A9rie-allemand-niveau-Bac/allemand2004.pdf/	200	text/html
20160204013752	http://www.touslesconcours.info:80/repository/Concours-ENS-Yaounde-s%C3%A9rie-allemand-niveau-Licence/	200	text/html
20170214140219	http://www.touslesconcours.info:80/repository/Concours-ENS-Yaounde-s%C3%A9rie-allemand-niveau-Licence/allemand-2-1997.pdf/	200	text/html
20170214140224	http://www.touslesconcours.info:80/repository/Concours-ENS-Yaounde-s%C3%A9rie-allemand-niveau-Licence/allemand-2-1999.pdf/	200	text/html
20170214140229	http://www.touslesconcours.info:80/repository/Concours-ENS-Yaounde-s%C3%A9rie-allemand-niveau-Licence/allemand-2-2000.pdf/	200	text/html
20170214140234	http://www.touslesconcours.info:80/repository/Concours-ENS-Yaounde-s%C3%A9rie-allemand-niveau-Licence/allemand-2-2001.pdf/	200	text/html
20170214140240	http://www.touslesconcours.info:80/repository/Concours-ENS-Yaounde-s%C3%A9rie-allemand-niveau-Licence/allemand-2-2003.pdf/	200	text/html
20170214140244	http://www.touslesconcours.info:80/repository/Concours-ENS-Yaounde-s%C3%A9rie-allemand-niveau-Licence/allemand-2-2006.pdf/	200	text/html
20170214140249	http://www.touslesconcours.info:80/repository/Concours-ENS-Yaounde-s%C3%A9rie-allemand-niveau-Licence/orderby,1/	200	text/html
20170214140254	http://www.touslesconcours.info:80/repository/Concours-ENS-Yaounde-s%C3%A9rie-allemand-niveau-Licence/orderby,3/	200	text/html
20170214140259	http://www.touslesconcours.info:80/repository/Concours-ENS-Yaounde-s%C3%A9rie-allemand-niveau-Licence/orderby,4/	200	text/html
20170214140305	http://www.touslesconcours.info:80/repository/Concours-ENS-Yaounde-s%C3%A9rie-allemand-niveau-Licence/orderby,5/	200	text/html
20170214140309	http://www.touslesconcours.info:80/repository/Concours-ENS-Yaounde-s%C3%A9rie-allemand-niveau-Licence/orderby,6/	200	text/html
20170214140314	http://www.touslesconcours.info:80/repository/Concours-ENS-Yaounde-s%C3%A9rie-allemand-niveau-Licence/orderby,7/	200	text/html
20170308060915	http://touslesconcours.info/repository/Concours-ENSET-BAC/	200	text/html
20170308015703	http://touslesconcours.info/repository/Concours-ENSET-Bambili/	200	text/html
20170307105454	http://touslesconcours.info/repository/Concours-ENSET-Bambili-electrotechnique/	200	text/html
20150813000223	http://www.touslesconcours.info:80/repository/Concours-ENSET-Bambili-marketing-comptabilit%C3%A9-management	200	text/html
20150824060511	http://www.touslesconcours.info:80/repository/Concours-ENSET-Bambili-marketing-comptabilit%C3%A9-management/corrige-marketing-account-management-bambili-2009.pdf	200	text/html
20150824060516	http://www.touslesconcours.info:80/repository/Concours-ENSET-Bambili-marketing-comptabilit%C3%A9-management/corrige-marketing-account-management-bambili-2011.pdf	200	text/html
20150824060600	http://www.touslesconcours.info:80/repository/Concours-ENSET-Bambili-marketing-comptabilit%C3%A9-management/corrige-marketing-account-management-bambili-2012.pdf	200	text/html
20150824060617	http://www.touslesconcours.info:80/repository/Concours-ENSET-Bambili-marketing-comptabilit%C3%A9-management/marketing-account-management-bambili-2010.pdf	200	text/html
20171124103320	http://touslesconcours.info/repository/Concours-ENSET-Bambili-marketing-comptabilit%C3%A9-management/orderby,6/	200	text/html
20160824053314	http://www.touslesconcours.info:80/repository/Concours-ENSET-Bambili-math%C3%83%C2%A9matiques/math-bambili-1-2011.pdf/	200	text/html
20170308021640	http://touslesconcours.info/repository/Concours-ENSET-Bambili-math%C3%A9matiques/	200	text/html
20170516222443	http://touslesconcours.info:80/repository/Concours-ENSET-Bambili-math%C3%A9matiques/math-bambili-2010.pdf	200	text/html
20170516222446	http://touslesconcours.info:80/repository/Concours-ENSET-Bambili-math%C3%A9matiques/math-bambili-2011.pdf	200	text/html
20170516222451	http://touslesconcours.info:80/repository/Concours-ENSET-Bambili-math%C3%A9matiques/math-bambili-2012.pdf	200	text/html
20170516222458	http://touslesconcours.info:80/repository/Concours-ENSET-Bambili-math%C3%A9matiques/math-bambili-2013.pdf	200	text/html
20171124171734	http://touslesconcours.info/repository/Concours-ENSET-Bambili-math%C3%A9matiques/orderby,6/	200	text/html
20170308171159	http://touslesconcours.info/repository/Concours-ENSET-Bambili-physique/	200	text/html
20171124124211	http://touslesconcours.info/repository/Concours-ENSET-Bambili-physique/orderby,4/	200	text/html
20171124110536	http://touslesconcours.info/repository/Concours-ENSET-Bambili-physique/physique-bambili-2009.pdf/	200	text/html
20161114214801	http://touslesconcours.info:80/repository/Concours-ENSET-Bambili-second-cycle	200	text/html
20171124223141	http://touslesconcours.info/repository/Concours-ENSET-Bambili-second-cycle/business-mathematics-2-2011.pdf/	200	text/html
20171124212848	http://touslesconcours.info/repository/Concours-ENSET-Bambili-second-cycle/business-mathematics-2-2013.pdf/	200	text/html
20171124214116	http://touslesconcours.info/repository/Concours-ENSET-Bambili-second-cycle/child-psychology-2-2013.pdf/	200	text/html
20170516222519	http://touslesconcours.info:80/repository/Concours-ENSET-Bambili-second-cycle/corrige-mathematics-for-all-industrial-series-2009.pdf	200	text/html
20170516222522	http://touslesconcours.info:80/repository/Concours-ENSET-Bambili-second-cycle/corrige-mathematics-for-all-industrial-series-2010.pdf	200	text/html
20170516194442	http://touslesconcours.info:80/repository/Concours-ENSET-Bambili-second-cycle/corrige-mathematics-for-all-industrial-series-2012.pdf	200	text/html
20170516222526	http://touslesconcours.info:80/repository/Concours-ENSET-Bambili-second-cycle/corrige-mathematics-for-all-industrial-series-2014.pdf	200	text/html
20170516222530	http://touslesconcours.info:80/repository/Concours-ENSET-Bambili-second-cycle/fundamental-computer-science-2-2011.pdf	200	text/html
20170516194448	http://touslesconcours.info:80/repository/Concours-ENSET-Bambili-second-cycle/fundamental-computer-science-2-2013.pdf	200	text/html
20170516205440	http://touslesconcours.info:80/repository/Concours-ENSET-Bambili-second-cycle/fundamental-computer-science-2-2014.pdf	200	text/html
20170516222503	http://touslesconcours.info:80/repository/Concours-ENSET-Bambili-second-cycle/ICT-2-2014.pdf	200	text/html
20170516222516	http://touslesconcours.info:80/repository/Concours-ENSET-Bambili-second-cycle/IMC-2-2013.pdf	200	text/html
20170516222536	http://touslesconcours.info:80/repository/Concours-ENSET-Bambili-second-cycle/mathematics-for-all-industrial-series-2009.pdf	200	text/html
20170516222541	http://touslesconcours.info:80/repository/Concours-ENSET-Bambili-second-cycle/mathematics-for-all-industrial-series-2010.pdf	200	text/html
20170516222548	http://touslesconcours.info:80/repository/Concours-ENSET-Bambili-second-cycle/mathematics-for-all-industrial-series-2011.pdf	200	text/html
20170516222553	http://touslesconcours.info:80/repository/Concours-ENSET-Bambili-second-cycle/mathematics-for-all-industrial-series-2012.pdf	200	text/html
20170516222557	http://touslesconcours.info:80/repository/Concours-ENSET-Bambili-second-cycle/mathematics-for-all-industrial-series-2013.pdf	200	text/html
20170516222602	http://touslesconcours.info:80/repository/Concours-ENSET-Bambili-second-cycle/mathematics-for-all-industrial-series-2014.pdf	200	text/html
20170101083404	http://www.touslesconcours.info:80/repository/Concours-ENSET-Bambili-second-cycle/orderby,6	200	text/html
20170516222608	http://touslesconcours.info:80/repository/Concours-ENSET-Bambili-second-cycle/statistic-2-2012.pdf	200	text/html
20170516222612	http://touslesconcours.info:80/repository/Concours-ENSET-Bambili-second-cycle/statistic-2-2013.pdf	200	text/html
20170516222617	http://touslesconcours.info:80/repository/Concours-ENSET-Bambili-second-cycle/statistic-2-2014.pdf	200	text/html
20161116074731	http://touslesconcours.info:80/repository/Concours-ENSET-BTS	200	text/html
20161213113557	http://www.touslesconcours.info:80/repository/Concours-ENSET-BTS/Action-commerciale-2014.pdf	200	text/html
20171009180845	http://touslesconcours.info/repository/Concours-ENSET-BTS/CG-2014.pdf/	200	text/html
20161020082841	http://www.touslesconcours.info:80/repository/Concours-ENSET-BTS/Epreuve-professionnelle-synthese-2014.pdf	200	text/html
20170517074712	http://touslesconcours.info:80/repository/Concours-ENSET-BTS/Genie-civil-2014.pdf	200	text/html
20171009172309	http://touslesconcours.info/repository/Concours-ENSET-BTS/Genie-informatique-2014.pdf/	200	text/html
20171006192221	http://touslesconcours.info/repository/Concours-ENSET-BTS/MEB-2014.pdf/	200	text/html
20171006194214	http://touslesconcours.info/repository/Concours-ENSET-BTS/Specialite-2014.pdf/	200	text/html
20171008065958	http://touslesconcours.info/repository/Concours-ENSET-BTS/Specialite-ACC-CI-2014.pdf/	200	text/html
20171006160429	http://touslesconcours.info/repository/Concours-ENSET-BTS/TQG-2014.pdf/	200	text/html
20170307060024	http://touslesconcours.info/repository/Concours-ENSET-DOUALA-niveau-bac-sujets-de-math%C3%A9matiques/	200	text/html
20170315194354	http://www.touslesconcours.info:80/repository/Concours-ENSET-DOUALA-niveau-bac-sujets-de-math%C3%A9matiques/corrige-math-2007.pdf/	200	text/html
20170315193239	http://www.touslesconcours.info:80/repository/Concours-ENSET-DOUALA-niveau-bac-sujets-de-math%C3%A9matiques/corrige-math-2008.pdf/	200	text/html
20170315193246	http://www.touslesconcours.info:80/repository/Concours-ENSET-DOUALA-niveau-bac-sujets-de-math%C3%A9matiques/corrige-math-2009.pdf/	200	text/html
20170315193808	http://www.touslesconcours.info:80/repository/Concours-ENSET-DOUALA-niveau-bac-sujets-de-math%C3%A9matiques/corrige-math-2011.pdf/	200	text/html
20170315193816	http://www.touslesconcours.info:80/repository/Concours-ENSET-DOUALA-niveau-bac-sujets-de-math%C3%A9matiques/corrige-math-2012.pdf/	200	text/html
20170315195007	http://www.touslesconcours.info:80/repository/Concours-ENSET-DOUALA-niveau-bac-sujets-de-math%C3%A9matiques/corrige-math-2013.pdf/	200	text/html
20170315194359	http://www.touslesconcours.info:80/repository/Concours-ENSET-DOUALA-niveau-bac-sujets-de-math%C3%A9matiques/math-enset-2007.pdf/	200	text/html
20170315193826	http://www.touslesconcours.info:80/repository/Concours-ENSET-DOUALA-niveau-bac-sujets-de-math%C3%A9matiques/math-enset-2008.pdf/	200	text/html
20171006165147	http://touslesconcours.info/repository/Concours-ENSET-DOUALA-niveau-bac-sujets-de-math%C3%A9matiques/math-enset-2010.pdf/	200	text/html
20170315193855	http://www.touslesconcours.info:80/repository/Concours-ENSET-DOUALA-niveau-bac-sujets-de-math%C3%A9matiques/math-enset-2011.pdf/	200	text/html
20170315194404	http://www.touslesconcours.info:80/repository/Concours-ENSET-DOUALA-niveau-bac-sujets-de-math%C3%A9matiques/math-enset-2013.pdf/	200	text/html
20170315194445	http://www.touslesconcours.info:80/repository/Concours-ENSET-DOUALA-niveau-bac-sujets-de-math%C3%A9matiques/orderby,1/	200	text/html
20170315193257	http://www.touslesconcours.info:80/repository/Concours-ENSET-DOUALA-niveau-bac-sujets-de-math%C3%A9matiques/orderby,2/	200	text/html
20170315194759	http://www.touslesconcours.info:80/repository/Concours-ENSET-DOUALA-niveau-bac-sujets-de-math%C3%A9matiques/orderby,3/	200	text/html
20170315195141	http://www.touslesconcours.info:80/repository/Concours-ENSET-DOUALA-niveau-bac-sujets-de-math%C3%A9matiques/orderby,4/	200	text/html
20170315193349	http://www.touslesconcours.info:80/repository/Concours-ENSET-DOUALA-niveau-bac-sujets-de-math%C3%A9matiques/orderby,5/	200	text/html
20170315193354	http://www.touslesconcours.info:80/repository/Concours-ENSET-DOUALA-niveau-bac-sujets-de-math%C3%A9matiques/orderby,6/	200	text/html
20171124144723	http://touslesconcours.info/repository/Concours-ENSET-DOUALA-niveau-bac-sujets-de-math%C3%A9matiques/orderby,7/	200	text/html
20170308015546	http://touslesconcours.info/repository/Concours-ENSET-DOUALA-niveau-bac-sujets-de-physique/	200	text/html
20171006052456	http://touslesconcours.info/repository/Concours-ENSET-DOUALA-niveau-bac-sujets-de-physique/corrige-physique-2007.pdf/	200	text/html
20171006162028	http://touslesconcours.info/repository/Concours-ENSET-DOUALA-niveau-bac-sujets-de-physique/corrige-physique-2009.pdf/	200	text/html
20171006092052	http://touslesconcours.info/repository/Concours-ENSET-DOUALA-niveau-bac-sujets-de-physique/corrige-physique-2010.pdf/	200	text/html
20170516223330	http://www.touslesconcours.info:80/repository/Concours-ENSET-DOUALA-niveau-bac-sujets-de-physique/corrige-physique-2011.pdf	200	text/html
20171006045346	http://touslesconcours.info/repository/Concours-ENSET-DOUALA-niveau-bac-sujets-de-physique/corrige-physique-2012.pdf/	200	text/html
20171124194016	http://touslesconcours.info/repository/Concours-ENSET-DOUALA-niveau-bac-sujets-de-physique/corrige-physique-2013.pdf/	200	text/html
20171124191415	http://touslesconcours.info/repository/Concours-ENSET-DOUALA-niveau-bac-sujets-de-physique/orderby,3/	200	text/html
20171124190101	http://touslesconcours.info/repository/Concours-ENSET-DOUALA-niveau-bac-sujets-de-physique/orderby,4/	200	text/html
20171124192956	http://touslesconcours.info/repository/Concours-ENSET-DOUALA-niveau-bac-sujets-de-physique/orderby,5/	200	text/html
20171124181052	http://touslesconcours.info/repository/Concours-ENSET-DOUALA-niveau-bac-sujets-de-physique/orderby,6/	200	text/html
20171124184808	http://touslesconcours.info/repository/Concours-ENSET-DOUALA-niveau-bac-sujets-de-physique/orderby,7/	200	text/html
20171006015627	http://touslesconcours.info/repository/Concours-ENSET-DOUALA-niveau-bac-sujets-de-physique/physique-enset-2007.pdf/	200	text/html
20170517114012	http://www.touslesconcours.info:80/repository/Concours-ENSET-DOUALA-niveau-bac-sujets-de-physique/physique-enset-2008.pdf	200	text/html
20171006193913	http://touslesconcours.info/repository/Concours-ENSET-DOUALA-niveau-bac-sujets-de-physique/physique-enset-2009.pdf/	200	text/html
20171007155618	http://touslesconcours.info/repository/Concours-ENSET-DOUALA-niveau-bac-sujets-de-physique/physique-enset-2010.pdf/	200	text/html
20171006082410	http://touslesconcours.info/repository/Concours-ENSET-DOUALA-niveau-bac-sujets-de-physique/physique-enset-2011.pdf/	200	text/html
20170517074717	http://touslesconcours.info:80/repository/Concours-ENSET-DOUALA-niveau-bac-sujets-de-physique/physique-enset-2013.pdf	200	text/html
20170307060236	http://touslesconcours.info/repository/Concours-ENSET-LICENCE/	200	text/html
20171010005631	http://touslesconcours.info/repository/Concours-ENSET-LICENCE/Comptabilite-finabce-2014.pdf/	200	text/html
20171009072610	http://touslesconcours.info/repository/Concours-ENSET-LICENCE/Conseiller-orientation-2014.pdf/	200	text/html
20171006042305	http://touslesconcours.info/repository/Concours-ENSET-LICENCE/Culture-generaleeee-2014.pdf/	200	text/html
20171005122524	http://touslesconcours.info/repository/Concours-ENSET-LICENCE/Droit-public-2014.pdf/	200	text/html
20171008180558	http://touslesconcours.info/repository/Concours-ENSET-LICENCE/EEA-2014.pdf/	200	text/html
20171007001025	http://touslesconcours.info/repository/Concours-ENSET-LICENCE/GEL-culture-generale-2014.pdf/	200	text/html
20171008180605	http://touslesconcours.info/repository/Concours-ENSET-LICENCE/Physique-et-EEA-2014.pdf/	200	text/html
20171008024119	http://touslesconcours.info/repository/Concours-ENSET-LICENCE/Sociologie-generale-2014.pdf/	200	text/html
20171008142004	http://touslesconcours.info/repository/Concours-ENSET-LICENCE/TAD-MIO-2014.pdf/	200	text/html
20171006192239	http://touslesconcours.info/repository/Concours-ENSET-LICENCE/TAD3-2014.pdf/	200	text/html
20171007004218	http://touslesconcours.info/repository/Concours-ENSET-LICENCE/TQG-2014.pdf/	200	text/html
20171009224119	http://touslesconcours.info/repository/Concours-ENSET-LICENCE/TQG-Marketing-2014.pdf/	200	text/html
20161112232317	http://touslesconcours.info:80/repository/Concours-ENSP/	200	text/html
20161112232811	http://touslesconcours.info:80/repository/Concours-ENSP/corrige-math-ensp-2000.pdf/	200	text/html
20161112232322	http://touslesconcours.info:80/repository/Concours-ENSP/corrige-math-ensp-2001.pdf/	200	text/html
20161112232816	http://touslesconcours.info:80/repository/Concours-ENSP/corrige-math-ensp-2002.pdf/	200	text/html
20161112232327	http://touslesconcours.info:80/repository/Concours-ENSP/corrige-math-ensp-2003.pdf/	200	text/html
20161112232332	http://touslesconcours.info:80/repository/Concours-ENSP/corrige-math-ensp-2004.pdf/	200	text/html
20161112232337	http://touslesconcours.info:80/repository/Concours-ENSP/corrige-math-ensp-2005.pdf/	200	text/html
20161112232821	http://touslesconcours.info:80/repository/Concours-ENSP/corrige-math-ensp-2006.pdf/	200	text/html
20161112232826	http://touslesconcours.info:80/repository/Concours-ENSP/corrige-math-ensp-2007.pdf/	200	text/html
20161112232344	http://touslesconcours.info:80/repository/Concours-ENSP/corrige-math-ensp-2008.pdf/	200	text/html
20161112232352	http://touslesconcours.info:80/repository/Concours-ENSP/corrige-math-ensp-2009.pdf/	200	text/html
20161112232355	http://touslesconcours.info:80/repository/Concours-ENSP/corrige-physique-ensp-2000.pdf/	200	text/html
20161112232831	http://touslesconcours.info:80/repository/Concours-ENSP/corrige-physique-ensp-2001.pdf/	200	text/html
20161112232359	http://touslesconcours.info:80/repository/Concours-ENSP/corrige-physique-ensp-2002.pdf/	200	text/html
20161112232836	http://touslesconcours.info:80/repository/Concours-ENSP/corrige-physique-ensp-2003.pdf/	200	text/html
20161112232841	http://touslesconcours.info:80/repository/Concours-ENSP/corrige-physique-ensp-2004.pdf/	200	text/html
20161112232405	http://touslesconcours.info:80/repository/Concours-ENSP/corrige-physique-ensp-2005.pdf/	200	text/html
20161112232410	http://touslesconcours.info:80/repository/Concours-ENSP/corrige-physique-ensp-2006.pdf/	200	text/html
20161112232415	http://touslesconcours.info:80/repository/Concours-ENSP/corrige-physique-ensp-2007.pdf/	200	text/html
20161112232421	http://touslesconcours.info:80/repository/Concours-ENSP/corrige-physique-ensp-2008.pdf/	200	text/html
20161112232426	http://touslesconcours.info:80/repository/Concours-ENSP/corrige-physique-ensp-2009.pdf/	200	text/html
20161112232846	http://touslesconcours.info:80/repository/Concours-ENSP/math-ensp-2000.pdf/	200	text/html
20161112232431	http://touslesconcours.info:80/repository/Concours-ENSP/math-ensp-2001.pdf/	200	text/html
20161112232851	http://touslesconcours.info:80/repository/Concours-ENSP/math-ensp-2002.pdf/	200	text/html
20161112232436	http://touslesconcours.info:80/repository/Concours-ENSP/math-ensp-2003.pdf/	200	text/html
20161112232441	http://touslesconcours.info:80/repository/Concours-ENSP/math-ensp-2004.pdf/	200	text/html
20161112232856	http://touslesconcours.info:80/repository/Concours-ENSP/math-ensp-2005.pdf/	200	text/html
20161112232901	http://touslesconcours.info:80/repository/Concours-ENSP/math-ensp-2006.pdf/	200	text/html
20161112232446	http://touslesconcours.info:80/repository/Concours-ENSP/math-ensp-2007.pdf/	200	text/html
20161112232451	http://touslesconcours.info:80/repository/Concours-ENSP/math-ensp-2008.pdf/	200	text/html
20161112232909	http://touslesconcours.info:80/repository/Concours-ENSP/math-ensp-2009.pdf/	200	text/html
20161112232456	http://touslesconcours.info:80/repository/Concours-ENSP/math-ensp-2010.pdf/	200	text/html
20161112232501	http://touslesconcours.info:80/repository/Concours-ENSP/math-ensp-2011.pdf/	200	text/html
20161112232916	http://touslesconcours.info:80/repository/Concours-ENSP/math-ensp-2012.pdf/	200	text/html
20161112232507	http://touslesconcours.info:80/repository/Concours-ENSP/math-ensp-2013.pdf/	200	text/html
20161112232512	http://touslesconcours.info:80/repository/Concours-ENSP/math-ensp-2014.pdf/	200	text/html
20161112232517	http://touslesconcours.info:80/repository/Concours-ENSP/math-ensp-2015.pdf/	200	text/html
20171124194434	http://touslesconcours.info/repository/Concours-ENSP/orderby,1/	200	text/html
20171124182732	http://touslesconcours.info/repository/Concours-ENSP/orderby,3/	200	text/html
20171124184855	http://touslesconcours.info/repository/Concours-ENSP/orderby,4/	200	text/html
20171124181155	http://touslesconcours.info/repository/Concours-ENSP/orderby,5/	200	text/html
20160605141350	http://www.touslesconcours.info:80/repository/Concours-ENSP/orderby,7	200	text/html
20161112232522	http://touslesconcours.info:80/repository/Concours-ENSP/physique-ensp-2000.pdf/	200	text/html
20161112232527	http://touslesconcours.info:80/repository/Concours-ENSP/physique-ensp-2001.pdf/	200	text/html
20161112232532	http://touslesconcours.info:80/repository/Concours-ENSP/physique-ensp-2002.pdf/	200	text/html
20161112232537	http://touslesconcours.info:80/repository/Concours-ENSP/physique-ensp-2003.pdf/	200	text/html
20161112232542	http://touslesconcours.info:80/repository/Concours-ENSP/physique-ensp-2004.pdf/	200	text/html
20161112232548	http://touslesconcours.info:80/repository/Concours-ENSP/physique-ensp-2005.pdf/	200	text/html
20161112232921	http://touslesconcours.info:80/repository/Concours-ENSP/physique-ensp-2006.pdf/	200	text/html
20161112232553	http://touslesconcours.info:80/repository/Concours-ENSP/physique-ensp-2007.pdf/	200	text/html
20161112232926	http://touslesconcours.info:80/repository/Concours-ENSP/physique-ensp-2008.pdf/	200	text/html
20161112232557	http://touslesconcours.info:80/repository/Concours-ENSP/physique-ensp-2009.pdf/	200	text/html
20161112232931	http://touslesconcours.info:80/repository/Concours-ENSP/physique-ensp-2010.pdf/	200	text/html
20161112232602	http://touslesconcours.info:80/repository/Concours-ENSP/physique-ensp-2011.pdf/	200	text/html
20160614230647	http://www.touslesconcours.info:80/repository/Concours-ENSP/physique-ensp-2012.pdf	200	text/html
20161112232937	http://touslesconcours.info:80/repository/Concours-ENSP/physique-ensp-2013.pdf/	200	text/html
20161112232612	http://touslesconcours.info:80/repository/Concours-ENSP/physique-ensp-2014.pdf/	200	text/html
20161112232619	http://touslesconcours.info:80/repository/Concours-ENSP/physique-ensp-2015.pdf/	200	text/html
20170105101335	http://touslesconcours.info:80/repository/Concours-ESSTIC	200	text/html
20160807233421	http://www.touslesconcours.info:80/repository/Concours-ESSTIC/ESSTIC-2008.pdf/	200	text/html
20160808035308	http://www.touslesconcours.info:80/repository/Concours-ESSTIC/ESSTIC-2009.pdf/	200	text/html
20160808034400	http://www.touslesconcours.info:80/repository/Concours-ESSTIC/ESSTIC-2010.pdf/	200	text/html
20160808035231	http://www.touslesconcours.info:80/repository/Concours-ESSTIC/ESSTIC-2011.pdf/	200	text/html
20160808040407	http://www.touslesconcours.info:80/repository/Concours-ESSTIC/ESSTIC-2012.pdf/	200	text/html
20160808034404	http://www.touslesconcours.info:80/repository/Concours-ESSTIC/ESSTIC-2013.pdf/	200	text/html
20171124191539	http://touslesconcours.info/repository/Concours-ESSTIC/orderby,1/	200	text/html
20171124175602	http://touslesconcours.info/repository/Concours-ESSTIC/orderby,3/	200	text/html
20171124193117	http://touslesconcours.info/repository/Concours-ESSTIC/orderby,7/	200	text/html
20160730003440	http://touslesconcours.info:80/repository/Concours-FASA-sujets-de-biologie	200	text/html
20171012142513	http://touslesconcours.info/repository/Concours-FASA-sujets-de-biologie/biologie-fasa-2005.pdf/	200	text/html
20171008120725	http://touslesconcours.info/repository/Concours-FASA-sujets-de-biologie/biologie-fasa-2007.pdf/	200	text/html
20171008120713	http://touslesconcours.info/repository/Concours-FASA-sujets-de-biologie/biologie-fasa-2008.pdf/	200	text/html
20160804181709	http://touslesconcours.info:80/repository/Concours-FASA-sujets-de-biologie/biologie-fasa-2012.pdf	200	text/html
20160803234315	http://touslesconcours.info:80/repository/Concours-FASA-sujets-de-biologie/biologie-fasa-2013.pdf	200	text/html
20171129182439	http://touslesconcours.info/repository/Concours-FASA-sujets-de-biologie/orderby,1/	200	text/html
20160730025555	http://touslesconcours.info:80/repository/Concours-FASA-sujets-de-Culture-g%C3%A9n%C3%A9rale	200	text/html
20171015041709	http://touslesconcours.info/repository/Concours-FASA-sujets-de-Culture-g%C3%A9n%C3%A9rale/culture-generale-fasa-2005.pdf/	200	text/html
20171007111622	http://touslesconcours.info/repository/Concours-FASA-sujets-de-Culture-g%C3%A9n%C3%A9rale/culture-generale-fasa-2006.pdf/	200	text/html
20171010214250	http://touslesconcours.info/repository/Concours-FASA-sujets-de-Culture-g%C3%A9n%C3%A9rale/culture-generale-fasa-2007.pdf/	200	text/html
20171008020639	http://touslesconcours.info/repository/Concours-FASA-sujets-de-Culture-g%C3%A9n%C3%A9rale/culture-generale-fasa-2008.pdf/	200	text/html
20170215113854	http://www.touslesconcours.info:80/repository/Concours-FASA-sujets-de-Culture-g%C3%A9n%C3%A9rale/culture-generale-fasa-2009.pdf	200	text/html
20171015041724	http://touslesconcours.info/repository/Concours-FASA-sujets-de-Culture-g%C3%A9n%C3%A9rale/culture-generale-fasa-2011.pdf/	200	text/html
20171015041729	http://touslesconcours.info/repository/Concours-FASA-sujets-de-Culture-g%C3%A9n%C3%A9rale/culture-generale-fasa-2012.pdf/	200	text/html
20160804180644	http://touslesconcours.info:80/repository/Concours-FASA-sujets-de-Culture-g%C3%A9n%C3%A9rale/culture-generale-fasa-2014.pdf	200	text/html
20171129180538	http://touslesconcours.info/repository/Concours-FASA-sujets-de-Culture-g%C3%A9n%C3%A9rale/orderby,3/	200	text/html
20171129163607	http://touslesconcours.info/repository/Concours-FASA-sujets-de-Culture-g%C3%A9n%C3%A9rale/orderby,6/	200	text/html
20160730025425	http://touslesconcours.info:80/repository/Concours-Fasa-sujets-de-math	200	text/html
20170215113858	http://www.touslesconcours.info:80/repository/Concours-Fasa-sujets-de-math/mathematiques-fasa-2004.pdf	200	text/html
20171010214256	http://touslesconcours.info/repository/Concours-Fasa-sujets-de-math/mathematiques-fasa-2005.pdf/	200	text/html
20171010144116	http://touslesconcours.info/repository/Concours-Fasa-sujets-de-math/mathematiques-fasa-2008.pdf/	200	text/html
20170215113504	http://www.touslesconcours.info:80/repository/Concours-Fasa-sujets-de-math/mathematiques-fasa-2009.pdf	200	text/html
20171015041719	http://touslesconcours.info/repository/Concours-Fasa-sujets-de-math/mathematiques-fasa-2010.pdf/	200	text/html
20170215113903	http://www.touslesconcours.info:80/repository/Concours-Fasa-sujets-de-math/mathematiques-fasa-2012.pdf	200	text/html
20160804181730	http://touslesconcours.info:80/repository/Concours-Fasa-sujets-de-math/mathematiques-fasa-2014.pdf	200	text/html
20171124224034	http://touslesconcours.info/repository/Concours-Fasa-sujets-de-math/orderby,5/	200	text/html
20160730025247	http://touslesconcours.info:80/repository/Concours-FASA-sujets-de-physique-chimie	200	text/html
20171008023728	http://touslesconcours.info/repository/Concours-FASA-sujets-de-physique-chimie/chimie-physique-fasa-2004.pdf/	200	text/html
20171008120651	http://touslesconcours.info/repository/Concours-FASA-sujets-de-physique-chimie/chimie-physique-fasa-2005.pdf/	200	text/html
20171012212718	http://touslesconcours.info/repository/Concours-FASA-sujets-de-physique-chimie/chimie-physique-fasa-2008.pdf/	200	text/html
20171015041714	http://touslesconcours.info/repository/Concours-FASA-sujets-de-physique-chimie/chimie-physique-fasa-2009.pdf/	200	text/html
20171012142501	http://touslesconcours.info/repository/Concours-FASA-sujets-de-physique-chimie/chimie-physique-fasa-2011.pdf/	200	text/html
20171010142553	http://touslesconcours.info/repository/Concours-FASA-sujets-de-physique-chimie/chimie-physique-fasa-2012.pdf/	200	text/html
20160804181719	http://touslesconcours.info:80/repository/Concours-FASA-sujets-de-physique-chimie/chimie-physique-fasa-2013.pdf	200	text/html
20160817204954	http://touslesconcours.info:80/repository/Concours-INJS-sujets-de-culture-g%C3%A9n%C3%A9rale	200	text/html
20160823135157	http://touslesconcours.info:80/repository/Concours-INJS-sujets-de-culture-g%C3%A9n%C3%A9rale/CJA-PAEPS-INJS-culture-generale-1999.pdf/	200	text/html
20160823144541	http://touslesconcours.info:80/repository/Concours-INJS-sujets-de-culture-g%C3%A9n%C3%A9rale/CJA-PAEPS-INJS-culture-generale-2001.pdf/	200	text/html
20160823135934	http://touslesconcours.info:80/repository/Concours-INJS-sujets-de-culture-g%C3%A9n%C3%A9rale/CJA-PAEPS-INJS-culture-generale-2004.pdf/	200	text/html
20160823134246	http://touslesconcours.info:80/repository/Concours-INJS-sujets-de-culture-g%C3%A9n%C3%A9rale/CJA-PAEPS-INJS-culture-generale-2008.pdf/	200	text/html
20160823140449	http://touslesconcours.info:80/repository/Concours-INJS-sujets-de-culture-g%C3%A9n%C3%A9rale/CJA-PAEPS-INJS-culture-generale-2009.pdf/	200	text/html
20160823135939	http://touslesconcours.info:80/repository/Concours-INJS-sujets-de-culture-g%C3%A9n%C3%A9rale/CJA-PAEPS-INJS-culture-generale-2010.pdf/	200	text/html
20160823132258	http://touslesconcours.info:80/repository/Concours-INJS-sujets-de-culture-g%C3%A9n%C3%A9rale/CJA-PAEPS-INJS-culture-generale-2011.pdf/	200	text/html
20160823140304	http://touslesconcours.info:80/repository/Concours-INJS-sujets-de-culture-g%C3%A9n%C3%A9rale/CPJA-PEPS-INJS-culture-generale-2007.pdf/	200	text/html
20160823132722	http://touslesconcours.info:80/repository/Concours-INJS-sujets-de-culture-g%C3%A9n%C3%A9rale/CPJA-PEPS-INJS-culture-generale-2008.pdf/	200	text/html
20160823134957	http://touslesconcours.info:80/repository/Concours-INJS-sujets-de-culture-g%C3%A9n%C3%A9rale/CPJA-PEPS-INJS-culture-generale-2009.pdf/	200	text/html
20170212161227	http://www.touslesconcours.info:80/repository/Concours-INJS-sujets-de-culture-g%C3%A9n%C3%A9rale/CPJA-PEPS-INJS-culture-generale-2010.pdf/	200	text/html
20170212155321	http://www.touslesconcours.info:80/repository/Concours-INJS-sujets-de-culture-g%C3%A9n%C3%A9rale/IJA-MEPS-CENAJES-culture-genarale-2007.pdf/	200	text/html
20170212155341	http://www.touslesconcours.info:80/repository/Concours-INJS-sujets-de-culture-g%C3%A9n%C3%A9rale/INJS-culture-generale-2005.pdf/	200	text/html
20170212232721	http://www.touslesconcours.info:80/repository/Concours-INJS-sujets-de-culture-g%C3%A9n%C3%A9rale/INJS-culture-generale-2013.pdf/	200	text/html
20170213000128	http://www.touslesconcours.info:80/repository/Concours-INJS-sujets-de-culture-g%C3%A9n%C3%A9rale/INJS-culture-generale-sujet-2-2013.pdf/	200	text/html
20160823135220	http://touslesconcours.info:80/repository/Concours-INJS-sujets-de-culture-g%C3%A9n%C3%A9rale/orderby,1/	200	text/html
20160823135543	http://touslesconcours.info:80/repository/Concours-INJS-sujets-de-culture-g%C3%A9n%C3%A9rale/orderby,3/	200	text/html
20160823135946	http://touslesconcours.info:80/repository/Concours-INJS-sujets-de-culture-g%C3%A9n%C3%A9rale/orderby,4/	200	text/html
20160823140457	http://touslesconcours.info:80/repository/Concours-INJS-sujets-de-culture-g%C3%A9n%C3%A9rale/orderby,5/	200	text/html
20160823140510	http://touslesconcours.info:80/repository/Concours-INJS-sujets-de-culture-g%C3%A9n%C3%A9rale/orderby,6/	200	text/html
20160823144003	http://touslesconcours.info:80/repository/Concours-INJS-sujets-de-culture-g%C3%A9n%C3%A9rale/orderby,7/	200	text/html
20170212155346	http://www.touslesconcours.info:80/repository/Concours-INJS-sujets-de-culture-g%C3%A9n%C3%A9rale/PAEPS-INJS-culture-generale-1997.pdf/	200	text/html
20170212231407	http://www.touslesconcours.info:80/repository/Concours-INJS-sujets-de-culture-g%C3%A9n%C3%A9rale/PAEPS-INJS-culture-generale-1998.pdf/	200	text/html
20160817205000	http://touslesconcours.info:80/repository/Concours-INJS-sujets-de-geographie-economique	200	text/html
20160823132755	http://touslesconcours.info:80/repository/Concours-INJS-sujets-de-geographie-economique/CJA-INJS-geographie-economique-1996.pdf/	200	text/html
20160823144823	http://touslesconcours.info:80/repository/Concours-INJS-sujets-de-geographie-economique/CJA-INJS-geographie-economique-1998.pdf/	200	text/html
20160825175351	http://touslesconcours.info:80/repository/Concours-INJS-sujets-de-geographie-economique/CJA-INJS-geographie-economique-2000.pdf/	200	text/html
20160823135248	http://touslesconcours.info:80/repository/Concours-INJS-sujets-de-geographie-economique/CJA-INJS-geographie-economique-2007.pdf/	200	text/html
20160825184532	http://touslesconcours.info:80/repository/Concours-INJS-sujets-de-geographie-economique/CJA-INJS-geographie-economique-2008.pdf/	200	text/html
20160819114617	http://touslesconcours.info:80/repository/Concours-INJS-sujets-de-geographie-economique/CJA-INJS-geographie-economique-2009.pdf/	200	text/html
20160823135108	http://touslesconcours.info:80/repository/Concours-INJS-sujets-de-geographie-economique/CJA-PAEPS-INJS-geographie-economique-2004.pdf/	200	text/html
20160823140403	http://touslesconcours.info:80/repository/Concours-INJS-sujets-de-geographie-economique/CPJA-INJS-geographie-economique-2007.pdf/	200	text/html
20160823135951	http://touslesconcours.info:80/repository/Concours-INJS-sujets-de-geographie-economique/CPJA-INJS-geographie-economique-2008.pdf/	200	text/html
20160819024419	http://touslesconcours.info:80/repository/Concours-INJS-sujets-de-geographie-economique/CPJA-INJS-geographie-economique-sujet-2008.pdf/	200	text/html
20160819072158	http://touslesconcours.info:80/repository/Concours-INJS-sujets-de-geographie-economique/IJA-INJS-geographie-economique-2008.pdf/	200	text/html
20160819072203	http://touslesconcours.info:80/repository/Concours-INJS-sujets-de-geographie-economique/IJA-INJS-geographie-economique-2010.pdf/	200	text/html
20160819071803	http://touslesconcours.info:80/repository/Concours-INJS-sujets-de-geographie-economique/INJS-geographie-economique-2013.pdf/	200	text/html
20160819071758	http://touslesconcours.info:80/repository/Concours-INJS-sujets-de-geographie-economique/INJS-geographie-economique-sujet2-2013.pdf/	200	text/html
20160819051113	http://touslesconcours.info:80/repository/Concours-INJS-sujets-de-geographie-economique/orderby,1/	200	text/html
20160819051119	http://touslesconcours.info:80/repository/Concours-INJS-sujets-de-geographie-economique/orderby,3/	200	text/html
20160819051123	http://touslesconcours.info:80/repository/Concours-INJS-sujets-de-geographie-economique/orderby,4/	200	text/html
20160819050208	http://touslesconcours.info:80/repository/Concours-INJS-sujets-de-geographie-economique/orderby,5/	200	text/html
20160819050214	http://touslesconcours.info:80/repository/Concours-INJS-sujets-de-geographie-economique/orderby,6/	200	text/html
20160819051129	http://touslesconcours.info:80/repository/Concours-INJS-sujets-de-geographie-economique/orderby,7/	200	text/html
20160817205023	http://touslesconcours.info:80/repository/Concours-INJS-sujets-de-langue	200	text/html
20160819115133	http://touslesconcours.info:80/repository/Concours-INJS-sujets-de-langue/CJA-INJS-langue-1997.pdf/	200	text/html
20160823132427	http://touslesconcours.info:80/repository/Concours-INJS-sujets-de-langue/CJA-INJS-langue-1998.pdf/	200	text/html
20160823130741	http://touslesconcours.info:80/repository/Concours-INJS-sujets-de-langue/CJA-INJS-langue-2004.pdf/	200	text/html
20160823144008	http://touslesconcours.info:80/repository/Concours-INJS-sujets-de-langue/CJA-PAEPS-INJS-langue-1999.pdf/	200	text/html
20160823130905	http://touslesconcours.info:80/repository/Concours-INJS-sujets-de-langue/CJA-PAEPS-INJS-langue-2004.pdf/	200	text/html
20160823134409	http://touslesconcours.info:80/repository/Concours-INJS-sujets-de-langue/CJA-PAEPS-INJS-langue-2007.pdf/	200	text/html
20160823135626	http://touslesconcours.info:80/repository/Concours-INJS-sujets-de-langue/CJA-PAEPS-INJS-langue-2008.pdf/	200	text/html
20160823140528	http://touslesconcours.info:80/repository/Concours-INJS-sujets-de-langue/CJA-PAEPS-INJS-langue-2009.pdf/	200	text/html
20160823135957	http://touslesconcours.info:80/repository/Concours-INJS-sujets-de-langue/CJA-PAEPS-INJS-langue-2011.pdf/	200	text/html
20160821154436	http://touslesconcours.info:80/repository/Concours-INJS-sujets-de-langue/CJA-PAEPS-INJS-langue-2013.pdf/	200	text/html
20160821154054	http://touslesconcours.info:80/repository/Concours-INJS-sujets-de-langue/CPJA-PEPS-INJS-langue-2007.pdf/	200	text/html
20160821154448	http://touslesconcours.info:80/repository/Concours-INJS-sujets-de-langue/CPJA-PEPS-INJS-langue-2008.pdf/	200	text/html
20160821154059	http://touslesconcours.info:80/repository/Concours-INJS-sujets-de-langue/INJS-langue-2000.pdf/	200	text/html
20160821154109	http://touslesconcours.info:80/repository/Concours-INJS-sujets-de-langue/INJS-langue-2005.pdf/	200	text/html
20160821153937	http://touslesconcours.info:80/repository/Concours-INJS-sujets-de-langue/INJS-langue-2013.pdf/	200	text/html
20160821155905	http://touslesconcours.info:80/repository/Concours-INJS-sujets-de-langue/INJS-langue-sujet-2.pdf/	200	text/html
20160821155909	http://touslesconcours.info:80/repository/Concours-INJS-sujets-de-langue/INJS-langue-sujet.pdf/	200	text/html
20160819115018	http://touslesconcours.info:80/repository/Concours-INJS-sujets-de-langue/orderby,1/	200	text/html
20160819114410	http://touslesconcours.info:80/repository/Concours-INJS-sujets-de-langue/orderby,3/	200	text/html
20160819114622	http://touslesconcours.info:80/repository/Concours-INJS-sujets-de-langue/orderby,4/	200	text/html
20160819115023	http://touslesconcours.info:80/repository/Concours-INJS-sujets-de-langue/orderby,5/	200	text/html
20160819114655	http://touslesconcours.info:80/repository/Concours-INJS-sujets-de-langue/orderby,6/	200	text/html
20160819115028	http://touslesconcours.info:80/repository/Concours-INJS-sujets-de-langue/orderby,7/	200	text/html
20160819051201	http://touslesconcours.info:80/repository/Concours-INJS-sujets-de-synth%C3%A8se-de-texte/	200	text/html
20160823140004	http://touslesconcours.info:80/repository/Concours-INJS-sujets-de-synth%C3%A8se-de-texte/CJA-INJS-1997.pdf/	200	text/html
20160823132800	http://touslesconcours.info:80/repository/Concours-INJS-sujets-de-synth%C3%A8se-de-texte/CJA-INJS-1999.pdf/	200	text/html
20160823135329	http://touslesconcours.info:80/repository/Concours-INJS-sujets-de-synth%C3%A8se-de-texte/CJA-INJS-2000.pdf/	200	text/html
20160823134414	http://touslesconcours.info:80/repository/Concours-INJS-sujets-de-synth%C3%A8se-de-texte/CJA-PAEPS-INJS-2007.pdf/	200	text/html
20160823140801	http://touslesconcours.info:80/repository/Concours-INJS-sujets-de-synth%C3%A8se-de-texte/CJA-PAEPS-INJS-2008.pdf/	200	text/html
20160823140849	http://touslesconcours.info:80/repository/Concours-INJS-sujets-de-synth%C3%A8se-de-texte/CJA-PAEPS-INJS-2009.pdf/	200	text/html
20160823140033	http://touslesconcours.info:80/repository/Concours-INJS-sujets-de-synth%C3%A8se-de-texte/CJA-PAEPS-INJS-2011.pdf/	200	text/html
20160823144038	http://touslesconcours.info:80/repository/Concours-INJS-sujets-de-synth%C3%A8se-de-texte/CPJA-INJS-1999.pdf/	200	text/html
20160823140115	http://touslesconcours.info:80/repository/Concours-INJS-sujets-de-synth%C3%A8se-de-texte/CPJA-PEPS-2007.pdf/	200	text/html
20160823132136	http://touslesconcours.info:80/repository/Concours-INJS-sujets-de-synth%C3%A8se-de-texte/CPJA-PEPS-INJS-2008.pdf/	200	text/html
20160822064424	http://touslesconcours.info:80/repository/Concours-INJS-sujets-de-synth%C3%A8se-de-texte/CPJA-PEPS-INJS-2010.pdf/	200	text/html
20160822065443	http://touslesconcours.info:80/repository/Concours-INJS-sujets-de-synth%C3%A8se-de-texte/CPJA.pdf/	200	text/html
20160822063720	http://touslesconcours.info:80/repository/Concours-INJS-sujets-de-synth%C3%A8se-de-texte/INJS-2013.pdf/	200	text/html
20160822064322	http://touslesconcours.info:80/repository/Concours-INJS-sujets-de-synth%C3%A8se-de-texte/INJS-sujet2-2013.pdf/	200	text/html
20160822064327	http://touslesconcours.info:80/repository/Concours-INJS-sujets-de-synth%C3%A8se-de-texte/INJS-sujet4-2013.pdf/	200	text/html
20160822065748	http://touslesconcours.info:80/repository/Concours-INJS-sujets-de-synth%C3%A8se-de-texte/INJS.pdf/	200	text/html
20160822044759	http://touslesconcours.info:80/repository/Concours-INJS-sujets-de-synth%C3%A8se-de-texte/orderby,1/	200	text/html
20160822044815	http://touslesconcours.info:80/repository/Concours-INJS-sujets-de-synth%C3%A8se-de-texte/orderby,3/	200	text/html
20160822044820	http://touslesconcours.info:80/repository/Concours-INJS-sujets-de-synth%C3%A8se-de-texte/orderby,4/	200	text/html
20160822044653	http://touslesconcours.info:80/repository/Concours-INJS-sujets-de-synth%C3%A8se-de-texte/orderby,5/	200	text/html
20160822044659	http://touslesconcours.info:80/repository/Concours-INJS-sujets-de-synth%C3%A8se-de-texte/orderby,6/	200	text/html
20160822044709	http://touslesconcours.info:80/repository/Concours-INJS-sujets-de-synth%C3%A8se-de-texte/orderby,7/	200	text/html
20151009044412	http://www.touslesconcours.info:80/repository/Concours-IRIC-%28Sujets-anglais%29/	200	text/html
20171124145432	http://touslesconcours.info/repository/Concours-IRIC-(Sujets-anglais)/iric-anglais-2006.pdf/	200	text/html
20171124133656	http://touslesconcours.info/repository/Concours-IRIC-(Sujets-anglais)/orderby,3/	200	text/html
20171124135915	http://touslesconcours.info/repository/Concours-IRIC-(Sujets-anglais)/orderby,5/	200	text/html
20151009044408	http://www.touslesconcours.info:80/repository/Concours-IRIC-%28Sujets-Banque-Monnaie-Finance%29/	200	text/html
20171124115528	http://touslesconcours.info/repository/Concours-IRIC-(Sujets-Banque-Monnaie-Finance)/iric-banque-monnaie-finane-2003.pdf/	200	text/html
20171124113945	http://touslesconcours.info/repository/Concours-IRIC-(Sujets-Banque-Monnaie-Finance)/iric-banque-monnaie-finane-2011.pdf/	200	text/html
20171124090040	http://touslesconcours.info/repository/Concours-IRIC-(Sujets-Banque-Monnaie-Finance)/iric-banque-monnaie-finane-2013.pdf/	200	text/html
20171124112124	http://touslesconcours.info/repository/Concours-IRIC-(Sujets-Banque-Monnaie-Finance)/orderby,3/	200	text/html
20171124105751	http://touslesconcours.info/repository/Concours-IRIC-(Sujets-Banque-Monnaie-Finance)/orderby,4/	200	text/html
20151009044432	http://www.touslesconcours.info:80/repository/Concours-IRIC-%28Sujets-communication%29/	200	text/html
20171124180854	http://touslesconcours.info/repository/Concours-IRIC-(Sujets-communication)/iric-communication-2008.pdf/	200	text/html
20171124191929	http://touslesconcours.info/repository/Concours-IRIC-(Sujets-communication)/iric-communication-2009.pdf/	200	text/html
20171124194158	http://touslesconcours.info/repository/Concours-IRIC-(Sujets-communication)/iric-communication-2012.pdf/	200	text/html
20171124184832	http://touslesconcours.info/repository/Concours-IRIC-(Sujets-communication)/iric-communication-2013.pdf/	200	text/html
20171124182601	http://touslesconcours.info/repository/Concours-IRIC-(Sujets-communication)/orderby,3/	200	text/html
20171124185002	http://touslesconcours.info/repository/Concours-IRIC-(Sujets-communication)/orderby,4/	200	text/html
20171124180749	http://touslesconcours.info/repository/Concours-IRIC-(Sujets-communication)/orderby,5/	200	text/html
20171124190634	http://touslesconcours.info/repository/Concours-IRIC-(Sujets-communication)/orderby,7/	200	text/html
20151007235911	http://www.touslesconcours.info:80/repository/Concours-IRIC-(Sujets-diplomatie-et-attach%C3%A9s-des-ambassades)	200	text/html
20151012070118	http://www.touslesconcours.info:80/repository/Concours-IRIC-(Sujets-diplomatie-et-attach%C3%A9s-des-ambassades)/iric-attaches-ambassades-2011.pdf/	200	text/html
20151012071007	http://www.touslesconcours.info:80/repository/Concours-IRIC-(Sujets-diplomatie-et-attach%C3%A9s-des-ambassades)/iric-attaches-ambassades-2012.pdf/	200	text/html
20151012061717	http://www.touslesconcours.info:80/repository/Concours-IRIC-(Sujets-diplomatie-et-attach%C3%A9s-des-ambassades)/iric-diplomatie-2009.pdf/	200	text/html
20151012071026	http://www.touslesconcours.info:80/repository/Concours-IRIC-(Sujets-diplomatie-et-attach%C3%A9s-des-ambassades)/iric-diplomatie-2010.pdf/	200	text/html
20151012065647	http://www.touslesconcours.info:80/repository/Concours-IRIC-(Sujets-diplomatie-et-attach%C3%A9s-des-ambassades)/iric-diplomatie-2011.pdf/	200	text/html
20151012065652	http://www.touslesconcours.info:80/repository/Concours-IRIC-(Sujets-diplomatie-et-attach%C3%A9s-des-ambassades)/iric-diplomatie-2012.pdf/	200	text/html
20151012070122	http://www.touslesconcours.info:80/repository/Concours-IRIC-(Sujets-diplomatie-et-attach%C3%A9s-des-ambassades)/iric-diplomatie-sujet2-2008.pdf/	200	text/html
20151012065830	http://www.touslesconcours.info:80/repository/Concours-IRIC-(Sujets-diplomatie-et-attach%C3%A9s-des-ambassades)/iric-diplomatie-sujet2-2009.pdf/	200	text/html
20151012071031	http://www.touslesconcours.info:80/repository/Concours-IRIC-(Sujets-diplomatie-et-attach%C3%A9s-des-ambassades)/iric-diplomatie-sujet3-2009.pdf/	200	text/html
20151012061616	http://www.touslesconcours.info:80/repository/Concours-IRIC-(Sujets-diplomatie-et-attach%C3%A9s-des-ambassades)/orderby,1/	200	text/html
20151012061751	http://www.touslesconcours.info:80/repository/Concours-IRIC-(Sujets-diplomatie-et-attach%C3%A9s-des-ambassades)/orderby,3/	200	text/html
20151012065835	http://www.touslesconcours.info:80/repository/Concours-IRIC-(Sujets-diplomatie-et-attach%C3%A9s-des-ambassades)/orderby,4/	200	text/html
20151012070128	http://www.touslesconcours.info:80/repository/Concours-IRIC-(Sujets-diplomatie-et-attach%C3%A9s-des-ambassades)/orderby,5/	200	text/html
20151012065730	http://www.touslesconcours.info:80/repository/Concours-IRIC-(Sujets-diplomatie-et-attach%C3%A9s-des-ambassades)/orderby,6/	200	text/html
20151012065920	http://www.touslesconcours.info:80/repository/Concours-IRIC-(Sujets-diplomatie-et-attach%C3%A9s-des-ambassades)/orderby,7/	200	text/html
20151009045948	http://www.touslesconcours.info:80/repository/Concours-IRIC-%28Sujets-Marketing%29/	200	text/html
20171124183239	http://touslesconcours.info/repository/Concours-IRIC-(Sujets-Marketing)/iric-marketing-2006.pdf/	200	text/html
20171124194616	http://touslesconcours.info/repository/Concours-IRIC-(Sujets-Marketing)/iric-marketing-2008.pdf/	200	text/html
20171124191149	http://touslesconcours.info/repository/Concours-IRIC-(Sujets-Marketing)/iric-marketing-2010.pdf/	200	text/html
20171124190934	http://touslesconcours.info/repository/Concours-IRIC-(Sujets-Marketing)/iric-marketing-2013.pdf/	200	text/html
20171124191724	http://touslesconcours.info/repository/Concours-IRIC-(Sujets-Marketing)/orderby,1/	200	text/html
20171124175817	http://touslesconcours.info/repository/Concours-IRIC-(Sujets-Marketing)/orderby,3/	200	text/html
20171124181527	http://touslesconcours.info/repository/Concours-IRIC-(Sujets-Marketing)/orderby,4/	200	text/html
20171124185802	http://touslesconcours.info/repository/Concours-IRIC-(Sujets-Marketing)/orderby,6/	200	text/html
20170307105958	http://touslesconcours.info/repository/Concours-ISSEA/	200	text/html
20170119051620	http://www.touslesconcours.info:80/repository/Concours-ISSEA-(TSS)	200	text/html
20170120131121	http://www.touslesconcours.info:80/repository/Concours-ISSEA-(TSS)/orderby,1/	200	text/html
20170120130721	http://www.touslesconcours.info:80/repository/Concours-ISSEA-(TSS)/orderby,3/	200	text/html
20161223043856	http://www.touslesconcours.info:80/repository/Concours-ISSEA-(TSS)/orderby,4	200	text/html
20170120130752	http://www.touslesconcours.info:80/repository/Concours-ISSEA-(TSS)/orderby,5/	200	text/html
20170120130838	http://www.touslesconcours.info:80/repository/Concours-ISSEA-(TSS)/orderby,6/	200	text/html
20170120131206	http://www.touslesconcours.info:80/repository/Concours-ISSEA-(TSS)/orderby,7/	200	text/html
20161218042635	http://www.touslesconcours.info:80/repository/Concours-ISSEA-(TSS)/tss-2004-calcul-numerique.pdf/	200	text/html
20161218042900	http://www.touslesconcours.info:80/repository/Concours-ISSEA-(TSS)/tss-2004-epreuve-prof.pdf/	200	text/html
20161218042639	http://www.touslesconcours.info:80/repository/Concours-ISSEA-(TSS)/tss-2004-francais.pdf/	200	text/html
20161218042645	http://www.touslesconcours.info:80/repository/Concours-ISSEA-(TSS)/tss-2004-mathematiques.pdf/	200	text/html
20161218042650	http://www.touslesconcours.info:80/repository/Concours-ISSEA-(TSS)/tss-2004-ordre-general.pdf/	200	text/html
20161218042905	http://www.touslesconcours.info:80/repository/Concours-ISSEA-(TSS)/tss-2006-calcul-numerique.pdf/	200	text/html
20161218042910	http://www.touslesconcours.info:80/repository/Concours-ISSEA-(TSS)/tss-2006-francais.pdf/	200	text/html
20161218042654	http://www.touslesconcours.info:80/repository/Concours-ISSEA-(TSS)/tss-2006-mathematiques.pdf/	200	text/html
20161218042700	http://www.touslesconcours.info:80/repository/Concours-ISSEA-(TSS)/tss-2007-anglais.pdf/	200	text/html
20161218042915	http://www.touslesconcours.info:80/repository/Concours-ISSEA-(TSS)/tss-2007-calcul-numerique.pdf/	200	text/html
20161218042705	http://www.touslesconcours.info:80/repository/Concours-ISSEA-(TSS)/tss-2007-culture-generale.pdf/	200	text/html
20161218042710	http://www.touslesconcours.info:80/repository/Concours-ISSEA-(TSS)/tss-2007-francais.pdf/	200	text/html
20161218042715	http://www.touslesconcours.info:80/repository/Concours-ISSEA-(TSS)/tss-2008-anglais.pdf/	200	text/html
20161218042720	http://www.touslesconcours.info:80/repository/Concours-ISSEA-(TSS)/tss-2008-calcul-numerique.pdf/	200	text/html
20161218042725	http://www.touslesconcours.info:80/repository/Concours-ISSEA-(TSS)/tss-2008-culture-generale.pdf/	200	text/html
20161218042921	http://www.touslesconcours.info:80/repository/Concours-ISSEA-(TSS)/tss-2008-francais.pdf/	200	text/html
20161218042730	http://www.touslesconcours.info:80/repository/Concours-ISSEA-(TSS)/tss-2008-mathematiques.pdf/	200	text/html
20161218042926	http://www.touslesconcours.info:80/repository/Concours-ISSEA-(TSS)/tss-2009-anglais.pdf/	200	text/html
20161218042735	http://www.touslesconcours.info:80/repository/Concours-ISSEA-(TSS)/tss-2009-calcul-numerique.pdf/	200	text/html
20161218042931	http://www.touslesconcours.info:80/repository/Concours-ISSEA-(TSS)/tss-2009-culture-generale.pdf/	200	text/html
20161218042740	http://www.touslesconcours.info:80/repository/Concours-ISSEA-(TSS)/tss-2009-mathematiques.pdf/	200	text/html
20161218042745	http://www.touslesconcours.info:80/repository/Concours-ISSEA-(TSS)/tss-2010-calcul-numerique.pdf/	200	text/html
20161218042750	http://www.touslesconcours.info:80/repository/Concours-ISSEA-(TSS)/tss-2010-culture-generale.pdf/	200	text/html
20161218042756	http://www.touslesconcours.info:80/repository/Concours-ISSEA-(TSS)/tss-2010-mathematiques.pdf/	200	text/html
20161218042936	http://www.touslesconcours.info:80/repository/Concours-ISSEA-(TSS)/tss-2011-calcul-numerique.pdf/	200	text/html
20161218042941	http://www.touslesconcours.info:80/repository/Concours-ISSEA-(TSS)/tss-2011-mathematiques.pdf/	200	text/html
20161218042800	http://www.touslesconcours.info:80/repository/Concours-ISSEA-(TSS)/tss-2012-anglais.pdf/	200	text/html
20161218042805	http://www.touslesconcours.info:80/repository/Concours-ISSEA-(TSS)/tss-2012-mathematiques.pdf/	200	text/html
20161218042946	http://www.touslesconcours.info:80/repository/Concours-ISSEA-(TSS)/tss-2014-calcul-numerique.pdf/	200	text/html
20161218042810	http://www.touslesconcours.info:80/repository/Concours-ISSEA-(TSS)/tss-2014-culture-generale.pdf/	200	text/html
20161218042815	http://www.touslesconcours.info:80/repository/Concours-ISSEA-(TSS)/tss-2014-mathematiques.pdf/	200	text/html
20170702030148	http://touslesconcours.info/repository/Concours-ISSEA-sp%C3%A9cialit%C3%A9-ISE-option-%C3%A9conomie/	200	text/html
20171008205653	http://touslesconcours.info/repository/Concours-ISSEA-sp%C3%A9cialit%C3%A9-ISE-option-%C3%A9conomie/ISEEco1999.pdf/	200	text/html
20171008201316	http://touslesconcours.info/repository/Concours-ISSEA-sp%C3%A9cialit%C3%A9-ISE-option-%C3%A9conomie/ISEEco1999c.pdf/	200	text/html
20171010221634	http://touslesconcours.info/repository/Concours-ISSEA-sp%C3%A9cialit%C3%A9-ISE-option-%C3%A9conomie/ISEEco2000.pdf/	200	text/html
20171010221537	http://touslesconcours.info/repository/Concours-ISSEA-sp%C3%A9cialit%C3%A9-ISE-option-%C3%A9conomie/ISEEco2000c.pdf/	200	text/html
20171012212903	http://touslesconcours.info/repository/Concours-ISSEA-sp%C3%A9cialit%C3%A9-ISE-option-%C3%A9conomie/ISEEco2001c.pdf/	200	text/html
20171010214329	http://touslesconcours.info/repository/Concours-ISSEA-sp%C3%A9cialit%C3%A9-ISE-option-%C3%A9conomie/ISEEco2002.pdf/	200	text/html
20171015041834	http://touslesconcours.info/repository/Concours-ISSEA-sp%C3%A9cialit%C3%A9-ISE-option-%C3%A9conomie/ISEEco2002c.pdf/	200	text/html
20171010221616	http://touslesconcours.info/repository/Concours-ISSEA-sp%C3%A9cialit%C3%A9-ISE-option-%C3%A9conomie/ISEEco2003.pdf/	200	text/html
20171008032626	http://touslesconcours.info/repository/Concours-ISSEA-sp%C3%A9cialit%C3%A9-ISE-option-%C3%A9conomie/ISEEco2003c.pdf/	200	text/html
20171008201432	http://touslesconcours.info/repository/Concours-ISSEA-sp%C3%A9cialit%C3%A9-ISE-option-%C3%A9conomie/ISEEco2004c.pdf/	200	text/html
20171008201322	http://touslesconcours.info/repository/Concours-ISSEA-sp%C3%A9cialit%C3%A9-ISE-option-%C3%A9conomie/ISEEco2005.pdf/	200	text/html
20171008195648	http://touslesconcours.info/repository/Concours-ISSEA-sp%C3%A9cialit%C3%A9-ISE-option-%C3%A9conomie/ISEEco2005c.pdf/	200	text/html
20171010221553	http://touslesconcours.info/repository/Concours-ISSEA-sp%C3%A9cialit%C3%A9-ISE-option-%C3%A9conomie/ISEEco2006.pdf/	200	text/html
20171015041841	http://touslesconcours.info/repository/Concours-ISSEA-sp%C3%A9cialit%C3%A9-ISE-option-%C3%A9conomie/ISEEco2007c.pdf/	200	text/html
20171008023842	http://touslesconcours.info/repository/Concours-ISSEA-sp%C3%A9cialit%C3%A9-ISE-option-%C3%A9conomie/ISEEco2008c.pdf/	200	text/html
20171008031036	http://touslesconcours.info/repository/Concours-ISSEA-sp%C3%A9cialit%C3%A9-ISE-option-%C3%A9conomie/ISEEco2009.pdf/	200	text/html
20171015042001	http://touslesconcours.info/repository/Concours-ISSEA-sp%C3%A9cialit%C3%A9-ISE-option-%C3%A9conomie/ISEEco2009c.pdf/	200	text/html
20171015041956	http://touslesconcours.info/repository/Concours-ISSEA-sp%C3%A9cialit%C3%A9-ISE-option-%C3%A9conomie/ISEEco2010.pdf/	200	text/html
20171008201256	http://touslesconcours.info/repository/Concours-ISSEA-sp%C3%A9cialit%C3%A9-ISE-option-%C3%A9conomie/ISEEco2010c.pdf/	200	text/html
20171015042146	http://touslesconcours.info/repository/Concours-ISSEA-sp%C3%A9cialit%C3%A9-ISE-option-%C3%A9conomie/ISEEco2011.pdf/	200	text/html
20171012212926	http://touslesconcours.info/repository/Concours-ISSEA-sp%C3%A9cialit%C3%A9-ISE-option-%C3%A9conomie/ISEEco2011c.pdf/	200	text/html
20171012213019	http://touslesconcours.info/repository/Concours-ISSEA-sp%C3%A9cialit%C3%A9-ISE-option-%C3%A9conomie/ISEEco2012.pdf/	200	text/html
20171008194006	http://touslesconcours.info/repository/Concours-ISSEA-sp%C3%A9cialit%C3%A9-ISE-option-%C3%A9conomie/ISEEco2012c.pdf/	200	text/html
20171012213039	http://touslesconcours.info/repository/Concours-ISSEA-sp%C3%A9cialit%C3%A9-ISE-option-%C3%A9conomie/ISEEco2013c.pdf/	200	text/html
20171015042208	http://touslesconcours.info/repository/Concours-ISSEA-sp%C3%A9cialit%C3%A9-ISE-option-%C3%A9conomie/ISEEco2014.pdf/	200	text/html
20171010223218	http://touslesconcours.info/repository/Concours-ISSEA-sp%C3%A9cialit%C3%A9-ISE-option-%C3%A9conomie/ISEEco2014c.pdf/	200	text/html
20171008205545	http://touslesconcours.info/repository/Concours-ISSEA-sp%C3%A9cialit%C3%A9-ISE-option-%C3%A9conomie/ISEEco2016c.pdf/	200	text/html
20170702010412	http://touslesconcours.info/repository/Concours-ISSEA-sp%C3%A9cialit%C3%A9-ISE-option-math%C3%A9matiques/	200	text/html
20171008195710	http://touslesconcours.info/repository/Concours-ISSEA-sp%C3%A9cialit%C3%A9-ISE-option-math%C3%A9matiques/ISEMath1998.pdf/	200	text/html
20171010224826	http://touslesconcours.info/repository/Concours-ISSEA-sp%C3%A9cialit%C3%A9-ISE-option-math%C3%A9matiques/ISEMath1998c.pdf/	200	text/html
20171010214351	http://touslesconcours.info/repository/Concours-ISSEA-sp%C3%A9cialit%C3%A9-ISE-option-math%C3%A9matiques/ISEMath1999c.pdf/	200	text/html
20171015042009	http://touslesconcours.info/repository/Concours-ISSEA-sp%C3%A9cialit%C3%A9-ISE-option-math%C3%A9matiques/ISEMath2000.pdf/	200	text/html
20171008032612	http://touslesconcours.info/repository/Concours-ISSEA-sp%C3%A9cialit%C3%A9-ISE-option-math%C3%A9matiques/ISEMath2000c.pdf/	200	text/html
20171010214340	http://touslesconcours.info/repository/Concours-ISSEA-sp%C3%A9cialit%C3%A9-ISE-option-math%C3%A9matiques/ISEMath2001.pdf/	200	text/html
20171010215939	http://touslesconcours.info/repository/Concours-ISSEA-sp%C3%A9cialit%C3%A9-ISE-option-math%C3%A9matiques/ISEMath2001c.pdf/	200	text/html
20171008195530	http://touslesconcours.info/repository/Concours-ISSEA-sp%C3%A9cialit%C3%A9-ISE-option-math%C3%A9matiques/ISEMath2002.pdf/	200	text/html
20171010223247	http://touslesconcours.info/repository/Concours-ISSEA-sp%C3%A9cialit%C3%A9-ISE-option-math%C3%A9matiques/ISEMath2002c.pdf/	200	text/html
20171008193940	http://touslesconcours.info/repository/Concours-ISSEA-sp%C3%A9cialit%C3%A9-ISE-option-math%C3%A9matiques/ISEMath2004.pdf/	200	text/html
20171012212729	http://touslesconcours.info/repository/Concours-ISSEA-sp%C3%A9cialit%C3%A9-ISE-option-math%C3%A9matiques/ISEMath2004c.pdf/	200	text/html
20171010221622	http://touslesconcours.info/repository/Concours-ISSEA-sp%C3%A9cialit%C3%A9-ISE-option-math%C3%A9matiques/ISEMath2005.pdf/	200	text/html
20171008201419	http://touslesconcours.info/repository/Concours-ISSEA-sp%C3%A9cialit%C3%A9-ISE-option-math%C3%A9matiques/ISEMath2006.pdf/	200	text/html
20171008025447	http://touslesconcours.info/repository/Concours-ISSEA-sp%C3%A9cialit%C3%A9-ISE-option-math%C3%A9matiques/ISEMath2006c.pdf/	200	text/html
20171008193920	http://touslesconcours.info/repository/Concours-ISSEA-sp%C3%A9cialit%C3%A9-ISE-option-math%C3%A9matiques/ISEMath2007.pdf/	200	text/html
20171008201348	http://touslesconcours.info/repository/Concours-ISSEA-sp%C3%A9cialit%C3%A9-ISE-option-math%C3%A9matiques/ISEMath2007c.pdf/	200	text/html
20171012212752	http://touslesconcours.info/repository/Concours-ISSEA-sp%C3%A9cialit%C3%A9-ISE-option-math%C3%A9matiques/ISEMath2008.pdf/	200	text/html
20171015042136	http://touslesconcours.info/repository/Concours-ISSEA-sp%C3%A9cialit%C3%A9-ISE-option-math%C3%A9matiques/ISEMath2008c.pdf/	200	text/html
20171015042048	http://touslesconcours.info/repository/Concours-ISSEA-sp%C3%A9cialit%C3%A9-ISE-option-math%C3%A9matiques/ISEMath2009.pdf/	200	text/html
20171008023801	http://touslesconcours.info/repository/Concours-ISSEA-sp%C3%A9cialit%C3%A9-ISE-option-math%C3%A9matiques/ISEMath2009c.pdf/	200	text/html
20171010230336	http://touslesconcours.info/repository/Concours-ISSEA-sp%C3%A9cialit%C3%A9-ISE-option-math%C3%A9matiques/ISEMath2010c.pdf/	200	text/html
20171008032617	http://touslesconcours.info/repository/Concours-ISSEA-sp%C3%A9cialit%C3%A9-ISE-option-math%C3%A9matiques/ISEMath2011.pdf/	200	text/html
20171012213044	http://touslesconcours.info/repository/Concours-ISSEA-sp%C3%A9cialit%C3%A9-ISE-option-math%C3%A9matiques/ISEMath2012.pdf/	200	text/html
20171010224803	http://touslesconcours.info/repository/Concours-ISSEA-sp%C3%A9cialit%C3%A9-ISE-option-math%C3%A9matiques/ISEMath2012c.pdf/	200	text/html
20171010221530	http://touslesconcours.info/repository/Concours-ISSEA-sp%C3%A9cialit%C3%A9-ISE-option-math%C3%A9matiques/ISEMath2013.pdf/	200	text/html
20171008023832	http://touslesconcours.info/repository/Concours-ISSEA-sp%C3%A9cialit%C3%A9-ISE-option-math%C3%A9matiques/ISEMath2013c.pdf/	200	text/html
20171010230349	http://touslesconcours.info/repository/Concours-ISSEA-sp%C3%A9cialit%C3%A9-ISE-option-math%C3%A9matiques/ISEMath2014.pdf/	200	text/html
20171010214323	http://touslesconcours.info/repository/Concours-ISSEA-sp%C3%A9cialit%C3%A9-ISE-option-math%C3%A9matiques/ISEMath2014c.pdf/	200	text/html
20171008031007	http://touslesconcours.info/repository/Concours-ISSEA-sp%C3%A9cialit%C3%A9-ISE-option-math%C3%A9matiques/ISEMath2016.pdf/	200	text/html
20171008023854	http://touslesconcours.info/repository/Concours-ISSEA-sp%C3%A9cialit%C3%A9-ISE-option-math%C3%A9matiques/ISEMath2016c.pdf/	200	text/html
20171124095524	http://touslesconcours.info/repository/Concours-ISSEA-sp%C3%A9cialit%C3%A9-ISE-option-math%C3%A9matiques/orderby,7/	200	text/html
20170702021358	http://touslesconcours.info/repository/Concours-ISSEA-sp%C3%A9cialit%C3%A9-ITS-B-option-%C3%A9conomie/	200	text/html
20171015042153	http://touslesconcours.info/repository/Concours-ISSEA-sp%C3%A9cialit%C3%A9-ITS-B-option-%C3%A9conomie/ITSBEco1998c.pdf/	200	text/html
20171010230355	http://touslesconcours.info/repository/Concours-ISSEA-sp%C3%A9cialit%C3%A9-ITS-B-option-%C3%A9conomie/ITSBEco1999.pdf/	200	text/html
20171012212734	http://touslesconcours.info/repository/Concours-ISSEA-sp%C3%A9cialit%C3%A9-ITS-B-option-%C3%A9conomie/ITSBEco1999c.pdf/	200	text/html
20171015042100	http://touslesconcours.info/repository/Concours-ISSEA-sp%C3%A9cialit%C3%A9-ITS-B-option-%C3%A9conomie/ITSBEco2000.pdf/	200	text/html
20171008205705	http://touslesconcours.info/repository/Concours-ISSEA-sp%C3%A9cialit%C3%A9-ITS-B-option-%C3%A9conomie/ITSBEco2000c.pdf/	200	text/html
20171010215905	http://touslesconcours.info/repository/Concours-ISSEA-sp%C3%A9cialit%C3%A9-ITS-B-option-%C3%A9conomie/ITSBEco2001.pdf/	200	text/html
20171015041849	http://touslesconcours.info/repository/Concours-ISSEA-sp%C3%A9cialit%C3%A9-ITS-B-option-%C3%A9conomie/ITSBEco2002.pdf/	200	text/html
20171015042119	http://touslesconcours.info/repository/Concours-ISSEA-sp%C3%A9cialit%C3%A9-ITS-B-option-%C3%A9conomie/ITSBEco2003.pdf/	200	text/html
20171012212857	http://touslesconcours.info/repository/Concours-ISSEA-sp%C3%A9cialit%C3%A9-ITS-B-option-%C3%A9conomie/ITSBEco2003c.pdf/	200	text/html
20171010215922	http://touslesconcours.info/repository/Concours-ISSEA-sp%C3%A9cialit%C3%A9-ITS-B-option-%C3%A9conomie/ITSBEco2004.pdf/	200	text/html
20171012212932	http://touslesconcours.info/repository/Concours-ISSEA-sp%C3%A9cialit%C3%A9-ITS-B-option-%C3%A9conomie/ITSBEco2005.pdf/	200	text/html
20171015042141	http://touslesconcours.info/repository/Concours-ISSEA-sp%C3%A9cialit%C3%A9-ITS-B-option-%C3%A9conomie/ITSBEco2005c.pdf/	200	text/html
20171010223232	http://touslesconcours.info/repository/Concours-ISSEA-sp%C3%A9cialit%C3%A9-ITS-B-option-%C3%A9conomie/ITSBEco2006.pdf/	200	text/html
20171008195636	http://touslesconcours.info/repository/Concours-ISSEA-sp%C3%A9cialit%C3%A9-ITS-B-option-%C3%A9conomie/ITSBEco2007.pdf/	200	text/html
20171010223157	http://touslesconcours.info/repository/Concours-ISSEA-sp%C3%A9cialit%C3%A9-ITS-B-option-%C3%A9conomie/ITSBEco2007c.pdf/	200	text/html
20171008023733	http://touslesconcours.info/repository/Concours-ISSEA-sp%C3%A9cialit%C3%A9-ITS-B-option-%C3%A9conomie/ITSBEco2008.pdf/	200	text/html
20171015042036	http://touslesconcours.info/repository/Concours-ISSEA-sp%C3%A9cialit%C3%A9-ITS-B-option-%C3%A9conomie/ITSBEco2009.pdf/	200	text/html
20171008193928	http://touslesconcours.info/repository/Concours-ISSEA-sp%C3%A9cialit%C3%A9-ITS-B-option-%C3%A9conomie/ITSBEco2009c.pdf/	200	text/html
20171012212838	http://touslesconcours.info/repository/Concours-ISSEA-sp%C3%A9cialit%C3%A9-ITS-B-option-%C3%A9conomie/ITSBEco2010.pdf/	200	text/html
20171015042220	http://touslesconcours.info/repository/Concours-ISSEA-sp%C3%A9cialit%C3%A9-ITS-B-option-%C3%A9conomie/ITSBEco2010c.pdf/	200	text/html
20171012212954	http://touslesconcours.info/repository/Concours-ISSEA-sp%C3%A9cialit%C3%A9-ITS-B-option-%C3%A9conomie/ITSBEco2011.pdf/	200	text/html
20171008023744	http://touslesconcours.info/repository/Concours-ISSEA-sp%C3%A9cialit%C3%A9-ITS-B-option-%C3%A9conomie/ITSBEco2011c.pdf/	200	text/html
20171010224814	http://touslesconcours.info/repository/Concours-ISSEA-sp%C3%A9cialit%C3%A9-ITS-B-option-%C3%A9conomie/ITSBEco2012.pdf/	200	text/html
20171012212914	http://touslesconcours.info/repository/Concours-ISSEA-sp%C3%A9cialit%C3%A9-ITS-B-option-%C3%A9conomie/ITSBEco2012c.pdf/	200	text/html
20171008195704	http://touslesconcours.info/repository/Concours-ISSEA-sp%C3%A9cialit%C3%A9-ITS-B-option-%C3%A9conomie/ITSBEco2013.pdf/	200	text/html
20171012212851	http://touslesconcours.info/repository/Concours-ISSEA-sp%C3%A9cialit%C3%A9-ITS-B-option-%C3%A9conomie/ITSBEco2013c.pdf/	200	text/html
20171008023754	http://touslesconcours.info/repository/Concours-ISSEA-sp%C3%A9cialit%C3%A9-ITS-B-option-%C3%A9conomie/ITSBEco2014c.pdf/	200	text/html
20171015041930	http://touslesconcours.info/repository/Concours-ISSEA-sp%C3%A9cialit%C3%A9-ITS-B-option-%C3%A9conomie/ITSBEco2015.pdf/	200	text/html
20171008205539	http://touslesconcours.info/repository/Concours-ISSEA-sp%C3%A9cialit%C3%A9-ITS-B-option-%C3%A9conomie/ITSBEco2015c.pdf/	200	text/html
20171008195643	http://touslesconcours.info/repository/Concours-ISSEA-sp%C3%A9cialit%C3%A9-ITS-B-option-%C3%A9conomie/ITSBEco2016.pdf/	200	text/html
20171010215952	http://touslesconcours.info/repository/Concours-ISSEA-sp%C3%A9cialit%C3%A9-ITS-B-option-%C3%A9conomie/ITSBEco2016c.pdf/	200	text/html
20171124143711	http://touslesconcours.info/repository/Concours-ISSEA-sp%C3%A9cialit%C3%A9-ITS-B-option-%C3%A9conomie/orderby,1/	200	text/html
20171124135802	http://touslesconcours.info/repository/Concours-ISSEA-sp%C3%A9cialit%C3%A9-ITS-B-option-%C3%A9conomie/orderby,5/	200	text/html
20170702135337	http://touslesconcours.info/repository/Concours-ISSEA-sp%C3%A9cialit%C3%A9-ITS-B-option-math%C3%A9matiques/	200	text/html
20171008023848	http://touslesconcours.info/repository/Concours-ISSEA-sp%C3%A9cialit%C3%A9-ITS-B-option-math%C3%A9matiques/ITSBMath1999.pdf/	200	text/html
20171008201246	http://touslesconcours.info/repository/Concours-ISSEA-sp%C3%A9cialit%C3%A9-ITS-B-option-math%C3%A9matiques/ITSBMath1999c.pdf/	200	text/html
20171008195606	http://touslesconcours.info/repository/Concours-ISSEA-sp%C3%A9cialit%C3%A9-ITS-B-option-math%C3%A9matiques/ITSBMath2000.pdf/	200	text/html
20171008201341	http://touslesconcours.info/repository/Concours-ISSEA-sp%C3%A9cialit%C3%A9-ITS-B-option-math%C3%A9matiques/ITSBMath2000c.pdf/	200	text/html
20171008205421	http://touslesconcours.info/repository/Concours-ISSEA-sp%C3%A9cialit%C3%A9-ITS-B-option-math%C3%A9matiques/ITSBMath2001.pdf/	200	text/html
20171008025430	http://touslesconcours.info/repository/Concours-ISSEA-sp%C3%A9cialit%C3%A9-ITS-B-option-math%C3%A9matiques/ITSBMath2001c.pdf/	200	text/html
20171015042114	http://touslesconcours.info/repository/Concours-ISSEA-sp%C3%A9cialit%C3%A9-ITS-B-option-math%C3%A9matiques/ITSBMath2002.pdf/	200	text/html
20171012213008	http://touslesconcours.info/repository/Concours-ISSEA-sp%C3%A9cialit%C3%A9-ITS-B-option-math%C3%A9matiques/ITSBMath2002c.pdf/	200	text/html
20171015041855	http://touslesconcours.info/repository/Concours-ISSEA-sp%C3%A9cialit%C3%A9-ITS-B-option-math%C3%A9matiques/ITSBMath2003.pdf/	200	text/html
20171015041806	http://touslesconcours.info/repository/Concours-ISSEA-sp%C3%A9cialit%C3%A9-ITS-B-option-math%C3%A9matiques/ITSBMath2003c.pdf/	200	text/html
20171010223238	http://touslesconcours.info/repository/Concours-ISSEA-sp%C3%A9cialit%C3%A9-ITS-B-option-math%C3%A9matiques/ITSBMath2004.pdf/	200	text/html
20171012212846	http://touslesconcours.info/repository/Concours-ISSEA-sp%C3%A9cialit%C3%A9-ITS-B-option-math%C3%A9matiques/ITSBMath2004c.pdf/	200	text/html
20171008195625	http://touslesconcours.info/repository/Concours-ISSEA-sp%C3%A9cialit%C3%A9-ITS-B-option-math%C3%A9matiques/ITSBMath2005.pdf/	200	text/html
20171015042042	http://touslesconcours.info/repository/Concours-ISSEA-sp%C3%A9cialit%C3%A9-ITS-B-option-math%C3%A9matiques/ITSBMath2007.pdf/	200	text/html
20171010230343	http://touslesconcours.info/repository/Concours-ISSEA-sp%C3%A9cialit%C3%A9-ITS-B-option-math%C3%A9matiques/ITSBMath2007c.pdf/	200	text/html
20171010221627	http://touslesconcours.info/repository/Concours-ISSEA-sp%C3%A9cialit%C3%A9-ITS-B-option-math%C3%A9matiques/ITSBMath2008.pdf/	200	text/html
20171010221641	http://touslesconcours.info/repository/Concours-ISSEA-sp%C3%A9cialit%C3%A9-ITS-B-option-math%C3%A9matiques/ITSBMath2008c.pdf/	200	text/html
20171015041812	http://touslesconcours.info/repository/Concours-ISSEA-sp%C3%A9cialit%C3%A9-ITS-B-option-math%C3%A9matiques/ITSBMath2009.pdf/	200	text/html
20171010221543	http://touslesconcours.info/repository/Concours-ISSEA-sp%C3%A9cialit%C3%A9-ITS-B-option-math%C3%A9matiques/ITSBMath2009c.pdf/	200	text/html
20171015042131	http://touslesconcours.info/repository/Concours-ISSEA-sp%C3%A9cialit%C3%A9-ITS-B-option-math%C3%A9matiques/ITSBMath2010.pdf/	200	text/html
20171015042015	http://touslesconcours.info/repository/Concours-ISSEA-sp%C3%A9cialit%C3%A9-ITS-B-option-math%C3%A9matiques/ITSBMath2010c.pdf/	200	text/html
20171010220012	http://touslesconcours.info/repository/Concours-ISSEA-sp%C3%A9cialit%C3%A9-ITS-B-option-math%C3%A9matiques/ITSBMath2011.pdf/	200	text/html
20171008201220	http://touslesconcours.info/repository/Concours-ISSEA-sp%C3%A9cialit%C3%A9-ITS-B-option-math%C3%A9matiques/ITSBMath2011c.pdf/	200	text/html
20171015041941	http://touslesconcours.info/repository/Concours-ISSEA-sp%C3%A9cialit%C3%A9-ITS-B-option-math%C3%A9matiques/ITSBMath2012.pdf/	200	text/html
20171012213014	http://touslesconcours.info/repository/Concours-ISSEA-sp%C3%A9cialit%C3%A9-ITS-B-option-math%C3%A9matiques/ITSBMath2012c.pdf/	200	text/html
20171012212945	http://touslesconcours.info/repository/Concours-ISSEA-sp%C3%A9cialit%C3%A9-ITS-B-option-math%C3%A9matiques/ITSBMath2013.pdf/	200	text/html
20171012212828	http://touslesconcours.info/repository/Concours-ISSEA-sp%C3%A9cialit%C3%A9-ITS-B-option-math%C3%A9matiques/ITSBMath2014.pdf/	200	text/html
20171008031058	http://touslesconcours.info/repository/Concours-ISSEA-sp%C3%A9cialit%C3%A9-ITS-B-option-math%C3%A9matiques/ITSBMath2016.pdf/	200	text/html
20170704181426	http://touslesconcours.info/repository/Concours-ISSEA-sp%C3%A9cialit%C3%A9-ITS-voie-A/	200	text/html
20171015042031	http://touslesconcours.info/repository/Concours-ISSEA-sp%C3%A9cialit%C3%A9-ITS-voie-A/ITSA1998c.pdf/	200	text/html
20171012212920	http://touslesconcours.info/repository/Concours-ISSEA-sp%C3%A9cialit%C3%A9-ITS-voie-A/ITSA1999.pdf/	200	text/html
20171008023903	http://touslesconcours.info/repository/Concours-ISSEA-sp%C3%A9cialit%C3%A9-ITS-voie-A/ITSA1999c.pdf/	200	text/html
20171010223150	http://touslesconcours.info/repository/Concours-ISSEA-sp%C3%A9cialit%C3%A9-ITS-voie-A/ITSA2000c.pdf/	200	text/html
20171008031020	http://touslesconcours.info/repository/Concours-ISSEA-sp%C3%A9cialit%C3%A9-ITS-voie-A/ITSA2001c.pdf/	200	text/html
20171010220000	http://touslesconcours.info/repository/Concours-ISSEA-sp%C3%A9cialit%C3%A9-ITS-voie-A/ITSA2002.pdf/	200	text/html
20171012213033	http://touslesconcours.info/repository/Concours-ISSEA-sp%C3%A9cialit%C3%A9-ITS-voie-A/ITSA2002c.pdf/	200	text/html
20171008031043	http://touslesconcours.info/repository/Concours-ISSEA-sp%C3%A9cialit%C3%A9-ITS-voie-A/ITSA2003.pdf/	200	text/html
20171015041820	http://touslesconcours.info/repository/Concours-ISSEA-sp%C3%A9cialit%C3%A9-ITS-voie-A/ITSA2003c.pdf/	200	text/html
20171015041908	http://touslesconcours.info/repository/Concours-ISSEA-sp%C3%A9cialit%C3%A9-ITS-voie-A/ITSA2004c.pdf/	200	text/html
20171010224820	http://touslesconcours.info/repository/Concours-ISSEA-sp%C3%A9cialit%C3%A9-ITS-voie-A/ITSA2005.pdf/	200	text/html
20171008201427	http://touslesconcours.info/repository/Concours-ISSEA-sp%C3%A9cialit%C3%A9-ITS-voie-A/ITSA2005c.pdf/	200	text/html
20171010214355	http://touslesconcours.info/repository/Concours-ISSEA-sp%C3%A9cialit%C3%A9-ITS-voie-A/ITSA2006c.pdf/	200	text/html
20171008023824	http://touslesconcours.info/repository/Concours-ISSEA-sp%C3%A9cialit%C3%A9-ITS-voie-A/ITSA2007.pdf/	200	text/html
20171008205551	http://touslesconcours.info/repository/Concours-ISSEA-sp%C3%A9cialit%C3%A9-ITS-voie-A/ITSA2007c.pdf/	200	text/html
20171015041946	http://touslesconcours.info/repository/Concours-ISSEA-sp%C3%A9cialit%C3%A9-ITS-voie-A/ITSA2008.pdf/	200	text/html
20171015041902	http://touslesconcours.info/repository/Concours-ISSEA-sp%C3%A9cialit%C3%A9-ITS-voie-A/ITSA2010.pdf/	200	text/html
20170227081955	http://touslesconcours.info:80/repository/Concours-ISSEA-sp%C3%A9cialit%C3%A9-ITS-voie-A/ITSA2010c.pdf/	200	text/html
20171015042055	http://touslesconcours.info/repository/Concours-ISSEA-sp%C3%A9cialit%C3%A9-ITS-voie-A/ITSA2012.pdf/	200	text/html
20171015042225	http://touslesconcours.info/repository/Concours-ISSEA-sp%C3%A9cialit%C3%A9-ITS-voie-A/ITSA2012c.pdf/	200	text/html
20171015042106	http://touslesconcours.info/repository/Concours-ISSEA-sp%C3%A9cialit%C3%A9-ITS-voie-A/ITSA2014.pdf/	200	text/html
20171012212822	http://touslesconcours.info/repository/Concours-ISSEA-sp%C3%A9cialit%C3%A9-ITS-voie-A/ITSA2014c.pdf/	200	text/html
20171008031031	http://touslesconcours.info/repository/Concours-ISSEA-sp%C3%A9cialit%C3%A9-ITS-voie-A/ITSA2015c.pdf/	200	text/html
20171008195600	http://touslesconcours.info/repository/Concours-ISSEA-sp%C3%A9cialit%C3%A9-ITS-voie-A/ITSA2016c.pdf/	200	text/html
20170227081124	http://touslesconcours.info:80/repository/Concours-ISSEA-sp%C3%A9cialit%C3%A9-ITS-voie-A/orderby,3/	200	text/html
20170227081218	http://touslesconcours.info:80/repository/Concours-ISSEA-sp%C3%A9cialit%C3%A9-ITS-voie-A/orderby,7/	200	text/html
20160919234100	http://touslesconcours.info:80/repository/Concours-ISSEA/ISEEco2012.pdf/	200	text/html
20160919232415	http://touslesconcours.info:80/repository/Concours-ISSEA/ISEEco2013.pdf/	200	text/html
20160919232100	http://touslesconcours.info:80/repository/Concours-ISSEA/ISEEco2014.pdf/	200	text/html
20160919232420	http://touslesconcours.info:80/repository/Concours-ISSEA/ISEMath2012.pdf/	200	text/html
20160919232425	http://touslesconcours.info:80/repository/Concours-ISSEA/ISEMath2013.pdf/	200	text/html
20160919232430	http://touslesconcours.info:80/repository/Concours-ISSEA/ISEMath2014.pdf/	200	text/html
20160919232147	http://touslesconcours.info:80/repository/Concours-ISSEA/ITSA2012.pdf/	200	text/html
20160919234746	http://touslesconcours.info:80/repository/Concours-ISSEA/ITSA2013.pdf/	200	text/html
20160919232452	http://touslesconcours.info:80/repository/Concours-ISSEA/ITSA2014.pdf/	200	text/html
20160919234340	http://touslesconcours.info:80/repository/Concours-ISSEA/ITSBEco2012.pdf/	200	text/html
20160919234055	http://touslesconcours.info:80/repository/Concours-ISSEA/ITSBEco2013.pdf/	200	text/html
20160919232338	http://touslesconcours.info:80/repository/Concours-ISSEA/ITSBEco2014.pdf/	200	text/html
20160919234849	http://touslesconcours.info:80/repository/Concours-ISSEA/ITSBMath2012.pdf/	200	text/html
20160919234922	http://touslesconcours.info:80/repository/Concours-ISSEA/ITSBMath2013.pdf/	200	text/html
20160919232257	http://touslesconcours.info:80/repository/Concours-ISSEA/ITSBMath2014.pdf/	200	text/html
20171124183510	http://touslesconcours.info/repository/Concours-ISSEA/orderby,5/	200	text/html
20171124192225	http://touslesconcours.info/repository/Concours-ISSEA/orderby,6/	200	text/html
20171124193747	http://touslesconcours.info/repository/Concours-ISSEA/orderby,7/	200	text/html
20150829195330	http://www.touslesconcours.info:80/repository/Concours-IUT-Bandjoun-Bac-G%C3%A9neral	200	text/html
20150901094843	http://www.touslesconcours.info:80/repository/Concours-IUT-Bandjoun-Bac-G%C3%A9neral/IUT-Bandjoun-general-2002.pdf/	200	text/html
20150901095554	http://www.touslesconcours.info:80/repository/Concours-IUT-Bandjoun-Bac-G%C3%A9neral/IUT-Bandjoun-general-2003.pdf/	200	text/html
20150901095157	http://www.touslesconcours.info:80/repository/Concours-IUT-Bandjoun-Bac-G%C3%A9neral/IUT-Bandjoun-general-2004.pdf/	200	text/html
20150901095757	http://www.touslesconcours.info:80/repository/Concours-IUT-Bandjoun-Bac-G%C3%A9neral/IUT-Bandjoun-general-2005.pdf/	200	text/html
20150901095600	http://www.touslesconcours.info:80/repository/Concours-IUT-Bandjoun-Bac-G%C3%A9neral/IUT-Bandjoun-general-2006.pdf/	200	text/html
20150901095837	http://www.touslesconcours.info:80/repository/Concours-IUT-Bandjoun-Bac-G%C3%A9neral/IUT-Bandjoun-general-2007.pdf/	200	text/html
20150901095622	http://www.touslesconcours.info:80/repository/Concours-IUT-Bandjoun-Bac-G%C3%A9neral/IUT-Bandjoun-general-2008.pdf/	200	text/html
20150901094516	http://www.touslesconcours.info:80/repository/Concours-IUT-Bandjoun-Bac-G%C3%A9neral/IUT-Bandjoun-general-2009.pdf/	200	text/html
20150901095627	http://www.touslesconcours.info:80/repository/Concours-IUT-Bandjoun-Bac-G%C3%A9neral/IUT-Bandjoun-general-2010.pdf/	200	text/html
20150901100031	http://www.touslesconcours.info:80/repository/Concours-IUT-Bandjoun-Bac-G%C3%A9neral/IUT-Bandjoun-general-2011.pdf/	200	text/html
20150831045127	http://www.touslesconcours.info:80/repository/Concours-IUT-Bandjoun-Bac-G%C3%A9neral/IUT-Bandjoun-general-2012.pdf/	200	text/html
20150831045217	http://www.touslesconcours.info:80/repository/Concours-IUT-Bandjoun-Bac-G%C3%A9neral/IUT-Bandjoun-general-2013.pdf/	200	text/html
20150831044658	http://www.touslesconcours.info:80/repository/Concours-IUT-Bandjoun-Bac-G%C3%A9neral/IUT-Bandjoun-general-2014.pdf/	200	text/html
20150831024843	http://www.touslesconcours.info:80/repository/Concours-IUT-Bandjoun-Bac-G%C3%A9neral/orderby,1/	200	text/html
20150831024849	http://www.touslesconcours.info:80/repository/Concours-IUT-Bandjoun-Bac-G%C3%A9neral/orderby,3/	200	text/html
20150831024854	http://www.touslesconcours.info:80/repository/Concours-IUT-Bandjoun-Bac-G%C3%A9neral/orderby,4/	200	text/html
20150831024901	http://www.touslesconcours.info:80/repository/Concours-IUT-Bandjoun-Bac-G%C3%A9neral/orderby,5/	200	text/html
20150831024905	http://www.touslesconcours.info:80/repository/Concours-IUT-Bandjoun-Bac-G%C3%A9neral/orderby,6/	200	text/html
20150831024910	http://www.touslesconcours.info:80/repository/Concours-IUT-Bandjoun-Bac-G%C3%A9neral/orderby,7/	200	text/html
20150831024930	http://www.touslesconcours.info:80/repository/Concours-IUT-Bandjoun-Bac-Technique/	200	text/html
20171124112752	http://touslesconcours.info/repository/Concours-IUT-Bandjoun-Bac-Technique/IUT-Bandjoun-technique-2008.pdf/	200	text/html
20171124102633	http://touslesconcours.info/repository/Concours-IUT-Bandjoun-Bac-Technique/IUT-Bandjoun-technique-2011.pdf/	200	text/html
20171124090012	http://touslesconcours.info/repository/Concours-IUT-Bandjoun-Bac-Technique/orderby,6/	200	text/html
20170307105914	http://touslesconcours.info/repository/Concours-police-(Commissaire)/	200	text/html
20170516222947	http://touslesconcours.info:80/repository/Concours-police-(Commissaire)/commissaire-police-1996.pdf	200	text/html
20170517113734	http://touslesconcours.info:80/repository/Concours-police-(Commissaire)/commissaire-police-1999.pdf	200	text/html
20220826014411	https://touslesconcours.info/repository/Concours-police-(Commissaire)/commissaire-police-2001.pdf/	200	text/html
20220826002840	https://touslesconcours.info/repository/Concours-police-(Commissaire)/commissaire-police-sujet2-1996.pdf/	200	text/html
20220826010847	https://touslesconcours.info/repository/Concours-police-(Commissaire)/commissaire-police-sujet2-1999.pdf/	200	text/html
20220826002915	https://touslesconcours.info/repository/Concours-police-(Commissaire)/commissaire-police-sujets-2001.pdf/	200	text/html
20220826002843	https://touslesconcours.info/repository/Concours-police-(Commissaire)/commissaire-police-sujets3-1996.pdf/	200	text/html
20220826002845	https://touslesconcours.info/repository/Concours-police-(Commissaire)/commissaire-police-sujets3-1999.pdf/	200	text/html
20171124221248	http://touslesconcours.info/repository/Concours-police-(Commissaire)/commissaire-police-sujets3-2001.pdf/	200	text/html
20220826002938	https://touslesconcours.info/repository/Concours-police-(Commissaire)/concours-special.pdf/	200	text/html
20171124221209	http://touslesconcours.info/repository/Concours-police-(Commissaire)/orderby,6/	200	text/html
20171124214742	http://touslesconcours.info/repository/Concours-police-(Commissaire)/orderby,7/	200	text/html
20170308171133	http://touslesconcours.info/repository/Concours-police-(Gardien-de-la-paix)/	200	text/html
20220826002840	https://touslesconcours.info/repository/Concours-police-(Gardien-de-la-paix)/Gardien-de-la-paix-1975.pdf/	200	text/html
20220826011741	https://touslesconcours.info/repository/Concours-police-(Gardien-de-la-paix)/Gardien-de-la-paix-1976.pdf/	200	text/html
20220826002854	https://touslesconcours.info/repository/Concours-police-(Gardien-de-la-paix)/Gardien-de-la-paix-1978.pdf/	200	text/html
20220826002842	https://touslesconcours.info/repository/Concours-police-(Gardien-de-la-paix)/Gardien-de-la-paix-2001.pdf/	200	text/html
20171129164742	http://touslesconcours.info/repository/Concours-police-(Gardien-de-la-paix)/Gardien-de-la-paix-2009.pdf/	200	text/html
20220801052317	https://touslesconcours.info/repository/Concours-police-%28Gardien-de-la-paix%29/Gardien-de-la-paix.pdf/	200	text/html
20150822003250	http://www.touslesconcours.info:80/repository/Concours-police-(Inspecteur)	200	text/html
20220826002835	https://touslesconcours.info/repository/Concours-police-(Inspecteur)/Inspecteur-police-1.pdf/	200	text/html
20220826010448	https://touslesconcours.info/repository/Concours-police-(Inspecteur)/Inspecteur-police-2.pdf/	200	text/html
20171129165343	http://touslesconcours.info/repository/Concours-police-(Inspecteur)/Inspecteur-police-2001.pdf/	200	text/html
20220826002853	https://touslesconcours.info/repository/Concours-police-(Inspecteur)/Inspecteur-police-2009.pdf/	200	text/html
20220826002835	https://touslesconcours.info/repository/Concours-police-(Inspecteur)/Inspecteur-police-3.pdf/	200	text/html
20171129182430	http://touslesconcours.info/repository/Concours-police-(Inspecteur)/Inspecteur-police-4.pdf/	200	text/html
20220826002834	https://touslesconcours.info/repository/Concours-police-(Inspecteur)/Inspecteur-police-5.pdf/	200	text/html
20220826002834	https://touslesconcours.info/repository/Concours-police-(Inspecteur)/Inspecteur-police-6.pdf/	200	text/html
20220826002845	https://touslesconcours.info/repository/Concours-police-(Inspecteur)/Inspecteur-police-7.pdf/	200	text/html
20220826002930	https://touslesconcours.info/repository/Concours-police-(Inspecteur)/Inspecteur-police-8.pdf/	200	text/html
20220826010520	https://touslesconcours.info/repository/Concours-police-(Inspecteur)/Inspecteur-police-sujet2-2001.pdf/	200	text/html
20220826003000	https://touslesconcours.info/repository/Concours-police-(Inspecteur)/Inspecteur-police-sujet2-2009.pdf/	200	text/html
20170220103220	http://www.touslesconcours.info:80/repository/Concours-police-(Officier)	200	text/html
20220826002946	https://touslesconcours.info/repository/Concours-police-(Officier)/Officier-police-1999.pdf/	200	text/html
20220826002929	https://touslesconcours.info/repository/Concours-police-(Officier)/Officier-police-2001.pdf/	200	text/html
20220826011356	https://touslesconcours.info/repository/Concours-police-(Officier)/Officier-police-2009.pdf/	200	text/html
20220826002841	https://touslesconcours.info/repository/Concours-police-(Officier)/Officier-police-sujet2-1999.pdf/	200	text/html
20220331025805	https://touslesconcours.info/repository/Concours-police-%28Officier%29/Officier-police-sujet2-2001.pdf/	200	text/html
20220826002852	https://touslesconcours.info/repository/Concours-police-(Officier)/Officier-police-sujet2-2009.pdf/	200	text/html
20171124131611	http://touslesconcours.info/repository/Concours-police-(Officier)/orderby,4/	200	text/html
20171124144318	http://touslesconcours.info/repository/Concours-police-(Officier)/orderby,6/	200	text/html
20170308015619	http://touslesconcours.info/repository/Concours-UCAC/	200	text/html
20170307105857	http://touslesconcours.info/repository/Concours-UCAC-ICAM/	200	text/html
20171009005107	http://touslesconcours.info/repository/Concours-UCAC-ICAM/Epreuve-d-elect-2010.pdf/	200	text/html
20171014012457	http://touslesconcours.info/repository/Concours-UCAC-ICAM/Epreuve-de-anglais-2012.pdf/	200	text/html
20171012173321	http://touslesconcours.info/repository/Concours-UCAC-ICAM/Epreuve-de-Anglais-2013.pdf/	200	text/html
20171014012430	http://touslesconcours.info/repository/Concours-UCAC-ICAM/Epreuve-de-comprehension-1-2013-1.pdf/	200	text/html
20171009202007	http://touslesconcours.info/repository/Concours-UCAC-ICAM/Epreuve-de-comprehension-2011-1.pdf/	200	text/html
20171009194935	http://touslesconcours.info/repository/Concours-UCAC-ICAM/Epreuve-de-comprehension-texte-2012-1.pdf/	200	text/html
20171009194947	http://touslesconcours.info/repository/Concours-UCAC-ICAM/Epreuve-de-dissertation-2-2012-1.pdf/	200	text/html
20171009202013	http://touslesconcours.info/repository/Concours-UCAC-ICAM/Epreuve-de-dissertation-2011-1.pdf/	200	text/html
20171014012449	http://touslesconcours.info/repository/Concours-UCAC-ICAM/Epreuve-de-Elect-2012.pdf/	200	text/html
20171009005129	http://touslesconcours.info/repository/Concours-UCAC-ICAM/Epreuve-de-francais-2010.pdf/	200	text/html
20171009194954	http://touslesconcours.info/repository/Concours-UCAC-ICAM/Epreuve-de-francais-2013.pdf/	200	text/html
20171012173341	http://touslesconcours.info/repository/Concours-UCAC-ICAM/Epreuve-de-logique-2011-1.pdf/	200	text/html
20171009202037	http://touslesconcours.info/repository/Concours-UCAC-ICAM/Epreuve-de-spe-meca-2010.pdf/	200	text/html
20171009194920	http://touslesconcours.info/repository/Concours-UCAC-ICAM/Epreuve-de-Spe-Meca-2012.pdf/	200	text/html
20171012173330	http://touslesconcours.info/repository/Concours-UCAC-ICAM/Epreuve-de-Spe-Meca-2013.pdf/	200	text/html
20171014012442	http://touslesconcours.info/repository/Concours-UCAC-ICAM/Epreuve-de-thermo-2010.pdf/	200	text/html
20171014012437	http://touslesconcours.info/repository/Concours-UCAC-ICAM/Epreuve-de-thermo-2013.pdf/	200	text/html
20171124120406	http://touslesconcours.info/repository/Concours-UCAC-ICAM/orderby,1/	200	text/html
20171124121613	http://touslesconcours.info/repository/Concours-UCAC-ICAM/orderby,6/	200	text/html
20171124113801	http://touslesconcours.info/repository/Concours-UCAC-ICAM/orderby,7/	200	text/html
20170515150515	http://touslesconcours.info:80/repository/Concours-UCAC/comphension-1999.pdf/	200	text/html
20170520130547	http://touslesconcours.info:80/repository/Concours-UCAC/comphension-2000.pdf/	200	text/html
20170520124542	http://touslesconcours.info:80/repository/Concours-UCAC/comphension-2001.pdf/	200	text/html
20170515153335	http://touslesconcours.info:80/repository/Concours-UCAC/comphension-2002.pdf/	200	text/html
20170515153503	http://touslesconcours.info:80/repository/Concours-UCAC/comphension-2003.pdf/	200	text/html
20170521011246	http://touslesconcours.info:80/repository/Concours-UCAC/comphension-2004.pdf/	200	text/html
20170515150702	http://touslesconcours.info:80/repository/Concours-UCAC/comphension-2005.pdf/	200	text/html
20170515150521	http://touslesconcours.info:80/repository/Concours-UCAC/comphension-2006.pdf/	200	text/html
20170515150049	http://touslesconcours.info:80/repository/Concours-UCAC/comphension-2007.pdf/	200	text/html
20170515150343	http://touslesconcours.info:80/repository/Concours-UCAC/comphension-2008.pdf/	200	text/html
20170520123754	http://touslesconcours.info:80/repository/Concours-UCAC/comphension-2009.pdf/	200	text/html
20170515151359	http://touslesconcours.info:80/repository/Concours-UCAC/comphension-2010.pdf/	200	text/html
20170515145651	http://touslesconcours.info:80/repository/Concours-UCAC/comphension-2011.pdf/	200	text/html
20170520131340	http://touslesconcours.info:80/repository/Concours-UCAC/comphension-2012.pdf/	200	text/html
20170516223514	http://www.touslesconcours.info:80/repository/Concours-UCAC/comphension-2013.pdf	200	text/html
20170515150227	http://touslesconcours.info:80/repository/Concours-UCAC/mathematiques-1999.pdf/	200	text/html
20170515151316	http://touslesconcours.info:80/repository/Concours-UCAC/mathematiques-2000.pdf/	200	text/html
20170520121135	http://touslesconcours.info:80/repository/Concours-UCAC/mathematiques-2001.pdf/	200	text/html
20170520130624	http://touslesconcours.info:80/repository/Concours-UCAC/mathematiques-2002.pdf/	200	text/html
20170515153349	http://touslesconcours.info:80/repository/Concours-UCAC/mathematiques-2003.pdf/	200	text/html
20170520130146	http://touslesconcours.info:80/repository/Concours-UCAC/mathematiques-2004.pdf/	200	text/html
20170515153930	http://touslesconcours.info:80/repository/Concours-UCAC/mathematiques-2005.pdf/	200	text/html
20170515153749	http://touslesconcours.info:80/repository/Concours-UCAC/mathematiques-2006.pdf/	200	text/html
20170515151650	http://touslesconcours.info:80/repository/Concours-UCAC/mathematiques-2007.pdf/	200	text/html
20170520131947	http://touslesconcours.info:80/repository/Concours-UCAC/mathematiques-2008.pdf/	200	text/html
20170515150526	http://touslesconcours.info:80/repository/Concours-UCAC/mathematiques-2009.pdf/	200	text/html
20170515150233	http://touslesconcours.info:80/repository/Concours-UCAC/mathematiques-2010.pdf/	200	text/html
20170515151740	http://touslesconcours.info:80/repository/Concours-UCAC/mathematiques-2011.pdf/	200	text/html
20170520124729	http://touslesconcours.info:80/repository/Concours-UCAC/mathematiques-2012.pdf/	200	text/html
20170515151404	http://touslesconcours.info:80/repository/Concours-UCAC/mathematiques-2013.pdf/	200	text/html
20171124185835	http://touslesconcours.info/repository/Concours-UCAC/orderby,1/	200	text/html
20171124175442	http://touslesconcours.info/repository/Concours-UCAC/orderby,4/	200	text/html
20171124191645	http://touslesconcours.info/repository/Concours-UCAC/orderby,6/	200	text/html
20171124194323	http://touslesconcours.info/repository/Concours-UCAC/orderby,7/	200	text/html
20170306074714	http://touslesconcours.info:80/repository/Examen-%C3%A9ducation-civique-et-morale-au-baccalaur%C3%A9at	200	text/html
20171129184528	http://touslesconcours.info/repository/Examen-%C3%A9ducation-civique-et-morale-au-baccalaur%C3%A9at/orderby,1/	200	text/html
20171129174017	http://touslesconcours.info/repository/Examen-%C3%A9ducation-civique-et-morale-au-baccalaur%C3%A9at/orderby,7/	200	text/html
20161126142756	http://touslesconcours.info:80/repository/Examen-%C3%A9ducation-civique-et-morale-au-probatoire	200	text/html
20170401090745	http://touslesconcours.info:80/repository/Examen-%C3%A9ducation-civique-et-morale-au-probatoire/ECM-ProbatABCDE-1999.pdf/	200	text/html
20170401090750	http://touslesconcours.info:80/repository/Examen-%C3%A9ducation-civique-et-morale-au-probatoire/ECM-ProbatABCDE-2000.pdf/	200	text/html
20170401090755	http://touslesconcours.info:80/repository/Examen-%C3%A9ducation-civique-et-morale-au-probatoire/ECM-ProbatABCDE-2001.pdf/	200	text/html
20170401090759	http://touslesconcours.info:80/repository/Examen-%C3%A9ducation-civique-et-morale-au-probatoire/ECM-ProbatABCDE-2002.pdf/	200	text/html
20170401090805	http://touslesconcours.info:80/repository/Examen-%C3%A9ducation-civique-et-morale-au-probatoire/ECM-ProbatABCDE-2003.pdf/	200	text/html
20170401090810	http://touslesconcours.info:80/repository/Examen-%C3%A9ducation-civique-et-morale-au-probatoire/ECM-ProbatABCDE-2004.pdf/	200	text/html
20170401090814	http://touslesconcours.info:80/repository/Examen-%C3%A9ducation-civique-et-morale-au-probatoire/ECM-ProbatABCDE-2005.pdf/	200	text/html
20170401090820	http://touslesconcours.info:80/repository/Examen-%C3%A9ducation-civique-et-morale-au-probatoire/ECM-ProbatABCDE-2007.pdf/	200	text/html
20170401090825	http://touslesconcours.info:80/repository/Examen-%C3%A9ducation-civique-et-morale-au-probatoire/ECM-ProbatABCDE-2008.pdf/	200	text/html
20170401090829	http://touslesconcours.info:80/repository/Examen-%C3%A9ducation-civique-et-morale-au-probatoire/ECM-ProbatABCDE-2009.pdf/	200	text/html
20170401090835	http://touslesconcours.info:80/repository/Examen-%C3%A9ducation-civique-et-morale-au-probatoire/ECM-ProbatABCDE-2010.pdf/	200	text/html
20170401090841	http://touslesconcours.info:80/repository/Examen-%C3%A9ducation-civique-et-morale-au-probatoire/ECM-ProbatABCDE-2011.pdf/	200	text/html
20170401090845	http://touslesconcours.info:80/repository/Examen-%C3%A9ducation-civique-et-morale-au-probatoire/ECM-ProbatABCDE-2012.pdf/	200	text/html
20170401090850	http://touslesconcours.info:80/repository/Examen-%C3%A9ducation-civique-et-morale-au-probatoire/ECM-ProbatABCDE-2013.pdf/	200	text/html
20170401090855	http://touslesconcours.info:80/repository/Examen-%C3%A9ducation-civique-et-morale-au-probatoire/ECM-ProbatABCDE-2014.pdf/	200	text/html
20170401090900	http://touslesconcours.info:80/repository/Examen-%C3%A9ducation-civique-et-morale-au-probatoire/ECM-ProbatABCDE-2015.pdf/	200	text/html
20170401090905	http://touslesconcours.info:80/repository/Examen-%C3%A9ducation-civique-et-morale-au-probatoire/ECM-ProbatABCDE-and-TI-2013.pdf/	200	text/html
20170401090910	http://touslesconcours.info:80/repository/Examen-%C3%A9ducation-civique-et-morale-au-probatoire/ECM-ProbatABCDE-and-TI-2014.pdf/	200	text/html
20170401090915	http://touslesconcours.info:80/repository/Examen-%C3%A9ducation-civique-et-morale-au-probatoire/ECM-ProbatABCDE-and-TI-2015.pdf/	200	text/html
20170302082548	http://touslesconcours.info:80/repository/Examen-anglais-au-baccalaur%C3%A9at	200	text/html
20171129163816	http://touslesconcours.info/repository/Examen-anglais-au-baccalaur%C3%A9at/Anglais-bac-C-D-2001.pdf/	200	text/html
20171129164728	http://touslesconcours.info/repository/Examen-anglais-au-baccalaur%C3%A9at/Anglais-bac-C-D-2002.pdf/	200	text/html
20171129163828	http://touslesconcours.info/repository/Examen-anglais-au-baccalaur%C3%A9at/orderby,1/	200	text/html
20161121002712	http://touslesconcours.info:80/repository/Examen-anglais-au-probatoire	200	text/html
20170110181111	http://touslesconcours.info:80/repository/Examen-anglais-au-probatoire/Anglais-ProbatABCDE-1999.pdf	200	text/html
20170401090925	http://touslesconcours.info:80/repository/Examen-anglais-au-probatoire/Anglais-ProbatABCDE-2000.pdf/	200	text/html
20170401090930	http://touslesconcours.info:80/repository/Examen-anglais-au-probatoire/Anglais-ProbatABCDE-2001.pdf/	200	text/html
20170401090935	http://touslesconcours.info:80/repository/Examen-anglais-au-probatoire/Anglais-ProbatABCDE-2002.pdf/	200	text/html
20170401090940	http://touslesconcours.info:80/repository/Examen-anglais-au-probatoire/Anglais-ProbatABCDE-2003.pdf/	200	text/html
20170401090946	http://touslesconcours.info:80/repository/Examen-anglais-au-probatoire/Anglais-ProbatABCDE-2004.pdf/	200	text/html
20170401090950	http://touslesconcours.info:80/repository/Examen-anglais-au-probatoire/Anglais-ProbatABCDE-2005.pdf/	200	text/html
20170401090955	http://touslesconcours.info:80/repository/Examen-anglais-au-probatoire/Anglais-ProbatABCDE-2006.pdf/	200	text/html
20170401091000	http://touslesconcours.info:80/repository/Examen-anglais-au-probatoire/Anglais-ProbatABCDE-2007.pdf/	200	text/html
20170401091005	http://touslesconcours.info:80/repository/Examen-anglais-au-probatoire/Anglais-ProbatABCDE-2008.pdf/	200	text/html
20170401091010	http://touslesconcours.info:80/repository/Examen-anglais-au-probatoire/Anglais-ProbatABCDE-2009.pdf/	200	text/html
20170401091015	http://touslesconcours.info:80/repository/Examen-anglais-au-probatoire/Anglais-ProbatABCDE-2010.pdf/	200	text/html
20170401091020	http://touslesconcours.info:80/repository/Examen-anglais-au-probatoire/Anglais-ProbatABCDE-2011.pdf/	200	text/html
20170401091025	http://touslesconcours.info:80/repository/Examen-anglais-au-probatoire/Anglais-ProbatABCDE-2012.pdf/	200	text/html
20170401091030	http://touslesconcours.info:80/repository/Examen-anglais-au-probatoire/Anglais-ProbatABCDE-2013.pdf/	200	text/html
20170401091035	http://touslesconcours.info:80/repository/Examen-anglais-au-probatoire/Anglais-ProbatABCDE-2014.pdf/	200	text/html
20170401091041	http://touslesconcours.info:80/repository/Examen-anglais-au-probatoire/Anglais-ProbatABCDE-2015.pdf/	200	text/html
20170401091045	http://touslesconcours.info:80/repository/Examen-anglais-au-probatoire/Anglais-ProbatE-1999.pdf/	200	text/html
20170401091051	http://touslesconcours.info:80/repository/Examen-anglais-au-probatoire/Anglais-ProbatE-2000.pdf/	200	text/html
20161214081757	http://touslesconcours.info:80/repository/Examen-anglais-au-probatoire/Anglais-ProbatE-2001.pdf/	200	text/html
20170401091100	http://touslesconcours.info:80/repository/Examen-anglais-au-probatoire/Anglais-ProbatE-2002.pdf/	200	text/html
20170401091105	http://touslesconcours.info:80/repository/Examen-anglais-au-probatoire/Anglais-ProbatE-2003.pdf/	200	text/html
20170401091110	http://touslesconcours.info:80/repository/Examen-anglais-au-probatoire/Anglais-probatE-2004.pdf/	200	text/html
20170302083114	http://touslesconcours.info:80/repository/Examen-biologie-au-baccalaur%C3%A9at	200	text/html
20171124183003	http://touslesconcours.info/repository/Examen-biologie-au-baccalaur%C3%A9at/orderby,1/	200	text/html
20171124192706	http://touslesconcours.info/repository/Examen-biologie-au-baccalaur%C3%A9at/orderby,4/	200	text/html
20171124190339	http://touslesconcours.info/repository/Examen-biologie-au-baccalaur%C3%A9at/orderby,5/	200	text/html
20171124181233	http://touslesconcours.info/repository/Examen-biologie-au-baccalaur%C3%A9at/orderby,7/	200	text/html
20171124180611	http://touslesconcours.info/repository/Examen-biologie-au-baccalaur%C3%A9at/SVT-BAC-1999.pdf/	200	text/html
20171124184014	http://touslesconcours.info/repository/Examen-biologie-au-baccalaur%C3%A9at/SVT-BAC-2000.pdf/	200	text/html
20171124194808	http://touslesconcours.info/repository/Examen-biologie-au-baccalaur%C3%A9at/SVT-BAC-2001.pdf/	200	text/html
20171124194645	http://touslesconcours.info/repository/Examen-biologie-au-baccalaur%C3%A9at/SVT-BAC-2002.pdf/	200	text/html
20171124184248	http://touslesconcours.info/repository/Examen-biologie-au-baccalaur%C3%A9at/SVT-BAC-2003.pdf/	200	text/html
20171124194216	http://touslesconcours.info/repository/Examen-biologie-au-baccalaur%C3%A9at/SVT-BAC-2004.pdf/	200	text/html
20171124193739	http://touslesconcours.info/repository/Examen-biologie-au-baccalaur%C3%A9at/SVT-BAC-2007.pdf/	200	text/html
20171124182527	http://touslesconcours.info/repository/Examen-biologie-au-baccalaur%C3%A9at/SVT-BAC-2009.pdf/	200	text/html
20170427033941	http://touslesconcours.info:80/repository/Examen-biologie-au-probatoire	200	text/html
20171124185159	http://touslesconcours.info/repository/Examen-biologie-au-probatoire/orderby,1/	200	text/html
20171124192509	http://touslesconcours.info/repository/Examen-biologie-au-probatoire/orderby,3/	200	text/html
20171124194753	http://touslesconcours.info/repository/Examen-biologie-au-probatoire/orderby,4/	200	text/html
20171124180404	http://touslesconcours.info/repository/Examen-biologie-au-probatoire/orderby,7/	200	text/html
20170401091242	http://touslesconcours.info:80/repository/Examen-biologie-au-probatoire/SVT-ProbatA-1999.pdf/	200	text/html
20170401091248	http://touslesconcours.info:80/repository/Examen-biologie-au-probatoire/SVT-ProbatA-2000.pdf/	200	text/html
20170401091254	http://touslesconcours.info:80/repository/Examen-biologie-au-probatoire/SVT-ProbatA-2001.pdf/	200	text/html
20170401091258	http://touslesconcours.info:80/repository/Examen-biologie-au-probatoire/SVT-ProbatA-2002.pdf/	200	text/html
20170401091303	http://touslesconcours.info:80/repository/Examen-biologie-au-probatoire/SVT-ProbatA-2003.pdf/	200	text/html
20170401091308	http://touslesconcours.info:80/repository/Examen-biologie-au-probatoire/SVT-ProbatA-2004.pdf/	200	text/html
20170401091313	http://touslesconcours.info:80/repository/Examen-biologie-au-probatoire/SVT-ProbatA-2005.pdf/	200	text/html
20170401091318	http://touslesconcours.info:80/repository/Examen-biologie-au-probatoire/SVT-ProbatA-2006.pdf/	200	text/html
20170401091323	http://touslesconcours.info:80/repository/Examen-biologie-au-probatoire/SVT-ProbatA-2007.pdf/	200	text/html
20170401091328	http://touslesconcours.info:80/repository/Examen-biologie-au-probatoire/SVT-ProbatA-2008.pdf/	200	text/html
20170401091333	http://touslesconcours.info:80/repository/Examen-biologie-au-probatoire/SVT-ProbatA-2009.pdf/	200	text/html
20170401091338	http://touslesconcours.info:80/repository/Examen-biologie-au-probatoire/SVT-ProbatA-2010.pdf/	200	text/html
20170401091343	http://touslesconcours.info:80/repository/Examen-biologie-au-probatoire/SVT-ProbatA-2011.pdf/	200	text/html
20170401091348	http://touslesconcours.info:80/repository/Examen-biologie-au-probatoire/SVT-ProbatA-2012.pdf/	200	text/html
20161214081821	http://touslesconcours.info:80/repository/Examen-biologie-au-probatoire/SVT-ProbatA-2013.pdf/	200	text/html
20170401091358	http://touslesconcours.info:80/repository/Examen-biologie-au-probatoire/SVT-ProbatA-2014.pdf/	200	text/html
20170401091403	http://touslesconcours.info:80/repository/Examen-biologie-au-probatoire/SVT-ProbatA-2015.pdf/	200	text/html
20170401091115	http://touslesconcours.info:80/repository/Examen-biologie-au-probatoire/SVT-PROBATC-2004.pdf/	200	text/html
20170401091120	http://touslesconcours.info:80/repository/Examen-biologie-au-probatoire/SVT-PROBATD-1999.pdf/	200	text/html
20170401091125	http://touslesconcours.info:80/repository/Examen-biologie-au-probatoire/SVT-PROBATD-2000.pdf/	200	text/html
20170401091131	http://touslesconcours.info:80/repository/Examen-biologie-au-probatoire/SVT-PROBATD-2001.pdf/	200	text/html
20170401091135	http://touslesconcours.info:80/repository/Examen-biologie-au-probatoire/SVT-PROBATD-2002.pdf/	200	text/html
20170401091140	http://touslesconcours.info:80/repository/Examen-biologie-au-probatoire/SVT-PROBATD-2003.pdf/	200	text/html
20170401091145	http://touslesconcours.info:80/repository/Examen-biologie-au-probatoire/SVT-PROBATD-2004.pdf/	200	text/html
20170401091150	http://touslesconcours.info:80/repository/Examen-biologie-au-probatoire/SVT-PROBATD-2005.pdf/	200	text/html
20170401091156	http://touslesconcours.info:80/repository/Examen-biologie-au-probatoire/SVT-PROBATD-2006.pdf/	200	text/html
20170401091202	http://touslesconcours.info:80/repository/Examen-biologie-au-probatoire/SVT-PROBATD-2007.pdf/	200	text/html
20170401091207	http://touslesconcours.info:80/repository/Examen-biologie-au-probatoire/SVT-PROBATD-2008.pdf/	200	text/html
20170401091212	http://touslesconcours.info:80/repository/Examen-biologie-au-probatoire/SVT-PROBATD-2009.pdf/	200	text/html
20170401091218	http://touslesconcours.info:80/repository/Examen-biologie-au-probatoire/SVT-PROBATD-2010.pdf/	200	text/html
20170401091223	http://touslesconcours.info:80/repository/Examen-biologie-au-probatoire/SVT-PROBATD-2011.pdf/	200	text/html
20170401091228	http://touslesconcours.info:80/repository/Examen-biologie-au-probatoire/SVT-PROBATD-2012.pdf/	200	text/html
20170401091233	http://touslesconcours.info:80/repository/Examen-biologie-au-probatoire/SVT-PROBATD-2013.pdf/	200	text/html
20170401091239	http://touslesconcours.info:80/repository/Examen-biologie-au-probatoire/SVT-PROBATD-2014.pdf/	200	text/html
20170227081726	http://touslesconcours.info:80/repository/Examen-chimie-au-baccalaureat	200	text/html
20171124094611	http://touslesconcours.info/repository/Examen-chimie-au-baccalaureat/Chimie-BAC-and-D-1999.pdf/	200	text/html
20171124083854	http://touslesconcours.info/repository/Examen-chimie-au-baccalaureat/Chimie-BAC-and-D-2000.pdf/	200	text/html
20171124105227	http://touslesconcours.info/repository/Examen-chimie-au-baccalaureat/Chimie-BAC-and-D-2001.pdf/	200	text/html
20170429015250	http://touslesconcours.info:80/repository/Examen-chimie-au-probatoire	200	text/html
20170401091408	http://touslesconcours.info:80/repository/Examen-chimie-au-probatoire/Chimie-ProbatC-and-D-1999.pdf/	200	text/html
20170401091413	http://touslesconcours.info:80/repository/Examen-chimie-au-probatoire/Chimie-ProbatC-and-D-2000.pdf/	200	text/html
20170401091418	http://touslesconcours.info:80/repository/Examen-chimie-au-probatoire/Chimie-ProbatC-and-D-2001.pdf/	200	text/html
20170401091424	http://touslesconcours.info:80/repository/Examen-chimie-au-probatoire/Chimie-ProbatC-and-D-2002.pdf/	200	text/html
20170401091428	http://touslesconcours.info:80/repository/Examen-chimie-au-probatoire/Chimie-ProbatC-and-D-2003.pdf/	200	text/html
20170401091433	http://touslesconcours.info:80/repository/Examen-chimie-au-probatoire/Chimie-ProbatC-and-D-2004.pdf/	200	text/html
20170401091439	http://touslesconcours.info:80/repository/Examen-chimie-au-probatoire/Chimie-ProbatC-and-D-2008.pdf/	200	text/html
20170401091443	http://touslesconcours.info:80/repository/Examen-chimie-au-probatoire/Chimie-ProbatC-and-D-2009.pdf/	200	text/html
20170401091448	http://touslesconcours.info:80/repository/Examen-chimie-au-probatoire/Chimie-ProbatC-and-D-2010.pdf/	200	text/html
20170401091453	http://touslesconcours.info:80/repository/Examen-chimie-au-probatoire/Chimie-ProbatC-and-D-2011.pdf/	200	text/html
20170401091458	http://touslesconcours.info:80/repository/Examen-chimie-au-probatoire/Chimie-ProbatC-and-D-2012.pdf/	200	text/html
20170401091503	http://touslesconcours.info:80/repository/Examen-chimie-au-probatoire/Chimie-ProbatC-and-D-2013.pdf/	200	text/html
20170401091509	http://touslesconcours.info:80/repository/Examen-chimie-au-probatoire/Chimie-ProbatC-and-D-2014.pdf/	200	text/html
20170401091513	http://touslesconcours.info:80/repository/Examen-chimie-au-probatoire/Chimie-ProbatC-and-D-2015.pdf/	200	text/html
20170302183417	http://touslesconcours.info:80/repository/Examen-francais-au-baccalaur%C3%A9at	200	text/html
20171124110251	http://touslesconcours.info/repository/Examen-francais-au-baccalaur%C3%A9at/Langue-BAD-and-TI-2014.pdf/	200	text/html
20171124114733	http://touslesconcours.info/repository/Examen-francais-au-baccalaur%C3%A9at/orderby,3/	200	text/html
20170429030009	http://touslesconcours.info:80/repository/Examen-francais-au-probatoire	200	text/html
20170401091553	http://touslesconcours.info:80/repository/Examen-francais-au-probatoire/Litt%C3%A9rature-probatABCDE-1999.pdf/	200	text/html
20170401091559	http://touslesconcours.info:80/repository/Examen-francais-au-probatoire/Litt%C3%A9rature-probatABCDE-2000.pdf/	200	text/html
20170401091603	http://touslesconcours.info:80/repository/Examen-francais-au-probatoire/Litt%C3%A9rature-probatABCDE-2001.pdf/	200	text/html
20170401091608	http://touslesconcours.info:80/repository/Examen-francais-au-probatoire/Litt%C3%A9rature-probatABCDE-2002.pdf/	200	text/html
20170401091614	http://touslesconcours.info:80/repository/Examen-francais-au-probatoire/Litt%C3%A9rature-probatABCDE-2003.pdf/	200	text/html
20170401091518	http://touslesconcours.info:80/repository/Examen-francais-au-probatoire/Litt%C3%A9rature-ProbatABCDE-2004.pdf/	200	text/html
20170401091523	http://touslesconcours.info:80/repository/Examen-francais-au-probatoire/Litt%C3%A9rature-ProbatABCDE-2009.pdf/	200	text/html
20170401091529	http://touslesconcours.info:80/repository/Examen-francais-au-probatoire/Litt%C3%A9rature-ProbatABCDE-2010.pdf/	200	text/html
20170401091533	http://touslesconcours.info:80/repository/Examen-francais-au-probatoire/Litt%C3%A9rature-ProbatABCDE-2011.pdf/	200	text/html
20170401091538	http://touslesconcours.info:80/repository/Examen-francais-au-probatoire/Litt%C3%A9rature-ProbatABCDE-2012.pdf/	200	text/html
20170401091543	http://touslesconcours.info:80/repository/Examen-francais-au-probatoire/Litt%C3%A9rature-ProbatABCDE-and-TI-2013.pdf/	200	text/html
20170401091548	http://touslesconcours.info:80/repository/Examen-francais-au-probatoire/Litt%C3%A9rature-ProbatABCDE-and-TI-2014.pdf/	200	text/html
20171124121743	http://touslesconcours.info/repository/Examen-francais-au-probatoire/orderby,7/	200	text/html
20170228060553	http://touslesconcours.info:80/repository/Examen-histoire-et-g%C3%A9ographie-au-baccalaur%C3%A9at	200	text/html
20171124122413	http://touslesconcours.info/repository/Examen-histoire-et-g%C3%A9ographie-au-baccalaur%C3%A9at/G%C3%A9ographie-BAA-and-B-2002.pdf/	200	text/html
20170303085759	http://touslesconcours.info:80/repository/Examen-histoire-et-g%C3%A9ographie-au-baccalaur%C3%A9at/G%C3%A9ographie-BAA-and-B-2003.pdf/	200	text/html
20170427035336	http://touslesconcours.info:80/repository/Examen-histoire-et-g%C3%A9ographie-au-probatoire	200	text/html
20170401091618	http://touslesconcours.info:80/repository/Examen-histoire-et-g%C3%A9ographie-au-probatoire/G%C3%A9ographie-ProbatA-2013.pdf/	200	text/html
20170401091624	http://touslesconcours.info:80/repository/Examen-histoire-et-g%C3%A9ographie-au-probatoire/G%C3%A9ographie-ProbatA-2015.pdf/	200	text/html
20170401091630	http://touslesconcours.info:80/repository/Examen-histoire-et-g%C3%A9ographie-au-probatoire/G%C3%A9ographie-ProbatA-and-B-1999.pdf/	200	text/html
20170401091634	http://touslesconcours.info:80/repository/Examen-histoire-et-g%C3%A9ographie-au-probatoire/G%C3%A9ographie-ProbatA-and-B-2000.pdf/	200	text/html
20170401091639	http://touslesconcours.info:80/repository/Examen-histoire-et-g%C3%A9ographie-au-probatoire/G%C3%A9ographie-ProbatA-and-B-2002.pdf/	200	text/html
20170401091644	http://touslesconcours.info:80/repository/Examen-histoire-et-g%C3%A9ographie-au-probatoire/G%C3%A9ographie-ProbatA-and-B-2003.pdf/	200	text/html
20170401091650	http://touslesconcours.info:80/repository/Examen-histoire-et-g%C3%A9ographie-au-probatoire/G%C3%A9ographie-ProbatA-and-B-2004.pdf/	200	text/html
20170401091655	http://touslesconcours.info:80/repository/Examen-histoire-et-g%C3%A9ographie-au-probatoire/G%C3%A9ographie-ProbatA-and-B-2006.pdf/	200	text/html
20170401091700	http://touslesconcours.info:80/repository/Examen-histoire-et-g%C3%A9ographie-au-probatoire/G%C3%A9ographie-ProbatA-and-B-2010.pdf/	200	text/html
20170401091705	http://touslesconcours.info:80/repository/Examen-histoire-et-g%C3%A9ographie-au-probatoire/G%C3%A9ographie-ProbatA-and-B-2011.pdf/	200	text/html
20170215044824	http://touslesconcours.info:80/repository/Examen-histoire-et-g%C3%A9ographie-au-probatoire/G%C3%A9ographie-ProbatCD-and-E-1999.pdf/	200	text/html
20170401091710	http://touslesconcours.info:80/repository/Examen-histoire-et-g%C3%A9ographie-au-probatoire/G%C3%A9ographie-ProbatCD-and-E-2000.pdf/	200	text/html
20170401091715	http://touslesconcours.info:80/repository/Examen-histoire-et-g%C3%A9ographie-au-probatoire/G%C3%A9ographie-ProbatCD-and-E-2002.pdf/	200	text/html
20170401091720	http://touslesconcours.info:80/repository/Examen-histoire-et-g%C3%A9ographie-au-probatoire/G%C3%A9ographie-ProbatCD-and-E-2003.pdf/	200	text/html
20170401091725	http://touslesconcours.info:80/repository/Examen-histoire-et-g%C3%A9ographie-au-probatoire/G%C3%A9ographie-ProbatCD-and-E-2004.pdf/	200	text/html
20170401091730	http://touslesconcours.info:80/repository/Examen-histoire-et-g%C3%A9ographie-au-probatoire/G%C3%A9ographie-ProbatCDE-2009.pdf/	200	text/html
20170401091735	http://touslesconcours.info:80/repository/Examen-histoire-et-g%C3%A9ographie-au-probatoire/G%C3%A9ographie-ProbatCDE-2012.pdf/	200	text/html
20170401091740	http://touslesconcours.info:80/repository/Examen-histoire-et-g%C3%A9ographie-au-probatoire/G%C3%A9ographie-ProbatCDE-and-TI-2014.pdf/	200	text/html
20170401091745	http://touslesconcours.info:80/repository/Examen-histoire-et-g%C3%A9ographie-au-probatoire/Histoire-ProbatA-2012.pdf/	200	text/html
20170401091750	http://touslesconcours.info:80/repository/Examen-histoire-et-g%C3%A9ographie-au-probatoire/Histoire-ProbatA-2014.pdf/	200	text/html
20170401091755	http://touslesconcours.info:80/repository/Examen-histoire-et-g%C3%A9ographie-au-probatoire/Histoire-ProbatA-and-B-2001.pdf/	200	text/html
20170401091800	http://touslesconcours.info:80/repository/Examen-histoire-et-g%C3%A9ographie-au-probatoire/Histoire-ProbatCD-and-E-2001.pdf/	200	text/html
20170401091805	http://touslesconcours.info:80/repository/Examen-histoire-et-g%C3%A9ographie-au-probatoire/Histoire-ProbatCD-and-E-2006.pdf/	200	text/html
20170401091810	http://touslesconcours.info:80/repository/Examen-histoire-et-g%C3%A9ographie-au-probatoire/Histoire-ProbatCD-and-E-2009.pdf/	200	text/html
20170401091815	http://touslesconcours.info:80/repository/Examen-histoire-et-g%C3%A9ographie-au-probatoire/Histoire-ProbatCD-and-E-2010.pdf/	200	text/html
20170401091820	http://touslesconcours.info:80/repository/Examen-histoire-et-g%C3%A9ographie-au-probatoire/Histoire-ProbatCD-and-E-2011.pdf/	200	text/html
20170401091826	http://touslesconcours.info:80/repository/Examen-histoire-et-g%C3%A9ographie-au-probatoire/Histoire-ProbatCDE-and-TI-2013.pdf/	200	text/html
20170401091830	http://touslesconcours.info:80/repository/Examen-histoire-et-g%C3%A9ographie-au-probatoire/Histoire-ProbatCDE-and-TI-2015.pdf/	200	text/html
20170302183428	http://touslesconcours.info:80/repository/Examen-math%C3%A9matiques-au-baccalaur%C3%A9at	200	text/html
20171129162105	http://touslesconcours.info/repository/Examen-math%C3%A9matiques-au-baccalaur%C3%A9at/BAC-A-2004.pdf/	200	text/html
20170427113913	http://touslesconcours.info:80/repository/Examen-math%C3%A9matiques-au-probatoire	200	text/html
20171124155148	http://touslesconcours.info/repository/Examen-math%C3%A9matiques-au-probatoire/orderby,3/	200	text/html
20171124173214	http://touslesconcours.info/repository/Examen-math%C3%A9matiques-au-probatoire/orderby,7/	200	text/html
20170401091835	http://touslesconcours.info:80/repository/Examen-math%C3%A9matiques-au-probatoire/PROBAT-A-2000.pdf/	200	text/html
20170401091840	http://touslesconcours.info:80/repository/Examen-math%C3%A9matiques-au-probatoire/PROBAT-A-2001.pdf/	200	text/html
20170401091845	http://touslesconcours.info:80/repository/Examen-math%C3%A9matiques-au-probatoire/PROBAT-A-2002.pdf/	200	text/html
20170401091850	http://touslesconcours.info:80/repository/Examen-math%C3%A9matiques-au-probatoire/PROBAT-A-2003-1.pdf/	200	text/html
20170401091855	http://touslesconcours.info:80/repository/Examen-math%C3%A9matiques-au-probatoire/PROBAT-A-2003-2.pdf/	200	text/html
20170401091900	http://touslesconcours.info:80/repository/Examen-math%C3%A9matiques-au-probatoire/PROBAT-A-2004.pdf/	200	text/html
20170401091905	http://touslesconcours.info:80/repository/Examen-math%C3%A9matiques-au-probatoire/PROBAT-A-2005.pdf/	200	text/html
20170401091910	http://touslesconcours.info:80/repository/Examen-math%C3%A9matiques-au-probatoire/PROBAT-A-2006.pdf/	200	text/html
20170401091915	http://touslesconcours.info:80/repository/Examen-math%C3%A9matiques-au-probatoire/PROBAT-A-2007.pdf/	200	text/html
20170401091920	http://touslesconcours.info:80/repository/Examen-math%C3%A9matiques-au-probatoire/PROBAT-A-2008.pdf/	200	text/html
20170401091925	http://touslesconcours.info:80/repository/Examen-math%C3%A9matiques-au-probatoire/PROBAT-A-2009.pdf/	200	text/html
20170401091930	http://touslesconcours.info:80/repository/Examen-math%C3%A9matiques-au-probatoire/PROBAT-A-2010.pdf/	200	text/html
20170401091935	http://touslesconcours.info:80/repository/Examen-math%C3%A9matiques-au-probatoire/PROBAT-A-2011.pdf/	200	text/html
20170401091941	http://touslesconcours.info:80/repository/Examen-math%C3%A9matiques-au-probatoire/PROBAT-A-2012.pdf/	200	text/html
20170401091946	http://touslesconcours.info:80/repository/Examen-math%C3%A9matiques-au-probatoire/PROBAT-A-2013.pdf/	200	text/html
20170402150618	http://touslesconcours.info:80/repository/Examen-math%C3%A9matiques-au-probatoire/PROBAT-A-2014.pdf/	200	text/html
20170402150634	http://touslesconcours.info:80/repository/Examen-math%C3%A9matiques-au-probatoire/PROBAT-A-2015.pdf/	200	text/html
20170401204407	http://touslesconcours.info:80/repository/Examen-math%C3%A9matiques-au-probatoire/PROBAT-A-2016.pdf/	200	text/html
20170401204413	http://touslesconcours.info:80/repository/Examen-math%C3%A9matiques-au-probatoire/PROBAT-C-2000.pdf/	200	text/html
20170402150656	http://touslesconcours.info:80/repository/Examen-math%C3%A9matiques-au-probatoire/PROBAT-C-2001.pdf/	200	text/html
20170402150752	http://touslesconcours.info:80/repository/Examen-math%C3%A9matiques-au-probatoire/PROBAT-C-2002.pdf/	200	text/html
20170402055459	http://touslesconcours.info:80/repository/Examen-math%C3%A9matiques-au-probatoire/PROBAT-C-2003.pdf/	200	text/html
20170402055504	http://touslesconcours.info:80/repository/Examen-math%C3%A9matiques-au-probatoire/PROBAT-C-2004.pdf/	200	text/html
20170401204419	http://touslesconcours.info:80/repository/Examen-math%C3%A9matiques-au-probatoire/PROBAT-C-2005.pdf/	200	text/html
20170401204424	http://touslesconcours.info:80/repository/Examen-math%C3%A9matiques-au-probatoire/PROBAT-C-2006.pdf/	200	text/html
20170402055509	http://touslesconcours.info:80/repository/Examen-math%C3%A9matiques-au-probatoire/PROBAT-C-2007.pdf/	200	text/html
20170402055514	http://touslesconcours.info:80/repository/Examen-math%C3%A9matiques-au-probatoire/PROBAT-C-2008.pdf/	200	text/html
20170401204428	http://touslesconcours.info:80/repository/Examen-math%C3%A9matiques-au-probatoire/PROBAT-C-2009.pdf/	200	text/html
20170401204433	http://touslesconcours.info:80/repository/Examen-math%C3%A9matiques-au-probatoire/PROBAT-C-2010.pdf/	200	text/html
20170402055519	http://touslesconcours.info:80/repository/Examen-math%C3%A9matiques-au-probatoire/PROBAT-C-2011.pdf/	200	text/html
20170402055611	http://touslesconcours.info:80/repository/Examen-math%C3%A9matiques-au-probatoire/PROBAT-C-2012.pdf/	200	text/html
20170401204438	http://touslesconcours.info:80/repository/Examen-math%C3%A9matiques-au-probatoire/PROBAT-C-2013.pdf/	200	text/html
20170402055616	http://touslesconcours.info:80/repository/Examen-math%C3%A9matiques-au-probatoire/PROBAT-C-2014.pdf/	200	text/html
20170401204443	http://touslesconcours.info:80/repository/Examen-math%C3%A9matiques-au-probatoire/PROBAT-C-2015.pdf/	200	text/html
20170401204448	http://touslesconcours.info:80/repository/Examen-math%C3%A9matiques-au-probatoire/PROBAT-C-2016.pdf/	200	text/html
20170401204453	http://touslesconcours.info:80/repository/Examen-math%C3%A9matiques-au-probatoire/PROBAT-D-2000.pdf/	200	text/html
20170401204458	http://touslesconcours.info:80/repository/Examen-math%C3%A9matiques-au-probatoire/PROBAT-D-2001.pdf/	200	text/html
20170401204504	http://touslesconcours.info:80/repository/Examen-math%C3%A9matiques-au-probatoire/PROBAT-D-2004.pdf/	200	text/html
20170215060515	http://touslesconcours.info:80/repository/Examen-math%C3%A9matiques-au-probatoire/PROBAT-D-2005.pdf	200	text/html
20170401204036	http://touslesconcours.info:80/repository/Examen-math%C3%A9matiques-au-probatoire/PROBAT-D-2006.pdf/	200	text/html
20170401204041	http://touslesconcours.info:80/repository/Examen-math%C3%A9matiques-au-probatoire/PROBAT-D-2007.pdf/	200	text/html
20170401204514	http://touslesconcours.info:80/repository/Examen-math%C3%A9matiques-au-probatoire/PROBAT-D-2008.pdf/	200	text/html
20170401204519	http://touslesconcours.info:80/repository/Examen-math%C3%A9matiques-au-probatoire/PROBAT-D-2009.pdf/	200	text/html
20170215113809	http://touslesconcours.info:80/repository/Examen-math%C3%A9matiques-au-probatoire/PROBAT-D-2010.pdf	200	text/html
20170215113813	http://touslesconcours.info:80/repository/Examen-math%C3%A9matiques-au-probatoire/PROBAT-D-2011.pdf	200	text/html
20170401204051	http://touslesconcours.info:80/repository/Examen-math%C3%A9matiques-au-probatoire/PROBAT-D-2012.pdf/	200	text/html
20170401204056	http://touslesconcours.info:80/repository/Examen-math%C3%A9matiques-au-probatoire/PROBAT-D-2013.pdf/	200	text/html
20170215113818	http://touslesconcours.info:80/repository/Examen-math%C3%A9matiques-au-probatoire/PROBAT-D-2014.pdf	200	text/html
20170215113823	http://touslesconcours.info:80/repository/Examen-math%C3%A9matiques-au-probatoire/PROBAT-D-2015.pdf	200	text/html
20170215060520	http://touslesconcours.info:80/repository/Examen-math%C3%A9matiques-au-probatoire/PROBAT-D-2016.pdf	200	text/html
20170306075744	http://touslesconcours.info:80/repository/Examen-philosophie-au-baccalaur%C3%A9at	200	text/html
20171124191956	http://touslesconcours.info/repository/Examen-philosophie-au-baccalaur%C3%A9at/orderby,1/	200	text/html
20171124175122	http://touslesconcours.info/repository/Examen-philosophie-au-baccalaur%C3%A9at/orderby,3/	200	text/html
20171124182203	http://touslesconcours.info/repository/Examen-philosophie-au-baccalaur%C3%A9at/orderby,4/	200	text/html
20171124184006	http://touslesconcours.info/repository/Examen-philosophie-au-baccalaur%C3%A9at/orderby,5/	200	text/html
20171124193328	http://touslesconcours.info/repository/Examen-philosophie-au-baccalaur%C3%A9at/orderby,7/	200	text/html
20171124194538	http://touslesconcours.info/repository/Examen-philosophie-au-baccalaur%C3%A9at/Philisophie-BAA-2013.pdf/	200	text/html
20171124183450	http://touslesconcours.info/repository/Examen-philosophie-au-baccalaur%C3%A9at/Philosophie-BAA-1999.pdf/	200	text/html
20171124185901	http://touslesconcours.info/repository/Examen-philosophie-au-baccalaur%C3%A9at/Philosophie-BAA-2002.pdf/	200	text/html
20171124175848	http://touslesconcours.info/repository/Examen-philosophie-au-baccalaur%C3%A9at/Philosophie-BAA-2003.pdf/	200	text/html
20171124182156	http://touslesconcours.info/repository/Examen-philosophie-au-baccalaur%C3%A9at/Philosophie-BAA-2009.pdf/	200	text/html
20171124183959	http://touslesconcours.info/repository/Examen-philosophie-au-baccalaur%C3%A9at/Philosophie-BAA-2011.pdf/	200	text/html
20171124184532	http://touslesconcours.info/repository/Examen-philosophie-au-baccalaur%C3%A9at/Philosophie-BAA-2012.pdf/	200	text/html
20221029232321	https://www.touslesconcours.info/repository/Examen-physique-au-	200	text/html
20170302183602	http://touslesconcours.info:80/repository/Examen-physique-au-baccalaur%C3%A9at	200	text/html
20171124143802	http://touslesconcours.info/repository/Examen-physique-au-baccalaur%C3%A9at/orderby,3/	200	text/html
20221029232404	https://www.touslesconcours.info/repository/Examen-physique-au-baccalaur%C3%A9at/Physique-BAC-and-E-2001.pdf/	200	text/html
20161202111440	http://touslesconcours.info:80/repository/Examen-physique-au-probatoire	200	text/html
20170401204111	http://touslesconcours.info:80/repository/Examen-physique-au-probatoire/Physique-ProbatA-1999.pdf/	200	text/html
20161214081916	http://touslesconcours.info:80/repository/Examen-physique-au-probatoire/Physique-ProbatA-2000.pdf/	200	text/html
20170401204534	http://touslesconcours.info:80/repository/Examen-physique-au-probatoire/Physique-ProbatA-2001.pdf/	200	text/html
20170401204539	http://touslesconcours.info:80/repository/Examen-physique-au-probatoire/Physique-ProbatA-2002.pdf/	200	text/html
20170401204116	http://touslesconcours.info:80/repository/Examen-physique-au-probatoire/Physique-ProbatA-2003.pdf/	200	text/html
20170401204121	http://touslesconcours.info:80/repository/Examen-physique-au-probatoire/Physique-ProbatA-2004.pdf/	200	text/html
20170401204544	http://touslesconcours.info:80/repository/Examen-physique-au-probatoire/Physique-ProbatC-and-E-1999.pdf/	200	text/html
20170401204126	http://touslesconcours.info:80/repository/Examen-physique-au-probatoire/Physique-ProbatC-and-E-2000.pdf/	200	text/html
20170401204131	http://touslesconcours.info:80/repository/Examen-physique-au-probatoire/Physique-ProbatC-and-E-2001.pdf/	200	text/html
20170401204136	http://touslesconcours.info:80/repository/Examen-physique-au-probatoire/Physique-ProbatC-and-E-2002.pdf/	200	text/html
20170401204549	http://touslesconcours.info:80/repository/Examen-physique-au-probatoire/Physique-ProbatC-and-E-2003.pdf/	200	text/html
20170401204141	http://touslesconcours.info:80/repository/Examen-physique-au-probatoire/Physique-ProbatC-and-E-2004.pdf/	200	text/html
20170401204554	http://touslesconcours.info:80/repository/Examen-physique-au-probatoire/Physique-ProbatC-and-E-2008.pdf/	200	text/html
20170401204146	http://touslesconcours.info:80/repository/Examen-physique-au-probatoire/Physique-ProbatC-and-E-2009.pdf/	200	text/html
20170401204559	http://touslesconcours.info:80/repository/Examen-physique-au-probatoire/Physique-ProbatC-and-E-2010.pdf/	200	text/html
20170401204604	http://touslesconcours.info:80/repository/Examen-physique-au-probatoire/Physique-ProbatC-and-E-2012.pdf/	200	text/html
20170401204609	http://touslesconcours.info:80/repository/Examen-physique-au-probatoire/Physique-ProbatC-and-E-2013.pdf/	200	text/html
20170401204151	http://touslesconcours.info:80/repository/Examen-physique-au-probatoire/Physique-ProbatC-and-E-2014.pdf/	200	text/html
20170401204156	http://touslesconcours.info:80/repository/Examen-physique-au-probatoire/Physique-ProbatC-and-E-2015.pdf/	200	text/html
20170401204201	http://touslesconcours.info:80/repository/Examen-physique-au-probatoire/Physique-ProbatD-and-TI-1999.pdf/	200	text/html
20170401204206	http://touslesconcours.info:80/repository/Examen-physique-au-probatoire/Physique-ProbatD-and-TI-2000.pdf/	200	text/html
20170401204614	http://touslesconcours.info:80/repository/Examen-physique-au-probatoire/Physique-ProbatD-and-TI-2001.pdf/	200	text/html
20170401204212	http://touslesconcours.info:80/repository/Examen-physique-au-probatoire/Physique-ProbatD-and-TI-2002.pdf/	200	text/html
20170401204216	http://touslesconcours.info:80/repository/Examen-physique-au-probatoire/Physique-ProbatD-and-TI-2003.pdf/	200	text/html
20170401204619	http://touslesconcours.info:80/repository/Examen-physique-au-probatoire/Physique-ProbatD-and-TI-2004.pdf/	200	text/html
20170401204624	http://touslesconcours.info:80/repository/Examen-physique-au-probatoire/Physique-ProbatD-and-TI-2008.pdf/	200	text/html
20170401204221	http://touslesconcours.info:80/repository/Examen-physique-au-probatoire/Physique-ProbatD-and-TI-2009.pdf/	200	text/html
20170401204226	http://touslesconcours.info:80/repository/Examen-physique-au-probatoire/Physique-ProbatD-and-TI-2010.pdf/	200	text/html
20170401204231	http://touslesconcours.info:80/repository/Examen-physique-au-probatoire/Physique-ProbatD-and-TI-2011.pdf/	200	text/html
20170401204238	http://touslesconcours.info:80/repository/Examen-physique-au-probatoire/Physique-ProbatD-and-TI-2012.pdf/	200	text/html
20170401204629	http://touslesconcours.info:80/repository/Examen-physique-au-probatoire/Physique-ProbatD-and-TI-2013.pdf/	200	text/html
20170401204634	http://touslesconcours.info:80/repository/Examen-physique-au-probatoire/Physique-ProbatD-and-TI-2014.pdf/	200	text/html
20170401204639	http://touslesconcours.info:80/repository/Examen-physique-au-probatoire/Physique-ProbatD-and-TI-2015.pdf/	200	text/html
20170401204242	http://touslesconcours.info:80/repository/Examen-physique-au-probatoire/Physique-ProbatE-and-C-1999.pdf/	200	text/html
20170401204246	http://touslesconcours.info:80/repository/Examen-physique-au-probatoire/Physique-ProbatE-and-C-2000.pdf/	200	text/html
20170401204252	http://touslesconcours.info:80/repository/Examen-physique-au-probatoire/Physique-ProbatE-and-C-2001.pdf/	200	text/html
20170401204645	http://touslesconcours.info:80/repository/Examen-physique-au-probatoire/Physique-ProbatE-and-C-2003.pdf/	200	text/html
20170401204650	http://touslesconcours.info:80/repository/Examen-physique-au-probatoire/Physique-ProbatE-and-C-2004.pdf/	200	text/html
20170306080407	http://touslesconcours.info:80/repository/Exemple	200	text/html
20170308020049	http://touslesconcours.info/repository/func-addfile/	200	text/html
20170220203750	http://www.touslesconcours.info:80/repository/func-addfile/103/	200	text/html
20171124215640	http://touslesconcours.info/repository/func-addfile/106/	200	text/html
20161116052632	http://www.touslesconcours.info:80/repository/func-addfile/109/	200	text/html
20171124103836	http://touslesconcours.info/repository/func-addfile/116/	200	text/html
20170524212424	http://touslesconcours.info:80/repository/func-addfile/117/	200	text/html
20170315194118	http://www.touslesconcours.info:80/repository/func-addfile/118/	200	text/html
20171124130835	http://touslesconcours.info/repository/func-addfile/128/	200	text/html
20171124192403	http://touslesconcours.info/repository/func-addfile/130/	200	text/html
20170423203313	http://www.touslesconcours.info:80/repository/func-addfile/140/	200	text/html
20170423202007	http://www.touslesconcours.info:80/repository/func-addfile/141/	200	text/html
20171124121329	http://touslesconcours.info/repository/func-addfile/145/	200	text/html
20171129165540	http://touslesconcours.info/repository/func-addfile/147/	200	text/html
20171124190657	http://touslesconcours.info/repository/func-addfile/150/	200	text/html
20170531123849	http://www.touslesconcours.info:80/repository/func-addfile/23/	200	text/html
20151012070228	http://www.touslesconcours.info:80/repository/func-addfile/35/	200	text/html
20171129182328	http://touslesconcours.info/repository/func-addfile/40/	200	text/html
20160822044720	http://touslesconcours.info:80/repository/func-addfile/48/	200	text/html
20160819115138	http://touslesconcours.info:80/repository/func-addfile/49/	200	text/html
20160823134523	http://touslesconcours.info:80/repository/func-addfile/50/	200	text/html
20160819050220	http://touslesconcours.info:80/repository/func-addfile/51/	200	text/html
20150831025000	http://www.touslesconcours.info:80/repository/func-addfile/53/	200	text/html
20171019071720	http://touslesconcours.info/repository/func-addfile/54/	200	text/html
20170214140445	http://www.touslesconcours.info:80/repository/func-addfile/57/	200	text/html
20171124060059	http://touslesconcours.info/repository/func-addfile/6/	200	text/html
20171124191503	http://touslesconcours.info/repository/func-addfile/61/	200	text/html
20171124184911	http://touslesconcours.info/repository/func-addfile/65/	200	text/html
20170423203557	http://www.touslesconcours.info:80/repository/func-addfile/66/	200	text/html
20171124192835	http://touslesconcours.info/repository/func-addfile/67/	200	text/html
20160824233354	http://www.touslesconcours.info:80/repository/func-addfile/69/	200	text/html
20171124184234	http://touslesconcours.info/repository/func-addfile/71/	200	text/html
20170106094429	http://www.touslesconcours.info:80/repository/func-addfile/75/	200	text/html
20170120131211	http://www.touslesconcours.info:80/repository/func-addfile/77/	200	text/html
20170506222816	http://touslesconcours.info:80/repository/func-addfile/80/	200	text/html
20151125191338	http://www.touslesconcours.info:80/repository/func-addfile/82/	200	text/html
20171124194406	http://touslesconcours.info/repository/func-addfile/83/	200	text/html
20150623031458	http://www.touslesconcours.info:80/repository/func-addfile/86/	200	text/html
20171124183354	http://touslesconcours.info/repository/func-addfile/89/	200	text/html
20170420180016	http://www.touslesconcours.info:80/repository/func-addfile/92/	200	text/html
20170212235009	http://www.touslesconcours.info:80/repository/func-addfile/94/	200	text/html
20171124183323	http://touslesconcours.info/repository/func-addfile/95/	200	text/html
20170404212659	http://www.touslesconcours.info:80/repository/func-addfile/96/	200	text/html
20160911014830	http://www.touslesconcours.info:80/repository/func-addfile/97/	200	text/html
20170404210104	http://www.touslesconcours.info:80/repository/func-addfile/98/	200	text/html
20171124190023	http://touslesconcours.info/repository/func-addfile/99/	200	text/html
20170519211844	http://touslesconcours.info:80/repository/func-download/147/chk,1e261398e454be5202f7633a2b79090e/no_html,1	200	text/html
20170422115243	http://touslesconcours.info:80/repository/func-download/1470/chk,05bdb999943976a7a83216fbeb2294e9/no_html,1	200	text/html
20161107085903	http://www.touslesconcours.info:80/repository/func-download/1713/chk,0e7f95113352eef1ffb339dd036fe786/no_html,1	200	text/html
20170326213904	http://www.touslesconcours.info:80/repository/func-download/1751/chk,9aec24c43e17e3de95f4f831279c6176/no_html,1	200	text/html
20170421015332	http://www.touslesconcours.info:80/repository/func-download/2282/chk,37a8912f241d0d5bcb3299f35ad33025/no_html,1	200	text/html
20170421015540	http://www.touslesconcours.info:80/repository/func-download/2283/chk,7a4063ba6cd8c077b382dc7f3d343288/no_html,1	200	text/html
20170421015337	http://www.touslesconcours.info:80/repository/func-download/2284/chk,070e9eee0094c13adb2be04025af0464/no_html,1	200	text/html
20170421015342	http://www.touslesconcours.info:80/repository/func-download/2288/chk,b0479577a4b38e7604ca1d133ac6a450/no_html,1	200	text/html
20170421015347	http://www.touslesconcours.info:80/repository/func-download/2290/chk,0c607ae4dadfb9f687d056ff1af4ecc6/no_html,1	200	text/html
20170421015542	http://www.touslesconcours.info:80/repository/func-download/2292/chk,14b9ee5fefc3cced4e530229c6dbd3b7/no_html,1	200	text/html
20170422152719	http://touslesconcours.info:80/repository/func-download/2532/chk,c733b48d9e2fd330c30b8554626d119b/no_html,1	200	text/html
20170422152340	http://touslesconcours.info:80/repository/func-download/2533/chk,f31c38a56522b6437a600dc759ec0ba5/no_html,1	200	text/html
20170412230810	http://www.touslesconcours.info:80/repository/func-download/525/chk,c878a1fdb6933d14f0eecdc4f601a212/no_html,1	200	text/html
20171206134951	http://touslesconcours.info/repository/func-rss/100/no_html,1/	200	application/xml
20171206153625	http://touslesconcours.info/repository/func-rss/101/no_html,1/	200	application/xml
20170220155200	http://www.touslesconcours.info:80/repository/func-rss/103/no_html,1/	200	application/xml
20171206094720	http://touslesconcours.info/repository/func-rss/104/no_html,1/	200	application/xml
20171206083118	http://touslesconcours.info/repository/func-rss/105/no_html,1/	200	application/xml
20161116052816	http://www.touslesconcours.info:80/repository/func-rss/109/no_html,1/	200	application/xml
20171206104544	http://touslesconcours.info/repository/func-rss/111/no_html,1/	200	application/xml
20171206123917	http://touslesconcours.info/repository/func-rss/113/no_html,1/	200	application/xml
20170831183328	http://touslesconcours.info/repository/func-rss/114/no_html,1/	200	application/xml
20161118031758	http://touslesconcours.info:80/repository/func-rss/116/no_html,1/	200	application/xml
20170505040849	http://touslesconcours.info:80/repository/func-rss/117/no_html,1/	200	application/xml
20170315231250	http://www.touslesconcours.info:80/repository/func-rss/118/no_html,1/	200	application/xml
20170831203531	http://touslesconcours.info/repository/func-rss/119/no_html,1/	200	application/xml
20161113155304	http://www.touslesconcours.info:80/repository/func-rss/121/no_html,1/	200	application/xml
20170831204217	http://touslesconcours.info/repository/func-rss/122/no_html,1/	200	application/xml
20170831155849	http://touslesconcours.info/repository/func-rss/130/no_html,1/	200	application/xml
20171206112757	http://touslesconcours.info/repository/func-rss/132/no_html,1/	200	application/xml
20171206095344	http://touslesconcours.info/repository/func-rss/133/no_html,1/	200	application/xml
20170831191957	http://touslesconcours.info/repository/func-rss/136/no_html,1/	200	application/xml
20171206100904	http://touslesconcours.info/repository/func-rss/139/no_html,1/	200	application/xml
20170422204752	http://www.touslesconcours.info:80/repository/func-rss/140/no_html,1/	200	application/xml
20170422204838	http://www.touslesconcours.info:80/repository/func-rss/141/no_html,1/	200	application/xml
20170227143033	http://touslesconcours.info:80/repository/func-rss/142/no_html,1/	200	application/xml
20171206103135	http://touslesconcours.info/repository/func-rss/144/no_html,1/	200	application/xml
20171206084742	http://touslesconcours.info/repository/func-rss/145/no_html,1/	200	application/xml
20170304092258	http://touslesconcours.info:80/repository/func-rss/149/no_html,1/	200	application/xml
20171206121502	http://touslesconcours.info/repository/func-rss/150/no_html,1/	200	application/xml
20170831110209	http://touslesconcours.info/repository/func-rss/151/no_html,1/	200	application/xml
20171206084433	http://touslesconcours.info/repository/func-rss/155/no_html,1/	200	application/xml
20171206082644	http://touslesconcours.info/repository/func-rss/24/no_html,1/	200	application/xml
20170831155103	http://touslesconcours.info/repository/func-rss/26/no_html,1/	200	application/xml
20171206085713	http://touslesconcours.info/repository/func-rss/27/no_html,1/	200	application/xml
20171206101525	http://touslesconcours.info/repository/func-rss/28/no_html,1/	200	application/xml
20171206040204	http://touslesconcours.info/repository/func-rss/31/no_html,1/	200	application/xml
20171206090757	http://touslesconcours.info/repository/func-rss/32/no_html,1/	200	application/xml
20171206101109	http://touslesconcours.info/repository/func-rss/33/no_html,1/	200	application/xml
20170831161959	http://touslesconcours.info/repository/func-rss/34/no_html,1/	200	application/xml
20151009044437	http://www.touslesconcours.info:80/repository/func-rss/35/no_html,1/	200	application/xml
20171206101643	http://touslesconcours.info/repository/func-rss/36/no_html,1/	200	application/xml
20170831185701	http://touslesconcours.info/repository/func-rss/37/no_html,1/	200	application/xml
20171206095604	http://touslesconcours.info/repository/func-rss/39/no_html,1/	200	application/xml
20150822175116	http://www.touslesconcours.info:80/repository/func-rss/40/no_html,1/	200	application/xml
20160822022254	http://touslesconcours.info:80/repository/func-rss/48/no_html,1/	200	application/xml
20160819051047	http://touslesconcours.info:80/repository/func-rss/49/no_html,1/	200	application/xml
20160819114659	http://touslesconcours.info:80/repository/func-rss/50/no_html,1/	200	application/xml
20160819024425	http://touslesconcours.info:80/repository/func-rss/51/no_html,1/	200	application/xml
20150831003940	http://www.touslesconcours.info:80/repository/func-rss/53/no_html,1/	200	application/xml
20170827082248	http://touslesconcours.info/repository/func-rss/54/no_html,1/	200	application/xml
20170214121132	http://www.touslesconcours.info:80/repository/func-rss/57/no_html,1/	200	application/xml
20161118031803	http://touslesconcours.info:80/repository/func-rss/58/no_html,1/	200	application/xml
20170224195833	http://www.touslesconcours.info:80/repository/func-rss/6/no_html,1/	200	application/xml
20170831180331	http://touslesconcours.info/repository/func-rss/61/no_html,1/	200	application/xml
20170831204327	http://touslesconcours.info/repository/func-rss/62/no_html,1/	200	application/xml
20161219044156	http://www.touslesconcours.info:80/repository/func-rss/63/no_html,1/	200	application/xml
20171206114933	http://touslesconcours.info/repository/func-rss/65/no_html,1/	200	application/xml
20170422205302	http://www.touslesconcours.info:80/repository/func-rss/66/no_html,1/	200	application/xml
20171206130146	http://touslesconcours.info/repository/func-rss/67/no_html,1/	200	application/xml
20160824145812	http://www.touslesconcours.info:80/repository/func-rss/69/no_html,1/	200	application/xml
20171206053156	http://touslesconcours.info/repository/func-rss/70/no_html,1/	200	application/xml
20170831183210	http://touslesconcours.info/repository/func-rss/71/no_html,1/	200	application/xml
20171206092357	http://touslesconcours.info/repository/func-rss/72/no_html,1/	200	application/xml
20171208022259	http://touslesconcours.info/repository/func-rss/73/no_html,1/	200	application/xml
20171206094333	http://touslesconcours.info/repository/func-rss/74/no_html,1/	200	application/xml
20170102200023	http://www.touslesconcours.info:80/repository/func-rss/75/no_html,1/	200	application/xml
20171206090306	http://touslesconcours.info/repository/func-rss/76/no_html,1/	200	application/xml
20170120180533	http://www.touslesconcours.info:80/repository/func-rss/77/no_html,1/	200	application/xml
20170219180804	http://www.touslesconcours.info:80/repository/func-rss/79/no_html,1/	200	application/xml
20170504203331	http://touslesconcours.info:80/repository/func-rss/80/no_html,1/	200	application/xml
20151125191343	http://www.touslesconcours.info:80/repository/func-rss/82/no_html,1/	200	application/xml
20171206121455	http://touslesconcours.info/repository/func-rss/83/no_html,1/	200	application/xml
20171206100636	http://touslesconcours.info/repository/func-rss/84/no_html,1/	200	application/xml
20150623011808	http://www.touslesconcours.info:80/repository/func-rss/86/no_html,1/	200	application/xml
20170831165910	http://touslesconcours.info/repository/func-rss/87/no_html,1/	200	application/xml
20170831165022	http://touslesconcours.info/repository/func-rss/89/no_html,1/	200	application/xml
20171206092308	http://touslesconcours.info/repository/func-rss/90/no_html,1/	200	application/xml
20170419112200	http://www.touslesconcours.info:80/repository/func-rss/92/no_html,1/	200	application/xml
20170831183659	http://touslesconcours.info/repository/func-rss/93/no_html,1/	200	application/xml
20170211192403	http://www.touslesconcours.info:80/repository/func-rss/94/no_html,1/	200	application/xml
20170831202006	http://touslesconcours.info/repository/func-rss/95/no_html,1/	200	application/xml
20170403200055	http://www.touslesconcours.info:80/repository/func-rss/96/no_html,1/	200	application/xml
20160909063016	http://www.touslesconcours.info:80/repository/func-rss/97/no_html,1/	200	application/xml
20170404175948	http://www.touslesconcours.info:80/repository/func-rss/98/no_html,1/	200	application/xml
20170831170752	http://touslesconcours.info/repository/func-rss/99/no_html,1/	200	application/xml
20150623011813	http://www.touslesconcours.info:80/repository/func-rss/no_html,1/	200	application/xml
20221002224958	https://touslesconcours.info/repository/func-showdown/125/	200	text/html
20220831005057	https://touslesconcours.info/repository/func-showdown/128/	200	text/html
20170531045116	http://www.touslesconcours.info:80/repository/func-showdown/139/	200	text/html
20220914181539	https://touslesconcours.info/repository/func-showdown/140/	200	text/html
20220903222236	https://touslesconcours.info/repository/func-showdown/141/	200	text/html
20220801052320	https://touslesconcours.info/repository/func-showdown/150/	200	text/html
20170306080104	http://www.touslesconcours.info:80/repository/func-startdown/10	200	text/html
20161110185050	http://touslesconcours.info:80/repository/func-startdown/1004	200	text/html
20161110184630	http://touslesconcours.info:80/repository/func-startdown/1005	200	text/html
20161110184848	http://touslesconcours.info:80/repository/func-startdown/1006	200	text/html
20161110184413	http://touslesconcours.info:80/repository/func-startdown/1007	200	text/html
20161110184423	http://touslesconcours.info:80/repository/func-startdown/1008	200	text/html
20161110185106	http://touslesconcours.info:80/repository/func-startdown/1009	200	text/html
20161110184724	http://touslesconcours.info:80/repository/func-startdown/1010	200	text/html
20161110184428	http://touslesconcours.info:80/repository/func-startdown/1011	200	text/html
20161110185035	http://touslesconcours.info:80/repository/func-startdown/1012	200	text/html
20161218162325	http://www.touslesconcours.info:80/repository/func-startdown/1013	200	text/html
20170119052509	http://www.touslesconcours.info:80/repository/func-startdown/1014	200	text/html
20170324214814	http://www.touslesconcours.info:80/repository/func-startdown/1015	200	text/html
20170326090809	http://www.touslesconcours.info:80/repository/func-startdown/1016	200	text/html
20170119052558	http://www.touslesconcours.info:80/repository/func-startdown/1018	200	text/html
20170119052034	http://www.touslesconcours.info:80/repository/func-startdown/1019	200	text/html
20170324214443	http://www.touslesconcours.info:80/repository/func-startdown/1020	200	text/html
20170429012716	http://www.touslesconcours.info:80/repository/func-startdown/1021	200	text/html
20170119051216	http://www.touslesconcours.info:80/repository/func-startdown/1039	200	text/html
20170119051221	http://www.touslesconcours.info:80/repository/func-startdown/1040	200	text/html
20170119052040	http://www.touslesconcours.info:80/repository/func-startdown/1041	200	text/html
20161218162329	http://www.touslesconcours.info:80/repository/func-startdown/1042	200	text/html
20170119052106	http://www.touslesconcours.info:80/repository/func-startdown/1043	200	text/html
20170119051227	http://www.touslesconcours.info:80/repository/func-startdown/1044	200	text/html
20161218162338	http://www.touslesconcours.info:80/repository/func-startdown/1045	200	text/html
20170119051305	http://www.touslesconcours.info:80/repository/func-startdown/1046	200	text/html
20161218162346	http://www.touslesconcours.info:80/repository/func-startdown/1047	200	text/html
20170208015516	http://www.touslesconcours.info:80/repository/func-startdown/1048	200	text/html
20161218162401	http://www.touslesconcours.info:80/repository/func-startdown/1049	200	text/html
20161218162427	http://www.touslesconcours.info:80/repository/func-startdown/1050	200	text/html
20170207003140	http://www.touslesconcours.info:80/repository/func-startdown/1051	200	text/html
20170206204701	http://www.touslesconcours.info:80/repository/func-startdown/1052	200	text/html
20170501064846	http://www.touslesconcours.info:80/repository/func-startdown/1084	200	text/html
20170526080918	http://www.touslesconcours.info:80/repository/func-startdown/1094	200	text/html
20170527052441	http://www.touslesconcours.info:80/repository/func-startdown/1095	200	text/html
20170527030559	http://www.touslesconcours.info:80/repository/func-startdown/1096	200	text/html
20170527053627	http://www.touslesconcours.info:80/repository/func-startdown/1097	200	text/html
20150609003453	http://www.touslesconcours.info:80/repository/func-startdown/11	200	text/html
20170527034633	http://www.touslesconcours.info:80/repository/func-startdown/1104	200	text/html
20170420035844	http://www.touslesconcours.info:80/repository/func-startdown/1105	200	text/html
20170213073522	http://www.touslesconcours.info:80/repository/func-startdown/1109	200	text/html
20170213073528	http://www.touslesconcours.info:80/repository/func-startdown/1110	200	text/html
20170213073245	http://www.touslesconcours.info:80/repository/func-startdown/1111	200	text/html
20170214020817	http://www.touslesconcours.info:80/repository/func-startdown/1113	200	text/html
20170213072813	http://www.touslesconcours.info:80/repository/func-startdown/1114	200	text/html
20170213072856	http://www.touslesconcours.info:80/repository/func-startdown/1115	200	text/html
20170213073544	http://www.touslesconcours.info:80/repository/func-startdown/1116	200	text/html
20170213073553	http://www.touslesconcours.info:80/repository/func-startdown/1117	200	text/html
20170212193237	http://www.touslesconcours.info:80/repository/func-startdown/1118	200	text/html
20170316134822	http://www.touslesconcours.info:80/repository/func-startdown/1120	200	text/html
20170316134828	http://www.touslesconcours.info:80/repository/func-startdown/1121	200	text/html
20170316135022	http://www.touslesconcours.info:80/repository/func-startdown/1122	200	text/html
20170316135025	http://www.touslesconcours.info:80/repository/func-startdown/1123	200	text/html
20170316053313	http://www.touslesconcours.info:80/repository/func-startdown/1124	200	text/html
20170316053606	http://www.touslesconcours.info:80/repository/func-startdown/1125	200	text/html
20170316134911	http://www.touslesconcours.info:80/repository/func-startdown/1126	200	text/html
20170316095329	http://www.touslesconcours.info:80/repository/func-startdown/1127	200	text/html
20170316053631	http://www.touslesconcours.info:80/repository/func-startdown/1128	200	text/html
20170316135030	http://www.touslesconcours.info:80/repository/func-startdown/1129	200	text/html
20170316135034	http://www.touslesconcours.info:80/repository/func-startdown/1130	200	text/html
20170316052955	http://www.touslesconcours.info:80/repository/func-startdown/1131	200	text/html
20170316053636	http://www.touslesconcours.info:80/repository/func-startdown/1132	200	text/html
20170316135038	http://www.touslesconcours.info:80/repository/func-startdown/1133	200	text/html
20170316053040	http://www.touslesconcours.info:80/repository/func-startdown/1134	200	text/html
20170316053714	http://www.touslesconcours.info:80/repository/func-startdown/1136	200	text/html
20151124231250	http://www.touslesconcours.info:80/repository/func-startdown/1137	200	text/html
20151125024236	http://www.touslesconcours.info:80/repository/func-startdown/1138	200	text/html
20151125024553	http://www.touslesconcours.info:80/repository/func-startdown/1139	200	text/html
20151125024557	http://www.touslesconcours.info:80/repository/func-startdown/1140	200	text/html
20151125024622	http://www.touslesconcours.info:80/repository/func-startdown/1141	200	text/html
20151125024628	http://www.touslesconcours.info:80/repository/func-startdown/1143	200	text/html
20151125024646	http://www.touslesconcours.info:80/repository/func-startdown/1144	200	text/html
20151125024715	http://www.touslesconcours.info:80/repository/func-startdown/1145	200	text/html
20151125024820	http://www.touslesconcours.info:80/repository/func-startdown/1146	200	text/html
20170213202922	http://www.touslesconcours.info:80/repository/func-startdown/1161	200	text/html
20170213202928	http://www.touslesconcours.info:80/repository/func-startdown/1162	200	text/html
20170213202933	http://www.touslesconcours.info:80/repository/func-startdown/1163	200	text/html
20170214092057	http://www.touslesconcours.info:80/repository/func-startdown/1164	200	text/html
20170214020421	http://www.touslesconcours.info:80/repository/func-startdown/1165	200	text/html
20170213191040	http://www.touslesconcours.info:80/repository/func-startdown/1167	200	text/html
20170214092101	http://www.touslesconcours.info:80/repository/func-startdown/1168	200	text/html
20170214021219	http://www.touslesconcours.info:80/repository/func-startdown/1170	200	text/html
20170214021224	http://www.touslesconcours.info:80/repository/func-startdown/1171	200	text/html
20170214092128	http://www.touslesconcours.info:80/repository/func-startdown/1172	200	text/html
20170214021229	http://www.touslesconcours.info:80/repository/func-startdown/1173	200	text/html
20170214020821	http://www.touslesconcours.info:80/repository/func-startdown/1174	200	text/html
20170214092133	http://www.touslesconcours.info:80/repository/func-startdown/1175	200	text/html
20160904042716	http://touslesconcours.info:80/repository/func-startdown/1176/	200	text/html
20170214021234	http://www.touslesconcours.info:80/repository/func-startdown/1177	200	text/html
20170214020426	http://www.touslesconcours.info:80/repository/func-startdown/1178	200	text/html
20170213202938	http://www.touslesconcours.info:80/repository/func-startdown/1179	200	text/html
20170214092210	http://www.touslesconcours.info:80/repository/func-startdown/1181	200	text/html
20170213202943	http://www.touslesconcours.info:80/repository/func-startdown/1182	200	text/html
20170214020447	http://www.touslesconcours.info:80/repository/func-startdown/1183	200	text/html
20170213202949	http://www.touslesconcours.info:80/repository/func-startdown/1184	200	text/html
20170214020832	http://www.touslesconcours.info:80/repository/func-startdown/1186	200	text/html
20170214020837	http://www.touslesconcours.info:80/repository/func-startdown/1187	200	text/html
20170214020100	http://www.touslesconcours.info:80/repository/func-startdown/1189	200	text/html
20170214020842	http://www.touslesconcours.info:80/repository/func-startdown/1190	200	text/html
20170214020915	http://www.touslesconcours.info:80/repository/func-startdown/1191	200	text/html
20150609003459	http://www.touslesconcours.info:80/repository/func-startdown/12	200	text/html
20170214020104	http://www.touslesconcours.info:80/repository/func-startdown/1204	200	text/html
20170214021239	http://www.touslesconcours.info:80/repository/func-startdown/1205	200	text/html
20170213202953	http://www.touslesconcours.info:80/repository/func-startdown/1207	200	text/html
20150622034333	http://www.touslesconcours.info:80/repository/func-startdown/1208	200	text/html
20150622034624	http://www.touslesconcours.info:80/repository/func-startdown/1209	200	text/html
20170322051848	http://www.touslesconcours.info:80/repository/func-startdown/1212	200	text/html
20170321161154	http://www.touslesconcours.info:80/repository/func-startdown/1213	200	text/html
20170220102805	http://www.touslesconcours.info:80/repository/func-startdown/1214	200	text/html
20170220103226	http://www.touslesconcours.info:80/repository/func-startdown/1215	200	text/html
20170220103231	http://www.touslesconcours.info:80/repository/func-startdown/1216	200	text/html
20170104043400	http://touslesconcours.info:80/repository/func-startdown/1217	200	text/html
20170412230645	http://www.touslesconcours.info:80/repository/func-startdown/122	200	text/html
20170508204259	http://touslesconcours.info:80/repository/func-startdown/1220	200	text/html
20170508183242	http://touslesconcours.info:80/repository/func-startdown/1222	200	text/html
20170220102811	http://www.touslesconcours.info:80/repository/func-startdown/1223	200	text/html
20170220103236	http://www.touslesconcours.info:80/repository/func-startdown/1224	200	text/html
20170220102816	http://www.touslesconcours.info:80/repository/func-startdown/1225	200	text/html
20170220102821	http://www.touslesconcours.info:80/repository/func-startdown/1226	200	text/html
20170220102826	http://www.touslesconcours.info:80/repository/func-startdown/1227	200	text/html
20170220103241	http://www.touslesconcours.info:80/repository/func-startdown/1228	200	text/html
20170220102831	http://www.touslesconcours.info:80/repository/func-startdown/1229	200	text/html
20170512161849	http://touslesconcours.info:80/repository/func-startdown/123	200	text/html
20170220102837	http://www.touslesconcours.info:80/repository/func-startdown/1230	200	text/html
20170204205939	http://www.touslesconcours.info:80/repository/func-startdown/1232	200	text/html
20170220102902	http://www.touslesconcours.info:80/repository/func-startdown/1233	200	text/html
20170220103246	http://www.touslesconcours.info:80/repository/func-startdown/1234	200	text/html
20170220103251	http://www.touslesconcours.info:80/repository/func-startdown/1235	200	text/html
20170220102936	http://www.touslesconcours.info:80/repository/func-startdown/1236	200	text/html
20170220103256	http://www.touslesconcours.info:80/repository/func-startdown/1237	200	text/html
20170220103301	http://www.touslesconcours.info:80/repository/func-startdown/1238	200	text/html
20170220103338	http://www.touslesconcours.info:80/repository/func-startdown/1239	200	text/html
20170412230013	http://www.touslesconcours.info:80/repository/func-startdown/124	200	text/html
20170508054245	http://www.touslesconcours.info:80/repository/func-startdown/1240	200	text/html
20170508054251	http://www.touslesconcours.info:80/repository/func-startdown/1241	200	text/html
20170508054518	http://www.touslesconcours.info:80/repository/func-startdown/1242	200	text/html
20170508054045	http://www.touslesconcours.info:80/repository/func-startdown/1243	200	text/html
20170508053905	http://www.touslesconcours.info:80/repository/func-startdown/1244	200	text/html
20170102113311	http://touslesconcours.info:80/repository/func-startdown/1265	200	text/html
20170102113709	http://touslesconcours.info:80/repository/func-startdown/1268	200	text/html
20170528152004	http://www.touslesconcours.info:80/repository/func-startdown/128	200	text/html
20170412230048	http://www.touslesconcours.info:80/repository/func-startdown/129	200	text/html
20150609003504	http://www.touslesconcours.info:80/repository/func-startdown/13	200	text/html
20170528115345	http://www.touslesconcours.info:80/repository/func-startdown/130	200	text/html
20170603162536	http://www.touslesconcours.info:80/repository/func-startdown/1301	200	text/html
20170418053650	http://www.touslesconcours.info:80/repository/func-startdown/131	200	text/html
20170603161417	http://www.touslesconcours.info:80/repository/func-startdown/1315	200	text/html
20170603163231	http://www.touslesconcours.info:80/repository/func-startdown/1316	200	text/html
20170603143401	http://www.touslesconcours.info:80/repository/func-startdown/1323	200	text/html
20170402074014	http://www.touslesconcours.info:80/repository/func-startdown/1339	200	text/html
20170401195242	http://www.touslesconcours.info:80/repository/func-startdown/1340	200	text/html
20170329214327	http://www.touslesconcours.info:80/repository/func-startdown/1341	200	text/html
20170401195247	http://www.touslesconcours.info:80/repository/func-startdown/1342	200	text/html
20170606113518	http://www.touslesconcours.info:80/repository/func-startdown/1343	200	text/html
20160726235048	http://www.touslesconcours.info:80/repository/func-startdown/1346	200	text/html
20170103040018	http://www.touslesconcours.info:80/repository/func-startdown/1347	200	text/html
20161016035241	http://touslesconcours.info:80/repository/func-startdown/1348	200	text/html
20160726070227	http://touslesconcours.info:80/repository/func-startdown/1349	200	text/html
20170401143850	http://www.touslesconcours.info:80/repository/func-startdown/1350	200	text/html
20170403235748	http://www.touslesconcours.info:80/repository/func-startdown/1351	200	text/html
20170429004022	http://www.touslesconcours.info:80/repository/func-startdown/1352	200	text/html
20160915132429	http://touslesconcours.info:80/repository/func-startdown/1353	200	text/html
20160726070047	http://touslesconcours.info:80/repository/func-startdown/1354	200	text/html
20160726070139	http://touslesconcours.info:80/repository/func-startdown/1355	200	text/html
20160726053739	http://touslesconcours.info:80/repository/func-startdown/1357	200	text/html
20170412231002	http://www.touslesconcours.info:80/repository/func-startdown/136	200	text/html
20170415022222	http://www.touslesconcours.info:80/repository/func-startdown/137	200	text/html
20170519214013	http://touslesconcours.info:80/repository/func-startdown/138	200	text/html
20170329081758	http://www.touslesconcours.info:80/repository/func-startdown/1380	200	text/html
20170519213750	http://touslesconcours.info:80/repository/func-startdown/139	200	text/html
20170430031145	http://www.touslesconcours.info:80/repository/func-startdown/14	200	text/html
20170519215907	http://touslesconcours.info:80/repository/func-startdown/140	200	text/html
20170519213352	http://touslesconcours.info:80/repository/func-startdown/141	200	text/html
20170211050914	http://www.touslesconcours.info:80/repository/func-startdown/1413	200	text/html
20170211050919	http://www.touslesconcours.info:80/repository/func-startdown/1418	200	text/html
20170522161009	http://touslesconcours.info:80/repository/func-startdown/142	200	text/html
20170211050535	http://www.touslesconcours.info:80/repository/func-startdown/1429	200	text/html
20170519101443	http://touslesconcours.info:80/repository/func-startdown/143	200	text/html
20170415080702	http://www.touslesconcours.info:80/repository/func-startdown/144	200	text/html
20170519101448	http://touslesconcours.info:80/repository/func-startdown/145	200	text/html
20160909114121	http://touslesconcours.info:80/repository/func-startdown/1453	200	text/html
20170316053347	http://www.touslesconcours.info:80/repository/func-startdown/1455	200	text/html
20170316053514	http://www.touslesconcours.info:80/repository/func-startdown/1456	200	text/html
20170316135043	http://www.touslesconcours.info:80/repository/func-startdown/1457	200	text/html
20170316053814	http://www.touslesconcours.info:80/repository/func-startdown/1458	200	text/html
20170316135049	http://www.touslesconcours.info:80/repository/func-startdown/1459	200	text/html
20170519214512	http://touslesconcours.info:80/repository/func-startdown/146	200	text/html
20160909115700	http://touslesconcours.info:80/repository/func-startdown/1460	200	text/html
20160907143301	http://www.touslesconcours.info:80/repository/func-startdown/1468	200	text/html
20170213073438	http://www.touslesconcours.info:80/repository/func-startdown/1469	200	text/html
20170519083228	http://touslesconcours.info:80/repository/func-startdown/147	200	text/html
20170213073651	http://www.touslesconcours.info:80/repository/func-startdown/1470	200	text/html
20170213073047	http://www.touslesconcours.info:80/repository/func-startdown/1471	200	text/html
20170213073706	http://www.touslesconcours.info:80/repository/func-startdown/1472	200	text/html
20160822033815	http://www.touslesconcours.info:80/repository/func-startdown/1473	200	text/html
20160907120432	http://www.touslesconcours.info:80/repository/func-startdown/1474	200	text/html
20160727013215	http://www.touslesconcours.info:80/repository/func-startdown/1475	200	text/html
20160727013221	http://www.touslesconcours.info:80/repository/func-startdown/1476	200	text/html
20170105101732	http://www.touslesconcours.info:80/repository/func-startdown/1477	200	text/html
20160727013226	http://www.touslesconcours.info:80/repository/func-startdown/1478	200	text/html
20160727013125	http://www.touslesconcours.info:80/repository/func-startdown/1479	200	text/html
20170415022934	http://www.touslesconcours.info:80/repository/func-startdown/148	200	text/html
20160727013231	http://www.touslesconcours.info:80/repository/func-startdown/1480	200	text/html
20160727013236	http://www.touslesconcours.info:80/repository/func-startdown/1481	200	text/html
20160728135652	http://www.touslesconcours.info:80/repository/func-startdown/1482	200	text/html
20160727013241	http://www.touslesconcours.info:80/repository/func-startdown/1483	200	text/html
20160727013130	http://www.touslesconcours.info:80/repository/func-startdown/1484	200	text/html
20160727013135	http://www.touslesconcours.info:80/repository/func-startdown/1485	200	text/html
20170422123234	http://www.touslesconcours.info:80/repository/func-startdown/1486	200	text/html
20160727013246	http://www.touslesconcours.info:80/repository/func-startdown/1487	200	text/html
20160727013251	http://www.touslesconcours.info:80/repository/func-startdown/1488	200	text/html
20160726235057	http://www.touslesconcours.info:80/repository/func-startdown/1489	200	text/html
20170521092055	http://touslesconcours.info:80/repository/func-startdown/149	200	text/html
20170105101411	http://www.touslesconcours.info:80/repository/func-startdown/1491	200	text/html
20160727013151	http://www.touslesconcours.info:80/repository/func-startdown/1493	200	text/html
20170105161025	http://www.touslesconcours.info:80/repository/func-startdown/1494	200	text/html
20160727013256	http://www.touslesconcours.info:80/repository/func-startdown/1495	200	text/html
20170307150127	http://www.touslesconcours.info:80/repository/func-startdown/1496	200	text/html
20170420221436	http://www.touslesconcours.info:80/repository/func-startdown/1498	200	text/html
20170430003448	http://www.touslesconcours.info:80/repository/func-startdown/15	200	text/html
20170528152023	http://www.touslesconcours.info:80/repository/func-startdown/150	200	text/html
20170420230531	http://www.touslesconcours.info:80/repository/func-startdown/1500	200	text/html
20170308104736	http://www.touslesconcours.info:80/repository/func-startdown/1503	200	text/html
20170307145750	http://www.touslesconcours.info:80/repository/func-startdown/1504	200	text/html
20170420230741	http://www.touslesconcours.info:80/repository/func-startdown/1505	200	text/html
20170331002420	http://www.touslesconcours.info:80/repository/func-startdown/1506	200	text/html
20160822033821	http://www.touslesconcours.info:80/repository/func-startdown/1512	200	text/html
20170224122628	http://touslesconcours.info:80/repository/func-startdown/1513	200	text/html
20160822033852	http://www.touslesconcours.info:80/repository/func-startdown/1516	200	text/html
20170326040152	http://www.touslesconcours.info:80/repository/func-startdown/1517	200	text/html
20170326040209	http://www.touslesconcours.info:80/repository/func-startdown/1518	200	text/html
20170326035836	http://www.touslesconcours.info:80/repository/func-startdown/1519	200	text/html
20170306075049	http://touslesconcours.info:80/repository/func-startdown/1520	200	text/html
20170225144712	http://touslesconcours.info:80/repository/func-startdown/1521	200	text/html
20170326213528	http://www.touslesconcours.info:80/repository/func-startdown/1522	200	text/html
20170326035913	http://www.touslesconcours.info:80/repository/func-startdown/1523	200	text/html
20170326114620	http://www.touslesconcours.info:80/repository/func-startdown/1524	200	text/html
20170326040436	http://www.touslesconcours.info:80/repository/func-startdown/1525	200	text/html
20170326040442	http://www.touslesconcours.info:80/repository/func-startdown/1526	200	text/html
20160806111941	http://www.touslesconcours.info:80/repository/func-startdown/1527	200	text/html
20160806090556	http://www.touslesconcours.info:80/repository/func-startdown/1528	200	text/html
20170522150717	http://www.touslesconcours.info:80/repository/func-startdown/1529	200	text/html
20170522160700	http://www.touslesconcours.info:80/repository/func-startdown/1530	200	text/html
20170522155913	http://www.touslesconcours.info:80/repository/func-startdown/1531	200	text/html
20170522150442	http://www.touslesconcours.info:80/repository/func-startdown/1532	200	text/html
20170522150722	http://www.touslesconcours.info:80/repository/func-startdown/1533	200	text/html
20170522152357	http://www.touslesconcours.info:80/repository/func-startdown/1534	200	text/html
20170522142320	http://www.touslesconcours.info:80/repository/func-startdown/1535	200	text/html
20170522145400	http://www.touslesconcours.info:80/repository/func-startdown/1537	200	text/html
20170522144729	http://www.touslesconcours.info:80/repository/func-startdown/1538	200	text/html
20170522152642	http://www.touslesconcours.info:80/repository/func-startdown/1539	200	text/html
20170522144141	http://www.touslesconcours.info:80/repository/func-startdown/1540	200	text/html
20170522152402	http://www.touslesconcours.info:80/repository/func-startdown/1541	200	text/html
20170524061238	http://touslesconcours.info:80/repository/func-startdown/1542	200	text/html
20170525112822	http://touslesconcours.info:80/repository/func-startdown/1544	200	text/html
20170525124711	http://touslesconcours.info:80/repository/func-startdown/1545	200	text/html
20170524024340	http://touslesconcours.info:80/repository/func-startdown/1546	200	text/html
20160806083223	http://www.touslesconcours.info:80/repository/func-startdown/1547	200	text/html
20170524072011	http://touslesconcours.info:80/repository/func-startdown/1548	200	text/html
20170525093306	http://touslesconcours.info:80/repository/func-startdown/1549	200	text/html
20170528152200	http://www.touslesconcours.info:80/repository/func-startdown/155	200	text/html
20170524030658	http://touslesconcours.info:80/repository/func-startdown/1550	200	text/html
20170523020457	http://touslesconcours.info:80/repository/func-startdown/1551	200	text/html
20170523020507	http://touslesconcours.info:80/repository/func-startdown/1552	200	text/html
20170525084955	http://touslesconcours.info:80/repository/func-startdown/1553	200	text/html
20170523020545	http://touslesconcours.info:80/repository/func-startdown/1554	200	text/html
20170524072129	http://touslesconcours.info:80/repository/func-startdown/1555	200	text/html
20170524024350	http://touslesconcours.info:80/repository/func-startdown/1556	200	text/html
20170525113834	http://touslesconcours.info:80/repository/func-startdown/1557	200	text/html
20170524065629	http://touslesconcours.info:80/repository/func-startdown/1558	200	text/html
20170430031014	http://touslesconcours.info:80/repository/func-startdown/156	200	text/html
20161031223547	http://www.touslesconcours.info:80/repository/func-startdown/1560	200	text/html
20170522155943	http://touslesconcours.info:80/repository/func-startdown/157	200	text/html
20170123042118	http://www.touslesconcours.info:80/repository/func-startdown/1573	200	text/html
20161022113341	http://www.touslesconcours.info:80/repository/func-startdown/1574	200	text/html
20170418014354	http://www.touslesconcours.info:80/repository/func-startdown/1578	200	text/html
20170413085217	http://touslesconcours.info:80/repository/func-startdown/1579	200	text/html
20170522145345	http://touslesconcours.info:80/repository/func-startdown/158	200	text/html
20170413084940	http://touslesconcours.info:80/repository/func-startdown/1580	200	text/html
20170412020914	http://touslesconcours.info:80/repository/func-startdown/1581	200	text/html
20170412020504	http://touslesconcours.info:80/repository/func-startdown/1582	200	text/html
20170412020508	http://touslesconcours.info:80/repository/func-startdown/1584	200	text/html
20150813032324	http://www.touslesconcours.info:80/repository/func-startdown/1585	200	text/html
20150813032352	http://www.touslesconcours.info:80/repository/func-startdown/1586	200	text/html
20150813003926	http://www.touslesconcours.info:80/repository/func-startdown/1587	200	text/html
20150813032402	http://www.touslesconcours.info:80/repository/func-startdown/1589	200	text/html
20170214020110	http://www.touslesconcours.info:80/repository/func-startdown/159	200	text/html
20150813003933	http://www.touslesconcours.info:80/repository/func-startdown/1590	200	text/html
20150813032417	http://www.touslesconcours.info:80/repository/func-startdown/1591	200	text/html
20150813032439	http://www.touslesconcours.info:80/repository/func-startdown/1592	200	text/html
20150813032533	http://www.touslesconcours.info:80/repository/func-startdown/1593	200	text/html
20150813003954	http://www.touslesconcours.info:80/repository/func-startdown/1594	200	text/html
20170407074403	http://www.touslesconcours.info:80/repository/func-startdown/160	200	text/html
20170413085314	http://touslesconcours.info:80/repository/func-startdown/1600	200	text/html
20170413084946	http://touslesconcours.info:80/repository/func-startdown/1601	200	text/html
20170412230737	http://touslesconcours.info:80/repository/func-startdown/1602	200	text/html
20170312034651	http://www.touslesconcours.info:80/repository/func-startdown/1608	200	text/html
20170306075124	http://touslesconcours.info:80/repository/func-startdown/1609	200	text/html
20170427052911	http://touslesconcours.info:80/repository/func-startdown/161	200	text/html
20170412103811	http://touslesconcours.info:80/repository/func-startdown/1610	200	text/html
20170412103815	http://touslesconcours.info:80/repository/func-startdown/1611	200	text/html
20170412020920	http://touslesconcours.info:80/repository/func-startdown/1612	200	text/html
20170412020544	http://touslesconcours.info:80/repository/func-startdown/1613	200	text/html
20170412020944	http://touslesconcours.info:80/repository/func-startdown/1614	200	text/html
20170412103820	http://touslesconcours.info:80/repository/func-startdown/1615	200	text/html
20170412103942	http://touslesconcours.info:80/repository/func-startdown/1616	200	text/html
20161114215001	http://touslesconcours.info:80/repository/func-startdown/1617	200	text/html
20161114214806	http://touslesconcours.info:80/repository/func-startdown/1618	200	text/html
20161114215007	http://touslesconcours.info:80/repository/func-startdown/1619	200	text/html
20170214021011	http://www.touslesconcours.info:80/repository/func-startdown/162	200	text/html
20161114214724	http://touslesconcours.info:80/repository/func-startdown/1620	200	text/html
20161114214730	http://touslesconcours.info:80/repository/func-startdown/1621	200	text/html
20161114214735	http://touslesconcours.info:80/repository/func-startdown/1622	200	text/html
20161114215111	http://touslesconcours.info:80/repository/func-startdown/1623	200	text/html
20161114215027	http://touslesconcours.info:80/repository/func-startdown/1624	200	text/html
20161114214740	http://touslesconcours.info:80/repository/func-startdown/1625	200	text/html
20161114215117	http://touslesconcours.info:80/repository/func-startdown/1626	200	text/html
20161114215121	http://touslesconcours.info:80/repository/func-startdown/1627	200	text/html
20161114214811	http://touslesconcours.info:80/repository/func-startdown/1628	200	text/html
20161114215126	http://touslesconcours.info:80/repository/func-startdown/1629	200	text/html
20160730025434	http://touslesconcours.info:80/repository/func-startdown/163	200	text/html
20161114214816	http://touslesconcours.info:80/repository/func-startdown/1630	200	text/html
20161114215134	http://touslesconcours.info:80/repository/func-startdown/1631	200	text/html
20161114214821	http://touslesconcours.info:80/repository/func-startdown/1632	200	text/html
20161114042710	http://www.touslesconcours.info:80/repository/func-startdown/1633	200	text/html
20161114042936	http://www.touslesconcours.info:80/repository/func-startdown/1634	200	text/html
20161114042940	http://www.touslesconcours.info:80/repository/func-startdown/1635	200	text/html
20161114043523	http://www.touslesconcours.info:80/repository/func-startdown/1636	200	text/html
20161231133428	http://www.touslesconcours.info:80/repository/func-startdown/1639	200	text/html
20170522155948	http://touslesconcours.info:80/repository/func-startdown/164	200	text/html
20170422114328	http://www.touslesconcours.info:80/repository/func-startdown/1647	200	text/html
20170220034729	http://touslesconcours.info:80/repository/func-startdown/1648	200	text/html
20170522152204	http://touslesconcours.info:80/repository/func-startdown/165	200	text/html
20170522151723	http://touslesconcours.info:80/repository/func-startdown/166	200	text/html
20170120183825	http://www.touslesconcours.info:80/repository/func-startdown/1667	200	text/html
20170120183840	http://www.touslesconcours.info:80/repository/func-startdown/1668	200	text/html
20170427053449	http://www.touslesconcours.info:80/repository/func-startdown/1669	200	text/html
20170522155954	http://touslesconcours.info:80/repository/func-startdown/167	200	text/html
20170427033946	http://www.touslesconcours.info:80/repository/func-startdown/1670	200	text/html
20170422110811	http://www.touslesconcours.info:80/repository/func-startdown/1671	200	text/html
20170422125458	http://www.touslesconcours.info:80/repository/func-startdown/1672	200	text/html
20170427113938	http://touslesconcours.info:80/repository/func-startdown/168	200	text/html
20170120183914	http://www.touslesconcours.info:80/repository/func-startdown/1682	200	text/html
20170512164654	http://touslesconcours.info:80/repository/func-startdown/1684	200	text/html
20170606113302	http://www.touslesconcours.info:80/repository/func-startdown/1687	200	text/html
20160730025446	http://touslesconcours.info:80/repository/func-startdown/169	200	text/html
20170508173118	http://www.touslesconcours.info:80/repository/func-startdown/1692	200	text/html
20170512162851	http://touslesconcours.info:80/repository/func-startdown/1693	200	text/html
20170311012036	http://www.touslesconcours.info:80/repository/func-startdown/1694	200	text/html
20170512074608	http://touslesconcours.info:80/repository/func-startdown/1695	200	text/html
20170512162631	http://touslesconcours.info:80/repository/func-startdown/1697	200	text/html
20161108083508	http://touslesconcours.info:80/repository/func-startdown/1698	200	text/html
20170311012120	http://www.touslesconcours.info:80/repository/func-startdown/1699	200	text/html
20170427030056	http://touslesconcours.info:80/repository/func-startdown/170	200	text/html
20170512162243	http://touslesconcours.info:80/repository/func-startdown/1700	200	text/html
20170512162249	http://touslesconcours.info:80/repository/func-startdown/1701	200	text/html
20170512161854	http://touslesconcours.info:80/repository/func-startdown/1702	200	text/html
20170427041231	http://www.touslesconcours.info:80/repository/func-startdown/1703	200	text/html
20170512162416	http://touslesconcours.info:80/repository/func-startdown/1705	200	text/html
20170512164659	http://touslesconcours.info:80/repository/func-startdown/1706	200	text/html
20170512162254	http://touslesconcours.info:80/repository/func-startdown/1707	200	text/html
20160730025342	http://touslesconcours.info:80/repository/func-startdown/171	200	text/html
20161107090014	http://www.touslesconcours.info:80/repository/func-startdown/1713	200	text/html
20170522160452	http://touslesconcours.info:80/repository/func-startdown/172	200	text/html
20170522160128	http://touslesconcours.info:80/repository/func-startdown/173	200	text/html
20170311221724	http://www.touslesconcours.info:80/repository/func-startdown/1735	200	text/html
20170326213533	http://www.touslesconcours.info:80/repository/func-startdown/1736	200	text/html
20170207003715	http://www.touslesconcours.info:80/repository/func-startdown/1737	200	text/html
20170312034202	http://www.touslesconcours.info:80/repository/func-startdown/1738	200	text/html
20170312033429	http://www.touslesconcours.info:80/repository/func-startdown/1739	200	text/html
20170522160629	http://touslesconcours.info:80/repository/func-startdown/174	200	text/html
20170326212916	http://www.touslesconcours.info:80/repository/func-startdown/1740	200	text/html
20170312034209	http://www.touslesconcours.info:80/repository/func-startdown/1741	200	text/html
20170312033436	http://www.touslesconcours.info:80/repository/func-startdown/1743	200	text/html
20170312033808	http://www.touslesconcours.info:80/repository/func-startdown/1744	200	text/html
20170312033814	http://www.touslesconcours.info:80/repository/func-startdown/1745	200	text/html
20170312034656	http://www.touslesconcours.info:80/repository/func-startdown/1746	200	text/html
20170312034214	http://www.touslesconcours.info:80/repository/func-startdown/1747	200	text/html
20170312033819	http://www.touslesconcours.info:80/repository/func-startdown/1748	200	text/html
20170312033441	http://www.touslesconcours.info:80/repository/func-startdown/1749	200	text/html
20170522144126	http://touslesconcours.info:80/repository/func-startdown/175	200	text/html
20170312033446	http://www.touslesconcours.info:80/repository/func-startdown/1750	200	text/html
20170312034219	http://www.touslesconcours.info:80/repository/func-startdown/1751	200	text/html
20170312171024	http://www.touslesconcours.info:80/repository/func-startdown/1752	200	text/html
20170312033824	http://www.touslesconcours.info:80/repository/func-startdown/1753	200	text/html
20170312033451	http://www.touslesconcours.info:80/repository/func-startdown/1754	200	text/html
20170312034224	http://www.touslesconcours.info:80/repository/func-startdown/1755	200	text/html
20170312034230	http://www.touslesconcours.info:80/repository/func-startdown/1757	200	text/html
20170312033846	http://www.touslesconcours.info:80/repository/func-startdown/1758	200	text/html
20170311221836	http://www.touslesconcours.info:80/repository/func-startdown/1759	200	text/html
20170312034252	http://www.touslesconcours.info:80/repository/func-startdown/1761	200	text/html
20170326212921	http://www.touslesconcours.info:80/repository/func-startdown/1762	200	text/html
20170312033456	http://www.touslesconcours.info:80/repository/func-startdown/1763	200	text/html
20170312033501	http://www.touslesconcours.info:80/repository/func-startdown/1764	200	text/html
20170312033919	http://www.touslesconcours.info:80/repository/func-startdown/1765	200	text/html
20170312034326	http://www.touslesconcours.info:80/repository/func-startdown/1767	200	text/html
20170312034846	http://www.touslesconcours.info:80/repository/func-startdown/1768	200	text/html
20170312033517	http://www.touslesconcours.info:80/repository/func-startdown/1769	200	text/html
20170421085917	http://www.touslesconcours.info:80/repository/func-startdown/177	200	text/html
20170312033554	http://www.touslesconcours.info:80/repository/func-startdown/1770	200	text/html
20170312034023	http://www.touslesconcours.info:80/repository/func-startdown/1771	200	text/html
20170311233633	http://www.touslesconcours.info:80/repository/func-startdown/1772	200	text/html
20170312034417	http://www.touslesconcours.info:80/repository/func-startdown/1773	200	text/html
20170205235252	http://www.touslesconcours.info:80/repository/func-startdown/1774	200	text/html
20170312033648	http://www.touslesconcours.info:80/repository/func-startdown/1775	200	text/html
20170312034029	http://www.touslesconcours.info:80/repository/func-startdown/1776	200	text/html
20170123042655	http://www.touslesconcours.info:80/repository/func-startdown/1777	200	text/html
20170122221051	http://www.touslesconcours.info:80/repository/func-startdown/1778	200	text/html
20170122221112	http://www.touslesconcours.info:80/repository/func-startdown/1779	200	text/html
20170421085103	http://www.touslesconcours.info:80/repository/func-startdown/178	200	text/html
20170123043009	http://www.touslesconcours.info:80/repository/func-startdown/1780	200	text/html
20170122221127	http://www.touslesconcours.info:80/repository/func-startdown/1781	200	text/html
20170122221159	http://www.touslesconcours.info:80/repository/func-startdown/1782	200	text/html
20161114043559	http://www.touslesconcours.info:80/repository/func-startdown/1783	200	text/html
20161114215146	http://www.touslesconcours.info:80/repository/func-startdown/1784	200	text/html
20161114214745	http://www.touslesconcours.info:80/repository/func-startdown/1785	200	text/html
20161114215032	http://www.touslesconcours.info:80/repository/func-startdown/1786	200	text/html
20161114214854	http://www.touslesconcours.info:80/repository/func-startdown/1787	200	text/html
20161114043645	http://www.touslesconcours.info:80/repository/func-startdown/1788	200	text/html
20170326193012	http://www.touslesconcours.info:80/repository/func-startdown/1792	200	text/html
20170116044134	http://www.touslesconcours.info:80/repository/func-startdown/1795	200	text/html
20170116043802	http://www.touslesconcours.info:80/repository/func-startdown/1796	200	text/html
20170326193104	http://www.touslesconcours.info:80/repository/func-startdown/1797	200	text/html
20170421085500	http://www.touslesconcours.info:80/repository/func-startdown/180	200	text/html
20170116044139	http://www.touslesconcours.info:80/repository/func-startdown/1801	200	text/html
20170326212945	http://www.touslesconcours.info:80/repository/func-startdown/1802	200	text/html
20161117084311	http://touslesconcours.info:80/repository/func-startdown/1804	200	text/html
20170116113518	http://www.touslesconcours.info:80/repository/func-startdown/1805	200	text/html
20170528151908	http://touslesconcours.info:80/repository/func-startdown/1806	200	text/html
20170318031905	http://www.touslesconcours.info:80/repository/func-startdown/1807	200	text/html
20170422115359	http://www.touslesconcours.info:80/repository/func-startdown/1808	200	text/html
20170326213559	http://www.touslesconcours.info:80/repository/func-startdown/1809	200	text/html
20160730025403	http://touslesconcours.info:80/repository/func-startdown/181	200	text/html
20170326213604	http://www.touslesconcours.info:80/repository/func-startdown/1810	200	text/html
20170422110816	http://www.touslesconcours.info:80/repository/func-startdown/1811	200	text/html
20170220090816	http://www.touslesconcours.info:80/repository/func-startdown/1814/	200	text/html
20170116044144	http://www.touslesconcours.info:80/repository/func-startdown/1815	200	text/html
20170318031918	http://www.touslesconcours.info:80/repository/func-startdown/1816	200	text/html
20170116043417	http://www.touslesconcours.info:80/repository/func-startdown/1817	200	text/html
20170326174100	http://www.touslesconcours.info:80/repository/func-startdown/1818	200	text/html
20170116044149	http://www.touslesconcours.info:80/repository/func-startdown/1819	200	text/html
20170522160133	http://touslesconcours.info:80/repository/func-startdown/182	200	text/html
20170116043421	http://www.touslesconcours.info:80/repository/func-startdown/1820	200	text/html
20170116074627	http://www.touslesconcours.info:80/repository/func-startdown/1821	200	text/html
20170310204344	http://www.touslesconcours.info:80/repository/func-startdown/1823	200	text/html
20170522153231	http://touslesconcours.info:80/repository/func-startdown/183	200	text/html
20170522153236	http://touslesconcours.info:80/repository/func-startdown/184	200	text/html
20170311011827	http://www.touslesconcours.info:80/repository/func-startdown/1841	200	text/html
20170522161015	http://touslesconcours.info:80/repository/func-startdown/185	200	text/html
20170311012238	http://www.touslesconcours.info:80/repository/func-startdown/1850	200	text/html
20161116074538	http://touslesconcours.info:80/repository/func-startdown/1852	200	text/html
20170401034117	http://www.touslesconcours.info:80/repository/func-startdown/1854	200	text/html
20170418014830	http://www.touslesconcours.info:80/repository/func-startdown/1855	200	text/html
20170508054051	http://www.touslesconcours.info:80/repository/func-startdown/1856	200	text/html
20170508054523	http://www.touslesconcours.info:80/repository/func-startdown/1857	200	text/html
20170508053925	http://www.touslesconcours.info:80/repository/func-startdown/1858	200	text/html
20170521105944	http://touslesconcours.info:80/repository/func-startdown/186	200	text/html
20170418121013	http://www.touslesconcours.info:80/repository/func-startdown/1860	200	text/html
20170508054543	http://www.touslesconcours.info:80/repository/func-startdown/1861	200	text/html
20170208015543	http://www.touslesconcours.info:80/repository/func-startdown/1863	200	text/html
20170522153241	http://touslesconcours.info:80/repository/func-startdown/187	200	text/html
20170522161020	http://touslesconcours.info:80/repository/func-startdown/188	200	text/html
20170427034333	http://touslesconcours.info:80/repository/func-startdown/189	200	text/html
20160730025454	http://touslesconcours.info:80/repository/func-startdown/190	200	text/html
20160822063725	http://www.touslesconcours.info:80/repository/func-startdown/191/	200	text/html
20170512161740	http://touslesconcours.info:80/repository/func-startdown/1915	200	text/html
20170603162046	http://www.touslesconcours.info:80/repository/func-startdown/1916	200	text/html
20170603162907	http://www.touslesconcours.info:80/repository/func-startdown/1917	200	text/html
20170522154642	http://www.touslesconcours.info:80/repository/func-startdown/1918	200	text/html
20170603163054	http://www.touslesconcours.info:80/repository/func-startdown/1919	200	text/html
20170211050211	http://www.touslesconcours.info:80/repository/func-startdown/192	200	text/html
20170315031838	http://www.touslesconcours.info:80/repository/func-startdown/1920	200	text/html
20170602110600	http://www.touslesconcours.info:80/repository/func-startdown/1922	200	text/html
20170603143804	http://www.touslesconcours.info:80/repository/func-startdown/1923	200	text/html
20170423103258	http://www.touslesconcours.info:80/repository/func-startdown/1924	200	text/html
20170423103303	http://www.touslesconcours.info:80/repository/func-startdown/1925	200	text/html
20170423103309	http://www.touslesconcours.info:80/repository/func-startdown/1926	200	text/html
20170423102911	http://www.touslesconcours.info:80/repository/func-startdown/1927	200	text/html
20170423102651	http://www.touslesconcours.info:80/repository/func-startdown/1928	200	text/html
20170405025252	http://www.touslesconcours.info:80/repository/func-startdown/1929	200	text/html
20170211050929	http://www.touslesconcours.info:80/repository/func-startdown/193	200	text/html
20170423103314	http://www.touslesconcours.info:80/repository/func-startdown/1930	200	text/html
20170603143644	http://www.touslesconcours.info:80/repository/func-startdown/1931	200	text/html
20170603163059	http://www.touslesconcours.info:80/repository/func-startdown/1932	200	text/html
20170603161421	http://www.touslesconcours.info:80/repository/func-startdown/1933	200	text/html
20170517120231	http://touslesconcours.info:80/repository/func-startdown/1934	200	text/html
20170405051859	http://www.touslesconcours.info:80/repository/func-startdown/1935	200	text/html
20170405052030	http://www.touslesconcours.info:80/repository/func-startdown/1936	200	text/html
20170405051608	http://www.touslesconcours.info:80/repository/func-startdown/1937	200	text/html
20161214093855	http://www.touslesconcours.info:80/repository/func-startdown/1938	200	text/html
20170423103031	http://www.touslesconcours.info:80/repository/func-startdown/1939	200	text/html
20170211050540	http://www.touslesconcours.info:80/repository/func-startdown/194	200	text/html
20170423083334	http://www.touslesconcours.info:80/repository/func-startdown/1940	200	text/html
20170423103319	http://www.touslesconcours.info:80/repository/func-startdown/1942	200	text/html
20161111113017	http://touslesconcours.info:80/repository/func-startdown/1946	200	text/html
20161111112310	http://touslesconcours.info:80/repository/func-startdown/1947	200	text/html
20161111112218	http://touslesconcours.info:80/repository/func-startdown/1948	200	text/html
20161111112144	http://touslesconcours.info:80/repository/func-startdown/1949	200	text/html
20170211045825	http://www.touslesconcours.info:80/repository/func-startdown/195	200	text/html
20161111112933	http://touslesconcours.info:80/repository/func-startdown/1950	200	text/html
20161111112043	http://touslesconcours.info:80/repository/func-startdown/1951	200	text/html
20161111112905	http://touslesconcours.info:80/repository/func-startdown/1952	200	text/html
20161111112938	http://touslesconcours.info:80/repository/func-startdown/1953	200	text/html
20161111112945	http://touslesconcours.info:80/repository/func-startdown/1954	200	text/html
20161111112821	http://touslesconcours.info:80/repository/func-startdown/1955	200	text/html
20161111112826	http://touslesconcours.info:80/repository/func-startdown/1956	200	text/html
20161111112048	http://touslesconcours.info:80/repository/func-startdown/1957	200	text/html
20161111112223	http://touslesconcours.info:80/repository/func-startdown/1958	200	text/html
20161111113637	http://touslesconcours.info:80/repository/func-startdown/1959	200	text/html
20170211045829	http://www.touslesconcours.info:80/repository/func-startdown/196	200	text/html
20170418121023	http://www.touslesconcours.info:80/repository/func-startdown/1960	200	text/html
20170418121053	http://www.touslesconcours.info:80/repository/func-startdown/1961	200	text/html
20161231133507	http://www.touslesconcours.info:80/repository/func-startdown/1962	200	text/html
20161111112831	http://touslesconcours.info:80/repository/func-startdown/1963	200	text/html
20161111113022	http://touslesconcours.info:80/repository/func-startdown/1964	200	text/html
20161111113028	http://touslesconcours.info:80/repository/func-startdown/1965	200	text/html
20161111112052	http://touslesconcours.info:80/repository/func-startdown/1966	200	text/html
20161111112059	http://touslesconcours.info:80/repository/func-startdown/1967	200	text/html
20161111112230	http://touslesconcours.info:80/repository/func-startdown/1968	200	text/html
20161111112235	http://touslesconcours.info:80/repository/func-startdown/1969	200	text/html
20170211050545	http://www.touslesconcours.info:80/repository/func-startdown/197	200	text/html
20161111112211	http://touslesconcours.info:80/repository/func-startdown/1970	200	text/html
20161111112103	http://touslesconcours.info:80/repository/func-startdown/1971	200	text/html
20161111112108	http://touslesconcours.info:80/repository/func-startdown/1972	200	text/html
20161111112113	http://touslesconcours.info:80/repository/func-startdown/1973	200	text/html
20161111112240	http://touslesconcours.info:80/repository/func-startdown/1974	200	text/html
20161111085317	http://touslesconcours.info:80/repository/func-startdown/1975	200	text/html
20161111112118	http://touslesconcours.info:80/repository/func-startdown/1976	200	text/html
20170317230531	http://www.touslesconcours.info:80/repository/func-startdown/1977	200	text/html
20170318030833	http://www.touslesconcours.info:80/repository/func-startdown/1978	200	text/html
20170418014932	http://www.touslesconcours.info:80/repository/func-startdown/1979	200	text/html
20160820133523	http://touslesconcours.info:80/repository/func-startdown/198	200	text/html
20170418121146	http://www.touslesconcours.info:80/repository/func-startdown/1980	200	text/html
20170318030427	http://www.touslesconcours.info:80/repository/func-startdown/1981	200	text/html
20170318031406	http://www.touslesconcours.info:80/repository/func-startdown/1982	200	text/html
20170211050555	http://www.touslesconcours.info:80/repository/func-startdown/199	200	text/html
20170211050600	http://www.touslesconcours.info:80/repository/func-startdown/200	200	text/html
20170606103202	http://touslesconcours.info:80/repository/func-startdown/2009	200	text/html
20170211050934	http://www.touslesconcours.info:80/repository/func-startdown/201	200	text/html
20170514150706	http://www.touslesconcours.info:80/repository/func-startdown/2013	200	text/html
20170514040351	http://www.touslesconcours.info:80/repository/func-startdown/2014	200	text/html
20170514160033	http://www.touslesconcours.info:80/repository/func-startdown/2015	200	text/html
20170522150447	http://www.touslesconcours.info:80/repository/func-startdown/2018	200	text/html
20170514210037	http://www.touslesconcours.info:80/repository/func-startdown/2019	200	text/html
20160820153909	http://touslesconcours.info:80/repository/func-startdown/202	200	text/html
20170514022024	http://www.touslesconcours.info:80/repository/func-startdown/2022	200	text/html
20170514155231	http://www.touslesconcours.info:80/repository/func-startdown/2024	200	text/html
20170514205429	http://www.touslesconcours.info:80/repository/func-startdown/2026	200	text/html
20170514155854	http://www.touslesconcours.info:80/repository/func-startdown/2027	200	text/html
20170514155250	http://www.touslesconcours.info:80/repository/func-startdown/2028	200	text/html
20170211050606	http://www.touslesconcours.info:80/repository/func-startdown/203	200	text/html
20170322051924	http://www.touslesconcours.info:80/repository/func-startdown/2031	200	text/html
20170322051933	http://www.touslesconcours.info:80/repository/func-startdown/2032	200	text/html
20160820153914	http://touslesconcours.info:80/repository/func-startdown/204	200	text/html
20170211050611	http://www.touslesconcours.info:80/repository/func-startdown/205	200	text/html
20170517114343	http://touslesconcours.info:80/repository/func-startdown/2054	200	text/html
20170211045839	http://www.touslesconcours.info:80/repository/func-startdown/206	200	text/html
20161116074644	http://touslesconcours.info:80/repository/func-startdown/2066	200	text/html
20170104060652	http://touslesconcours.info:80/repository/func-startdown/2069	200	text/html
20160820153919	http://touslesconcours.info:80/repository/func-startdown/207	200	text/html
20170104052007	http://touslesconcours.info:80/repository/func-startdown/2070	200	text/html
20170104083912	http://touslesconcours.info:80/repository/func-startdown/2071	200	text/html
20170104153737	http://touslesconcours.info:80/repository/func-startdown/2072	200	text/html
20170104153755	http://touslesconcours.info:80/repository/func-startdown/2073	200	text/html
20170104025048	http://touslesconcours.info:80/repository/func-startdown/2074	200	text/html
20161214093354	http://touslesconcours.info:80/repository/func-startdown/2075	200	text/html
20170105101722	http://touslesconcours.info:80/repository/func-startdown/2076	200	text/html
20170105101342	http://touslesconcours.info:80/repository/func-startdown/2077	200	text/html
20171019081144	http://touslesconcours.info/repository/func-startdown/2078/	200	text/html
20171019141708	http://touslesconcours.info/repository/func-startdown/2079/	200	text/html
20171020093259	http://touslesconcours.info/repository/func-startdown/2080/	200	text/html
20161207083053	http://touslesconcours.info:80/repository/func-startdown/2081	200	text/html
20171019112518	http://touslesconcours.info/repository/func-startdown/2082/	200	text/html
20171020095703	http://touslesconcours.info/repository/func-startdown/2083/	200	text/html
20171020040536	http://touslesconcours.info/repository/func-startdown/2088/	200	text/html
20171019223054	http://touslesconcours.info/repository/func-startdown/2089/	200	text/html
20170211045844	http://www.touslesconcours.info:80/repository/func-startdown/209	200	text/html
20171019084911	http://touslesconcours.info/repository/func-startdown/2090/	200	text/html
20170306080417	http://touslesconcours.info:80/repository/func-startdown/2091	200	text/html
20171019074347	http://touslesconcours.info/repository/func-startdown/2092/	200	text/html
20170305002123	http://touslesconcours.info:80/repository/func-startdown/2093	200	text/html
20171019064436	http://touslesconcours.info/repository/func-startdown/2094/	200	text/html
20170306075139	http://touslesconcours.info:80/repository/func-startdown/2095	200	text/html
20170603162439	http://touslesconcours.info:80/repository/func-startdown/2096	200	text/html
20170603163410	http://touslesconcours.info:80/repository/func-startdown/2098	200	text/html
20170603162850	http://touslesconcours.info:80/repository/func-startdown/2099	200	text/html
20170430025950	http://www.touslesconcours.info:80/repository/func-startdown/21	200	text/html
20170529211408	http://touslesconcours.info:80/repository/func-startdown/2100	200	text/html
20170529221910	http://touslesconcours.info:80/repository/func-startdown/2101	200	text/html
20170529223213	http://touslesconcours.info:80/repository/func-startdown/2102	200	text/html
20170315114309	http://touslesconcours.info:80/repository/func-startdown/2103	200	text/html
20170315031531	http://touslesconcours.info:80/repository/func-startdown/2104	200	text/html
20170315114340	http://touslesconcours.info:80/repository/func-startdown/2105	200	text/html
20170411140427	http://touslesconcours.info:80/repository/func-startdown/2106	200	text/html
20170315064447	http://touslesconcours.info:80/repository/func-startdown/2107	200	text/html
20170411140428	http://touslesconcours.info:80/repository/func-startdown/2108	200	text/html
20170131005601	http://touslesconcours.info:80/repository/func-startdown/2109	200	text/html
20170411045032	http://touslesconcours.info:80/repository/func-startdown/2110	200	text/html
20170315075724	http://touslesconcours.info:80/repository/func-startdown/2111	200	text/html
20170411045313	http://touslesconcours.info:80/repository/func-startdown/2112	200	text/html
20170411045628	http://touslesconcours.info:80/repository/func-startdown/2113	200	text/html
20170411045635	http://touslesconcours.info:80/repository/func-startdown/2114	200	text/html
20170412020549	http://touslesconcours.info:80/repository/func-startdown/2115	200	text/html
20170315114448	http://touslesconcours.info:80/repository/func-startdown/2116	200	text/html
20170411045320	http://touslesconcours.info:80/repository/func-startdown/2117	200	text/html
20170411045036	http://touslesconcours.info:80/repository/func-startdown/2118	200	text/html
20170411045041	http://touslesconcours.info:80/repository/func-startdown/2119	200	text/html
20160820153924	http://touslesconcours.info:80/repository/func-startdown/212	200	text/html
20170315031539	http://touslesconcours.info:80/repository/func-startdown/2120	200	text/html
20170411045046	http://touslesconcours.info:80/repository/func-startdown/2121	200	text/html
20170131005606	http://touslesconcours.info:80/repository/func-startdown/2122	200	text/html
20170606113139	http://touslesconcours.info:80/repository/func-startdown/2123	200	text/html
20161231134557	http://touslesconcours.info:80/repository/func-startdown/2124	200	text/html
20170406033019	http://touslesconcours.info:80/repository/func-startdown/2125	200	text/html
20170406033025	http://touslesconcours.info:80/repository/func-startdown/2126	200	text/html
20170406034105	http://touslesconcours.info:80/repository/func-startdown/2127	200	text/html
20170406033414	http://touslesconcours.info:80/repository/func-startdown/2128	200	text/html
20170406033029	http://touslesconcours.info:80/repository/func-startdown/2129	200	text/html
20160820153937	http://touslesconcours.info:80/repository/func-startdown/213	200	text/html
20170411045325	http://touslesconcours.info:80/repository/func-startdown/2130	200	text/html
20170406034130	http://touslesconcours.info:80/repository/func-startdown/2131	200	text/html
20170406033428	http://touslesconcours.info:80/repository/func-startdown/2132	200	text/html
20170406033454	http://touslesconcours.info:80/repository/func-startdown/2133	200	text/html
20170406033745	http://touslesconcours.info:80/repository/func-startdown/2134	200	text/html
20170413084053	http://touslesconcours.info:80/repository/func-startdown/2135	200	text/html
20170406033504	http://touslesconcours.info:80/repository/func-startdown/2136	200	text/html
20170406033750	http://touslesconcours.info:80/repository/func-startdown/2137	200	text/html
20171019163808	http://touslesconcours.info/repository/func-startdown/2138/	200	text/html
20171019074723	http://touslesconcours.info/repository/func-startdown/2139/	200	text/html
20171019215224	http://touslesconcours.info/repository/func-startdown/2140/	200	text/html
20171019084511	http://touslesconcours.info/repository/func-startdown/2141/	200	text/html
20171020034329	http://touslesconcours.info/repository/func-startdown/2142/	200	text/html
20170529215642	http://touslesconcours.info:80/repository/func-startdown/2144	200	text/html
20170529220552	http://touslesconcours.info:80/repository/func-startdown/2145	200	text/html
20170529215523	http://touslesconcours.info:80/repository/func-startdown/2146	200	text/html
20170422190523	http://touslesconcours.info:80/repository/func-startdown/2147	200	text/html
20170306151939	http://touslesconcours.info:80/repository/func-startdown/2148	200	text/html
20170411140433	http://www.touslesconcours.info:80/repository/func-startdown/2149	200	text/html
20160820153842	http://touslesconcours.info:80/repository/func-startdown/215	200	text/html
20171020115457	http://touslesconcours.info/repository/func-startdown/2150/	200	text/html
20171020092816	http://touslesconcours.info/repository/func-startdown/2151/	200	text/html
20170105100600	http://touslesconcours.info:80/repository/func-startdown/2156	200	text/html
20170201025517	http://touslesconcours.info:80/repository/func-startdown/2157	200	text/html
20170306080422	http://touslesconcours.info:80/repository/func-startdown/2158	200	text/html
20160820154012	http://touslesconcours.info:80/repository/func-startdown/216	200	text/html
20170411140152	http://www.touslesconcours.info:80/repository/func-startdown/2160	200	text/html
20170411045645	http://www.touslesconcours.info:80/repository/func-startdown/2161	200	text/html
20170411045051	http://touslesconcours.info:80/repository/func-startdown/2162	200	text/html
20170411045056	http://touslesconcours.info:80/repository/func-startdown/2163	200	text/html
20170606115210	http://touslesconcours.info:80/repository/func-startdown/2164	200	text/html
20170306075933	http://touslesconcours.info:80/repository/func-startdown/2165	200	text/html
20170512102848	http://touslesconcours.info:80/repository/func-startdown/2166	200	text/html
20171020074943	http://touslesconcours.info/repository/func-startdown/2167/	200	text/html
20171019111459	http://touslesconcours.info/repository/func-startdown/2168/	200	text/html
20170211050939	http://www.touslesconcours.info:80/repository/func-startdown/217	200	text/html
20171019115708	http://touslesconcours.info/repository/func-startdown/2170/	200	text/html
20170411045330	http://touslesconcours.info:80/repository/func-startdown/2171	200	text/html
20170528151923	http://touslesconcours.info:80/repository/func-startdown/2172	200	text/html
20170530152610	http://touslesconcours.info:80/repository/func-startdown/2173	200	text/html
20171020072658	http://touslesconcours.info/repository/func-startdown/2174/	200	text/html
20170331001927	http://touslesconcours.info:80/repository/func-startdown/2175	200	text/html
20170331002705	http://touslesconcours.info:80/repository/func-startdown/2176	200	text/html
20170331002710	http://touslesconcours.info:80/repository/func-startdown/2177	200	text/html
20170331040202	http://touslesconcours.info:80/repository/func-startdown/2178	200	text/html
20170331001934	http://touslesconcours.info:80/repository/func-startdown/2179	200	text/html
20170211050944	http://www.touslesconcours.info:80/repository/func-startdown/218	200	text/html
20170331002311	http://touslesconcours.info:80/repository/func-startdown/2180	200	text/html
20170331002715	http://touslesconcours.info:80/repository/func-startdown/2182	200	text/html
20170331002008	http://touslesconcours.info:80/repository/func-startdown/2183	200	text/html
20171020184656	http://touslesconcours.info/repository/func-startdown/2184/	200	text/html
20171019111318	http://touslesconcours.info/repository/func-startdown/2185/	200	text/html
20171020092025	http://touslesconcours.info/repository/func-startdown/2186/	200	text/html
20171019093445	http://touslesconcours.info/repository/func-startdown/2187/	200	text/html
20171020053745	http://touslesconcours.info/repository/func-startdown/2188/	200	text/html
20171019103709	http://touslesconcours.info/repository/func-startdown/2189/	200	text/html
20170423103323	http://www.touslesconcours.info:80/repository/func-startdown/219	200	text/html
20171020081025	http://touslesconcours.info/repository/func-startdown/2190/	200	text/html
20171019122750	http://touslesconcours.info/repository/func-startdown/2192/	200	text/html
20171019060700	http://touslesconcours.info/repository/func-startdown/2193/	200	text/html
20171020031709	http://touslesconcours.info/repository/func-startdown/2194/	200	text/html
20170201025638	http://touslesconcours.info:80/repository/func-startdown/2195	200	text/html
20170201090334	http://touslesconcours.info:80/repository/func-startdown/2197	200	text/html
20170201090340	http://touslesconcours.info:80/repository/func-startdown/2198	200	text/html
20170606113144	http://touslesconcours.info:80/repository/func-startdown/2199	200	text/html
20170402123202	http://www.touslesconcours.info:80/repository/func-startdown/22	200	text/html
20170606051238	http://touslesconcours.info:80/repository/func-startdown/2200	200	text/html
20170315031547	http://touslesconcours.info:80/repository/func-startdown/2201	200	text/html
20170405130412	http://touslesconcours.info:80/repository/func-startdown/2202	200	text/html
20170405152208	http://touslesconcours.info:80/repository/func-startdown/2204	200	text/html
20170405051806	http://touslesconcours.info:80/repository/func-startdown/2205	200	text/html
20170405152214	http://touslesconcours.info:80/repository/func-startdown/2206	200	text/html
20170131010220	http://touslesconcours.info:80/repository/func-startdown/2207	200	text/html
20170331003109	http://touslesconcours.info:80/repository/func-startdown/2208	200	text/html
20170325151320	http://touslesconcours.info:80/repository/func-startdown/2209	200	text/html
20170211045849	http://www.touslesconcours.info:80/repository/func-startdown/221	200	text/html
20170508053855	http://touslesconcours.info:80/repository/func-startdown/2210	200	text/html
20170508054507	http://touslesconcours.info:80/repository/func-startdown/2211	200	text/html
20170508054511	http://touslesconcours.info:80/repository/func-startdown/2212	200	text/html
20170325151325	http://touslesconcours.info:80/repository/func-startdown/2213	200	text/html
20170508054235	http://touslesconcours.info:80/repository/func-startdown/2214	200	text/html
20170422122558	http://touslesconcours.info:80/repository/func-startdown/2215	200	text/html
20170325151353	http://touslesconcours.info:80/repository/func-startdown/2216	200	text/html
20170325151359	http://touslesconcours.info:80/repository/func-startdown/2217	200	text/html
20170324194155	http://touslesconcours.info:80/repository/func-startdown/2218	200	text/html
20170324194200	http://touslesconcours.info:80/repository/func-startdown/2219	200	text/html
20161230041332	http://touslesconcours.info:80/repository/func-startdown/2220	200	text/html
20161230041338	http://touslesconcours.info:80/repository/func-startdown/2221	200	text/html
20170324194205	http://touslesconcours.info:80/repository/func-startdown/2222	200	text/html
20170324214226	http://touslesconcours.info:80/repository/func-startdown/2223	200	text/html
20170324214253	http://touslesconcours.info:80/repository/func-startdown/2224	200	text/html
20170324194210	http://touslesconcours.info:80/repository/func-startdown/2225	200	text/html
20170325140100	http://touslesconcours.info:80/repository/func-startdown/2226	200	text/html
20170324194236	http://touslesconcours.info:80/repository/func-startdown/2227	200	text/html
20161230041343	http://touslesconcours.info:80/repository/func-startdown/2228	200	text/html
20161230041348	http://touslesconcours.info:80/repository/func-startdown/2229	200	text/html
20170211003655	http://www.touslesconcours.info:80/repository/func-startdown/223	200	text/html
20161230041353	http://touslesconcours.info:80/repository/func-startdown/2230	200	text/html
20161230041358	http://touslesconcours.info:80/repository/func-startdown/2231	200	text/html
20161229214936	http://touslesconcours.info:80/repository/func-startdown/2232	200	text/html
20170409191347	http://touslesconcours.info:80/repository/func-startdown/2233	200	text/html
20170411090823	http://touslesconcours.info:80/repository/func-startdown/2234	200	text/html
20170409104311	http://touslesconcours.info:80/repository/func-startdown/2235	200	text/html
20170408154600	http://touslesconcours.info:80/repository/func-startdown/2236	200	text/html
20170407175506	http://touslesconcours.info:80/repository/func-startdown/2237	200	text/html
20161207083059	http://touslesconcours.info:80/repository/func-startdown/2238	200	text/html
20170407175510	http://touslesconcours.info:80/repository/func-startdown/2239	200	text/html
20170407175711	http://touslesconcours.info:80/repository/func-startdown/2240	200	text/html
20171019081514	http://touslesconcours.info/repository/func-startdown/2241/	200	text/html
20170528154513	http://touslesconcours.info:80/repository/func-startdown/2242	200	text/html
20171019214340	http://touslesconcours.info/repository/func-startdown/2243/	200	text/html
20171019175341	http://touslesconcours.info/repository/func-startdown/2244/	200	text/html
20170131005639	http://touslesconcours.info:80/repository/func-startdown/2245	200	text/html
20171019062447	http://touslesconcours.info/repository/func-startdown/2247/	200	text/html
20171019061009	http://touslesconcours.info/repository/func-startdown/2248/	200	text/html
20170131005727	http://touslesconcours.info:80/repository/func-startdown/2249	200	text/html
20170331002335	http://touslesconcours.info:80/repository/func-startdown/2250	200	text/html
20170331002720	http://touslesconcours.info:80/repository/func-startdown/2251	200	text/html
20170331002217	http://touslesconcours.info:80/repository/func-startdown/2252	200	text/html
20170331003127	http://touslesconcours.info:80/repository/func-startdown/2253	200	text/html
20170331003132	http://touslesconcours.info:80/repository/func-startdown/2254	200	text/html
20170331002735	http://touslesconcours.info:80/repository/func-startdown/2255	200	text/html
20170331003138	http://touslesconcours.info:80/repository/func-startdown/2256	200	text/html
20170331002805	http://touslesconcours.info:80/repository/func-startdown/2257	200	text/html
20170331003155	http://touslesconcours.info:80/repository/func-startdown/2258	200	text/html
20170529220734	http://touslesconcours.info:80/repository/func-startdown/2259	200	text/html
20170529220039	http://touslesconcours.info:80/repository/func-startdown/2260	200	text/html
20170529222549	http://touslesconcours.info:80/repository/func-startdown/2261	200	text/html
20170529211412	http://touslesconcours.info:80/repository/func-startdown/2262	200	text/html
20170529233152	http://touslesconcours.info:80/repository/func-startdown/2263	200	text/html
20170529233512	http://touslesconcours.info:80/repository/func-startdown/2264	200	text/html
20170529220739	http://touslesconcours.info:80/repository/func-startdown/2265	200	text/html
20170529211417	http://touslesconcours.info:80/repository/func-startdown/2266	200	text/html
20170529212828	http://touslesconcours.info:80/repository/func-startdown/2267	200	text/html
20170529220529	http://touslesconcours.info:80/repository/func-startdown/2268	200	text/html
20170417113718	http://touslesconcours.info:80/repository/func-startdown/2269	200	text/html
20170211050655	http://www.touslesconcours.info:80/repository/func-startdown/227	200	text/html
20170417042032	http://touslesconcours.info:80/repository/func-startdown/2270	200	text/html
20170417042037	http://touslesconcours.info:80/repository/func-startdown/2271	200	text/html
20170417042056	http://touslesconcours.info:80/repository/func-startdown/2272	200	text/html
20170417143046	http://touslesconcours.info:80/repository/func-startdown/2273	200	text/html
20170417030146	http://touslesconcours.info:80/repository/func-startdown/2274	200	text/html
20170417041810	http://touslesconcours.info:80/repository/func-startdown/2275	200	text/html
20170411045101	http://touslesconcours.info:80/repository/func-startdown/2276	200	text/html
20170411045335	http://touslesconcours.info:80/repository/func-startdown/2277	200	text/html
20170211050223	http://www.touslesconcours.info:80/repository/func-startdown/228	200	text/html
20170421015553	http://www.touslesconcours.info:80/repository/func-startdown/2280	200	text/html
20170214020753	http://touslesconcours.info:80/repository/func-startdown/2281	200	text/html
20170214021157	http://touslesconcours.info:80/repository/func-startdown/2282	200	text/html
20170214020002	http://touslesconcours.info:80/repository/func-startdown/2283	200	text/html
20170214020007	http://touslesconcours.info:80/repository/func-startdown/2284	200	text/html
20170214021204	http://touslesconcours.info:80/repository/func-startdown/2285	200	text/html
20170214020012	http://touslesconcours.info:80/repository/func-startdown/2286	200	text/html
20170214054012	http://touslesconcours.info:80/repository/func-startdown/2287	200	text/html
20170214021209	http://touslesconcours.info:80/repository/func-startdown/2288	200	text/html
20161231134601	http://touslesconcours.info:80/repository/func-startdown/2289	200	text/html
20170214021214	http://touslesconcours.info:80/repository/func-startdown/2290	200	text/html
20170214020800	http://touslesconcours.info:80/repository/func-startdown/2291	200	text/html
20170214020410	http://touslesconcours.info:80/repository/func-startdown/2292	200	text/html
20170326213236	http://www.touslesconcours.info:80/repository/func-startdown/2293	200	text/html
20170220103555	http://www.touslesconcours.info:80/repository/func-startdown/2295	200	text/html
20170220103207	http://www.touslesconcours.info:80/repository/func-startdown/2296	200	text/html
20170420035801	http://touslesconcours.info:80/repository/func-startdown/2298	200	text/html
20170420013554	http://touslesconcours.info:80/repository/func-startdown/2301	200	text/html
20170116043809	http://www.touslesconcours.info:80/repository/func-startdown/2302	200	text/html
20170116043426	http://www.touslesconcours.info:80/repository/func-startdown/2303	200	text/html
20170116113038	http://www.touslesconcours.info:80/repository/func-startdown/2304	200	text/html
20170116044154	http://www.touslesconcours.info:80/repository/func-startdown/2306	200	text/html
20170116043834	http://www.touslesconcours.info:80/repository/func-startdown/2307	200	text/html
20170116044159	http://www.touslesconcours.info:80/repository/func-startdown/2308	200	text/html
20161216145641	http://www.touslesconcours.info:80/repository/func-startdown/231	200	text/html
20170116043846	http://www.touslesconcours.info:80/repository/func-startdown/2310	200	text/html
20170528154519	http://touslesconcours.info:80/repository/func-startdown/2311	200	text/html
20170528151933	http://touslesconcours.info:80/repository/func-startdown/2312	200	text/html
20170528152110	http://touslesconcours.info:80/repository/func-startdown/2313	200	text/html
20170528152416	http://touslesconcours.info:80/repository/func-startdown/2314	200	text/html
20170528154524	http://touslesconcours.info:80/repository/func-startdown/2315	200	text/html
20170116043431	http://www.touslesconcours.info:80/repository/func-startdown/2316	200	text/html
20170116113041	http://www.touslesconcours.info:80/repository/func-startdown/2317	200	text/html
20170318030838	http://www.touslesconcours.info:80/repository/func-startdown/2318	200	text/html
20170116043436	http://www.touslesconcours.info:80/repository/func-startdown/2319	200	text/html
20170423103358	http://www.touslesconcours.info:80/repository/func-startdown/232	200	text/html
20170528152115	http://touslesconcours.info:80/repository/func-startdown/2320	200	text/html
20170116043951	http://www.touslesconcours.info:80/repository/func-startdown/2321	200	text/html
20170116113046	http://www.touslesconcours.info:80/repository/func-startdown/2322	200	text/html
20170318030843	http://www.touslesconcours.info:80/repository/func-startdown/2323	200	text/html
20170528151948	http://touslesconcours.info:80/repository/func-startdown/2324	200	text/html
20170528154537	http://touslesconcours.info:80/repository/func-startdown/2325	200	text/html
20170528151953	http://touslesconcours.info:80/repository/func-startdown/2326	200	text/html
20170318030848	http://www.touslesconcours.info:80/repository/func-startdown/2328	200	text/html
20170116044204	http://www.touslesconcours.info:80/repository/func-startdown/2329	200	text/html
20170423102915	http://www.touslesconcours.info:80/repository/func-startdown/233	200	text/html
20170116113216	http://www.touslesconcours.info:80/repository/func-startdown/2330	200	text/html
20170116043456	http://www.touslesconcours.info:80/repository/func-startdown/2331	200	text/html
20170116044239	http://www.touslesconcours.info:80/repository/func-startdown/2332	200	text/html
20170211050701	http://www.touslesconcours.info:80/repository/func-startdown/234	200	text/html
20170423103035	http://www.touslesconcours.info:80/repository/func-startdown/235	200	text/html
20170423102920	http://www.touslesconcours.info:80/repository/func-startdown/236	200	text/html
20170328020913	http://touslesconcours.info:80/repository/func-startdown/2376	200	text/html
20170211050232	http://www.touslesconcours.info:80/repository/func-startdown/238	200	text/html
20170423102653	http://www.touslesconcours.info:80/repository/func-startdown/239	200	text/html
20170211045925	http://www.touslesconcours.info:80/repository/func-startdown/240	200	text/html
20170603163209	http://touslesconcours.info:80/repository/func-startdown/2405	200	text/html
20161112090831	http://touslesconcours.info:80/repository/func-startdown/241	200	text/html
20160817205032	http://touslesconcours.info:80/repository/func-startdown/242	200	text/html
20170211051038	http://www.touslesconcours.info:80/repository/func-startdown/244	200	text/html
20160817205134	http://touslesconcours.info:80/repository/func-startdown/248	200	text/html
20170403063850	http://www.touslesconcours.info:80/repository/func-startdown/2487	200	text/html
20170326174235	http://www.touslesconcours.info:80/repository/func-startdown/2488	200	text/html
20170425023156	http://touslesconcours.info:80/repository/func-startdown/2489	200	text/html
20160817205139	http://touslesconcours.info:80/repository/func-startdown/249	200	text/html
20170512161859	http://touslesconcours.info:80/repository/func-startdown/2490	200	text/html
20170425023410	http://touslesconcours.info:80/repository/func-startdown/2491	200	text/html
20170425023211	http://www.touslesconcours.info:80/repository/func-startdown/2492	200	text/html
20170415103720	http://touslesconcours.info:80/repository/func-startdown/2493	200	text/html
20170415104301	http://touslesconcours.info:80/repository/func-startdown/2494	200	text/html
20170326040018	http://www.touslesconcours.info:80/repository/func-startdown/2495	200	text/html
20170425023740	http://www.touslesconcours.info:80/repository/func-startdown/2497	200	text/html
20170415022832	http://touslesconcours.info:80/repository/func-startdown/2498	200	text/html
20170126203926	http://www.touslesconcours.info:80/repository/func-startdown/2499	200	text/html
20150609003509	http://www.touslesconcours.info:80/repository/func-startdown/25	200	text/html
20170130015520	http://www.touslesconcours.info:80/repository/func-startdown/2500	200	text/html
20170130015732	http://www.touslesconcours.info:80/repository/func-startdown/2501	200	text/html
20170415022856	http://touslesconcours.info:80/repository/func-startdown/2502	200	text/html
20170415104110	http://touslesconcours.info:80/repository/func-startdown/2503	200	text/html
20170415104305	http://touslesconcours.info:80/repository/func-startdown/2505	200	text/html
20170422113446	http://touslesconcours.info:80/repository/func-startdown/2507	200	text/html
20170425001827	http://www.touslesconcours.info:80/repository/func-startdown/2508	200	text/html
20170211050113	http://www.touslesconcours.info:80/repository/func-startdown/251	200	text/html
20170415104115	http://touslesconcours.info:80/repository/func-startdown/2510	200	text/html
20170313141557	http://www.touslesconcours.info:80/repository/func-startdown/2511	200	text/html
20170425023201	http://touslesconcours.info:80/repository/func-startdown/2512	200	text/html
20170415104310	http://touslesconcours.info:80/repository/func-startdown/2513	200	text/html
20170415103804	http://touslesconcours.info:80/repository/func-startdown/2517	200	text/html
20170415104346	http://touslesconcours.info:80/repository/func-startdown/2518	200	text/html
20170415103858	http://touslesconcours.info:80/repository/func-startdown/2519	200	text/html
20170425023052	http://www.touslesconcours.info:80/repository/func-startdown/2520	200	text/html
20170313141619	http://www.touslesconcours.info:80/repository/func-startdown/2521	200	text/html
20170313141624	http://www.touslesconcours.info:80/repository/func-startdown/2522	200	text/html
20170226161500	http://www.touslesconcours.info:80/repository/func-startdown/2523	200	text/html
20170314070234	http://www.touslesconcours.info:80/repository/func-startdown/2524	200	text/html
20170313141346	http://www.touslesconcours.info:80/repository/func-startdown/2525	200	text/html
20170313141350	http://www.touslesconcours.info:80/repository/func-startdown/2526	200	text/html
20170425001730	http://touslesconcours.info:80/repository/func-startdown/2527	200	text/html
20170425010900	http://touslesconcours.info:80/repository/func-startdown/2529	200	text/html
20170211050317	http://www.touslesconcours.info:80/repository/func-startdown/253	200	text/html
20170314070239	http://www.touslesconcours.info:80/repository/func-startdown/2530	200	text/html
20161216145304	http://www.touslesconcours.info:80/repository/func-startdown/2531	200	text/html
20161216145716	http://www.touslesconcours.info:80/repository/func-startdown/2532	200	text/html
20170226161117	http://www.touslesconcours.info:80/repository/func-startdown/2533	200	text/html
20161216145515	http://www.touslesconcours.info:80/repository/func-startdown/2534	200	text/html
20170422152809	http://touslesconcours.info:80/repository/func-startdown/2535	200	text/html
20170425001742	http://touslesconcours.info:80/repository/func-startdown/2536	200	text/html
20170226161904	http://www.touslesconcours.info:80/repository/func-startdown/2537	200	text/html
20170226162259	http://www.touslesconcours.info:80/repository/func-startdown/2538	200	text/html
20170226161909	http://www.touslesconcours.info:80/repository/func-startdown/2539	200	text/html
20170226161122	http://www.touslesconcours.info:80/repository/func-startdown/2540	200	text/html
20170403064322	http://www.touslesconcours.info:80/repository/func-startdown/2541	200	text/html
20170226161127	http://www.touslesconcours.info:80/repository/func-startdown/2542	200	text/html
20170226161132	http://www.touslesconcours.info:80/repository/func-startdown/2543	200	text/html
20170226161137	http://www.touslesconcours.info:80/repository/func-startdown/2544	200	text/html
20170324214944	http://www.touslesconcours.info:80/repository/func-startdown/2545	200	text/html
20170324215250	http://www.touslesconcours.info:80/repository/func-startdown/2546	200	text/html
20170226161143	http://www.touslesconcours.info:80/repository/func-startdown/2547	200	text/html
20170313141737	http://www.touslesconcours.info:80/repository/func-startdown/2548	200	text/html
20170324214516	http://www.touslesconcours.info:80/repository/func-startdown/2549	200	text/html
20170211050322	http://www.touslesconcours.info:80/repository/func-startdown/255	200	text/html
20170314065516	http://www.touslesconcours.info:80/repository/func-startdown/2550	200	text/html
20170226161914	http://www.touslesconcours.info:80/repository/func-startdown/2551	200	text/html
20170226161919	http://www.touslesconcours.info:80/repository/func-startdown/2552	200	text/html
20170226161925	http://www.touslesconcours.info:80/repository/func-startdown/2553	200	text/html
20170226161929	http://www.touslesconcours.info:80/repository/func-startdown/2554	200	text/html
20170226161507	http://www.touslesconcours.info:80/repository/func-startdown/2555	200	text/html
20170324214558	http://www.touslesconcours.info:80/repository/func-startdown/2556	200	text/html
20161216150119	http://www.touslesconcours.info:80/repository/func-startdown/2557	200	text/html
20170226162306	http://www.touslesconcours.info:80/repository/func-startdown/2558	200	text/html
20170226161512	http://www.touslesconcours.info:80/repository/func-startdown/2559	200	text/html
20170226162313	http://www.touslesconcours.info:80/repository/func-startdown/2560	200	text/html
20170402073703	http://www.touslesconcours.info:80/repository/func-startdown/2561	200	text/html
20170226161148	http://www.touslesconcours.info:80/repository/func-startdown/2562	200	text/html
20170420223940	http://www.touslesconcours.info:80/repository/func-startdown/2563	200	text/html
20170420221625	http://www.touslesconcours.info:80/repository/func-startdown/2564	200	text/html
20170402074140	http://www.touslesconcours.info:80/repository/func-startdown/2595	200	text/html
20170420230536	http://www.touslesconcours.info:80/repository/func-startdown/2597	200	text/html
20170402073712	http://www.touslesconcours.info:80/repository/func-startdown/2599	200	text/html
20150609003514	http://www.touslesconcours.info:80/repository/func-startdown/26	200	text/html
20170420230817	http://www.touslesconcours.info:80/repository/func-startdown/2600	200	text/html
20150829234923	http://www.touslesconcours.info:80/repository/func-startdown/261	200	text/html
20170403063855	http://www.touslesconcours.info:80/repository/func-startdown/2629	200	text/html
20150609003519	http://www.touslesconcours.info:80/repository/func-startdown/27	200	text/html
20170530005851	http://touslesconcours.info:80/repository/func-startdown/2724	200	text/html
20170529221915	http://touslesconcours.info:80/repository/func-startdown/2725	200	text/html
20170527034609	http://touslesconcours.info:80/repository/func-startdown/2772	200	text/html
20170527044530	http://touslesconcours.info:80/repository/func-startdown/2810	200	text/html
20170405051727	http://www.touslesconcours.info:80/repository/func-startdown/2836	200	text/html
20170421015428	http://www.touslesconcours.info:80/repository/func-startdown/285	200	text/html
20170512161904	http://touslesconcours.info:80/repository/func-startdown/2881	200	text/html
20170512162129	http://touslesconcours.info:80/repository/func-startdown/2882	200	text/html
20170512161909	http://touslesconcours.info:80/repository/func-startdown/2883	200	text/html
20170512162432	http://touslesconcours.info:80/repository/func-startdown/2884	200	text/html
20170512162902	http://touslesconcours.info:80/repository/func-startdown/2885	200	text/html
20170512162437	http://touslesconcours.info:80/repository/func-startdown/2886	200	text/html
20170512162259	http://touslesconcours.info:80/repository/func-startdown/2887	200	text/html
20170512161745	http://touslesconcours.info:80/repository/func-startdown/2888	200	text/html
20170512162442	http://touslesconcours.info:80/repository/func-startdown/2889	200	text/html
20170512162304	http://touslesconcours.info:80/repository/func-startdown/2890	200	text/html
20170512162134	http://touslesconcours.info:80/repository/func-startdown/2891	200	text/html
20170512162907	http://touslesconcours.info:80/repository/func-startdown/2892	200	text/html
20170512161750	http://touslesconcours.info:80/repository/func-startdown/2893	200	text/html
20170512074645	http://touslesconcours.info:80/repository/func-startdown/2894	200	text/html
20170512162911	http://touslesconcours.info:80/repository/func-startdown/2895	200	text/html
20170512162447	http://touslesconcours.info:80/repository/func-startdown/2896	200	text/html
20170512162452	http://touslesconcours.info:80/repository/func-startdown/2897	200	text/html
20170512161914	http://touslesconcours.info:80/repository/func-startdown/2898	200	text/html
20170512164710	http://touslesconcours.info:80/repository/func-startdown/2899	200	text/html
20161109191654	http://www.touslesconcours.info:80/repository/func-startdown/290	200	text/html
20170512162457	http://touslesconcours.info:80/repository/func-startdown/2900	200	text/html
20170512162918	http://touslesconcours.info:80/repository/func-startdown/2901	200	text/html
20170512162502	http://touslesconcours.info:80/repository/func-startdown/2902	200	text/html
20170512164715	http://touslesconcours.info:80/repository/func-startdown/2903	200	text/html
20170512162507	http://touslesconcours.info:80/repository/func-startdown/2904	200	text/html
20170512162140	http://touslesconcours.info:80/repository/func-startdown/2905	200	text/html
20170512162641	http://touslesconcours.info:80/repository/func-startdown/2906	200	text/html
20170512161919	http://touslesconcours.info:80/repository/func-startdown/2907	200	text/html
20170512161755	http://touslesconcours.info:80/repository/func-startdown/2908	200	text/html
20170512162144	http://touslesconcours.info:80/repository/func-startdown/2909	200	text/html
20170421015433	http://www.touslesconcours.info:80/repository/func-startdown/291	200	text/html
20170512162309	http://touslesconcours.info:80/repository/func-startdown/2910	200	text/html
20170512162314	http://touslesconcours.info:80/repository/func-startdown/2911	200	text/html
20170512162319	http://touslesconcours.info:80/repository/func-startdown/2912	200	text/html
20170512161800	http://touslesconcours.info:80/repository/func-startdown/2914	200	text/html
20170512164721	http://touslesconcours.info:80/repository/func-startdown/2916	200	text/html
20170512162324	http://touslesconcours.info:80/repository/func-startdown/2917	200	text/html
20170512161805	http://touslesconcours.info:80/repository/func-startdown/2918	200	text/html
20170512161924	http://touslesconcours.info:80/repository/func-startdown/2919	200	text/html
20170512162647	http://touslesconcours.info:80/repository/func-startdown/292	200	text/html
20170512164725	http://touslesconcours.info:80/repository/func-startdown/2920	200	text/html
20170512161929	http://touslesconcours.info:80/repository/func-startdown/2921	200	text/html
20170512162330	http://touslesconcours.info:80/repository/func-startdown/2922	200	text/html
20170512162335	http://touslesconcours.info:80/repository/func-startdown/2923	200	text/html
20170512162512	http://touslesconcours.info:80/repository/func-startdown/2924	200	text/html
20170512162518	http://touslesconcours.info:80/repository/func-startdown/2925	200	text/html
20170512162652	http://touslesconcours.info:80/repository/func-startdown/2926	200	text/html
20170512161810	http://touslesconcours.info:80/repository/func-startdown/2927	200	text/html
20170512162922	http://touslesconcours.info:80/repository/func-startdown/2928	200	text/html
20170512162657	http://touslesconcours.info:80/repository/func-startdown/2929	200	text/html
20170421015628	http://www.touslesconcours.info:80/repository/func-startdown/294	200	text/html
20170421015633	http://www.touslesconcours.info:80/repository/func-startdown/299	200	text/html
20170421015438	http://www.touslesconcours.info:80/repository/func-startdown/300	200	text/html
20170421015638	http://www.touslesconcours.info:80/repository/func-startdown/311	200	text/html
20170421015643	http://www.touslesconcours.info:80/repository/func-startdown/315	200	text/html
20170421015648	http://www.touslesconcours.info:80/repository/func-startdown/317	200	text/html
20170421015653	http://www.touslesconcours.info:80/repository/func-startdown/318	200	text/html
20170421015658	http://www.touslesconcours.info:80/repository/func-startdown/320	200	text/html
20170512162937	http://www.touslesconcours.info:80/repository/func-startdown/33	200	text/html
20150720233411	http://www.touslesconcours.info:80/repository/func-startdown/34	200	text/html
20170605015023	http://www.touslesconcours.info:80/repository/func-startdown/340	200	text/html
20170421015703	http://www.touslesconcours.info:80/repository/func-startdown/341	200	text/html
20170421015443	http://www.touslesconcours.info:80/repository/func-startdown/342	200	text/html
20170606112511	http://touslesconcours.info:80/repository/func-startdown/344	200	text/html
20170421015709	http://www.touslesconcours.info:80/repository/func-startdown/345	200	text/html
20170421015714	http://www.touslesconcours.info:80/repository/func-startdown/346	200	text/html
20170421015900	http://www.touslesconcours.info:80/repository/func-startdown/347	200	text/html
20170420040103	http://www.touslesconcours.info:80/repository/func-startdown/348	200	text/html
20150608224428	http://www.touslesconcours.info:80/repository/func-startdown/35	200	text/html
20161031223552	http://www.touslesconcours.info:80/repository/func-startdown/352	200	text/html
20161031223557	http://www.touslesconcours.info:80/repository/func-startdown/353	200	text/html
20150609003525	http://www.touslesconcours.info:80/repository/func-startdown/36	200	text/html
20170214021314	http://www.touslesconcours.info:80/repository/func-startdown/369	200	text/html
20150609003609	http://www.touslesconcours.info:80/repository/func-startdown/37	200	text/html
20170214021452	http://www.touslesconcours.info:80/repository/func-startdown/370	200	text/html
20170214020629	http://www.touslesconcours.info:80/repository/func-startdown/372	200	text/html
20170213203144	http://www.touslesconcours.info:80/repository/func-startdown/373	200	text/html
20170214020156	http://www.touslesconcours.info:80/repository/func-startdown/374	200	text/html
20161207083145	http://touslesconcours.info:80/repository/func-startdown/375	200	text/html
20170429011848	http://www.touslesconcours.info:80/repository/func-startdown/376	200	text/html
20160819024545	http://www.touslesconcours.info:80/repository/func-startdown/377/	200	text/html
20170517120236	http://touslesconcours.info:80/repository/func-startdown/378	200	text/html
20161214135625	http://www.touslesconcours.info:80/repository/func-startdown/380	200	text/html
20170322051654	http://www.touslesconcours.info:80/repository/func-startdown/381	200	text/html
20170603143823	http://www.touslesconcours.info:80/repository/func-startdown/391	200	text/html
20170120184050	http://www.touslesconcours.info:80/repository/func-startdown/396	200	text/html
20170411140438	http://www.touslesconcours.info:80/repository/func-startdown/398	200	text/html
20170403210546	http://www.touslesconcours.info:80/repository/func-startdown/406	200	text/html
20170403235847	http://www.touslesconcours.info:80/repository/func-startdown/407	200	text/html
20170403235458	http://www.touslesconcours.info:80/repository/func-startdown/408	200	text/html
20170105101347	http://touslesconcours.info:80/repository/func-startdown/409	200	text/html
20170404183825	http://www.touslesconcours.info:80/repository/func-startdown/410	200	text/html
20170403235158	http://www.touslesconcours.info:80/repository/func-startdown/411	200	text/html
20170409220209	http://www.touslesconcours.info:80/repository/func-startdown/419	200	text/html
20170410020527	http://www.touslesconcours.info:80/repository/func-startdown/420	200	text/html
20170415104532	http://www.touslesconcours.info:80/repository/func-startdown/421	200	text/html
20170410015914	http://www.touslesconcours.info:80/repository/func-startdown/431	200	text/html
20170415022337	http://www.touslesconcours.info:80/repository/func-startdown/434	200	text/html
20170415022729	http://www.touslesconcours.info:80/repository/func-startdown/439	200	text/html
20160715082806	http://www.touslesconcours.info:80/repository/func-startdown/442	200	text/html
20161117084321	http://touslesconcours.info:80/repository/func-startdown/443	200	text/html
20170422123643	http://www.touslesconcours.info:80/repository/func-startdown/444	200	text/html
20161117084001	http://touslesconcours.info:80/repository/func-startdown/445	200	text/html
20161117084006	http://touslesconcours.info:80/repository/func-startdown/446	200	text/html
20170422123022	http://www.touslesconcours.info:80/repository/func-startdown/447	200	text/html
20161117084011	http://touslesconcours.info:80/repository/func-startdown/448	200	text/html
20161109191659	http://touslesconcours.info:80/repository/func-startdown/449	200	text/html
20160715062014	http://www.touslesconcours.info:80/repository/func-startdown/450	200	text/html
20160715082950	http://www.touslesconcours.info:80/repository/func-startdown/451	200	text/html
20170422115913	http://www.touslesconcours.info:80/repository/func-startdown/452	200	text/html
20170422125602	http://www.touslesconcours.info:80/repository/func-startdown/453	200	text/html
20170422124334	http://www.touslesconcours.info:80/repository/func-startdown/454	200	text/html
20170422124034	http://www.touslesconcours.info:80/repository/func-startdown/455	200	text/html
20161116074736	http://touslesconcours.info:80/repository/func-startdown/458	200	text/html
20170427040616	http://www.touslesconcours.info:80/repository/func-startdown/459	200	text/html
20160715082811	http://www.touslesconcours.info:80/repository/func-startdown/463	200	text/html
20161117084326	http://touslesconcours.info:80/repository/func-startdown/464	200	text/html
20170422113305	http://www.touslesconcours.info:80/repository/func-startdown/465	200	text/html
20170422124113	http://www.touslesconcours.info:80/repository/func-startdown/466	200	text/html
20170128162156	http://www.touslesconcours.info:80/repository/func-startdown/467	200	text/html
20161121131056	http://touslesconcours.info:80/repository/func-startdown/468	200	text/html
20161117084332	http://touslesconcours.info:80/repository/func-startdown/469	200	text/html
20161117084154	http://touslesconcours.info:80/repository/func-startdown/470	200	text/html
20161117084016	http://touslesconcours.info:80/repository/func-startdown/471	200	text/html
20161117084201	http://touslesconcours.info:80/repository/func-startdown/472	200	text/html
20161117084207	http://touslesconcours.info:80/repository/func-startdown/473	200	text/html
20161117084021	http://touslesconcours.info:80/repository/func-startdown/476	200	text/html
20161117084043	http://touslesconcours.info:80/repository/func-startdown/477	200	text/html
20161117083847	http://touslesconcours.info:80/repository/func-startdown/478	200	text/html
20170224163027	http://www.touslesconcours.info:80/repository/func-startdown/479	200	text/html
20170412230150	http://www.touslesconcours.info:80/repository/func-startdown/480	200	text/html
20161218162519	http://www.touslesconcours.info:80/repository/func-startdown/481	200	text/html
20170226161517	http://www.touslesconcours.info:80/repository/func-startdown/482	200	text/html
20170224122742	http://www.touslesconcours.info:80/repository/func-startdown/483	200	text/html
20170224122313	http://www.touslesconcours.info:80/repository/func-startdown/484	200	text/html
20170226182956	http://www.touslesconcours.info:80/repository/func-startdown/485	200	text/html
20150410095745	http://www.touslesconcours.info:80/repository/func-startdown/486	200	text/html
20150410095750	http://www.touslesconcours.info:80/repository/func-startdown/487	200	text/html
20170227081732	http://www.touslesconcours.info:80/repository/func-startdown/488	200	text/html
20170412020136	http://www.touslesconcours.info:80/repository/func-startdown/489	200	text/html
20170412015824	http://www.touslesconcours.info:80/repository/func-startdown/490	200	text/html
20150410095948	http://www.touslesconcours.info:80/repository/func-startdown/491	200	text/html
20170412020217	http://www.touslesconcours.info:80/repository/func-startdown/492	200	text/html
20170227082118	http://www.touslesconcours.info:80/repository/func-startdown/493	200	text/html
20150410095755	http://www.touslesconcours.info:80/repository/func-startdown/494	200	text/html
20150410095953	http://www.touslesconcours.info:80/repository/func-startdown/495	200	text/html
20150410095800	http://www.touslesconcours.info:80/repository/func-startdown/496	200	text/html
20170226161934	http://www.touslesconcours.info:80/repository/func-startdown/497	200	text/html
20170412020655	http://www.touslesconcours.info:80/repository/func-startdown/498	200	text/html
20170226161527	http://www.touslesconcours.info:80/repository/func-startdown/499	200	text/html
20170226161532	http://www.touslesconcours.info:80/repository/func-startdown/500	200	text/html
20170226161538	http://www.touslesconcours.info:80/repository/func-startdown/501	200	text/html
20170227082154	http://www.touslesconcours.info:80/repository/func-startdown/502	200	text/html
20170226162323	http://www.touslesconcours.info:80/repository/func-startdown/503	200	text/html
20150410095805	http://www.touslesconcours.info:80/repository/func-startdown/504	200	text/html
20150410095810	http://www.touslesconcours.info:80/repository/func-startdown/507	200	text/html
20170427050514	http://touslesconcours.info:80/repository/func-startdown/508	200	text/html
20150410095815	http://www.touslesconcours.info:80/repository/func-startdown/510	200	text/html
20170226161939	http://www.touslesconcours.info:80/repository/func-startdown/511	200	text/html
20150410100003	http://www.touslesconcours.info:80/repository/func-startdown/512	200	text/html
20150410102042	http://www.touslesconcours.info:80/repository/func-startdown/513	200	text/html
20150410095820	http://www.touslesconcours.info:80/repository/func-startdown/514	200	text/html
20170226161655	http://www.touslesconcours.info:80/repository/func-startdown/515	200	text/html
20150410095832	http://www.touslesconcours.info:80/repository/func-startdown/516	200	text/html
20170226162327	http://www.touslesconcours.info:80/repository/func-startdown/517	200	text/html
20170226161944	http://www.touslesconcours.info:80/repository/func-startdown/518	200	text/html
20170412021032	http://www.touslesconcours.info:80/repository/func-startdown/519	200	text/html
20170116044349	http://www.touslesconcours.info:80/repository/func-startdown/520	200	text/html
20170226162007	http://www.touslesconcours.info:80/repository/func-startdown/521	200	text/html
20170227012419	http://www.touslesconcours.info:80/repository/func-startdown/522	200	text/html
20170226162333	http://www.touslesconcours.info:80/repository/func-startdown/523	200	text/html
20170226162045	http://www.touslesconcours.info:80/repository/func-startdown/524	200	text/html
20150410102106	http://www.touslesconcours.info:80/repository/func-startdown/525	200	text/html
20170226174112	http://www.touslesconcours.info:80/repository/func-startdown/526	200	text/html
20161209183818	http://touslesconcours.info:80/repository/func-startdown/527	200	text/html
20170227012813	http://www.touslesconcours.info:80/repository/func-startdown/528	200	text/html
20150410095904	http://www.touslesconcours.info:80/repository/func-startdown/529	200	text/html
20170226162423	http://www.touslesconcours.info:80/repository/func-startdown/530	200	text/html
20150410034530	http://www.touslesconcours.info:80/repository/func-startdown/531	200	text/html
20170510112025	http://www.touslesconcours.info:80/repository/func-startdown/533	200	text/html
20170510112030	http://www.touslesconcours.info:80/repository/func-startdown/534	200	text/html
20170410020230	http://www.touslesconcours.info:80/repository/func-startdown/535	200	text/html
20170510112036	http://www.touslesconcours.info:80/repository/func-startdown/536	200	text/html
20170410021041	http://www.touslesconcours.info:80/repository/func-startdown/537	200	text/html
20170510112042	http://www.touslesconcours.info:80/repository/func-startdown/538	200	text/html
20170402122042	http://www.touslesconcours.info:80/repository/func-startdown/539	200	text/html
20170510111846	http://www.touslesconcours.info:80/repository/func-startdown/540	200	text/html
20170510112052	http://www.touslesconcours.info:80/repository/func-startdown/541	200	text/html
20170510111852	http://www.touslesconcours.info:80/repository/func-startdown/542	200	text/html
20170510112057	http://www.touslesconcours.info:80/repository/func-startdown/543	200	text/html
20170409220246	http://www.touslesconcours.info:80/repository/func-startdown/544	200	text/html
20170510112102	http://www.touslesconcours.info:80/repository/func-startdown/545	200	text/html
20170510111857	http://www.touslesconcours.info:80/repository/func-startdown/546	200	text/html
20170510111902	http://www.touslesconcours.info:80/repository/func-startdown/547	200	text/html
20170504141629	http://www.touslesconcours.info:80/repository/func-startdown/548	200	text/html
20170410020631	http://www.touslesconcours.info:80/repository/func-startdown/549	200	text/html
20170510111906	http://www.touslesconcours.info:80/repository/func-startdown/550	200	text/html
20170510112107	http://www.touslesconcours.info:80/repository/func-startdown/551	200	text/html
20170510112112	http://www.touslesconcours.info:80/repository/func-startdown/552	200	text/html
20170510112117	http://www.touslesconcours.info:80/repository/func-startdown/553	200	text/html
20170510112122	http://www.touslesconcours.info:80/repository/func-startdown/554	200	text/html
20170510112127	http://www.touslesconcours.info:80/repository/func-startdown/555	200	text/html
20170510112132	http://www.touslesconcours.info:80/repository/func-startdown/556	200	text/html
20170510112137	http://www.touslesconcours.info:80/repository/func-startdown/557	200	text/html
20170510112142	http://www.touslesconcours.info:80/repository/func-startdown/558	200	text/html
20170510112335	http://www.touslesconcours.info:80/repository/func-startdown/559	200	text/html
20170510111911	http://www.touslesconcours.info:80/repository/func-startdown/560	200	text/html
20170510111916	http://www.touslesconcours.info:80/repository/func-startdown/561	200	text/html
20170510111922	http://www.touslesconcours.info:80/repository/func-startdown/562	200	text/html
20170510111941	http://www.touslesconcours.info:80/repository/func-startdown/563	200	text/html
20170510111947	http://www.touslesconcours.info:80/repository/func-startdown/564	200	text/html
20170105101656	http://www.touslesconcours.info:80/repository/func-startdown/565	200	text/html
20170105101747	http://www.touslesconcours.info:80/repository/func-startdown/566	200	text/html
20170105101822	http://www.touslesconcours.info:80/repository/func-startdown/567	200	text/html
20170105101953	http://www.touslesconcours.info:80/repository/func-startdown/568	200	text/html
20170104220732	http://www.touslesconcours.info:80/repository/func-startdown/569	200	text/html
20161229162427	http://www.touslesconcours.info:80/repository/func-startdown/57	200	text/html
20170104220735	http://www.touslesconcours.info:80/repository/func-startdown/570	200	text/html
20170104220741	http://www.touslesconcours.info:80/repository/func-startdown/571	200	text/html
20170104220746	http://www.touslesconcours.info:80/repository/func-startdown/572	200	text/html
20170104220752	http://www.touslesconcours.info:80/repository/func-startdown/573	200	text/html
20170104205105	http://www.touslesconcours.info:80/repository/func-startdown/574	200	text/html
20170104220814	http://www.touslesconcours.info:80/repository/func-startdown/575	200	text/html
20170104205135	http://www.touslesconcours.info:80/repository/func-startdown/576	200	text/html
20170105101328	http://www.touslesconcours.info:80/repository/func-startdown/577	200	text/html
20170104220959	http://www.touslesconcours.info:80/repository/func-startdown/578	200	text/html
20170105032723	http://www.touslesconcours.info:80/repository/func-startdown/579	200	text/html
20161229161631	http://www.touslesconcours.info:80/repository/func-startdown/58	200	text/html
20170422121522	http://www.touslesconcours.info:80/repository/func-startdown/580	200	text/html
20161108083357	http://www.touslesconcours.info:80/repository/func-startdown/581	200	text/html
20170427070405	http://www.touslesconcours.info:80/repository/func-startdown/582	200	text/html
20170123042123	http://www.touslesconcours.info:80/repository/func-startdown/587	200	text/html
20170123042128	http://www.touslesconcours.info:80/repository/func-startdown/588	200	text/html
20170123042133	http://www.touslesconcours.info:80/repository/func-startdown/589	200	text/html
20161228082317	http://www.touslesconcours.info:80/repository/func-startdown/59	200	text/html
20170123042700	http://www.touslesconcours.info:80/repository/func-startdown/591	200	text/html
20170123043131	http://www.touslesconcours.info:80/repository/func-startdown/593	200	text/html
20170123042144	http://www.touslesconcours.info:80/repository/func-startdown/603	200	text/html
20170123042706	http://www.touslesconcours.info:80/repository/func-startdown/604	200	text/html
20170123042711	http://www.touslesconcours.info:80/repository/func-startdown/605	200	text/html
20170123042222	http://www.touslesconcours.info:80/repository/func-startdown/606	200	text/html
20170122221419	http://www.touslesconcours.info:80/repository/func-startdown/607	200	text/html
20170122220819	http://www.touslesconcours.info:80/repository/func-startdown/608	200	text/html
20170123042716	http://www.touslesconcours.info:80/repository/func-startdown/609	200	text/html
20161228082402	http://www.touslesconcours.info:80/repository/func-startdown/61	200	text/html
20170411140157	http://www.touslesconcours.info:80/repository/func-startdown/610	200	text/html
20170123042721	http://www.touslesconcours.info:80/repository/func-startdown/611	200	text/html
20170122220950	http://www.touslesconcours.info:80/repository/func-startdown/612	200	text/html
20170123042749	http://www.touslesconcours.info:80/repository/func-startdown/613	200	text/html
20170411045650	http://www.touslesconcours.info:80/repository/func-startdown/614	200	text/html
20170411045655	http://www.touslesconcours.info:80/repository/func-startdown/615	200	text/html
20171014013202	http://touslesconcours.info/repository/func-startdown/617/	200	text/html
20171014013156	http://touslesconcours.info/repository/func-startdown/618/	200	text/html
20161228082427	http://www.touslesconcours.info:80/repository/func-startdown/62	200	text/html
20171014150858	http://touslesconcours.info/repository/func-startdown/620/	200	text/html
20161228082512	http://www.touslesconcours.info:80/repository/func-startdown/63	200	text/html
20171014135021	http://touslesconcours.info/repository/func-startdown/630/	200	text/html
20171014065352	http://touslesconcours.info/repository/func-startdown/635/	200	text/html
20171013120023	http://touslesconcours.info/repository/func-startdown/638/	200	text/html
20171014203143	http://touslesconcours.info/repository/func-startdown/641/	200	text/html
20171013132204	http://touslesconcours.info/repository/func-startdown/648/	200	text/html
20171014114939	http://touslesconcours.info/repository/func-startdown/650/	200	text/html
20171014012827	http://touslesconcours.info/repository/func-startdown/651/	200	text/html
20171014162803	http://touslesconcours.info/repository/func-startdown/653/	200	text/html
20171014013208	http://touslesconcours.info/repository/func-startdown/655/	200	text/html
20171014012833	http://touslesconcours.info/repository/func-startdown/656/	200	text/html
20171014013141	http://touslesconcours.info/repository/func-startdown/657/	200	text/html
20171013070749	http://touslesconcours.info/repository/func-startdown/658/	200	text/html
20170406132001	http://www.touslesconcours.info:80/repository/func-startdown/66	200	text/html
20171013194004	http://touslesconcours.info/repository/func-startdown/660/	200	text/html
20171013103624	http://touslesconcours.info/repository/func-startdown/663/	200	text/html
20171013164803	http://touslesconcours.info/repository/func-startdown/667/	200	text/html
20171013185708	http://touslesconcours.info/repository/func-startdown/669/	200	text/html
20171014034541	http://touslesconcours.info/repository/func-startdown/670/	200	text/html
20171014135834	http://touslesconcours.info/repository/func-startdown/671/	200	text/html
20171014055237	http://touslesconcours.info/repository/func-startdown/675/	200	text/html
20171014073232	http://touslesconcours.info/repository/func-startdown/677/	200	text/html
20171014080744	http://touslesconcours.info/repository/func-startdown/678/	200	text/html
20171013115754	http://touslesconcours.info/repository/func-startdown/679/	200	text/html
20170406034136	http://www.touslesconcours.info:80/repository/func-startdown/68	200	text/html
20171013172316	http://touslesconcours.info/repository/func-startdown/680/	200	text/html
20171013132211	http://touslesconcours.info/repository/func-startdown/684/	200	text/html
20171014013146	http://touslesconcours.info/repository/func-startdown/687/	200	text/html
20171014115228	http://touslesconcours.info/repository/func-startdown/688/	200	text/html
20171014012815	http://touslesconcours.info/repository/func-startdown/689/	200	text/html
20170406033914	http://www.touslesconcours.info:80/repository/func-startdown/69	200	text/html
20171014013127	http://touslesconcours.info/repository/func-startdown/691/	200	text/html
20171014045424	http://touslesconcours.info/repository/func-startdown/692/	200	text/html
20171014015101	http://touslesconcours.info/repository/func-startdown/696/	200	text/html
20171014224544	http://touslesconcours.info/repository/func-startdown/697/	200	text/html
20170406132029	http://www.touslesconcours.info:80/repository/func-startdown/73	200	text/html
20170406132631	http://www.touslesconcours.info:80/repository/func-startdown/74	200	text/html
20171013105711	http://touslesconcours.info/repository/func-startdown/742/	200	text/html
20170406034155	http://www.touslesconcours.info:80/repository/func-startdown/75	200	text/html
20171013130356	http://touslesconcours.info/repository/func-startdown/753/	200	text/html
20171014200654	http://touslesconcours.info/repository/func-startdown/754/	200	text/html
20170406033919	http://www.touslesconcours.info:80/repository/func-startdown/76	200	text/html
20170406034249	http://www.touslesconcours.info:80/repository/func-startdown/77	200	text/html
20171013104547	http://touslesconcours.info/repository/func-startdown/776/	200	text/html
20171013203709	http://touslesconcours.info/repository/func-startdown/779/	200	text/html
20171013150449	http://touslesconcours.info/repository/func-startdown/780/	200	text/html
20171014012844	http://touslesconcours.info/repository/func-startdown/781/	200	text/html
20171013165633	http://touslesconcours.info/repository/func-startdown/782/	200	text/html
20171013201231	http://touslesconcours.info/repository/func-startdown/789/	200	text/html
20171014013134	http://touslesconcours.info/repository/func-startdown/792/	200	text/html
20171013153658	http://touslesconcours.info/repository/func-startdown/793/	200	text/html
20171014040914	http://touslesconcours.info/repository/func-startdown/794/	200	text/html
20171013183842	http://touslesconcours.info/repository/func-startdown/800/	200	text/html
20171014063551	http://touslesconcours.info/repository/func-startdown/801/	200	text/html
20171013192010	http://touslesconcours.info/repository/func-startdown/809/	200	text/html
20171013075627	http://touslesconcours.info/repository/func-startdown/810/	200	text/html
20171014073317	http://touslesconcours.info/repository/func-startdown/811/	200	text/html
20171013230248	http://touslesconcours.info/repository/func-startdown/812/	200	text/html
20171014015222	http://touslesconcours.info/repository/func-startdown/813/	200	text/html
20171013182551	http://touslesconcours.info/repository/func-startdown/817/	200	text/html
20171014012808	http://touslesconcours.info/repository/func-startdown/820/	200	text/html
20171013101534	http://touslesconcours.info/repository/func-startdown/821/	200	text/html
20171014013152	http://touslesconcours.info/repository/func-startdown/823/	200	text/html
20171014005819	http://touslesconcours.info/repository/func-startdown/830/	200	text/html
20171014012838	http://touslesconcours.info/repository/func-startdown/832/	200	text/html
20171014012822	http://touslesconcours.info/repository/func-startdown/837/	200	text/html
20171013072958	http://touslesconcours.info/repository/func-startdown/839/	200	text/html
20171013180212	http://touslesconcours.info/repository/func-startdown/845/	200	text/html
20171014023112	http://touslesconcours.info/repository/func-startdown/848/	200	text/html
20171014012953	http://touslesconcours.info/repository/func-startdown/856/	200	text/html
20171013145618	http://touslesconcours.info/repository/func-startdown/859/	200	text/html
20171014020113	http://touslesconcours.info/repository/func-startdown/861/	200	text/html
20171013174524	http://touslesconcours.info/repository/func-startdown/864/	200	text/html
20171014005846	http://touslesconcours.info/repository/func-startdown/865/	200	text/html
20171014123821	http://touslesconcours.info/repository/func-startdown/878/	200	text/html
20171014031743	http://touslesconcours.info/repository/func-startdown/880/	200	text/html
20170118175157	http://www.touslesconcours.info:80/repository/func-startdown/881	200	text/html
20170119051626	http://www.touslesconcours.info:80/repository/func-startdown/882	200	text/html
20170119051654	http://www.touslesconcours.info:80/repository/func-startdown/883	200	text/html
20170119052302	http://www.touslesconcours.info:80/repository/func-startdown/884	200	text/html
20170119051710	http://www.touslesconcours.info:80/repository/func-startdown/885	200	text/html
20170119052604	http://www.touslesconcours.info:80/repository/func-startdown/886	200	text/html
20170422111652	http://touslesconcours.info:80/repository/func-startdown/887	200	text/html
20170118175306	http://www.touslesconcours.info:80/repository/func-startdown/889	200	text/html
20170119051817	http://www.touslesconcours.info:80/repository/func-startdown/890	200	text/html
20170119051436	http://www.touslesconcours.info:80/repository/func-startdown/891	200	text/html
20150721001047	http://www.touslesconcours.info:80/repository/func-startdown/9	200	text/html
20170321161305	http://www.touslesconcours.info:80/repository/func-startdown/903	200	text/html
20170326213242	http://www.touslesconcours.info:80/repository/func-startdown/904	200	text/html
20170326212950	http://www.touslesconcours.info:80/repository/func-startdown/905	200	text/html
20170326213307	http://www.touslesconcours.info:80/repository/func-startdown/906	200	text/html
20170326213712	http://www.touslesconcours.info:80/repository/func-startdown/907	200	text/html
20170326213947	http://www.touslesconcours.info:80/repository/func-startdown/908	200	text/html
20170326213348	http://www.touslesconcours.info:80/repository/func-startdown/911	200	text/html
20170326213107	http://www.touslesconcours.info:80/repository/func-startdown/912	200	text/html
20170326214046	http://www.touslesconcours.info:80/repository/func-startdown/914	200	text/html
20170411140202	http://www.touslesconcours.info:80/repository/func-startdown/915	200	text/html
20170411140443	http://www.touslesconcours.info:80/repository/func-startdown/916	200	text/html
20170411140207	http://www.touslesconcours.info:80/repository/func-startdown/917	200	text/html
20170411045358	http://www.touslesconcours.info:80/repository/func-startdown/918	200	text/html
20170411140212	http://www.touslesconcours.info:80/repository/func-startdown/919	200	text/html
20170228115711	http://www.touslesconcours.info:80/repository/func-startdown/920	200	text/html
20170411045401	http://www.touslesconcours.info:80/repository/func-startdown/921	200	text/html
20170411140448	http://www.touslesconcours.info:80/repository/func-startdown/923	200	text/html
20170411045406	http://www.touslesconcours.info:80/repository/func-startdown/924	200	text/html
20170411140456	http://www.touslesconcours.info:80/repository/func-startdown/925	200	text/html
20170411140539	http://www.touslesconcours.info:80/repository/func-startdown/927	200	text/html
20170411140217	http://www.touslesconcours.info:80/repository/func-startdown/928	200	text/html
20170411045411	http://www.touslesconcours.info:80/repository/func-startdown/929	200	text/html
20170411140222	http://www.touslesconcours.info:80/repository/func-startdown/930	200	text/html
20170321191227	http://www.touslesconcours.info:80/repository/func-startdown/932	200	text/html
20170306152243	http://www.touslesconcours.info:80/repository/func-startdown/933	200	text/html
20170219174112	http://www.touslesconcours.info:80/repository/func-startdown/934	200	text/html
20170306080427	http://www.touslesconcours.info:80/repository/func-startdown/935	200	text/html
20170306075428	http://www.touslesconcours.info:80/repository/func-startdown/936	200	text/html
20170306080252	http://www.touslesconcours.info:80/repository/func-startdown/937	200	text/html
20170306080436	http://www.touslesconcours.info:80/repository/func-startdown/938	200	text/html
20170306075539	http://www.touslesconcours.info:80/repository/func-startdown/939	200	text/html
20170418014249	http://www.touslesconcours.info:80/repository/func-startdown/946	200	text/html
20170301131230	http://www.touslesconcours.info:80/repository/func-startdown/947	200	text/html
20170411045755	http://www.touslesconcours.info:80/repository/func-startdown/951	200	text/html
20170411045451	http://www.touslesconcours.info:80/repository/func-startdown/952	200	text/html
20170318031420	http://www.touslesconcours.info:80/repository/func-startdown/958	200	text/html
20170318030910	http://www.touslesconcours.info:80/repository/func-startdown/961	200	text/html
20170318030932	http://www.touslesconcours.info:80/repository/func-startdown/962	200	text/html
20170318031425	http://www.touslesconcours.info:80/repository/func-startdown/963	200	text/html
20170318032007	http://www.touslesconcours.info:80/repository/func-startdown/966	200	text/html
20170318031024	http://www.touslesconcours.info:80/repository/func-startdown/967	200	text/html
20170318030509	http://www.touslesconcours.info:80/repository/func-startdown/968	200	text/html
20170318031138	http://www.touslesconcours.info:80/repository/func-startdown/969	200	text/html
20170318031450	http://www.touslesconcours.info:80/repository/func-startdown/970	200	text/html
20170318032041	http://www.touslesconcours.info:80/repository/func-startdown/973	200	text/html
20170318031556	http://www.touslesconcours.info:80/repository/func-startdown/974	200	text/html
20170102043120	http://www.touslesconcours.info:80/repository/func-startdown/990	200	text/html
20170415023121	http://www.touslesconcours.info:80/repository/func-startdown/993	200	text/html
20170308055032	http://touslesconcours.info/repository/math-aux-concours/	200	text/html
20170306083746	http://touslesconcours.info/repository/math-aux-concours/ts06-dm1.pdf/	200	text/html
20170305225650	http://touslesconcours.info/repository/math-aux-concours/ts06-dm1cor.pdf/	200	text/html
20160418060012	http://www.touslesconcours.info:80/repository/math-aux-concours/ts06-dm2.pdf	200	text/html
20170305182336	http://touslesconcours.info/repository/math-aux-concours/ts06-dm2cor.pdf/	200	text/html
20170304213353	http://touslesconcours.info/repository/math-aux-concours/ts06-dm3.pdf/	200	text/html
20170314091818	http://touslesconcours.info/repository/math-aux-concours/ts06-dm3cor.pdf/	200	text/html
20170306155553	http://touslesconcours.info/repository/math-aux-concours/ts06-dm4.pdf/	200	text/html
20170305153516	http://touslesconcours.info/repository/math-aux-concours/ts06-dm4cor.pdf/	200	text/html
20170304212835	http://touslesconcours.info/repository/math-aux-concours/ts06-dm5.pdf/	200	text/html
20170306040235	http://touslesconcours.info/repository/math-aux-concours/ts06-dm5cor.pdf/	200	text/html
20170305032728	http://touslesconcours.info/repository/math-aux-concours/ts06-dm6-1.pdf/	200	text/html
20170305154420	http://touslesconcours.info/repository/math-aux-concours/ts06-dm6cor.pdf/	200	text/html
20170306224519	http://touslesconcours.info/repository/math-aux-concours/ts06-dm7.pdf/	200	text/html
20170308015128	http://touslesconcours.info/repository/math-aux-concours/ts06-dm7cor.pdf/	200	text/html
20170305032535	http://touslesconcours.info/repository/math-aux-concours/ts06-dm8.pdf/	200	text/html
20170306223504	http://touslesconcours.info/repository/math-aux-concours/ts06-dm8cor.pdf/	200	text/html
20170312150541	http://touslesconcours.info/repository/math-aux-concours/ts06-dm9.pdf/	200	text/html
20170313211537	http://touslesconcours.info/repository/math-aux-concours/ts06-dm9cor.pdf/	200	text/html
20170304211759	http://touslesconcours.info/repository/math-aux-concours/ts06-ds1.pdf/	200	text/html
20170306035959	http://touslesconcours.info/repository/math-aux-concours/ts06-ds1cor.pdf/	200	text/html
20170305032536	http://touslesconcours.info/repository/math-aux-concours/ts06-ds2.pdf/	200	text/html
20170306155658	http://touslesconcours.info/repository/math-aux-concours/ts06-ds2cor.pdf/	200	text/html
20170306155544	http://touslesconcours.info/repository/math-aux-concours/ts06-ds3.pdf/	200	text/html
20170306040809	http://touslesconcours.info/repository/math-aux-concours/ts06-ds3cor.pdf/	200	text/html
20161113155310	http://www.touslesconcours.info:80/repository/math-aux-concours/ts06-ds4.pdf/	200	text/html
20161113155646	http://www.touslesconcours.info:80/repository/math-aux-concours/ts06-ds4cor-1.pdf/	200	text/html
20161113155315	http://www.touslesconcours.info:80/repository/math-aux-concours/ts06-ds5.pdf/	200	text/html
20161113163313	http://www.touslesconcours.info:80/repository/math-aux-concours/ts06-ds5cor.pdf/	200	text/html
20170305032853	http://touslesconcours.info/repository/math-aux-concours/ts06-ds8.pdf/	200	text/html
20170308045146	http://touslesconcours.info/repository/math-aux-concours/ts06-ds8cor.pdf/	200	text/html
20170305032751	http://touslesconcours.info/repository/math-aux-concours/ts06-ds9.pdf/	200	text/html
20170307120045	http://touslesconcours.info/repository/math-aux-concours/ts06-ds9cor.pdf/	200	text/html
20170305225623	http://touslesconcours.info/repository/math-aux-concours/ts07-dm1.pdf/	200	text/html
20170305154724	http://touslesconcours.info/repository/math-aux-concours/ts07-dm10.pdf/	200	text/html
20170306013158	http://touslesconcours.info/repository/math-aux-concours/ts07-dm10cor.pdf/	200	text/html
20170308015005	http://touslesconcours.info/repository/math-aux-concours/ts07-dm2.pdf/	200	text/html
20170305041941	http://touslesconcours.info/repository/math-aux-concours/ts07-dm2cor.pdf/	200	text/html
20170305032854	http://touslesconcours.info/repository/math-aux-concours/ts07-dm4.pdf/	200	text/html
20170307171422	http://touslesconcours.info/repository/math-aux-concours/ts07-dm7.pdf/	200	text/html
20170306222706	http://touslesconcours.info/repository/math-aux-concours/ts07-dm7cor.pdf/	200	text/html
20170308054403	http://touslesconcours.info/repository/math-aux-concours/ts07-dm8.pdf/	200	text/html
20170314213647	http://touslesconcours.info/repository/math-aux-concours/ts07-dm8cor.pdf/	200	text/html
20170306081656	http://touslesconcours.info/repository/math-aux-concours/ts07-dm9.pdf/	200	text/html
20170313210917	http://touslesconcours.info/repository/math-aux-concours/ts07-dm9cor.pdf/	200	text/html
20170306011352	http://touslesconcours.info/repository/math-aux-concours/ts07-ds1-2.pdf/	200	text/html
20170307055008	http://touslesconcours.info/repository/math-aux-concours/ts07-ds1cor-1.pdf/	200	text/html
20170314213613	http://touslesconcours.info/repository/math-aux-concours/ts07-ds2.pdf/	200	text/html
20170312152334	http://touslesconcours.info/repository/math-aux-concours/ts07-ds2cor.pdf/	200	text/html
20170305225439	http://touslesconcours.info/repository/math-aux-concours/ts07-ds3.pdf/	200	text/html
20170305032900	http://touslesconcours.info/repository/math-aux-concours/ts07-ds3cor.pdf/	200	text/html
20170314091727	http://touslesconcours.info/repository/math-aux-concours/ts07-ds4.pdf/	200	text/html
20170306224557	http://touslesconcours.info/repository/math-aux-concours/ts07-ds4cor.pdf/	200	text/html
20161113162008	http://www.touslesconcours.info:80/repository/math-aux-concours/ts07-ds5.pdf/	200	text/html
20161113163318	http://www.touslesconcours.info:80/repository/math-aux-concours/ts07-ds5cor.pdf/	200	text/html
20161113155320	http://www.touslesconcours.info:80/repository/math-aux-concours/ts07-ds6.pdf/	200	text/html
20161113153859	http://www.touslesconcours.info:80/repository/math-aux-concours/ts07-ds6cor.pdf/	200	text/html
20170306035947	http://touslesconcours.info/repository/math-aux-concours/ts07-ds7.pdf/	200	text/html
20170312151830	http://touslesconcours.info/repository/math-aux-concours/ts07-ds7cor.pdf/	200	text/html
20170306155536	http://touslesconcours.info/repository/math-aux-concours/ts08-dm1.pdf/	200	text/html
20170306011238	http://touslesconcours.info/repository/math-aux-concours/ts08-dm1cor.pdf/	200	text/html
20170304211806	http://touslesconcours.info/repository/math-aux-concours/ts08-dm3.pdf/	200	text/html
20170307054753	http://touslesconcours.info/repository/math-aux-concours/ts08-dm3cor.pdf/	200	text/html
20170314213752	http://touslesconcours.info/repository/math-aux-concours/ts08-dm4.pdf/	200	text/html
20170305225541	http://touslesconcours.info/repository/math-aux-concours/ts08-dm4cor.pdf/	200	text/html
20170306011036	http://touslesconcours.info/repository/math-aux-concours/ts08-dm5.pdf/	200	text/html
20170306081915	http://touslesconcours.info/repository/math-aux-concours/ts08-dm5cor.pdf/	200	text/html
20170304213346	http://touslesconcours.info/repository/math-aux-concours/ts08-ds1.pdf/	200	text/html
20170307054804	http://touslesconcours.info/repository/math-aux-concours/ts08-ds1cor.pdf/	200	text/html
20170306223140	http://touslesconcours.info/repository/math-aux-concours/ts10-dm1.pdf/	200	text/html
20170312151816	http://touslesconcours.info/repository/math-aux-concours/ts10-dm3.pdf/	200	text/html
20170312152506	http://touslesconcours.info/repository/math-aux-concours/ts10-dm3cor.pdf/	200	text/html
20170306222557	http://touslesconcours.info/repository/math-aux-concours/ts10-dm4.pdf/	200	text/html
20170308054324	http://touslesconcours.info/repository/math-aux-concours/ts10-dm4cor.pdf/	200	text/html
20170306081706	http://touslesconcours.info/repository/math-aux-concours/ts10-ds1.pdf/	200	text/html
20170306081928	http://touslesconcours.info/repository/math-aux-concours/ts10-ds1cor.pdf/	200	text/html
20170306223518	http://touslesconcours.info/repository/math-aux-concours/ts10-ds2.pdf/	200	text/html
20170314213737	http://touslesconcours.info/repository/math-aux-concours/ts2-dm10.pdf/	200	text/html
20170307190310	http://touslesconcours.info/repository/math-aux-concours/ts2-dm10cor.pdf/	200	text/html
20170305032804	http://touslesconcours.info/repository/math-aux-concours/ts2-dm11.pdf/	200	text/html
20170306082010	http://touslesconcours.info/repository/math-aux-concours/ts2-dm11cor.pdf/	200	text/html
20170306011410	http://touslesconcours.info/repository/math-aux-concours/ts2-dm3.pdf/	200	text/html
20170305032710	http://touslesconcours.info/repository/math-aux-concours/ts2-dm3cor.pdf/	200	text/html
20170305154704	http://touslesconcours.info/repository/math-aux-concours/ts2-dm4.pdf/	200	text/html
20170307171539	http://touslesconcours.info/repository/math-aux-concours/ts2-dm4cor.pdf/	200	text/html
20170306013338	http://touslesconcours.info/repository/math-aux-concours/ts2-dm5.pdf/	200	text/html
20170305032507	http://touslesconcours.info/repository/math-aux-concours/ts2-dm5cor.pdf/	200	text/html
20161113163323	http://www.touslesconcours.info:80/repository/math-aux-concours/ts2-dm7.pdf/	200	text/html
20161113163346	http://www.touslesconcours.info:80/repository/math-aux-concours/ts2-dm7cor.pdf/	200	text/html
20170306155607	http://touslesconcours.info/repository/math-aux-concours/ts2-dm8cor.pdf/	200	text/html
20170306081629	http://touslesconcours.info/repository/math-aux-concours/ts2-ds2.pdf/	200	text/html
20170306223441	http://touslesconcours.info/repository/math-aux-concours/ts2-ds2cor.pdf/	200	text/html
20170306011357	http://touslesconcours.info/repository/math-aux-concours/ts2-ds4.pdf/	200	text/html
20170306013357	http://touslesconcours.info/repository/math-aux-concours/ts2-ds4cor.pdf/	200	text/html
20170308015013	http://touslesconcours.info/repository/math-aux-concours/ts2-ds5.pdf/	200	text/html
20170312205538	http://touslesconcours.info/repository/math-aux-concours/ts2-ds5cor.pdf/	200	text/html
20170306040527	http://touslesconcours.info/repository/math-aux-concours/ts2-ds6.pdf/	200	text/html
20170306160813	http://touslesconcours.info/repository/math-aux-concours/ts2-ds6cor.pdf/	200	text/html
20170306035927	http://touslesconcours.info/repository/math-aux-concours/ts2-ds7.pdf/	200	text/html
20170306155726	http://touslesconcours.info/repository/math-aux-concours/ts2-ds7cor.pdf/	200	text/html
20170306040318	http://touslesconcours.info/repository/math-aux-concours/ts2-ds8.pdf/	200	text/html
20170304213332	http://touslesconcours.info/repository/math-aux-concours/ts2-ds8cor.pdf/	200	text/html
20170313211215	http://touslesconcours.info/repository/math-aux-concours/ts3-dm11.pdf/	200	text/html
20170305032823	http://touslesconcours.info/repository/math-aux-concours/ts3-dm11cor.pdf/	200	text/html
20170312152419	http://touslesconcours.info/repository/math-aux-concours/ts3-dm2.pdf/	200	text/html
20170307042042	http://touslesconcours.info/repository/math-aux-concours/ts3-dm2cor.pdf/	200	text/html
20161113181220	http://www.touslesconcours.info:80/repository/math-aux-concours/ts3-dm3.pdf/	200	text/html
20161113154721	http://www.touslesconcours.info:80/repository/math-aux-concours/ts3-dm3cor.pdf/	200	text/html
20170622233403	http://touslesconcours.info/repository/math-aux-concours/ts3-dm6.pdf/	200	text/html
20170306035850	http://touslesconcours.info/repository/math-aux-concours/ts3-dm6cor.pdf/	200	text/html
20170313211507	http://touslesconcours.info/repository/math-aux-concours/ts3-dm9.pdf/	200	text/html
20170307054859	http://touslesconcours.info/repository/math-aux-concours/ts3-dm9cor.pdf/	200	text/html
20170304211644	http://touslesconcours.info/repository/math-aux-concours/ts3-ds1.pdf/	200	text/html
20170305154021	http://touslesconcours.info/repository/math-aux-concours/ts3-ds1cor.pdf/	200	text/html
20170305032336	http://touslesconcours.info/repository/math-aux-concours/ts3-ds2.pdf/	200	text/html
20170312151924	http://touslesconcours.info/repository/math-aux-concours/ts3-ds2cor.pdf/	200	text/html
20170305153904	http://touslesconcours.info/repository/math-aux-concours/ts3-ds4.pdf/	200	text/html
20170306035941	http://touslesconcours.info/repository/math-aux-concours/ts3-ds4cor.pdf/	200	text/html
20170312152516	http://touslesconcours.info/repository/math-aux-concours/ts3-ds5.pdf/	200	text/html
20170305112536	http://touslesconcours.info/repository/math-aux-concours/ts3-ds5cor.pdf/	200	text/html
20161113162013	http://www.touslesconcours.info:80/repository/math-aux-concours/ts3-ds6.pdf/	200	text/html
20161113162150	http://www.touslesconcours.info:80/repository/math-aux-concours/ts3-ds6cor.pdf/	200	text/html
20170305184413	http://touslesconcours.info/repository/math-aux-concours/ts3-ds7.pdf/	200	text/html
20170306081807	http://touslesconcours.info/repository/math-aux-concours/ts3-ds7cor.pdf/	200	text/html
20170306011154	http://touslesconcours.info/repository/math-aux-concours/ts3-ds8.pdf/	200	text/html
20170304211708	http://touslesconcours.info/repository/math-aux-concours/ts3-ds8cor.pdf/	200	text/html
20170306081933	http://touslesconcours.info/repository/math-aux-concours/ts4-dm1.pdf/	200	text/html
20170306083559	http://touslesconcours.info/repository/math-aux-concours/ts4-dm10.pdf/	200	text/html
20170313210818	http://touslesconcours.info/repository/math-aux-concours/ts4-dm10cor.pdf/	200	text/html
20170306040009	http://touslesconcours.info/repository/math-aux-concours/ts4-dm1cor.pdf/	200	text/html
20170306081731	http://touslesconcours.info/repository/math-aux-concours/ts4-dm2.pdf/	200	text/html
20170306215446	http://touslesconcours.info/repository/math-aux-concours/ts4-dm2cor.pdf/	200	text/html
20170305032330	http://touslesconcours.info/repository/math-aux-concours/ts4-dm6.pdf/	200	text/html
20170312150229	http://touslesconcours.info/repository/math-aux-concours/ts4-dm6cor.pdf/	200	text/html
20170306215432	http://touslesconcours.info/repository/math-aux-concours/ts4-dm7.pdf/	200	text/html
20170312152111	http://touslesconcours.info/repository/math-aux-concours/ts4-dm7cor.pdf/	200	text/html
20170305153418	http://touslesconcours.info/repository/math-aux-concours/ts4-dm9.pdf/	200	text/html
20170304212400	http://touslesconcours.info/repository/math-aux-concours/ts4-ds1.pdf/	200	text/html
20170306040617	http://touslesconcours.info/repository/math-aux-concours/ts4-ds1cor.pdf/	200	text/html
20170304212146	http://touslesconcours.info/repository/math-aux-concours/ts4-ds2.pdf/	200	text/html
20170306011007	http://touslesconcours.info/repository/math-aux-concours/ts4-ds2cor.pdf/	200	text/html
20170306155735	http://touslesconcours.info/repository/math-aux-concours/ts4-ds3.pdf/	200	text/html
20170306040031	http://touslesconcours.info/repository/math-aux-concours/ts4-ds3cor.pdf/	200	text/html
20170305184425	http://touslesconcours.info/repository/math-aux-concours/ts4-ds4.pdf/	200	text/html
20170305153454	http://touslesconcours.info/repository/math-aux-concours/ts4-ds4cor.pdf/	200	text/html
20170306083722	http://touslesconcours.info/repository/math-aux-concours/ts4-ds5.pdf/	200	text/html
20170306040257	http://touslesconcours.info/repository/math-aux-concours/ts4-ds5cor.pdf/	200	text/html
20170306155525	http://touslesconcours.info/repository/math-aux-concours/ts4-ds6.pdf/	200	text/html
20170305032703	http://touslesconcours.info/repository/math-aux-concours/ts4-ds6cor.pdf/	200	text/html
20170305033156	http://touslesconcours.info/repository/math-aux-concours/ts4-ds8.pdf/	200	text/html
20170312152247	http://touslesconcours.info/repository/math-aux-concours/ts4-ds8cor.pdf/	200	text/html
20170308171213	http://touslesconcours.info/repository/R%C3%A9sultats-ENSET/	200	text/html
20171124193843	http://touslesconcours.info/repository/R%C3%A9sultats-ENSET/chimie-imip-2014.pdf/	200	text/html
20171124193734	http://touslesconcours.info/repository/R%C3%A9sultats-ENSET/orderby,1/	200	text/html
20171124185433	http://touslesconcours.info/repository/R%C3%A9sultats-ENSET/orderby,7/	200	text/html
20171124191453	http://touslesconcours.info/repository/R%C3%A9sultats-ENSET/Resultat-enset-bambili-trosi%C3%A8me-ann%C3%A9e-premier-cycle/	200	text/html
20171124175429	http://touslesconcours.info/repository/R%C3%A9sultats-ENSET/Resultat-enset-premier-annee-second--cycle/	200	text/html
20150623031503	http://www.touslesconcours.info:80/repository/search/	200	text/html
20170308060613	http://touslesconcours.info/repository/Sujets-corrig%C3%A9s-de-droit-administratif/	200	text/html
20171124215348	http://touslesconcours.info/repository/Sujets-corrig%C3%A9s-de-droit-administratif/Constitution-et-souverainet%C3%A9-du-peuple-au-Cameroun.pdf/	200	text/html
20170517120407	http://www.touslesconcours.info:80/repository/Sujets-corrig%C3%A9s-de-droit-administratif/D%C3%A9centralisation-et-unit%C3%A9-nationale.pdf	200	text/html
20170517120413	http://www.touslesconcours.info:80/repository/Sujets-corrig%C3%A9s-de-droit-administratif/D%C3%A9l%C3%A9gation-de-pouvoir-et-d%C3%A9l%C3%A9gation-de-comp%C3%A9tence.pdf	200	text/html
20170517115910	http://www.touslesconcours.info:80/repository/Sujets-corrig%C3%A9s-de-droit-administratif/D%C3%A9mocratie-et-d%C3%A9centralisation-au-Cameroun.pdf	200	text/html
20171019063029	http://touslesconcours.info/repository/Sujets-corrig%C3%A9s-de-droit-administratif/Est-il-exacte-de-dire-que-la-l%C3%A9galit%C3%A9-administrative-est-duale.pdf/	200	text/html
20170517114133	http://www.touslesconcours.info:80/repository/Sujets-corrig%C3%A9s-de-droit-administratif/Etat-Peuple-et-Nations-au-Cameroun.pdf	200	text/html
20170517120418	http://www.touslesconcours.info:80/repository/Sujets-corrig%C3%A9s-de-droit-administratif/Faut-il-renforcer-le-r%C3%B4le-de-l%E2%80%99Assembl%C3%A9e.pdf	200	text/html
20171019071515	http://touslesconcours.info/repository/Sujets-corrig%C3%A9s-de-droit-administratif/Int%C3%A9r%C3%AAt-et-qualit%C3%A9-pour-agir-en-mati%C3%A8re-de-recours-dans-le-cadre.pdf/	200	text/html
20171019070606	http://touslesconcours.info/repository/Sujets-corrig%C3%A9s-de-droit-administratif/Je-n%E2%80%99entrerai-jamais-en-lutte-contre-la-volont%C3%A9-nationale.pdf/	200	text/html
20171019062929	http://touslesconcours.info/repository/Sujets-corrig%C3%A9s-de-droit-administratif/L%E2%80%99Administration-prise-en-faute.pdf/	200	text/html
20171019064023	http://touslesconcours.info/repository/Sujets-corrig%C3%A9s-de-droit-administratif/L%E2%80%99auteur-de-l%E2%80%99acte-administratif-unilat%C3%A9ral.pdf/	200	text/html
20171019060523	http://touslesconcours.info/repository/Sujets-corrig%C3%A9s-de-droit-administratif/L%E2%80%99entr%C3%A9e-et-la-sortie-de-vigueur-de-l%E2%80%99acte-administratif.pdf/	200	text/html
20171019114044	http://touslesconcours.info/repository/Sujets-corrig%C3%A9s-de-droit-administratif/L%E2%80%99Etat-ne-peut-tout-faire-il-s%E2%80%99occupe-de-l%E2%80%99essentiel.pdf/	200	text/html
20171019114140	http://touslesconcours.info/repository/Sujets-corrig%C3%A9s-de-droit-administratif/L%E2%80%99Etat-peut-il-engager-sa-responsabilit%C3%A9-du-fait.pdf/	200	text/html
20171019094645	http://touslesconcours.info/repository/Sujets-corrig%C3%A9s-de-droit-administratif/L%E2%80%99exercice-du-pouvoir-r%C3%A9glementaire-au-Cameroun.pdf/	200	text/html
20171019100505	http://touslesconcours.info/repository/Sujets-corrig%C3%A9s-de-droit-administratif/L%E2%80%99id%C3%A9e-selon-laquelle-le-juge-judiciaire-assure-une-meilleure.pdf/	200	text/html
20171019105926	http://touslesconcours.info/repository/Sujets-corrig%C3%A9s-de-droit-administratif/L%E2%80%99ill%C3%A9galit%C3%A9-dans-l%E2%80%99action-administrative.pdf/	200	text/html
20171019093736	http://touslesconcours.info/repository/Sujets-corrig%C3%A9s-de-droit-administratif/L%E2%80%99int%C3%A9r%C3%AAt-de-la-s%C3%A9paration-des-pouvoirs-de-nos-jours.pdf/	200	text/html
20171019095934	http://touslesconcours.info/repository/Sujets-corrig%C3%A9s-de-droit-administratif/L%E2%80%99interdiction-du-recours-%C3%A0-la-force-dans-les-relations.pdf/	200	text/html
20171019095437	http://touslesconcours.info/repository/Sujets-corrig%C3%A9s-de-droit-administratif/L%E2%80%99interpr%C3%A9tation-des-trait%C3%A9s-internationaux.pdf/	200	text/html
20171019101550	http://touslesconcours.info/repository/Sujets-corrig%C3%A9s-de-droit-administratif/L%E2%80%99intervention-du-juge-dans-l%E2%80%99action-administrative-au.pdf/	200	text/html
20171020133301	http://touslesconcours.info/repository/Sujets-corrig%C3%A9s-de-droit-administratif/La-chefferie-traditionnelle-m%C3%A9rite-t-elle-le-qualificatif-de-v%C3%A9ritable-structure-d%C3%A9centralis%C3%A9e.pdf/	200	text/html
20171020124246	http://touslesconcours.info/repository/Sujets-corrig%C3%A9s-de-droit-administratif/La-d%C3%A9concentration-et-la-d%C3%A9centralisation.pdf/	200	text/html
20171020135143	http://touslesconcours.info/repository/Sujets-corrig%C3%A9s-de-droit-administratif/La-gestion-des-services-publics.pdf/	200	text/html
20171020123055	http://touslesconcours.info/repository/Sujets-corrig%C3%A9s-de-droit-administratif/La-juridiction-administrative-au-Cameroun.pdf/	200	text/html
20170517115112	http://www.touslesconcours.info:80/repository/Sujets-corrig%C3%A9s-de-droit-administratif/La-police-administrative-et-la-police-judiciaire.pdf	200	text/html
20171020083341	http://touslesconcours.info/repository/Sujets-corrig%C3%A9s-de-droit-administratif/la-primaut%C3%A9-des-trait%C3%A9s-internationaux-dans-l%E2%80%99ordre-interne.pdf/	200	text/html
20171020105932	http://touslesconcours.info/repository/Sujets-corrig%C3%A9s-de-droit-administratif/La-publicit%C3%A9-des-actes-administratifs.pdf/	200	text/html
20171020101608	http://touslesconcours.info/repository/Sujets-corrig%C3%A9s-de-droit-administratif/La-soumission-de-l%E2%80%99administration-%C3%A0-la-constitution-est-elle-absolue.pdf/	200	text/html
20171020104137	http://touslesconcours.info/repository/Sujets-corrig%C3%A9s-de-droit-administratif/La-soumission-de-l%E2%80%99administration-%C3%A0-la-norme-constitutionnelle.pdf/	200	text/html
20171020105627	http://touslesconcours.info/repository/Sujets-corrig%C3%A9s-de-droit-administratif/Le-contr%C3%B4le-de-tutelle-est-une-main-de-fer-dans-un-gang-de.pdf/	200	text/html
20171020063109	http://touslesconcours.info/repository/Sujets-corrig%C3%A9s-de-droit-administratif/Le-contr%C3%B4le-politique-des-personnes-publiques-au-Cameroun.pdf/	200	text/html
20171020070821	http://touslesconcours.info/repository/Sujets-corrig%C3%A9s-de-droit-administratif/Le-droit-administratif-peut-il-se-passer-de-la-Constitution.pdf/	200	text/html
20170517115915	http://www.touslesconcours.info:80/repository/Sujets-corrig%C3%A9s-de-droit-administratif/Le-prince%E2%80%A6-fait-la-guerre-ou-la-paix-envoie-ou-re%C3%A7oit-des-ambassadeurs.pdf	200	text/html
20170517113840	http://www.touslesconcours.info:80/repository/Sujets-corrig%C3%A9s-de-droit-administratif/les-droits-de-la-d%C3%A9fense-dans-la-proc%C3%A9dure-administrative-non-contentieuse.pdf	200	text/html
20171020070245	http://touslesconcours.info/repository/Sujets-corrig%C3%A9s-de-droit-administratif/Les-fondements-du-droit-administratif.pdf/	200	text/html
20171020065451	http://touslesconcours.info/repository/Sujets-corrig%C3%A9s-de-droit-administratif/Les-institutions-du-Cameroun-ont-elle-%C3%A9volu%C3%A9-depuis.pdf/	200	text/html
20171020061712	http://touslesconcours.info/repository/Sujets-corrig%C3%A9s-de-droit-administratif/Les-limites-au-principe-de-l%C3%A9galit%C3%A9.pdf/	200	text/html
20171020062651	http://touslesconcours.info/repository/Sujets-corrig%C3%A9s-de-droit-administratif/Les-m%C3%A9canismes-administratifs-de-contr%C3%B4le-au-sein-des-personnes-publiques.pdf/	200	text/html
20171020051653	http://touslesconcours.info/repository/Sujets-corrig%C3%A9s-de-droit-administratif/Les-pouvoirs-des-autorit%C3%A9s-administratives-en-mati%C3%A8re.pdf/	200	text/html
20170517074732	http://touslesconcours.info:80/repository/Sujets-corrig%C3%A9s-de-droit-administratif/Libert%C3%A9-publique-et-s%C3%A9curit%C3%A9-publique.pdf	200	text/html
20171019055632	http://touslesconcours.info/repository/Sujets-corrig%C3%A9s-de-droit-administratif/orderby,1/	200	text/html
20171019111113	http://touslesconcours.info/repository/Sujets-corrig%C3%A9s-de-droit-administratif/orderby,3/	200	text/html
20171019104513	http://touslesconcours.info/repository/Sujets-corrig%C3%A9s-de-droit-administratif/orderby,4/	200	text/html
20171019072242	http://touslesconcours.info/repository/Sujets-corrig%C3%A9s-de-droit-administratif/orderby,5/	200	text/html
20171019062419	http://touslesconcours.info/repository/Sujets-corrig%C3%A9s-de-droit-administratif/orderby,6/	200	text/html
20171019063740	http://touslesconcours.info/repository/Sujets-corrig%C3%A9s-de-droit-administratif/orderby,7/	200	text/html
20171020032033	http://touslesconcours.info/repository/Sujets-corrig%C3%A9s-de-droit-administratif/Pouvoir-ex%C3%A9cutif-et-contr%C3%B4le-parlementaire-au-Cameroun.pdf/	200	text/html
20171020042359	http://touslesconcours.info/repository/Sujets-corrig%C3%A9s-de-droit-administratif/Que-reste-t-il-de-la-souverainet%C3%A9-des-Etats-face-au-nouveau.pdf/	200	text/html
20171020034607	http://touslesconcours.info/repository/Sujets-corrig%C3%A9s-de-droit-administratif/Souverainet%C3%A9-des-Etats-et-droit-d%E2%80%99ing%C3%A9rence-humanitaire.pdf/	200	text/html
timestamp	original	statuscode	mimetype
20111115225856	http://www.touslesconcours.info:80/	200	text/html
